t_s,угол_град,статус
0.029856,434.591058,9
0.029865,434.591058,8
0.032843,434.591058,8
0.044848,434.591058,8
0.044852,434.591058,8
0.049843,434.591058,8
0.049846,434.591058,8
0.055841,434.591058,8
0.057844,434.591058,8
0.062841,434.591058,8
0.069843,434.591058,8
0.069847,434.591058,8
0.079841,434.591058,8
0.079845,434.591058,8
0.082842,434.591058,8
0.094841,434.591058,8
0.094845,434.591058,8
0.104841,434.591058,8
0.110842,434.591058,8
0.110846,434.591058,8
0.117840,434.591058,8
0.117844,434.591058,8
0.123841,434.198486,8
0.130840,434.198486,8
0.134843,434.198486,8
0.140844,434.198486,8
0.149846,434.591058,8
0.149849,434.591058,8
0.159841,434.591058,8
0.162840,434.591058,8
0.162844,434.591058,8
0.176841,434.591058,8
0.176844,434.591058,8
0.180841,434.591058,8
0.189847,434.591058,8
0.189851,434.591058,8
0.195846,434.591058,8
0.204845,434.591058,8
0.204849,434.591058,8
0.210846,434.591058,8
0.219865,434.591058,8
0.219871,434.591058,8
0.225861,434.591058,8
0.234862,434.591058,8
0.234866,434.591058,8
0.242879,434.591058,8
0.249994,434.591058,8
0.250005,434.591058,8
0.260886,434.591058,8
0.262957,434.591058,8
0.262967,434.591058,8
0.272880,434.591058,8
0.272885,434.591058,8
0.283156,434.591058,8
0.284863,434.591058,8
0.294920,434.591058,8
0.294928,434.591058,8
0.304902,434.591058,8
0.307897,434.198486,8
0.307907,434.198486,8
0.315932,434.198486,8
0.320883,434.198486,8
0.326890,434.591058,8
0.329870,434.591058,8
0.341003,434.591058,8
0.341010,434.591058,8
0.347878,434.591058,8
0.356877,434.591058,8
0.356884,434.591058,8
0.365887,434.591058,8
0.367893,434.591058,8
0.367901,434.591058,8
0.377876,434.591058,8
0.377882,434.591058,8
0.387884,434.198486,8
0.387888,434.198486,8
0.397880,434.198486,8
0.397888,434.198486,8
0.407970,434.591058,8
0.409862,434.591058,8
0.420127,434.591058,8
0.420136,434.591058,8
0.427108,434.198486,8
0.430884,434.198486,8
0.435868,434.198486,8
0.444880,434.198486,8
0.444894,434.591058,8
0.450855,434.591058,8
0.458876,434.591058,8
0.464868,434.591058,8
0.472855,434.591058,8
0.472859,434.591058,8
0.476856,434.591058,8
0.481852,434.591058,8
0.486856,434.591058,8
0.490865,434.591058,8
0.499856,434.591058,8
0.499860,434.591058,8
0.505867,434.591058,8
0.513849,434.591058,8
0.521850,434.591058,8
0.530849,434.591058,8
0.530853,434.591058,8
0.544853,434.591058,8
0.544858,434.591058,8
0.555913,434.591058,8
0.555917,434.591058,8
0.555921,434.591058,8
0.565843,434.591058,8
0.565853,434.591058,8
0.570857,434.591058,8
0.570861,434.591058,8
0.576846,434.591058,8
0.608857,434.591058,8
0.610844,434.591058,8
0.614890,434.591058,8
0.614896,434.591058,8
0.632884,434.591058,8
0.632888,434.591058,8
0.632892,434.591058,8
0.632896,434.591058,8
0.632900,434.591058,8
0.640948,434.591058,8
0.640952,434.591058,8
0.642917,434.591058,8
0.642920,434.591058,8
0.650844,434.591058,8
0.653852,434.591058,8
0.655843,434.591058,8
0.660841,434.591058,8
0.666849,434.591058,8
0.671844,434.591058,8
0.675847,434.591058,8
0.679851,434.591058,8
0.686844,434.591058,8
0.691881,434.591058,8
0.696880,434.591058,8
0.700881,434.591058,8
0.708880,434.591058,8
0.710842,434.591058,8
0.718880,434.591058,8
0.722842,434.591058,8
0.730842,434.591058,8
0.738840,434.591058,8
0.738844,434.591058,8
0.741841,434.591058,8
0.750896,434.591058,8
0.750900,434.591058,8
0.760843,434.591058,8
0.763840,434.198486,8
0.765840,434.198486,8
0.770841,434.198486,8
0.776841,434.198486,8
0.781840,434.198486,8
0.785840,434.591058,8
0.793839,434.591058,8
0.796844,434.591058,8
0.807949,434.591058,8
0.807953,434.591058,8
0.811882,434.591058,8
0.820886,434.591058,8
0.820890,434.591058,8
0.830841,434.591058,8
0.833841,434.591058,8
0.833844,434.591058,8
0.843852,434.591058,8
0.845841,434.591058,8
0.851839,434.591058,8
0.855844,434.591058,8
0.873844,434.591058,8
0.875841,434.591058,8
0.890880,434.591058,8
0.892887,434.591058,8
0.894879,434.591058,8
0.894883,434.591058,8
0.905881,434.591058,8
0.905884,434.591058,8
0.912878,434.591058,8
0.912881,434.591058,8
0.912885,434.591058,8
0.917879,434.591058,8
0.927936,434.591058,8
0.927940,434.591058,8
0.927943,434.591058,8
0.935879,434.591058,8
0.938890,434.591058,8
0.948884,434.591058,8
0.956842,434.591058,8
0.960842,434.591058,8
0.960846,434.591058,8
0.972869,434.591058,8
0.972872,434.591058,8
0.980872,434.591058,8
0.983873,434.591058,8
0.983876,434.591058,8
0.990872,434.591058,8
0.996869,434.591058,8
1.000872,434.591058,8
1.011923,434.591058,8
1.013888,434.591058,8
1.016899,434.591058,8
1.027888,434.591058,8
1.027892,434.591058,8
1.033888,434.591058,8
1.035876,434.591058,8
1.045871,434.591058,8
1.045874,434.591058,8
1.057874,434.591058,8
1.057878,434.591058,8
1.065873,434.591058,8
1.068870,434.591058,8
1.070875,434.591058,8
1.075873,434.591058,8
1.081875,434.591058,8
1.086870,434.591058,8
1.097872,434.591058,8
1.097876,434.591058,8
1.106878,434.591058,8
1.115847,434.591058,8
1.115852,434.591058,8
1.123873,434.591058,8
1.123877,434.591058,8
1.130871,434.591058,8
1.138872,434.591058,8
1.138876,434.591058,8
1.146850,434.591058,8
1.155847,434.591058,8
1.155850,434.591058,8
1.165848,434.591058,8
1.165851,434.591058,8
1.165855,434.591058,8
1.175841,434.591058,8
1.179647,434.591058,8
1.179652,434.591058,8
1.189337,434.198486,8
1.189341,434.198486,8
1.200840,434.198486,8
1.200843,434.198486,8
1.208845,434.198486,8
1.218842,434.198486,8
1.220843,434.198486,8
1.220846,434.198486,8
1.233842,434.198486,8
1.233845,434.198486,8
1.235840,434.198486,8
1.250844,434.198486,8
1.250848,434.198486,8
1.250852,434.198486,8
1.260846,434.198486,8
1.263842,434.198486,8
1.265843,434.198486,8
1.270843,434.198486,8
1.276845,434.198486,8
1.281841,434.198486,8
1.292842,434.198486,8
1.292846,434.198486,8
1.296849,434.198486,8
1.307841,434.591058,8
1.307844,434.591058,8
1.313840,434.591058,8
1.323843,434.591058,8
1.325841,434.591058,8
1.325845,434.591058,8
1.338045,434.591058,8
1.338048,434.591058,8
1.338052,434.591058,8
1.346856,434.591058,8
1.351847,434.591058,8
1.356840,434.591058,8
1.361844,434.591058,8
1.366842,434.591058,8
1.370851,434.591058,8
1.377848,434.591058,8
1.381843,434.591058,8
1.386854,434.591058,8
1.393846,434.591058,8
1.396844,434.591058,8
1.407909,434.591058,8
1.407919,434.591058,8
1.416849,434.591058,8
1.418844,434.591058,8
1.420847,434.591058,8
1.425844,434.591058,8
1.431841,434.591058,8
1.436841,434.591058,8
1.440840,434.591058,8
1.446841,434.591058,8
1.450868,434.591058,8
1.455872,434.591058,8
1.460885,434.591058,8
1.465871,434.591058,8
1.472843,434.591058,8
1.479871,434.591058,8
1.484933,434.591058,8
1.484936,434.591058,8
1.493947,434.591058,8
1.495937,434.591058,8
1.508904,434.591058,8
1.508908,434.591058,8
1.516909,434.591058,8
1.520889,434.591058,8
1.520893,434.591058,8
1.528938,434.198486,8
1.535914,434.198486,8
1.547877,434.198486,8
1.547881,434.198486,40
1.547884,434.198486,40
1.554877,434.198486,8
1.563871,434.198486,8
1.563878,434.198486,8
1.573875,434.198486,8
1.582842,434.198486,8
1.582845,434.198486,8
1.588842,434.198486,8
1.588846,434.198486,8
1.595842,434.198486,8
1.598845,434.198486,8
1.601841,434.591058,8
1.608842,434.591058,8
1.613853,434.591058,8
1.622847,434.591058,8
1.622850,434.591058,8
1.631845,434.591058,8
1.633843,434.591058,8
1.636842,434.591058,8
1.642841,434.591058,8
1.648848,434.591058,8
1.653841,434.591058,8
1.661843,434.591058,8
1.669877,434.591058,8
1.669880,434.591058,8
1.672872,434.591058,8
1.683890,434.591058,8
1.683894,434.591058,8
1.692846,434.591058,8
1.692849,434.591058,8
1.702853,434.591058,8
1.705846,434.591058,8
1.705849,434.591058,8
1.712846,434.591058,8
1.718840,434.591058,8
1.722657,434.591058,8
1.726845,434.591058,8
1.736843,434.591058,8
1.738841,434.591058,8
1.747865,434.591058,8
1.747868,434.591058,8
1.755842,434.591058,8
1.759841,434.591058,8
1.764843,434.591058,8
1.766841,434.591058,8
1.776841,434.591058,8
1.780841,434.591058,8
1.783844,434.591058,8
1.790986,434.591058,8
1.794875,434.591058,8
1.799861,434.591058,8
1.803859,434.591058,8
1.812861,434.591058,8
1.815842,434.591058,8
1.819842,434.591058,8
1.830848,434.591058,8
1.834842,434.591058,8
1.836842,434.591058,8
1.844846,434.591058,8
1.844850,434.591058,8
1.846841,434.591058,8
1.860851,434.591058,8
1.863842,434.591058,8
1.866846,434.591058,8
1.868847,434.591058,8
1.885844,434.591058,8
1.889842,434.591058,8
1.904875,434.591058,8
1.909869,434.591058,8
1.916873,434.591058,8
1.916878,434.591058,8
1.924856,434.591058,8
1.924869,434.591058,8
1.924873,434.591058,8
1.924876,434.591058,8
1.928846,434.591058,8
1.930842,434.591058,8
1.943852,434.591058,8
1.947849,434.591058,8
1.947853,434.591058,8
1.949846,434.591058,8
1.955847,434.591058,8
1.958849,434.591058,8
1.962844,434.591058,8
1.968843,434.591058,8
1.972843,434.591058,8
1.981842,434.591058,8
1.988842,434.591058,8
1.988846,434.591058,8
1.990917,434.591058,8
2.003842,434.591058,8
2.003846,434.591058,8
2.014843,434.591058,8
2.020843,434.591058,8
2.025841,434.591058,8
2.027841,434.591058,8
2.029840,434.591058,8
2.043846,434.591058,8
2.043850,434.591058,8
2.043855,434.591058,8
2.046846,434.591058,8
2.058911,434.591058,8
2.058915,434.591058,8
2.068843,434.591058,8
2.068846,434.591058,8
2.074843,434.591058,8
2.085926,434.198486,8
2.085935,434.198486,8
2.091905,434.198486,8
2.093889,434.198486,8
2.107917,434.198486,8
2.109843,434.591058,8
2.109847,434.591058,8
2.120844,434.591058,8
2.122844,434.591058,8
2.122847,434.591058,8
2.129879,434.591058,8
2.133876,434.591058,8
2.144865,434.591058,8
2.144873,434.198486,8
2.147878,434.198486,8
2.153888,434.198486,8
2.186918,434.198486,8
2.188873,434.591058,8
2.195870,434.591058,8
2.206916,434.591058,8
2.206922,434.591058,8
2.206926,434.591058,8
2.208870,434.591058,8
2.208875,434.591058,8
2.214977,434.591058,8
2.214981,434.591058,8
2.222895,434.591058,8
2.222903,434.591058,8
2.222907,434.591058,8
2.224862,434.591058,8
2.230861,434.591058,8
2.236880,434.591058,8
2.240893,434.591058,8
2.246874,434.591058,8
2.251882,434.591058,8
2.254863,434.591058,8
2.259866,434.591058,8
2.267871,434.591058,8
2.280862,434.591058,8
2.283859,434.591058,8
2.283863,434.591058,8
2.287857,434.591058,8
2.295854,434.591058,8
2.297845,434.591058,8
2.299845,434.591058,8
2.309852,434.591058,8
2.309857,434.591058,8
2.318859,434.591058,8
2.321852,434.591058,8
2.327851,434.591058,8
2.330867,434.591058,8
2.335848,434.591058,8
2.339848,434.591058,8
2.348852,434.591058,8
2.353853,434.591058,8
2.353856,434.591058,8
2.361858,434.591058,8
2.363853,434.591058,8
2.368850,434.591058,8
2.383863,434.591058,8
2.388861,434.591058,8
2.388865,434.591058,8
2.395849,434.591058,8
2.397841,434.591058,8
2.401880,434.591058,8
2.404843,434.591058,8
2.409842,434.591058,8
2.414839,434.591058,8
2.418845,434.591058,8
2.426841,434.591058,8
2.430902,434.591058,8
2.438886,434.591058,8
2.438889,434.591058,8
2.444844,434.591058,8
2.449840,434.591058,8
2.453847,434.591058,8
2.465839,434.591058,8
2.465842,434.591058,8
2.469843,434.591058,8
2.478847,434.591058,8
2.480842,434.591058,8
2.484842,434.591058,8
2.497841,434.591058,8
2.497845,434.591058,8
2.499844,434.591058,8
2.508839,434.591058,8
2.508842,434.591058,8
2.514838,434.591058,8
2.519839,434.591058,8
2.522845,434.591058,8
2.529841,434.591058,8
2.535839,434.591058,40
2.549839,434.591058,8
2.549843,434.591058,8
2.549850,434.591058,8
2.555842,434.591058,8
2.564844,434.591058,8
2.564848,434.591058,8
2.567839,434.591058,8
2.578841,434.591058,8
2.578844,434.591058,8
2.585840,434.591058,8
2.594841,434.591058,8
2.594844,434.591058,8
2.602841,434.591058,8
2.602845,434.591058,8
2.614845,434.591058,8
2.614849,434.591058,8
2.619845,434.591058,8
2.628847,434.591058,8
2.628850,434.591058,8
2.634847,434.591058,8
2.645893,434.591058,8
2.647867,434.591058,8
2.654870,434.591058,8
2.665857,434.591058,8
2.665863,434.591058,8
2.667845,434.591058,8
2.669844,434.591058,8
2.677847,434.591058,8
2.683847,434.591058,8
2.683858,434.591058,8
2.689887,434.591058,8
2.695848,434.591058,8
2.705857,434.983657,8
2.708849,434.983657,8
2.708853,434.983657,8
2.718845,434.983657,8
2.720846,434.983657,8
2.724841,434.983657,8
2.731845,434.983657,8
2.734850,434.983657,8
2.739842,434.983657,8
2.747844,434.983657,8
2.749844,434.983657,8
2.753842,434.983657,8
2.759846,434.983657,8
2.769845,434.591058,8
2.771841,434.591058,8
2.773843,434.591058,8
2.779843,434.591058,8
2.787840,434.591058,8
2.793848,434.591058,8
2.793852,434.591058,8
2.799840,434.591058,8
2.805840,434.591058,8
2.810092,434.591058,8
2.815869,434.591058,8
2.819849,434.591058,8
2.827851,434.591058,8
2.837850,434.591058,8
2.839846,434.591058,8
2.842848,434.591058,8
2.844847,434.591058,8
2.852849,434.591058,8
2.852852,434.591058,8
2.862875,434.591058,8
2.867868,434.198486,8
2.874856,434.198486,8
2.884857,434.198486,8
2.887863,434.198486,8
2.887868,434.198486,8
2.892876,434.198486,8
2.897869,434.198486,8
2.899860,434.198486,8
2.910883,434.198486,8
2.914936,434.198486,8
2.917870,434.198486,8
2.923979,434.198486,8
2.923985,434.198486,8
2.933018,434.198486,8
2.937868,434.198486,8
2.945906,434.198486,8
2.945918,434.591058,8
2.950925,434.591058,8
2.953913,434.591058,8
2.960877,434.591058,8
2.965860,434.591058,8
2.970866,434.591058,8
2.975057,434.591058,8
2.981892,434.591058,8
2.989029,434.591058,8
2.990869,434.591058,8
2.998891,434.591058,8
3.004862,434.198486,8
3.008860,434.198486,8
3.014860,434.198486,8
3.018849,434.198486,8
3.018853,434.591058,8
3.027851,434.591058,8
3.033850,434.591058,8
3.035847,434.591058,8
3.041856,434.591058,8
3.045852,434.198486,40
3.054855,434.198486,40
3.054859,434.198486,8
3.062857,434.198486,8
3.072914,434.591058,8
3.072918,434.591058,8
3.077848,434.591058,8
3.083848,434.591058,8
3.083852,434.591058,8
3.090911,434.591058,8
3.095851,434.591058,8
3.101853,434.591058,8
3.111891,434.591058,8
3.113844,434.591058,8
3.118842,434.591058,8
3.120869,434.591058,8
3.124852,434.591058,8
3.130847,434.591058,8
3.135840,434.591058,8
3.137847,434.591058,8
3.147846,434.591058,8
3.153842,434.591058,8
3.158879,434.591058,8
3.160854,434.591058,8
3.166851,434.591058,8
3.182915,434.591058,8
3.182921,434.591058,8
3.184914,434.591058,8
3.202893,434.591058,8
3.206942,434.591058,8
3.206948,434.591058,8
3.214897,434.591058,8
3.219849,434.591058,40
3.219856,434.591058,40
3.222933,434.591058,40
3.222940,434.591058,40
3.229917,434.591058,8
3.229920,434.591058,8
3.234916,434.591058,8
3.245852,434.198486,8
3.245858,434.198486,8
3.253850,434.198486,8
3.253854,434.198486,8
3.259861,434.591058,8
3.268847,434.591058,8
3.270860,434.591058,40
3.278846,434.591058,40
3.278850,434.591058,8
3.284844,434.591058,8
3.290889,434.591058,8
3.295854,434.591058,8
3.300854,434.591058,8
3.305850,434.591058,8
3.314848,434.591058,8
3.319847,434.591058,8
3.322845,434.591058,8
3.326855,434.591058,8
3.330851,434.591058,8
3.333847,434.591058,8
3.341853,434.591058,8
3.350885,434.591058,8
3.352911,434.591058,8
3.352918,434.591058,8
3.364864,434.591058,8
3.364868,434.591058,8
3.370853,434.591058,8
3.380847,434.591058,8
3.380851,434.591058,8
3.384858,434.591058,8
3.390850,434.591058,8
3.395280,434.591058,8
3.400849,434.591058,8
3.405853,434.591058,8
3.414848,434.591058,8
3.414852,434.591058,8
3.420852,434.591058,8
3.430857,434.591058,8
3.430861,434.591058,8
3.436877,434.591058,8
3.444847,434.591058,8
3.444851,434.591058,8
3.451843,434.591058,8
3.467858,434.591058,8
3.469851,434.591058,8
3.484931,434.591058,8
3.487850,434.591058,8
3.505851,434.591058,8
3.505855,434.591058,8
3.505859,434.591058,8
3.508845,434.591058,8
3.508848,434.591058,8
3.508852,434.591058,8
3.514847,434.591058,8
3.514855,434.591058,8
3.520847,434.591058,8
3.523848,434.591058,8
3.528848,434.591058,8
3.534844,434.591058,8
3.538847,434.591058,8
3.538851,434.591058,8
3.550848,434.591058,8
3.550852,434.591058,8
3.555843,434.591058,8
3.564850,434.591058,8
3.564854,434.591058,8
3.573848,434.591058,8
3.578846,434.591058,8
3.578849,434.591058,8
3.584844,434.591058,8
3.589845,434.591058,8
3.595844,434.591058,8
3.603881,434.591058,8
3.609884,434.591058,8
3.609888,434.591058,8
3.616848,434.591058,8
3.620849,434.591058,8
3.625873,434.591058,8
3.629853,434.591058,8
3.635843,434.591058,8
3.646844,434.591058,8
3.648844,434.591058,8
3.654828,434.591058,8
3.659883,434.591058,8
3.659887,434.591058,8
3.666895,434.591058,8
3.670846,434.591058,8
3.675854,434.591058,8
3.681843,434.591058,8
3.684843,434.591058,8
3.690842,434.591058,8
3.699850,434.591058,8
3.699854,434.591058,8
3.705844,434.591058,8
3.714217,434.591058,8
3.720844,434.591058,8
3.728842,434.591058,8
3.728846,434.591058,8
3.732842,434.591058,8
3.740845,434.591058,8
3.740848,434.591058,8
3.749849,434.591058,8
3.751843,434.591058,8
3.759850,434.591058,8
3.759853,434.591058,8
3.765847,434.591058,8
3.771843,434.591058,8
3.776845,434.591058,8
3.780846,434.591058,8
3.786842,434.591058,8
3.795856,434.591058,8
3.798845,434.591058,8
3.798849,434.591058,8
3.805844,434.591058,8
3.812850,434.591058,8
3.816846,434.591058,8
3.825880,434.591058,8
3.828846,434.591058,8
3.828849,434.591058,8
3.838856,434.591058,8
3.843853,434.591058,8
3.843857,434.591058,8
3.850861,434.591058,8
3.858850,434.591058,8
3.861854,434.591058,8
3.874866,434.591058,8
3.874869,434.591058,8
3.884002,434.591058,8
3.890917,434.591058,8
3.890928,434.591058,8
3.894867,434.591058,8
3.900870,434.591058,8
3.900875,434.591058,8
3.906855,434.591058,8
3.910858,434.591058,8
3.916875,434.591058,8
3.923845,434.591058,8
3.928846,434.591058,8
3.932847,434.591058,8
3.940846,434.591058,8
3.940851,434.591058,8
3.949848,434.591058,8
3.954861,434.591058,8
3.959863,434.591058,8
3.959876,434.591058,8
3.968846,434.591058,8
3.968850,434.591058,8
3.975847,434.591058,8
3.983995,434.591058,8
3.994846,434.591058,8
3.994852,434.591058,8
3.998845,434.591058,8
4.005843,434.591058,8
4.014264,434.591058,8
4.014268,434.591058,8
4.016848,434.591058,8
4.021854,434.591058,8
4.025849,434.591058,8
4.035845,434.591058,8
4.038842,434.591058,8
4.041844,434.591058,8
4.046847,434.591058,8
4.050845,434.591058,8
4.057667,434.591058,8
4.060847,434.591058,8
4.066849,434.591058,8
4.073845,434.591058,8
4.078849,434.591058,8
4.085843,434.591058,8
4.088857,434.591058,8
4.091851,434.591058,8
4.096844,434.591058,8
4.101842,434.591058,8
4.106848,434.591058,8
4.111854,434.591058,8
4.116848,434.591058,8
4.124841,434.591058,8
4.124845,434.591058,8
4.134843,434.591058,8
4.136850,434.591058,8
4.141842,434.591058,8
4.149842,434.591058,8
4.155841,434.591058,8
4.155845,434.591058,8
4.161847,434.591058,8
4.166841,434.591058,8
4.170846,434.591058,8
4.176841,434.591058,8
4.184844,434.591058,8
4.189842,434.591058,8
4.191845,434.591058,8
4.195891,434.591058,8
4.200842,434.591058,8
4.206844,434.591058,8
4.211844,434.591058,8
4.214846,434.591058,8
4.223841,434.591058,8
4.229842,434.591058,8
4.231853,434.591058,8
4.235845,434.591058,8
4.243842,434.591058,8
4.248841,434.591058,8
4.255844,434.591058,8
4.262877,434.591058,40
4.262881,434.591058,40
4.268838,434.591058,40
4.276838,434.591058,8
4.282841,434.591058,8
4.282845,434.591058,8
4.293871,434.591058,8
4.293875,434.591058,8
4.296871,434.591058,8
4.305878,434.591058,8
4.313874,434.591058,8
4.313878,434.591058,8
4.316845,434.591058,8
4.332841,434.198486,8
4.332845,434.198486,8
4.334840,434.198486,8
4.342842,434.591058,8
4.342846,434.591058,8
4.348841,434.591058,8
4.351843,434.591058,8
4.355844,434.591058,8
4.360843,434.591058,8
4.368841,434.591058,8
4.374853,434.591058,8
4.381846,434.591058,8
4.381850,434.591058,8
4.385842,434.591058,8
4.391841,434.591058,8
4.396903,434.591058,8
4.400845,434.591058,8
4.410849,434.591058,8
4.410853,434.591058,8
4.418847,434.591058,8
4.421847,434.591058,8
4.425843,434.591058,8
4.431842,434.591058,8
4.440923,434.591058,8
4.440927,434.591058,8
4.448849,434.591058,8
4.456848,434.591058,8
4.460844,434.591058,8
4.463842,434.591058,8
4.478846,434.591058,8
4.478850,434.591058,8
4.489844,434.591058,8
4.492845,434.591058,8
4.492849,434.591058,8
4.512846,434.591058,8
4.512849,434.591058,8
4.512854,434.591058,8
4.514841,434.591058,8
4.531042,434.591058,8
4.531046,434.591058,8
4.531050,434.591058,8
4.548874,434.591058,8
4.548877,434.591058,8
4.548881,434.591058,8
4.551869,434.591058,8
4.551873,434.591058,8
4.555910,434.591058,8
4.555914,434.591058,8
4.560874,434.591058,8
4.567859,434.591058,8
4.574844,434.591058,8
4.577842,434.591058,8
4.580848,434.591058,8
4.585840,434.591058,8
4.593840,434.591058,8
4.599845,434.591058,8
4.605850,434.591058,8
4.605854,434.591058,8
4.614856,434.591058,8
4.623843,434.591058,8
4.623847,434.591058,8
4.626203,434.591058,8
4.637847,434.591058,8
4.637851,434.591058,8
4.643844,434.198486,8
4.650842,434.198486,8
4.658847,434.198486,8
4.658851,434.198486,8
4.667607,434.198486,8
4.673844,434.198486,8
4.678888,434.198486,8
4.678892,434.198486,8
4.689845,434.198486,40
4.689848,434.198486,40
4.693839,434.198486,8
4.702841,434.198486,8
4.702845,434.198486,8
4.708848,434.198486,8
4.713850,434.198486,8
4.723849,434.198486,8
4.723853,434.198486,8
4.729845,434.198486,8
4.735840,434.198486,8
4.735844,434.198486,8
4.743839,434.198486,8
4.748840,434.198486,8
4.762853,434.198486,8
4.764841,434.198486,8
4.782845,434.198486,8
4.797849,434.198486,8
4.797853,434.198486,8
4.813845,434.591058,8
4.815842,434.591058,8
4.817841,434.591058,8
4.835852,434.591058,8
4.835856,434.591058,8
4.835860,434.591058,8
4.839841,434.591058,8
4.839844,434.591058,8
4.839848,434.591058,8
4.839852,434.591058,8
4.846840,434.591058,8
4.846844,434.591058,8
4.846847,434.591058,8
4.852840,434.591058,8
4.852844,434.591058,8
4.852848,434.591058,8
4.859840,434.591058,8
4.864848,434.591058,8
4.871845,434.591058,8
4.873845,434.591058,8
4.878844,434.591058,8
4.883905,434.591058,8
4.886844,434.591058,8
4.893841,434.591058,8
4.898842,434.591058,8
4.903844,434.591058,8
4.908841,434.591058,8
4.918858,434.591058,8
4.918864,434.591058,8
4.923841,434.591058,8
4.933846,434.591058,8
4.933850,434.591058,8
4.941856,434.591058,8
4.943848,434.591058,8
4.945849,434.591058,8
4.955887,434.591058,8
4.955896,434.591058,8
4.964867,434.591058,8
4.966848,434.591058,8
4.975852,434.591058,8
4.975856,434.591058,8
4.980940,434.591058,8
4.993847,434.591058,8
4.993851,434.591058,8
5.000840,434.591058,8
5.009843,434.591058,8
5.009847,434.591058,8
5.009851,434.591058,8
5.015859,434.591058,8
5.023852,434.591058,8
5.028847,434.591058,8
5.033851,434.591058,8
5.038865,434.591058,8
5.043851,434.591058,8
5.049850,434.591058,8
5.052852,434.591058,8
5.058853,434.591058,8
5.064845,434.591058,8
5.068846,434.591058,8
5.071855,434.591058,8
5.083853,434.591058,8
5.085844,434.198486,8
5.088849,434.198486,8
5.099846,434.198486,8
5.099849,434.198486,8
5.103845,434.198486,8
5.108850,434.198486,8
5.111900,434.198486,8
5.116853,434.198486,8
5.123840,434.198486,8
5.129838,434.198486,8
5.132839,434.198486,8
5.138840,434.198486,8
5.143846,434.198486,8
5.151839,434.198486,8
5.160842,434.198486,8
5.160846,434.198486,8
5.163843,434.198486,8
5.173840,434.198486,8
5.173844,434.198486,8
5.181844,434.198486,8
5.184866,434.198486,8
5.186843,434.198486,8
5.192847,434.198486,8
5.198846,434.198486,8
5.203839,434.198486,8
5.208841,434.198486,8
5.211840,434.198486,8
5.216843,434.198486,8
5.223843,434.198486,8
5.226841,434.198486,8
5.233841,434.198486,8
5.235847,434.198486,8
5.243841,434.198486,8
5.252737,434.198486,8
5.254844,434.198486,8
5.258845,434.198486,8
5.266841,434.198486,8
5.268844,434.198486,8
5.273902,434.198486,8
5.278843,434.198486,8
5.281846,434.198486,8
5.288850,434.198486,8
5.294850,434.198486,8
5.300851,434.198486,8
5.306891,434.198486,8
5.308908,434.198486,8
5.313847,434.198486,8
5.323846,434.198486,8
5.323849,434.198486,8
5.328845,434.198486,8
5.334845,434.198486,8
5.334849,434.198486,8
5.344844,434.591058,8
5.344848,434.591058,8
5.354844,434.591058,8
5.354847,434.591058,8
5.366840,434.591058,8
5.366844,434.591058,8
5.373843,434.591058,8
5.375841,434.591058,8
5.386845,434.591058,8
5.388840,434.591058,8
5.398842,434.591058,8
5.398846,434.591058,8
5.404846,434.591058,40
5.409843,434.591058,8
5.413842,434.591058,8
5.418845,434.591058,8
5.421842,434.591058,8
5.428842,434.591058,8
5.433840,434.591058,8
5.436841,434.591058,8
5.443841,434.591058,8
5.448840,434.591058,8
5.451842,434.591058,8
5.458843,434.591058,8
5.461843,434.591058,8
5.466846,434.591058,8
5.473844,434.591058,8
5.478843,434.591058,8
5.488843,434.591058,8
5.488847,434.591058,8
5.496841,434.591058,8
5.498842,434.591058,8
5.500841,434.591058,8
5.508842,434.591058,8
5.512843,434.591058,8
5.518845,434.591058,8
5.524842,434.591058,8
5.526841,434.591058,8
5.538873,434.591058,8
5.538877,434.591058,8
5.546872,434.591058,8
5.548869,434.591058,8
5.550845,434.591058,8
5.558841,434.198486,8
5.561841,434.198486,8
5.568844,434.198486,8
5.575459,434.198486,8
5.583842,434.198486,8
5.583845,434.198486,8
5.589844,434.198486,8
5.598841,434.198486,8
5.598845,434.198486,8
5.600842,434.198486,8
5.613850,434.198486,8
5.613854,434.198486,8
5.618846,434.198486,8
5.628846,434.198486,8
5.628849,434.198486,8
5.634877,434.198486,8
5.643844,434.198486,8
5.643847,434.198486,8
5.651842,434.198486,8
5.653847,434.198486,8
5.656874,434.198486,8
5.666871,434.591058,8
5.666874,434.591058,8
5.676844,434.591058,8
5.676848,434.198486,8
5.683842,434.198486,8
5.693844,434.198486,8
5.696841,434.198486,8
5.696845,434.198486,8
5.704841,434.591058,8
5.704844,434.591058,8
5.713841,434.591058,8
5.720841,434.198486,8
5.728843,434.198486,8
5.728846,434.198486,8
5.734841,434.198486,8
5.739840,434.591058,8
5.743859,434.591058,8
5.751844,434.591058,8
5.753843,434.591058,8
5.758861,434.591058,8
5.763848,434.198486,8
5.769866,434.198486,8
5.774842,434.198486,8
5.778843,434.591058,8
5.795844,434.591058,8
5.797840,434.591058,8
5.799841,434.591058,8
5.813843,434.591058,8
5.815843,434.591058,8
5.815847,434.591058,8
5.829841,434.591058,8
5.832886,434.591058,8
5.832890,434.591058,8
5.847882,434.591058,8
5.849882,434.591058,8
5.849886,434.591058,8
5.868892,434.591058,8
5.868896,434.591058,8
5.874843,434.591058,8
5.874847,434.591058,8
5.874850,434.591058,8
5.876848,434.591058,8
5.876855,434.591058,8
5.879839,434.591058,8
5.888845,434.591058,8
5.888849,434.591058,8
5.894846,434.591058,8
5.903858,434.591058,8
5.903863,434.591058,8
5.909842,434.591058,8
5.918852,434.591058,8
5.918856,434.591058,8
5.924841,434.591058,8
5.933842,434.591058,8
5.933846,434.591058,8
5.939840,434.591058,8
5.946842,434.591058,8
5.949839,434.591058,8
5.953851,434.591058,8
5.959887,434.591058,8
5.962843,434.591058,8
5.973884,434.591058,8
5.973887,434.591058,8
5.983845,434.591058,8
5.985842,434.591058,8
5.985845,434.591058,8
5.993842,434.591058,8
5.998840,434.591058,8
6.004841,434.591058,8
6.010839,434.591058,8
6.018839,434.591058,8
6.018842,434.591058,8
6.028843,434.591058,8
6.030840,434.591058,8
6.030844,434.591058,8
6.039840,434.591058,8
6.041839,434.591058,8
6.049841,434.591058,8
6.052884,434.591058,8
6.063846,434.198486,8
6.063859,434.198486,8
6.080855,434.198486,8
6.082850,434.198486,8
6.098842,434.591058,8
6.114855,434.591058,8
6.130843,434.591058,8
6.132841,434.591058,8
6.134841,434.591058,8
6.136840,434.591058,8
6.164839,434.591058,8
6.164843,434.591058,8
6.164846,434.591058,8
6.164850,434.591058,8
6.164854,434.591058,8
6.164857,434.591058,8
6.167840,434.591058,8
6.167844,434.591058,8
6.167847,434.591058,8
6.167851,434.591058,8
6.173846,434.591058,8
6.173850,434.591058,8
6.173853,434.591058,8
6.179850,434.591058,8
6.179854,434.591058,8
6.188853,434.591058,8
6.188857,434.591058,8
6.194845,434.591058,8
6.204841,434.591058,8
6.204845,434.591058,8
6.208856,434.591058,8
6.214844,434.591058,8
6.223852,434.591058,8
6.225842,434.591058,8
6.225845,434.591058,8
6.233847,434.591058,8
6.238852,434.591058,8
6.247848,434.591058,8
6.249843,434.591058,8
6.258871,434.591058,8
6.258875,434.591058,8
6.268848,434.591058,8
6.270848,434.591058,8
6.270852,434.591058,8
6.278848,434.591058,8
6.283853,434.591058,8
6.289850,434.591058,8
6.294840,434.591058,8
6.304851,434.983657,8
6.304855,434.983657,8
6.307851,434.983657,8
6.318873,434.983657,8
6.318877,434.983657,8
6.328844,434.983657,8
6.330844,434.983657,8
6.330849,434.983657,8
6.338853,434.983657,8
6.343850,434.983657,8
6.349845,434.983657,8
6.354840,434.983657,8
6.363846,434.983657,8
6.363850,434.983657,8
6.373844,434.983657,8
6.375845,434.983657,8
6.375850,434.983657,8
6.383865,434.983657,8
6.388845,434.983657,8
6.398840,434.983657,8
6.404843,434.591058,8
6.404847,434.591058,8
6.409839,434.591058,8
6.418842,434.591058,8
6.418845,434.591058,8
6.428853,434.591058,8
6.430847,434.591058,8
6.430851,434.591058,8
6.438854,434.591058,8
6.447844,434.591058,8
6.447848,434.591058,8
6.454839,434.591058,8
6.458840,434.591058,8
6.464841,434.591058,8
6.469839,434.591058,8
6.473844,434.591058,8
6.479841,434.591058,8
6.484840,434.591058,8
6.491840,434.591058,8
6.498843,434.591058,8
6.498846,434.591058,8
6.504849,434.591058,8
6.511843,434.591058,8
6.514841,434.591058,8
6.518840,434.591058,8
6.524849,434.591058,8
6.527850,434.591058,8
6.539854,434.591058,8
6.539858,434.591058,8
6.549840,434.591058,8
6.558841,434.591058,8
6.558844,434.591058,8
6.558848,434.591058,8
6.568842,434.591058,8
6.570841,434.591058,8
6.570844,434.591058,8
6.578842,434.591058,8
6.583850,434.591058,8
6.589839,434.591058,8
6.594841,434.591058,8
6.603839,434.591058,8
6.603843,434.591058,8
6.605838,434.591058,8
6.614840,434.591058,8
6.624839,434.591058,8
6.632841,434.591058,8
6.632844,434.591058,8
6.638839,434.591058,8
6.638843,434.591058,8
6.648842,434.591058,8
6.650853,434.591058,8
6.653848,434.591058,8
6.658845,434.591058,8
6.664949,434.591058,8
6.668846,434.591058,8
6.675842,434.591058,8
6.678841,434.591058,8
6.684845,434.591058,8
6.689855,434.591058,8
6.703844,434.591058,8
6.703851,434.591058,8
6.703854,434.591058,8
6.709847,434.591058,8
6.718843,434.591058,8
6.718846,434.591058,8
6.724845,434.591058,8
6.733842,434.591058,8
6.733846,434.591058,8
6.739851,434.591058,8
6.748841,434.591058,8
6.748845,434.591058,8
6.754845,434.591058,8
6.763846,434.591058,8
6.763849,434.591058,8
6.770849,434.591058,8
6.777874,434.591058,8
6.777877,434.591058,8
6.787845,434.591058,8
6.787848,434.591058,8
6.797840,434.591058,8
6.797844,434.591058,8
6.807844,434.591058,8
6.807848,434.591058,8
6.818849,434.591058,8
6.818853,434.591058,8
6.829858,434.591058,8
6.829864,434.591058,8
6.840120,434.591058,8
6.844706,434.591058,8
6.844710,434.591058,8
6.854854,434.591058,8
6.854858,434.591058,8
6.860840,434.591058,8
6.869850,434.591058,8
6.869854,434.591058,8
6.879846,434.591058,8
6.885841,434.591058,8
6.885845,434.591058,8
6.894841,434.591058,8
6.894845,434.591058,8
6.900844,434.591058,8
6.905841,434.591058,8
6.909841,434.591058,8
6.915850,434.591058,8
6.920845,434.591058,8
6.924841,434.591058,8
6.934844,434.591058,8
6.934848,434.591058,8
6.940840,434.591058,8
6.949846,434.591058,8
6.949850,434.591058,8
6.955840,434.591058,8
6.960841,434.591058,8
6.964844,434.591058,8
6.970841,434.591058,8
6.973842,434.591058,8
6.979844,434.591058,8
6.989847,434.591058,8
6.992843,434.591058,8
6.994841,434.591058,8
6.999842,434.591058,8
7.005844,434.591058,8
7.009844,434.591058,8
7.014841,434.591058,8
7.020843,434.591058,8
7.025843,434.591058,8
7.028841,434.591058,8
7.034842,434.591058,8
7.041849,434.591058,40
7.050841,434.591058,8
7.050848,434.591058,8
7.056841,434.591058,8
7.064841,434.591058,8
7.064845,434.591058,8
7.074841,434.591058,8
7.076851,434.591058,8
7.078847,434.591058,8
7.084848,434.591058,8
7.086881,434.591058,8
7.094887,434.591058,8
7.096869,434.591058,8
7.113876,434.591058,8
7.115873,434.591058,8
7.132898,434.591058,8
7.132902,434.591058,8
7.132905,434.591058,8
7.148900,434.591058,8
7.164855,434.591058,8
7.164858,434.591058,8
7.167843,434.983657,8
7.184876,434.983657,8
7.184880,434.983657,8
7.186540,434.983657,8
7.186544,434.983657,8
7.194943,434.983657,8
7.194947,434.983657,8
7.194950,434.983657,8
7.194954,434.983657,8
7.194957,434.983657,8
7.197101,434.983657,8
7.204850,434.983657,8
7.212846,434.983657,8
7.212850,434.983657,8
7.215851,434.983657,8
7.224858,434.983657,8
7.224862,434.983657,8
7.231848,434.983657,8
7.240848,434.983657,8
7.242877,434.983657,8
7.245873,434.983657,8
7.254885,434.983657,8
7.254889,434.983657,8
7.261854,434.198486,8
7.265854,434.198486,8
7.269851,434.198486,8
7.275848,434.198486,8
7.280842,434.198486,8
7.284844,434.198486,8
7.290848,434.198486,8
7.295847,434.198486,8
7.299847,434.198486,8
7.305847,434.198486,8
7.310847,434.198486,8
7.314847,434.198486,8
7.320844,434.198486,8
7.324853,434.198486,8
7.331848,434.198486,8
7.334850,434.198486,8
7.342844,434.198486,8
7.345841,434.198486,8
7.354850,434.198486,8
7.354854,434.198486,8
7.360854,434.591058,8
7.365845,434.591058,8
7.369851,434.591058,8
7.375865,434.591058,8
7.380847,434.591058,8
7.384852,434.591058,8
7.398852,434.591058,8
7.414850,434.591058,8
7.416845,434.591058,8
7.430847,434.591058,8
7.430851,434.591058,8
7.433850,434.591058,8
7.448853,434.591058,8
7.448857,434.591058,8
7.450856,434.591058,8
7.450860,434.591058,8
7.450863,434.591058,8
7.466847,434.591058,8
7.466851,434.591058,8
7.474861,434.591058,8
7.474864,434.591058,8
7.474868,434.591058,8
7.474873,434.591058,8
7.474877,434.591058,8
7.487849,434.591058,8
7.487852,434.591058,8
7.487856,434.591058,8
7.495859,434.198486,8
7.504847,434.198486,8
7.506841,434.198486,8
7.508845,434.198486,8
7.514843,434.198486,8
7.521840,434.198486,8
7.525848,434.198486,8
7.530858,434.198486,8
7.534877,434.198486,8
7.540843,434.198486,8
7.543848,434.198486,8
7.549849,434.198486,8
7.559850,434.198486,8
7.561848,434.198486,8
7.564916,434.198486,8
7.569845,434.198486,40
7.575867,434.198486,40
7.580854,434.591058,8
7.587864,434.591058,8
7.591868,434.591058,8
7.594857,434.591058,8
7.600852,434.591058,8
7.608848,434.591058,8
7.614845,434.591058,8
7.620857,434.591058,8
7.620860,434.591058,8
7.625887,434.591058,8
7.634890,434.591058,8
7.634893,434.591058,8
7.644885,434.591058,8
7.646883,434.591058,8
7.648909,434.591058,8
7.654841,434.591058,8
7.659854,434.591058,8
7.665847,434.591058,8
7.670843,434.591058,8
7.679852,434.591058,8
7.679855,434.591058,8
7.685846,434.591058,8
7.694843,434.591058,8
7.694846,434.591058,8
7.704851,434.591058,8
7.706845,434.591058,8
7.708843,434.591058,8
7.714841,434.591058,8
7.719840,434.591058,8
7.725843,434.591058,8
7.731842,434.591058,8
7.739842,434.591058,8
7.739846,434.591058,8
7.749840,434.591058,8
7.751838,434.591058,8
7.753845,434.591058,8
7.759849,434.198486,8
7.764844,434.198486,8
7.770847,434.198486,8
7.776083,434.198486,8
7.784844,434.198486,8
7.784847,434.198486,8
7.793848,434.198486,8
7.799851,434.198486,8
7.799854,434.198486,8
7.809852,434.198486,8
7.811851,434.198486,8
7.813852,434.198486,8
7.819848,434.591058,8
7.824850,434.591058,8
7.830858,434.591058,8
7.833852,434.591058,8
7.844853,434.591058,8
7.844858,434.591058,8
7.854856,434.591058,8
7.856851,434.591058,8
7.858847,434.591058,8
7.864847,434.591058,8
7.866851,434.591058,8
7.874851,434.591058,8
7.875761,434.591058,8
7.884845,434.591058,8
7.895843,434.591058,8
7.898852,434.591058,8
7.905853,434.591058,8
7.910853,434.591058,8
7.910857,434.591058,8
7.919852,434.591058,8
7.919856,434.591058,8
7.925850,434.591058,8
7.935853,434.591058,8
7.938848,434.591058,8
7.938851,434.591058,8
7.950847,434.591058,8
7.950858,434.591058,8
7.958845,434.591058,8
7.960848,434.591058,8
7.970847,434.591058,8
7.970850,434.591058,8
7.976845,434.591058,8
7.988099,434.591058,8
7.988102,434.591058,8
7.995993,434.591058,8
8.004888,434.591058,8
8.004893,434.591058,8
8.014882,434.591058,8
8.014888,434.591058,8
8.018856,434.591058,8
8.020855,434.591058,8
8.027702,434.591058,8
8.031844,434.591058,8
8.036844,434.591058,8
8.040848,434.591058,8
8.045844,434.591058,8
8.053847,434.591058,8
8.056841,434.198486,8
8.065846,434.198486,8
8.065850,434.198486,8
8.071842,434.198486,8
8.080846,434.198486,8
8.080850,434.198486,8
8.086848,434.198486,8
8.100862,434.198486,8
8.100867,434.198486,8
8.100871,434.198486,8
8.110851,434.198486,8
8.110856,434.198486,8
8.116845,434.198486,8
8.121840,434.198486,8
8.126050,434.198486,8
8.130850,434.198486,8
8.140867,434.198486,8
8.143871,434.198486,8
8.152883,434.198486,8
8.152887,434.198486,8
8.154873,434.198486,8
8.165870,434.198486,8
8.165873,434.198486,8
8.171846,434.198486,8
8.180874,434.198486,8
8.180877,434.198486,8
8.190888,434.198486,8
8.193886,434.198486,8
8.193889,434.198486,8
8.200842,434.198486,8
8.206762,434.198486,8
8.210845,434.198486,8
8.216871,433.805914,8
8.221855,433.805914,8
8.225860,433.805914,8
8.232866,433.805914,8
8.236857,434.198486,8
8.240890,434.198486,8
8.246857,434.198486,8
8.251859,434.198486,8
8.257858,434.198486,8
8.261858,434.198486,8
8.266880,434.198486,8
8.270881,434.198486,8
8.276870,434.198486,8
8.281871,434.198486,8
8.288913,434.198486,8
8.291888,434.198486,8
8.297898,434.198486,8
8.301916,434.198486,8
8.305908,434.198486,8
8.310904,434.198486,8
8.317881,434.198486,8
8.323898,434.198486,8
8.333893,434.198486,8
8.333899,434.198486,8
8.336929,434.198486,8
8.346920,434.198486,8
8.346929,434.198486,8
8.351855,434.198486,8
8.360871,434.591058,8
8.360875,434.591058,8
8.370872,434.591058,8
8.373857,434.591058,8
8.373862,434.591058,8
8.380860,434.591058,8
8.385879,434.591058,8
8.393853,434.591058,8
8.398859,434.591058,8
8.405858,434.591058,8
8.405862,434.591058,8
8.411858,434.591058,8
8.430873,434.591058,8
8.432855,434.591058,8
8.432865,434.591058,8
8.448867,434.591058,8
8.450849,434.591058,8
8.450853,434.591058,8
8.466854,434.591058,8
8.482863,434.591058,8
8.484854,434.591058,8
8.484858,434.591058,8
8.508873,434.591058,8
8.508882,434.591058,8
8.508890,434.591058,8
8.508896,434.591058,8
8.508903,434.591058,8
8.517857,434.591058,8
8.517864,434.591058,8
8.517869,434.591058,8
8.517873,434.591058,8
8.520006,434.591058,8
8.520010,434.591058,8
8.526858,434.591058,8
8.533853,434.591058,8
8.533857,434.591058,8
8.538845,434.591058,8
8.547848,434.591058,8
8.547852,434.591058,8
8.553853,434.591058,8
8.558848,434.591058,40
8.561842,434.591058,40
8.568845,434.591058,8
8.573842,434.591058,8
8.576844,434.591058,8
8.583844,434.591058,8
8.589845,434.591058,8
8.591843,434.591058,8
8.596843,434.591058,8
8.606875,434.591058,8
8.608868,434.591058,8
8.618874,434.591058,8
8.618884,434.591058,8
8.620874,434.591058,8
8.633851,434.591058,8
8.633855,434.591058,8
8.641845,434.591058,8
8.644843,434.591058,8
8.644846,434.591058,8
8.658855,434.198486,8
8.658859,434.198486,8
8.663853,434.198486,8
8.673842,434.198486,8
8.673845,434.198486,8
8.678845,434.198486,8
8.690855,434.198486,8
8.690858,434.198486,8
8.693845,434.198486,8
8.717844,434.198486,8
8.717848,434.198486,8
8.733846,434.198486,8
8.749847,434.591058,8
8.752978,434.591058,8
8.767846,434.591058,8
8.767849,434.591058,8
8.769843,434.591058,8
8.772845,434.591058,8
8.796840,434.591058,8
8.796847,434.591058,8
8.798843,434.591058,8
8.798846,434.591058,8
8.798850,434.591058,8
8.798854,434.591058,8
8.800841,434.591058,8
8.800844,434.591058,8
8.805842,434.591058,8
8.805845,434.591058,8
8.805849,434.591058,8
8.809847,434.591058,8
8.812847,434.591058,8
8.812850,434.591058,8
8.812854,434.591058,8
8.818840,434.591058,8
8.821842,434.591058,8
8.826841,434.591058,8
8.833848,434.591058,8
8.838856,434.591058,8
8.848840,434.591058,8
8.848844,434.591058,8
8.856850,434.591058,8
8.858859,434.591058,8
8.860839,434.591058,8
8.868885,434.591058,8
8.870881,434.591058,8
8.878910,434.591058,8
8.880900,434.591058,8
8.893875,434.591058,8
8.893879,434.591058,8
8.904869,434.591058,8
8.906873,434.591058,8
8.913843,434.591058,8
8.919888,434.591058,8
8.919891,434.591058,8
8.926889,434.591058,8
8.926893,434.591058,8
8.933852,434.591058,8
8.938844,434.591058,8
8.942850,434.591058,8
8.945849,434.591058,8
8.953844,434.591058,8
8.956841,434.591058,8
8.963888,434.591058,8
8.968864,434.591058,8
8.971865,434.591058,8
8.976843,434.591058,8
8.984845,434.591058,8
8.988844,434.591058,8
8.998845,434.591058,8
8.998848,434.591058,8
8.998852,434.591058,8
9.008840,434.591058,8
9.008843,434.591058,8
9.018843,434.591058,8
9.026848,434.591058,8
9.029845,434.591058,8
9.029848,434.591058,8
9.039844,434.591058,8
9.041839,434.591058,8
9.053843,434.591058,8
9.053846,434.591058,8
9.059846,434.591058,8
9.068839,434.591058,8
9.068845,434.591058,8
9.073840,434.591058,8
9.083840,434.198486,8
9.083844,434.198486,8
9.092845,434.198486,8
9.098843,434.591058,8
9.098847,434.591058,8
9.106846,434.591058,8
9.109846,434.591058,8
9.116850,434.591058,8
9.118842,434.591058,8
9.121848,434.591058,8
9.129841,434.591058,8
9.131842,434.591058,8
9.143840,434.591058,8
9.143844,434.591058,8
9.151842,434.591058,8
9.153840,434.591058,8
9.155841,434.591058,8
9.163842,434.591058,8
9.166841,434.591058,8
9.173841,434.591058,8
9.179840,434.591058,8
9.188843,434.591058,8
9.188846,434.591058,8
9.194851,434.591058,8
9.198845,434.591058,8
9.204866,434.591058,8
9.206846,434.591058,8
9.218855,434.591058,8
9.218859,434.591058,8
9.228855,434.591058,8
9.228861,434.591058,8
9.239849,434.591058,8
9.239853,434.198486,8
9.239857,434.198486,8
9.249852,434.198486,8
9.249864,434.198486,8
9.258844,434.591058,8
9.268843,434.591058,8
9.271428,434.591058,8
9.271432,434.591058,8
9.279846,434.591058,8
9.279850,434.591058,8
9.288844,434.591058,8
9.290844,434.591058,8
9.298842,434.591058,8
9.300843,434.591058,8
9.308850,434.591058,8
9.311842,434.591058,8
9.319846,434.591058,8
9.321846,434.591058,8
9.329843,434.591058,8
9.334223,434.591058,8
9.343844,434.591058,8
9.343848,434.591058,8
9.351850,434.591058,8
9.353845,434.591058,8
9.355842,434.591058,8
9.363843,434.591058,8
9.366881,434.591058,8
9.374871,434.591058,8
9.380846,434.591058,8
9.389848,434.591058,8
9.389851,434.591058,8
9.397853,434.591058,8
9.399843,434.591058,8
9.399848,434.591058,8
9.409848,434.591058,8
9.412852,434.591058,8
9.423845,434.591058,8
9.423849,434.591058,8
9.429850,434.591058,8
9.434875,434.591058,8
9.438868,434.591058,8
9.446851,434.591058,8
9.448851,434.591058,8
9.453845,434.591058,8
9.461845,434.591058,8
9.469851,434.591058,8
9.478844,434.591058,8
9.478848,434.591058,8
9.486849,434.591058,8
9.486852,434.591058,8
9.488842,434.591058,8
9.496852,434.591058,8
9.499894,434.591058,8
9.503849,434.591058,8
9.511860,434.591058,8
9.513858,434.591058,8
9.518853,434.591058,8
9.529852,434.591058,8
9.531852,434.591058,8
9.534853,434.591058,8
9.543847,434.591058,8
9.543851,434.591058,8
9.550841,434.591058,8
9.559841,434.591058,8
9.561840,434.591058,8
9.564842,434.591058,8
9.573841,434.591058,8
9.573850,434.591058,8
9.583839,434.591058,8
9.585840,434.591058,8
9.585844,434.591058,8
9.598843,434.591058,8
9.598847,434.591058,8
9.604841,434.591058,8
9.611840,434.591058,8
9.618840,434.591058,8
9.618844,434.591058,8
9.625841,434.591058,8
9.629839,434.591058,8
9.633842,434.591058,8
9.638849,434.591058,8
9.644840,434.591058,8
9.651840,434.591058,8
9.658840,434.591058,8
9.658844,434.591058,8
9.664838,434.591058,8
9.673843,434.591058,8
9.673846,434.591058,8
9.679843,434.591058,8
9.689845,434.591058,8
9.689849,434.591058,8
9.693838,434.591058,8
9.703847,434.591058,8
9.703855,434.591058,8
9.713842,434.591058,8
9.715838,434.591058,8
9.715842,434.591058,8
9.724845,434.591058,8
9.728846,434.591058,8
9.748845,434.591058,8
9.748850,434.591058,8
9.750838,434.591058,8
9.767839,434.591058,8
9.783842,434.591058,8
9.783846,434.591058,8
9.799853,434.591058,8
9.799857,434.591058,8
9.802850,434.591058,8
9.804842,434.591058,8
9.828843,434.591058,8
9.828847,434.591058,8
9.828851,434.591058,8
9.830842,434.591058,8
9.830845,434.591058,8
9.830849,434.591058,8
9.834841,434.591058,8
9.834844,434.591058,8
9.834848,434.591058,8
9.838843,434.591058,8
9.838847,434.591058,8
9.844847,434.591058,8
9.844851,434.591058,8
9.849843,434.591058,8
9.853855,434.198486,8
9.863890,434.198486,8
9.865880,434.198486,8
9.871856,434.198486,8
9.874844,434.591058,8
9.878849,434.591058,8
9.884870,434.591058,8
9.889852,434.591058,8
9.893845,434.591058,8
9.897847,434.591058,8
9.904851,434.591058,8
9.909843,434.591058,8
9.918842,434.198486,8
9.918846,434.198486,8
9.928846,434.198486,8
9.930841,434.198486,8
9.930845,434.591058,8
9.938864,434.591058,8
9.943845,434.591058,8
9.949841,434.591058,8
9.958847,434.983657,8
9.963852,434.983657,8
9.963856,434.983657,8
9.975840,434.983657,8
9.977842,434.983657,8
9.984840,434.983657,8
9.990843,434.983657,8
9.990846,434.983657,8
9.998845,434.591058,8
9.998849,434.591058,8
10.004841,434.591058,8
10.013848,434.591058,8
10.013852,434.591058,8
10.021841,434.591058,8
10.038843,434.591058,8
10.038847,434.591058,8
10.045847,434.591058,8
10.062842,434.591058,8
10.062846,434.591058,8
10.078846,434.591058,8
10.094842,434.591058,8
10.098845,434.591058,8
10.098849,434.591058,8
10.100846,434.591058,8
10.102843,434.591058,8
10.123843,434.591058,8
10.123847,434.591058,8
10.129842,434.591058,8
10.129846,434.591058,8
10.129849,434.591058,8
10.129853,434.591058,8
10.129856,434.591058,8
10.129862,434.591058,8
10.132842,434.591058,8
10.132846,434.591058,8
10.139842,434.198486,8
10.139846,434.198486,8
10.149841,434.198486,8
10.149845,434.198486,8
10.158842,434.591058,8
10.158845,434.591058,8
10.164840,434.591058,8
10.164844,434.591058,8
10.170843,434.591058,8
10.182840,434.591058,8
10.182844,434.591058,8
10.182848,434.591058,8
10.188841,434.591058,8
10.194841,434.198486,8
10.199845,434.198486,8
10.203844,434.198486,8
10.209843,434.198486,8
10.214840,434.591058,8
10.218845,434.591058,8
10.223840,434.591058,8
10.234840,434.591058,8
10.234844,434.591058,8
10.239840,434.591058,8
10.248842,434.591058,8
10.248846,434.591058,8
10.258842,434.591058,8
10.260841,434.591058,8
10.260845,434.591058,8
10.269842,434.591058,8
10.271841,434.591058,8
10.279841,434.591058,8
10.289843,434.591058,8
10.298847,434.591058,8
10.298851,434.591058,8
10.298855,434.591058,8
10.308844,434.591058,8
10.310843,434.591058,8
10.310846,434.591058,8
10.320840,434.591058,8
10.323841,434.591058,8
10.333844,434.591058,8
10.333848,434.591058,8
10.343843,434.591058,8
10.345845,434.591058,8
10.345849,434.591058,8
10.353844,434.983657,8
10.358841,434.983657,8
10.364843,434.983657,8
10.368841,434.983657,8
10.374841,434.591058,8
10.379847,434.591058,8
10.388844,434.591058,8
10.388848,434.591058,8
10.398843,434.591058,8
10.400841,434.591058,8
10.400844,434.591058,8
10.408849,434.591058,8
10.413844,434.591058,8
10.419844,434.591058,8
10.422842,434.591058,8
10.433841,434.591058,8
10.433845,434.591058,8
10.443844,434.591058,8
10.445841,434.591058,8
10.445844,434.591058,8
10.455842,434.591058,8
10.459866,434.591058,8
10.464843,434.591058,8
10.468842,434.591058,8
10.474839,434.591058,8
10.479841,434.591058,8
10.483840,434.591058,8
10.489843,434.591058,8
10.496842,434.591058,8
10.499842,434.591058,8
10.508845,434.591058,8
10.510843,434.591058,8
10.510846,434.591058,8
10.520840,434.591058,8
10.524842,434.591058,8
10.530841,434.591058,8
10.533841,434.591058,8
10.539843,434.591058,8
10.544841,434.591058,8
10.548843,434.591058,8
10.554846,434.591058,8
10.560842,434.591058,8
10.563841,434.591058,8
10.568841,434.591058,8
10.574841,434.591058,8
10.579840,434.591058,8
10.588842,434.591058,8
10.588846,434.591058,8
10.598840,434.591058,8
10.603846,434.591058,8
10.603849,434.591058,8
10.611842,434.591058,8
10.613839,434.591058,8
10.623907,434.591058,8
10.625910,434.591058,8
10.633876,434.591058,8
10.633880,434.591058,8
10.639903,434.591058,8
10.645871,434.591058,8
10.650923,434.591058,8
10.654876,434.591058,8
10.663873,434.591058,8
10.663876,434.591058,8
10.669874,434.591058,8
10.677875,434.591058,8
10.685875,434.591058,8
10.694874,434.591058,8
10.694878,434.591058,8
10.703850,434.591058,8
10.703854,434.591058,8
10.703858,434.591058,8
10.709844,434.591058,8
10.720844,434.591058,8
10.720847,434.591058,8
10.725844,434.591058,8
10.734842,434.591058,8
10.734846,434.591058,8
10.744842,434.591058,8
10.747842,434.591058,8
10.747845,434.591058,8
10.757899,434.591058,8
10.757903,434.591058,8
10.764872,434.591058,8
10.770868,434.591058,8
10.775873,434.591058,8
10.779879,434.591058,8
10.786874,434.591058,8
10.790869,434.591058,8
10.794871,434.591058,8
10.800872,434.591058,8
10.805873,434.591058,8
10.810876,434.591058,8
10.813872,434.591058,8
10.825876,434.591058,8
10.825880,434.591058,8
10.830869,434.591058,8
10.841877,434.591058,8
10.841881,434.591058,8
10.845872,434.591058,8
10.849872,434.591058,8
10.855901,434.591058,8
10.860840,434.591058,8
10.869843,434.591058,8
10.869847,434.591058,8
10.879842,434.591058,8
10.881839,434.591058,8
10.883841,434.591058,8
10.893840,434.591058,8
10.895839,434.591058,8
10.899840,434.591058,8
10.905843,434.591058,8
10.911840,434.591058,8
10.918841,434.591058,8
10.924841,434.591058,8
10.924844,434.591058,8
10.934841,434.591058,8
10.936894,434.591058,8
10.938842,434.591058,8
10.944844,434.591058,8
10.946892,434.591058,8
10.954841,434.591058,8
10.956839,434.591058,8
10.964842,434.591058,8
10.974844,434.591058,8
10.977842,434.591058,8
10.977847,434.591058,8
10.984841,434.591058,8
10.989844,434.591058,8
10.995844,434.591058,8
11.001883,434.591058,8
11.009894,434.591058,8
11.009898,434.591058,8
11.015844,434.591058,8
11.020842,434.591058,8
11.024840,434.591058,8
11.030840,434.591058,8
11.034843,434.591058,8
11.039883,434.591058,8
11.045844,434.591058,8
11.050839,434.591058,8
11.066841,434.591058,8
11.068841,434.591058,8
11.084874,434.591058,8
11.100843,434.591058,8
11.117874,434.591058,8
11.117879,434.591058,8
11.119872,434.591058,8
11.122871,434.591058,8
11.147873,434.198486,8
11.147877,434.198486,8
11.147880,434.198486,8
11.150900,434.198486,8
11.150903,434.198486,8
11.150907,434.198486,8
11.154908,434.198486,8
11.154912,434.198486,8
11.154915,434.198486,8
11.154920,434.198486,8
11.160891,434.591058,8
11.164898,434.591058,8
11.164902,434.591058,8
11.166897,434.591058,8
11.166900,434.591058,8
11.170911,434.591058,8
11.175903,434.591058,8
11.179903,434.591058,8
11.186873,434.591058,8
11.190842,434.591058,8
11.194901,434.591058,8
11.200902,434.591058,8
11.205846,434.591058,8
11.209870,434.591058,8
11.215842,434.591058,8
11.220961,434.591058,8
11.224857,434.591058,8
11.231844,434.591058,8
11.234844,434.591058,8
11.240840,434.591058,8
11.245845,434.591058,8
11.256841,434.591058,8
11.256845,434.591058,8
11.260841,434.591058,8
11.269844,434.591058,8
11.269848,434.591058,8
11.279841,434.591058,8
11.281840,434.591058,8
11.283839,434.591058,8
11.289841,434.591058,8
11.294839,434.591058,8
11.300841,434.591058,8
11.303844,434.591058,8
11.315843,434.198486,8
11.315847,434.198486,8
11.325843,434.198486,8
11.334842,434.198486,8
11.334845,434.198486,8
11.334849,434.591058,40
11.344842,434.591058,40
11.347840,434.591058,8
11.347844,434.591058,8
11.363843,434.591058,8
11.380847,434.591058,8
11.395844,434.591058,8
11.412842,434.591058,8
11.412846,434.591058,8
11.416841,434.591058,8
11.416845,434.591058,8
11.438847,434.591058,8
11.438854,434.591058,8
11.445845,434.591058,8
11.445849,434.591058,8
11.445853,434.591058,8
11.449840,434.591058,8
11.449844,434.591058,8
11.449847,434.591058,8
11.451839,434.591058,8
11.451843,434.591058,8
11.459840,434.591058,8
11.459844,434.591058,8
11.459848,434.591058,8
11.459851,434.591058,8
11.459855,434.591058,8
11.468844,434.591058,8
11.470843,434.591058,8
11.478841,434.591058,8
11.483841,434.591058,8
11.490840,434.591058,8
11.490844,434.198486,8
11.499843,434.198486,8
11.505840,434.198486,8
11.505843,434.198486,8
11.515839,434.591058,8
11.519851,434.591058,8
11.519854,434.591058,8
11.529839,434.591058,8
11.529842,434.591058,8
11.536842,434.198486,8
11.540846,434.198486,8
11.549841,434.198486,8
11.555841,434.591058,8
11.555845,434.591058,8
11.565841,434.591058,8
11.571838,434.591058,8
11.571842,434.591058,8
11.578838,434.591058,8
11.578842,434.591058,8
11.589840,434.591058,8
11.589843,434.591058,8
11.599840,434.591058,8
11.601838,434.591058,8
11.603839,434.591058,8
11.614842,434.983657,8
11.614845,434.983657,8
11.624840,434.983657,8
11.626839,434.983657,8
11.628839,434.983657,8
11.634838,434.983657,8
11.639840,434.983657,8
11.645839,434.983657,8
11.650840,434.983657,8
11.660842,434.591058,8
11.660845,434.591058,8
11.665839,434.591058,8
11.673840,434.591058,8
11.675840,434.591058,8
11.679840,434.591058,8
11.685845,434.591058,8
11.690842,434.591058,8
11.699840,434.591058,8
11.699844,434.591058,8
11.711839,434.591058,8
11.713839,434.591058,8
11.718838,434.591058,8
11.724840,434.591058,8
11.724843,434.591058,8
11.734839,434.591058,8
11.736840,434.591058,40
11.739839,434.591058,40
11.749840,434.591058,8
11.749843,434.591058,8
11.755839,434.591058,8
11.764841,434.591058,8
11.764844,434.591058,8
11.770841,434.591058,8
11.779847,434.591058,8
11.779851,434.591058,8
11.784841,434.591058,8
11.794841,434.591058,8
11.794844,434.591058,8
11.800837,434.591058,8
11.809841,434.591058,8
11.809845,434.591058,8
11.816841,434.198486,8
11.825840,434.198486,8
11.825843,434.198486,8
11.835838,434.198486,8
11.844844,434.198486,8
11.844848,434.198486,8
11.844851,434.198486,8
11.851838,434.198486,8
11.856837,434.198486,8
11.860839,434.198486,8
11.869840,434.198486,8
11.869844,434.198486,8
11.875837,434.198486,8
11.883837,434.198486,8
11.891838,434.198486,8
11.900838,434.198486,8
11.900842,434.198486,8
11.909841,434.198486,8
11.909845,434.198486,8
11.909848,434.591058,8
11.916839,434.591058,8
11.921840,434.591058,8
11.926840,434.591058,8
11.930874,434.591058,8
11.936838,434.591058,8
11.944810,434.591058,8
11.944816,434.591058,8
11.952842,434.591058,8
11.956841,434.591058,8
11.965849,434.591058,8
11.965854,434.591058,8
11.971844,434.591058,8
11.976840,434.591058,8
11.982839,434.591058,8
11.986839,434.591058,8
11.992840,434.591058,8
11.995840,434.591058,8
12.001847,434.591058,8
12.006842,434.591058,8
12.010855,434.591058,8
12.016844,434.591058,8
12.025843,434.591058,8
12.025847,434.591058,8
12.031840,434.591058,8
12.040843,434.591058,8
12.040848,434.591058,8
12.048843,434.591058,8
12.051840,434.591058,8
12.060843,434.591058,8
12.060846,434.591058,8
12.070903,434.591058,8
12.073907,434.591058,8
12.073912,434.591058,8
12.080845,434.591058,8
12.083840,434.591058,8
12.090843,434.591058,8
12.093840,434.591058,8
12.100840,434.591058,8
12.105841,434.591058,8
12.114848,434.198486,8
12.114853,434.198486,8
12.126845,434.198486,8
12.128846,434.198486,8
12.131843,434.591058,8
12.140845,434.591058,8
12.140849,434.591058,8
12.150874,434.591058,8
12.153879,434.591058,8
12.153883,434.591058,8
12.160878,434.591058,8
12.165842,434.591058,8
12.173841,434.591058,8
12.176842,434.591058,8
12.185843,434.591058,8
12.185846,434.591058,8
12.195841,434.591058,8
12.198841,434.591058,8
12.198846,434.591058,8
12.205846,434.591058,8
12.210847,434.591058,8
12.216844,434.591058,8
12.220843,434.591058,8
12.226842,434.591058,8
12.231841,434.591058,8
12.235843,434.591058,8
12.241848,434.591058,8
12.246844,434.591058,8
12.250845,434.591058,8
12.256841,434.591058,8
12.261842,434.591058,8
12.265842,434.591058,8
12.271842,434.591058,8
12.276840,434.591058,8
12.280842,434.591058,8
12.286840,434.591058,8
12.291842,434.591058,8
12.295840,434.591058,8
12.301875,434.591058,8
12.310844,434.591058,8
12.310847,434.591058,8
12.320869,434.591058,8
12.323848,434.591058,40
12.326853,434.591058,40
12.330850,434.591058,8
12.336857,434.591058,8
12.341845,434.591058,8
12.345849,434.591058,8
12.351846,434.591058,8
12.356842,434.591058,8
12.360842,434.591058,8
12.366886,434.591058,8
12.385917,434.591058,8
12.401842,434.591058,8
12.418845,434.198486,8
12.418848,434.198486,8
12.434846,434.591058,8
12.437840,434.591058,8
12.439840,434.591058,8
12.439844,434.591058,8
12.468847,434.591058,8
12.468851,434.591058,8
12.468855,434.591058,8
12.468858,434.591058,8
12.468861,434.591058,8
12.470842,434.591058,8
12.470846,434.591058,8
12.475843,434.591058,8
12.475846,434.591058,8
12.475850,434.591058,8
12.478845,434.591058,8
12.481842,434.591058,8
12.481846,434.591058,8
12.481849,434.591058,8
12.485842,434.591058,8
12.485846,434.591058,8
12.491842,434.591058,8
12.496840,434.591058,8
12.500843,434.591058,8
12.506875,434.591058,8
12.510840,434.591058,8
12.519844,434.591058,8
12.519847,434.591058,8
12.525848,434.591058,8
12.531843,434.591058,8
12.536841,434.591058,8
12.540854,434.591058,8
12.544841,434.591058,8
12.553843,434.591058,8
12.556842,434.591058,8
12.561845,434.591058,8
12.570846,434.591058,8
12.570850,434.591058,8
12.576840,434.591058,8
12.585843,434.591058,8
12.585847,434.591058,8
12.591844,434.591058,8
12.600842,434.591058,8
12.600846,434.591058,8
12.606841,434.591058,8
12.615843,434.591058,8
12.615847,434.591058,8
12.621878,434.591058,8
12.630881,434.591058,8
12.630885,434.591058,8
12.636841,434.591058,8
12.649844,434.591058,8
12.649848,434.591058,8
12.651840,434.591058,8
12.660842,434.591058,8
12.660846,434.591058,8
12.678843,434.591058,8
12.680840,434.591058,8
12.695840,434.591058,8
12.698843,434.591058,8
12.711840,434.591058,8
12.711843,434.591058,8
12.713840,434.591058,8
12.729841,434.591058,8
12.729845,434.591058,8
12.732843,434.591058,40
12.732846,434.591058,40
12.732850,434.591058,40
12.748842,434.591058,8
12.748845,434.591058,8
12.748849,434.591058,8
12.751839,434.591058,8
12.751842,434.591058,8
12.756839,434.591058,8
12.765840,434.591058,8
12.765849,434.591058,8
12.765853,434.591058,8
12.773839,434.591058,8
12.778841,434.591058,8
12.781839,434.591058,8
12.789840,434.591058,8
12.791839,434.591058,8
12.798881,434.591058,8
12.800906,434.591058,8
12.810845,434.591058,8
12.810849,434.591058,8
12.818860,434.591058,8
12.826846,434.591058,8
12.828847,434.591058,8
12.828850,434.591058,8
12.838843,434.591058,8
12.838846,434.591058,8
12.849842,434.591058,8
12.858843,434.591058,8
12.863881,434.591058,8
12.865840,434.591058,8
12.868877,434.591058,8
12.871900,434.591058,8
12.878878,434.591058,8
12.881843,434.591058,8
12.886847,434.591058,8
12.894844,434.591058,8
12.896849,434.591058,8
12.903879,434.591058,8
12.908872,434.591058,8
12.918881,434.591058,8
12.918885,434.591058,8
12.926878,434.591058,8
12.928876,434.591058,8
12.930899,434.591058,8
12.938876,434.591058,8
12.941877,434.591058,8
12.948873,434.591058,8
12.953855,434.591058,8
12.965878,434.591058,8
12.965882,434.591058,8
12.968878,434.591058,8
12.975853,434.591058,8
12.975857,434.591058,8
12.983843,434.591058,8
12.988843,434.591058,8
12.998842,434.591058,8
12.998846,434.591058,8
13.003846,434.591058,8
13.013931,434.591058,8
13.013935,434.591058,8
13.021847,434.591058,8
13.023844,434.591058,8
13.025841,434.591058,8
13.033844,434.591058,8
13.036842,434.591058,8
13.043849,434.591058,8
13.048845,434.591058,8
13.058843,434.591058,8
13.058847,434.591058,8
13.064847,434.591058,8
13.073844,434.591058,8
13.073847,434.591058,8
13.081844,434.591058,8
13.083842,434.591058,8
13.085841,434.591058,8
13.094842,434.591058,8
13.098843,434.591058,8
13.103845,434.591058,8
13.106842,434.591058,8
13.113843,434.591058,8
13.119841,434.591058,8
13.121841,434.591058,8
13.128848,434.591058,8
13.133843,434.198486,8
13.139846,434.198486,8
13.143841,434.198486,8
13.146842,434.198486,8
13.151841,434.591058,8
13.158842,434.591058,8
13.163842,434.591058,8
13.173841,434.591058,8
13.173845,434.591058,8
13.181841,434.591058,8
13.183844,434.591058,8
13.185840,434.591058,8
13.198841,434.591058,8
13.198845,434.591058,8
13.206841,434.591058,8
13.208841,434.591058,8
13.210845,434.591058,8
13.218844,434.591058,8
13.221888,434.591058,8
13.228844,434.591058,8
13.233844,434.591058,8
13.238841,434.591058,8
13.243842,434.591058,8
13.246841,434.591058,8
13.253846,434.591058,8
13.259844,434.591058,8
13.265841,434.591058,8
13.265845,434.591058,8
13.273842,434.591058,8
13.278842,434.591058,8
13.288843,434.591058,8
13.288847,434.591058,8
13.293841,434.591058,8
13.303841,434.591058,8
13.303845,434.591058,8
13.311842,434.591058,8
13.313841,434.591058,8
13.315841,434.591058,8
13.323840,434.591058,8
13.326841,434.591058,8
13.333842,434.591058,8
13.338843,434.591058,8
13.348841,434.591058,8
13.348845,434.591058,8
13.356840,434.591058,8
13.358842,434.591058,8
13.360844,434.591058,8
13.368847,434.591058,8
13.368852,434.591058,8
13.378845,434.591058,8
13.383845,434.591058,8
13.388848,434.591058,8
13.394851,434.591058,8
13.398845,434.591058,8
13.401846,434.591058,8
13.408846,434.591058,8
13.413848,434.591058,8
13.419846,434.591058,8
13.419849,434.591058,8
13.433844,434.591058,8
13.433848,434.591058,8
13.441851,434.591058,8
13.443848,434.591058,8
13.445844,434.591058,8
13.453843,434.591058,8
13.456844,434.591058,8
13.463884,434.591058,8
13.469888,434.591058,8
13.471881,434.591058,8
13.483853,434.591058,8
13.483857,434.591058,8
13.486846,434.591058,8
13.498844,434.591058,8
13.498848,434.591058,8
13.506844,434.591058,8
13.508843,434.198486,8
13.510841,434.198486,8
13.520842,434.198486,8
13.524842,434.198486,8
13.530875,434.198486,8
13.530886,434.198486,8
13.538841,434.198486,8
13.543842,434.198486,8
13.548842,434.198486,8
13.554849,434.198486,8
13.556847,434.198486,8
13.566842,434.198486,8
13.566846,434.198486,8
13.578849,434.198486,8
13.578852,434.198486,8
13.584895,434.198486,8
13.591890,434.591058,8
13.598884,434.591058,8
13.598888,434.591058,8
13.601893,434.591058,8
13.608885,434.591058,8
13.610885,434.591058,8
13.618848,434.591058,8
13.628847,434.591058,8
13.630841,434.591058,8
13.630845,434.591058,8
13.639842,434.591058,8
13.639845,434.591058,8
13.651846,434.591058,8
13.653843,434.591058,8
13.661845,434.591058,8
13.668843,434.591058,8
13.668847,434.591058,8
13.673844,434.591058,8
13.683844,434.591058,8
13.683848,434.591058,8
13.700848,434.591058,8
13.703845,434.591058,8
13.719852,434.591058,8
13.735852,434.591058,8
13.735856,434.591058,8
13.735860,434.591058,8
13.753855,434.198486,8
13.756845,434.198486,8
13.756849,434.198486,8
13.778848,434.198486,8
13.778852,434.591058,8
13.782846,434.591058,8
13.782849,434.591058,8
13.782852,434.591058,8
13.788849,434.591058,8
13.788853,434.591058,8
13.788856,434.591058,8
13.788860,434.591058,8
13.788863,434.591058,8
13.798844,434.198486,8
13.798847,434.198486,8
13.798851,434.198486,8
13.808844,434.198486,8
13.808848,434.198486,8
13.816846,433.805914,8
13.816850,433.805914,8
13.823846,433.805914,8
13.823849,433.805914,8
13.833845,434.198486,8
13.836845,434.198486,8
13.836849,434.198486,8
13.849847,434.198486,8
13.849851,434.198486,8
13.855873,434.198486,8
13.863844,434.198486,8
13.863848,434.198486,8
13.866847,434.198486,8
13.876842,434.198486,8
13.880842,434.198486,8
13.888845,434.198486,8
13.888849,434.198486,8
13.894842,434.198486,8
13.898847,434.198486,8
13.903847,434.198486,8
13.909843,434.591058,8
13.914844,434.591058,8
13.923845,434.591058,8
13.923849,434.591058,8
13.933842,434.591058,8
13.935841,434.591058,8
13.935844,434.591058,8
13.944841,434.591058,8
13.944845,434.591058,8
13.953844,434.591058,8
13.959872,434.591058,8
13.964872,434.591058,8
13.968843,434.591058,8
13.976844,434.591058,8
13.978851,434.591058,8
13.983843,434.591058,8
13.997850,434.591058,8
13.999844,434.591058,8
14.013850,434.591058,8
14.015859,434.591058,8
14.015862,434.591058,8
14.029843,434.591058,8
14.031843,434.591058,8
14.031846,434.591058,8
14.048850,434.591058,8
14.048854,434.591058,8
14.048864,434.591058,8
14.063846,434.591058,8
14.063850,434.591058,8
14.063853,434.591058,8
14.065842,434.591058,8
14.065846,434.591058,8
14.069842,434.591058,8
14.074842,434.591058,8
14.079843,434.591058,8
14.083846,434.591058,8
14.093854,434.591058,8
14.093861,435.376229,40
14.099841,435.376229,40
14.108864,435.376229,8
14.108871,434.591058,8
14.118849,434.591058,8
14.120846,434.591058,8
14.120850,434.591058,8
14.128849,434.591058,8
14.134843,434.591058,8
14.139886,434.591058,8
14.148844,434.591058,8
14.148848,434.591058,8
14.154849,434.591058,8
14.164887,434.591058,8
14.164891,434.591058,8
14.168842,434.591058,8
14.179849,434.591058,8
14.179853,434.591058,8
14.188841,434.591058,8
14.190841,434.198486,8
14.190844,434.198486,8
14.200899,434.198486,8
14.204841,434.198486,8
14.209841,434.198486,8
14.213841,434.198486,8
14.219891,434.198486,8
14.224847,434.198486,8
14.228845,434.198486,8
14.234859,434.198486,8
14.243847,434.198486,8
14.243851,434.198486,8
14.249844,434.983657,8
14.258849,434.983657,8
14.258853,434.983657,8
14.265854,434.983657,8
14.273846,434.983657,8
14.273850,434.983657,8
14.279845,434.983657,8
14.288847,434.983657,8
14.288850,434.983657,8
14.294843,434.983657,8
14.303847,434.983657,8
14.303850,434.983657,8
14.313845,434.591058,8
14.315845,434.591058,8
14.318845,434.591058,8
14.323845,434.591058,8
14.329845,434.591058,8
14.334869,434.591058,8
14.338845,434.591058,8
14.343843,434.591058,8
14.348850,434.591058,8
14.354845,434.591058,8
14.359844,434.591058,8
14.363846,434.591058,8
14.369846,434.198486,8
14.374842,434.198486,8
14.378844,434.198486,8
14.384846,434.198486,8
14.389841,434.591058,8
14.394846,434.591058,8
14.398848,434.591058,8
14.404843,434.591058,8
14.409844,434.198486,8
14.415845,434.198486,8
14.419843,434.198486,8
14.423844,434.198486,8
14.428845,434.198486,8
14.434843,434.198486,8
14.439849,434.198486,8
14.448841,433.805914,8
14.448845,433.805914,8
14.458842,433.805914,8
14.460841,433.805914,8
14.460844,433.805914,8
14.468843,434.591058,8
14.473844,434.591058,8
14.479842,434.591058,8
14.484842,434.591058,8
14.494846,434.198486,8
14.494850,434.198486,8
14.504843,434.198486,8
14.506840,434.198486,8
14.506843,434.198486,8
14.515843,434.198486,8
14.515846,434.198486,8
14.525935,434.198486,8
14.525938,434.198486,8
14.534842,434.198486,8
14.536841,434.198486,8
14.544841,434.198486,8
14.546839,434.198486,8
14.554869,434.198486,8
14.556844,434.198486,8
14.564846,434.198486,8
14.566841,434.198486,8
14.574841,434.198486,8
14.576841,434.198486,8
14.584845,434.198486,8
14.586842,434.198486,8
14.599842,434.591058,8
14.599846,434.591058,8
14.604841,434.591058,8
14.613842,434.591058,8
14.613846,434.591058,8
14.623843,434.591058,8
14.625841,434.591058,8
14.625845,434.591058,8
14.633841,434.591058,8
14.635844,434.591058,8
14.644841,434.591058,8
14.654845,434.591058,8
14.658840,434.591058,8
14.658844,434.591058,8
14.668840,434.591058,8
14.668843,434.591058,8
14.675841,434.591058,8
14.679841,434.591058,8
14.688843,434.591058,8
14.694842,434.198486,8
14.694845,434.198486,8
14.701839,434.198486,8
14.708842,434.198486,8
14.708845,434.198486,8
14.718842,434.198486,8
14.720886,434.198486,8
14.723842,434.198486,8
14.733841,434.591058,8
14.733844,434.591058,8
14.743842,434.591058,8
14.745840,434.591058,8
14.745843,434.591058,8
14.753843,434.591058,8
14.758840,434.591058,8
14.764841,434.591058,8
14.769840,434.591058,8
14.778842,434.591058,8
14.778846,434.591058,8
14.788842,434.591058,8
14.788845,434.591058,8
14.794841,434.591058,8
14.803841,434.591058,8
14.803845,434.591058,8
14.809841,434.591058,8
14.814840,434.591058,8
14.818840,434.591058,8
14.824843,434.591058,8
14.829840,434.591058,8
14.833841,434.591058,8
14.839840,434.591058,8
14.844843,434.591058,8
14.850842,434.591058,8
14.854843,434.591058,8
14.859840,434.591058,8
14.863842,434.591058,8
14.868895,434.591058,8
14.874917,434.591058,8
14.878917,434.591058,8
14.884904,434.591058,8
14.889852,434.591058,8
14.895850,434.591058,8
14.898851,434.591058,8
14.907848,434.591058,8
14.907852,434.591058,8
14.918843,434.591058,8
14.918847,434.591058,8
14.924852,434.591058,8
14.931842,434.591058,8
14.934895,434.591058,8
14.939885,434.591058,8
14.944882,434.591058,8
14.952881,434.591058,8
14.960886,434.591058,8
14.969881,434.591058,8
14.969885,434.591058,8
14.978845,434.591058,8
14.978849,434.591058,8
14.978853,434.591058,8
14.984856,434.591058,8
14.989848,434.591058,8
15.000851,434.591058,8
15.000863,434.591058,8
15.018861,434.591058,8
15.020855,434.591058,8
15.020860,434.591058,8
15.038850,434.591058,8
15.054849,434.591058,8
15.054854,434.591058,8
15.069854,434.591058,8
15.069858,434.591058,8
15.072845,434.591058,8
15.074845,434.591058,8
15.095853,434.591058,8
15.095857,434.591058,8
15.095861,434.591058,8
15.099857,434.591058,8
15.099861,434.591058,8
15.099864,434.591058,8
15.099868,434.591058,8
15.099871,434.591058,8
15.105849,434.591058,8
15.105853,434.591058,8
15.108871,434.591058,8
15.111872,434.591058,8
15.114864,434.591058,8
15.120848,434.591058,8
15.125862,434.591058,8
15.132937,434.591058,8
15.135906,434.591058,8
15.140857,434.591058,8
15.144860,434.591058,8
15.150867,434.591058,8
15.152857,434.591058,8
15.165908,434.591058,8
15.165918,434.591058,8
15.171884,434.591058,8
15.174873,434.591058,8
15.180865,434.591058,8
15.184862,434.591058,8
15.191552,434.591058,8
15.193877,434.591058,8
15.200873,434.591058,8
15.204920,434.591058,8
15.213547,434.591058,8
15.214184,434.591058,8
15.221885,434.591058,8
15.224901,434.591058,8
15.231891,434.591058,8
15.234914,434.591058,8
15.240915,434.591058,8
15.249877,434.591058,8
15.255939,434.591058,8
15.255950,434.591058,8
15.260898,434.591058,8
15.269858,434.591058,8
15.269863,434.591058,8
15.279859,434.591058,8
15.284843,434.591058,8
15.284847,434.591058,8
15.293844,434.591058,8
15.293849,434.591058,8
15.299853,434.591058,8
15.314850,434.591058,8
15.316848,434.591058,8
15.330850,434.591058,8
15.333844,434.591058,8
15.333848,434.591058,8
15.348854,434.591058,8
15.364861,434.591058,8
15.364867,434.591058,8
15.366848,434.591058,8
15.368841,434.591058,8
15.383853,434.591058,8
15.383858,434.591058,8
15.383862,434.591058,8
15.383865,434.591058,8
15.383869,434.591058,8
15.389848,434.591058,8
15.389853,434.983657,8
15.394845,434.983657,8
15.394849,434.983657,8
15.400843,434.983657,8
15.406844,434.983657,8
15.411842,434.983657,8
15.415847,434.983657,8
15.424847,434.983657,8
15.424852,434.983657,8
15.430843,434.983657,8
15.438840,434.983657,8
15.446841,434.983657,8
15.455885,434.983657,8
15.455895,434.983657,8
15.465844,434.983657,8
15.465847,434.983657,8
15.468885,434.591058,8
15.468889,434.591058,8
15.476845,434.591058,8
15.480842,434.591058,8
15.486848,434.591058,8
15.490842,434.591058,8
15.496843,434.591058,8
15.503849,434.591058,8
15.506846,434.591058,8
15.511844,434.591058,8
15.515842,434.591058,8
15.521848,434.591058,8
15.526845,434.591058,8
15.530876,434.591058,8
15.534855,434.591058,8
15.540845,434.591058,8
15.546843,434.591058,8
15.551844,434.591058,8
15.555846,434.591058,8
15.561842,434.591058,8
15.566845,434.591058,8
15.570844,434.591058,8
15.576843,434.591058,8
15.580844,434.591058,8
15.588843,434.591058,8
15.591847,434.591058,8
15.595841,434.591058,8
15.601884,434.591058,8
15.607842,434.591058,8
15.610845,434.591058,8
15.616843,434.591058,8
15.621883,434.591058,8
15.625846,434.591058,8
15.631845,434.591058,8
15.635853,434.591058,8
15.646848,434.591058,8
15.648844,434.591058,8
15.651854,434.591058,8
15.661217,434.591058,8
15.661229,434.591058,8
15.668887,434.591058,8
15.675869,434.591058,8
15.675874,434.591058,8
15.681863,434.591058,8
15.688870,434.591058,8
15.690868,434.591058,8
15.694864,434.591058,8
15.701852,434.591058,8
15.705861,434.591058,8
15.712859,434.591058,8
15.715860,434.591058,8
15.726857,434.591058,8
15.729111,434.591058,8
15.730864,434.591058,8
15.740860,434.591058,8
15.740864,434.591058,8
15.750851,434.591058,8
15.753846,434.591058,8
15.753850,434.591058,8
15.760849,434.591058,8
15.766852,434.591058,8
15.770849,434.591058,8
15.776912,434.591058,8
15.781846,434.591058,8
15.785843,434.591058,8
15.791853,434.591058,8
15.795863,434.591058,8
15.806850,434.591058,8
15.808864,434.591058,8
15.810856,434.591058,8
15.824850,434.591058,8
15.824855,434.591058,8
15.826842,434.591058,8
15.834856,434.591058,8
15.834861,434.591058,8
15.840848,434.591058,8
15.846849,434.591058,8
15.851854,434.591058,8
15.855855,434.591058,8
15.861850,434.591058,8
15.870873,434.591058,8
15.874847,434.591058,8
15.876846,434.591058,8
15.884856,434.591058,8
15.886955,434.591058,8
15.893855,434.591058,8
15.901848,434.591058,8
15.903846,434.591058,8
15.911848,434.591058,8
15.916854,434.591058,8
15.916858,434.591058,8
15.925849,434.591058,8
15.925853,434.591058,8
15.931904,434.591058,8
15.936887,434.591058,8
15.940869,434.591058,8
15.948167,434.591058,8
15.951854,434.591058,8
15.955858,434.591058,8
15.961855,434.591058,8
15.965872,434.983657,8
15.971871,434.983657,8
15.976852,434.983657,8
15.980864,434.983657,8
15.986855,434.983657,8
15.990855,434.198486,8
16.001877,434.198486,8
16.003850,434.198486,8
16.006849,434.983657,8
16.015859,434.983657,8
16.015863,434.983657,8
16.025860,434.983657,8
16.028851,434.983657,8
16.028855,434.983657,8
16.038859,434.983657,8
16.040846,434.983657,8
16.053847,434.983657,8
16.053851,434.983657,8
16.063847,434.983657,8
16.065842,434.983657,8
16.065846,434.591058,8
16.075841,434.591058,40
16.081856,434.591058,40
16.083849,434.591058,40
16.088843,434.591058,8
16.093846,434.591058,8
16.098845,434.591058,8
16.101845,434.591058,8
16.110853,434.591058,8
16.110858,434.591058,8
16.116845,434.591058,8
16.123854,434.591058,8
16.128854,434.591058,8
16.138862,434.591058,8
16.138867,434.591058,8
16.140845,434.591058,8
16.153842,434.591058,8
16.153846,434.591058,8
16.159842,434.591058,8
16.166844,434.591058,8
16.173843,434.591058,8
16.173847,434.591058,8
16.178847,434.591058,8
16.188925,434.591058,8
16.188929,434.591058,8
16.196848,434.591058,8
16.198843,434.591058,8
16.201842,434.591058,8
16.213850,434.591058,8
16.213854,434.591058,8
16.223846,434.591058,8
16.231844,434.591058,8
16.231848,434.591058,8
16.238845,434.591058,8
16.238849,434.591058,8
16.248854,434.591058,8
16.256846,434.591058,8
16.256849,434.591058,8
16.258845,434.591058,8
16.266844,434.591058,8
16.270845,434.591058,8
16.273843,434.591058,8
16.281844,434.591058,8
16.288843,434.591058,8
16.288847,434.591058,8
16.293840,434.591058,8
16.296840,434.591058,8
16.303880,434.591058,8
16.308881,434.591058,8
16.311883,434.591058,8
16.318840,434.591058,8
16.323841,434.591058,8
16.337843,434.591058,8
16.339889,434.591058,8
16.353843,434.591058,8
16.355841,434.591058,8
16.355844,434.591058,8
16.370840,434.591058,8
16.386844,434.591058,8
16.386848,434.591058,8
16.388841,434.591058,8
16.391840,434.591058,8
16.408842,434.198486,8
16.408846,434.198486,8
16.408849,434.198486,8
16.408853,434.198486,8
16.408856,434.198486,8
16.414842,434.198486,8
16.414850,434.198486,8
16.418844,434.198486,8
16.421839,434.198486,8
16.424840,434.198486,8
16.428843,434.198486,8
16.433845,434.198486,8
16.436845,434.198486,8
16.443844,434.198486,8
16.448842,434.198486,8
16.451844,434.198486,8
16.458843,434.198486,8
16.463843,434.198486,8
16.466842,434.198486,8
16.473847,434.198486,8
16.478843,434.198486,8
16.481842,434.198486,8
16.488843,434.198486,8
16.493843,434.198486,8
16.498844,434.198486,8
16.503843,434.198486,8
16.508843,434.591058,8
16.511840,434.591058,8
16.520845,434.591058,8
16.523839,434.591058,8
16.533844,434.591058,8
16.533847,434.591058,8
16.538917,434.591058,8
16.548841,434.591058,8
16.548845,434.591058,8
16.553843,434.591058,8
16.563841,434.591058,8
16.563844,434.591058,8
16.571896,434.591058,8
16.573898,434.591058,8
16.576881,434.591058,8
16.583884,434.591058,8
16.588881,434.591058,8
16.593877,434.591058,8
16.596882,434.591058,8
16.603842,434.591058,8
16.609841,434.591058,8
16.613846,434.591058,8
16.616840,434.591058,8
16.631841,434.591058,8
16.633840,434.591058,8
16.649850,434.591058,8
16.649855,434.591058,8
16.649859,434.591058,40
16.667841,434.591058,8
16.682843,434.591058,8
16.682847,434.591058,8
16.684840,434.591058,8
16.687841,434.591058,8
16.698841,434.591058,8
16.698844,434.591058,8
16.707904,434.591058,8
16.707908,434.591058,8
16.707911,434.591058,8
16.707914,434.591058,8
16.707918,434.591058,8
16.713923,434.198486,8
16.713926,434.198486,8
16.716907,434.198486,8
16.723903,434.198486,8
16.728906,434.591058,8
16.731842,434.591058,8
16.741847,434.591058,8
16.743841,434.591058,8
16.748842,434.591058,8
16.758842,434.591058,8
16.758846,434.591058,8
16.766840,434.591058,8
16.768840,434.983657,8
16.771841,434.983657,8
16.778840,434.983657,8
16.783840,434.983657,8
16.788841,434.983657,8
16.791841,434.983657,8
16.798841,434.983657,8
16.803840,434.983657,8
16.806841,434.983657,8
16.813845,434.983657,8
16.818840,434.983657,8
16.824844,434.983657,8
16.826840,434.983657,8
16.835843,434.983657,8
16.835847,434.983657,8
16.846841,434.591058,8
16.846845,434.591058,8
16.858841,434.591058,8
16.858845,434.591058,8
16.866842,434.591058,8
16.868843,434.591058,8
16.873843,434.591058,8
16.878846,434.591058,8
16.881841,434.591058,8
16.885843,434.591058,8
16.893842,434.591058,8
16.897845,434.591058,8
16.903842,434.591058,8
16.908842,434.591058,8
16.911843,434.591058,8
16.918881,434.591058,8
16.923879,434.591058,8
16.930882,434.591058,8
16.933845,434.591058,8
16.938884,434.591058,8
16.940878,434.591058,8
16.948840,434.591058,8
16.956887,434.591058,8
16.958881,434.591058,8
16.961882,434.591058,8
16.968842,434.591058,8
16.973874,434.591058,8
16.978910,434.591058,8
16.981911,434.591058,8
16.985848,434.591058,8
16.993846,434.591058,8
16.998842,434.591058,8
17.003841,434.591058,8
17.006841,434.591058,8
17.013844,434.591058,8
17.018840,434.591058,8
17.021842,434.591058,8
17.028842,434.591058,8
17.038846,434.591058,8
17.038851,434.591058,8
17.043841,434.591058,8
17.053844,434.198486,8
17.053848,434.198486,8
17.059848,434.198486,8
17.068842,434.198486,8
17.068846,434.198486,8
17.074843,434.198486,8
17.083847,434.198486,8
17.083850,434.198486,8
17.091873,434.198486,8
17.096881,434.198486,8
17.098888,434.198486,8
17.103891,434.198486,8
17.108848,434.198486,40
17.114848,434.198486,8
17.119841,434.198486,8
17.123843,434.591058,8
17.130850,434.591058,8
17.130854,434.591058,8
17.141842,434.591058,8
17.143842,434.591058,8
17.153843,434.591058,8
17.153846,434.591058,8
17.163848,434.591058,8
17.166848,434.591058,8
17.166852,434.591058,8
17.174843,434.591058,8
17.180843,434.591058,8
17.188846,434.591058,8
17.188850,434.591058,8
17.195843,434.591058,8
17.200842,434.591058,8
17.203840,434.591058,8
17.211842,434.591058,8
17.213841,434.591058,8
17.219843,434.591058,8
17.224842,434.591058,8
17.232842,434.591058,8
17.238846,434.591058,8
17.238850,434.591058,8
17.249843,434.591058,8
17.253843,434.591058,8
17.253846,434.591058,8
17.259841,434.591058,8
17.269849,434.591058,8
17.278840,434.591058,8
17.278843,434.591058,8
17.284843,434.591058,8
17.284847,434.591058,8
17.293847,434.591058,8
17.299840,434.591058,8
17.299844,434.591058,8
17.304842,434.591058,8
17.313840,434.591058,8
17.313844,434.591058,8
17.323840,434.591058,8
17.325842,434.591058,8
17.328843,434.591058,8
17.333840,434.591058,8
17.339963,434.591058,8
17.349839,434.591058,8
17.349844,434.591058,8
17.354842,434.591058,8
17.363841,434.591058,8
17.363849,434.591058,8
17.373843,434.591058,8
17.375840,434.591058,8
17.378894,434.591058,8
17.383886,434.591058,8
17.390002,434.591058,8
17.394877,434.591058,8
17.400900,434.591058,8
17.404885,434.591058,8
17.409878,434.591058,8
17.413890,434.591058,8
17.419887,434.591058,8
17.424906,434.591058,8
17.428916,434.591058,8
17.434924,434.591058,8
17.444881,434.591058,8
17.444885,434.591058,8
17.449869,434.591058,8
17.458876,434.591058,8
17.458880,434.591058,8
17.468872,434.198486,8
17.470881,434.198486,8
17.473883,434.198486,8
17.478885,434.198486,8
17.485881,434.591058,8
17.490879,434.591058,8
17.493889,434.591058,8
17.498845,434.591058,8
17.503843,434.591058,8
17.509841,434.591058,8
17.514880,434.591058,8
17.520879,434.591058,8
17.525867,434.591058,8
17.528843,434.591058,8
17.533841,434.591058,8
17.539844,434.591058,8
17.543877,434.591058,8
17.549840,434.591058,8
17.554839,434.591058,8
17.558888,434.591058,8
17.564839,434.591058,8
17.569840,434.591058,8
17.573881,434.591058,8
17.578883,434.591058,8
17.583881,434.198486,8
17.589854,434.198486,8
17.594844,434.198486,8
17.598870,434.198486,8
17.605845,434.198486,8
17.609852,434.198486,8
17.613846,434.198486,8
17.619842,434.198486,8
17.624842,434.198486,8
17.629840,434.198486,8
17.633843,434.198486,8
17.640842,434.198486,8
17.671849,434.198486,8
17.689854,434.198486,8
17.704840,434.591058,8
17.704844,434.591058,8
17.704847,434.591058,8
17.707840,434.591058,8
17.710840,434.591058,8
17.710844,434.591058,8
17.713846,434.591058,8
17.734839,434.591058,8
17.734843,434.591058,8
17.739884,434.591058,8
17.739888,434.591058,8
17.739891,434.591058,8
17.739895,434.591058,8
17.739898,434.591058,8
17.739902,434.591058,8
17.742884,434.591058,8
17.742887,434.591058,8
17.749844,434.198486,8
17.749848,434.198486,8
17.759841,434.198486,8
17.759845,434.198486,8
17.765842,434.198486,8
17.765846,434.198486,8
17.769838,434.198486,8
17.773846,434.198486,8
17.779839,434.198486,8
17.783840,434.198486,8
17.789839,434.198486,8
17.794839,434.198486,8
17.798840,434.198486,8
17.804839,434.591058,8
17.809840,434.591058,8
17.813840,434.591058,8
17.818838,434.591058,8
17.823840,434.591058,8
17.829842,434.591058,8
17.833841,434.591058,8
17.838842,434.591058,8
17.848839,434.591058,8
17.848843,434.591058,8
17.853839,434.591058,8
17.859839,434.591058,8
17.864838,434.591058,8
17.876840,434.591058,8
17.876844,434.591058,8
17.878840,434.591058,8
17.886841,434.591058,8
17.888889,434.591058,8
17.893843,434.591058,8
17.899838,434.591058,8
17.904838,434.591058,8
17.912839,434.591058,8
17.916838,434.591058,8
17.924839,434.591058,8
17.924843,434.591058,8
17.934839,434.591058,8
17.949840,434.591058,8
17.949843,434.591058,8
17.952837,434.198486,8
17.969840,434.198486,8
17.983847,434.198486,8
17.983852,434.198486,8
17.999839,434.198486,8
17.999843,434.198486,8
18.002842,434.198486,8
18.004846,434.198486,8
18.027847,434.198486,8
18.027851,434.198486,8
18.034840,434.198486,8
18.034844,434.198486,8
18.034853,434.198486,8
18.034857,434.983657,8
18.034860,434.983657,8
18.034864,434.983657,8
18.037906,434.983657,8
18.037910,434.983657,8
18.044847,434.983657,8
18.044850,434.983657,8
18.054840,434.983657,8
18.054844,434.983657,8
18.063841,434.983657,8
18.063845,434.983657,8
18.063849,434.983657,8
18.068840,434.983657,8
18.073863,434.983657,8
18.078845,434.983657,8
18.084858,434.983657,8
18.089845,434.983657,8
18.093847,434.983657,8
18.099890,434.983657,8
18.105841,434.591058,8
18.109852,434.591058,8
18.114943,434.591058,8
18.125849,434.591058,8
18.125853,434.591058,8
18.129844,434.591058,8
18.138846,434.591058,8
18.138850,434.591058,8
18.148850,434.591058,8
18.148857,434.591058,8
18.154848,434.591058,8
18.160843,434.591058,8
18.160847,434.591058,8
18.174885,434.591058,8
18.174889,434.591058,8
18.179849,434.591058,8
18.185843,434.591058,8
18.189884,434.591058,8
18.194883,434.591058,8
18.201881,434.591058,8
18.205843,434.591058,8
18.215841,434.591058,8
18.215844,434.591058,8
18.221844,434.591058,8
18.228843,434.591058,8
18.228847,434.591058,8
18.235839,434.591058,8
18.240844,434.591058,8
18.244847,434.591058,8
18.250848,434.591058,8
18.253846,434.591058,8
18.259841,434.591058,8
18.267840,434.591058,8
18.269842,434.591058,8
18.279842,434.591058,8
18.279846,434.591058,8
18.289844,434.591058,8
18.292724,434.591058,8
18.292727,434.591058,8
18.300843,434.591058,8
18.300847,434.591058,8
18.310842,434.591058,8
18.310846,434.591058,8
18.319843,434.591058,8
18.326838,434.591058,8
18.330847,434.591058,8
18.335843,434.591058,8
18.340841,434.591058,8
18.345842,434.591058,8
18.349902,434.591058,8
18.355842,434.591058,8
18.362843,434.591058,8
18.368840,434.591058,8
18.368844,434.591058,8
18.374844,434.591058,8
18.380841,434.591058,8
18.384845,434.591058,8
18.389842,434.591058,8
18.395842,434.591058,8
18.404842,434.591058,8
18.404846,434.591058,8
18.410841,434.591058,8
18.419841,434.591058,8
18.419845,434.591058,8
18.427854,434.591058,8
18.434852,434.591058,8
18.434857,434.591058,8
18.445848,434.591058,8
18.445852,434.591058,8
18.450842,434.591058,8
18.459847,434.591058,8
18.459851,434.591058,8
18.465844,434.591058,8
18.477843,434.591058,8
18.477848,434.591058,8
18.479840,434.591058,8
18.484842,434.591058,8
18.490853,434.591058,8
18.495839,434.591058,8
18.499841,434.591058,8
18.505840,434.591058,8
18.511885,434.591058,8
18.520900,434.591058,8
18.520904,434.591058,8
18.524881,434.591058,8
18.534879,434.591058,8
18.534883,434.591058,8
18.536881,434.591058,8
18.544890,434.591058,8
18.550925,434.591058,8
18.559880,434.591058,8
18.559884,434.591058,8
18.569841,434.591058,8
18.569845,434.591058,8
18.575842,434.591058,8
18.583838,434.591058,8
18.585841,434.591058,8
18.590846,434.591058,8
18.595839,434.591058,8
18.604841,434.591058,8
18.604845,434.198486,8
18.610840,434.198486,8
18.619840,434.198486,8
18.619844,434.198486,8
18.628840,434.198486,8
18.628844,434.198486,8
18.634843,434.198486,8
18.640841,434.198486,8
18.645845,434.198486,8
18.649843,434.198486,8
18.656841,434.198486,8
18.660843,434.198486,8
18.664839,434.591058,8
18.669841,434.591058,8
18.675840,434.591058,8
18.678838,434.591058,8
18.689839,434.198486,8
18.689843,434.198486,8
18.699839,434.198486,8
18.699843,434.198486,8
18.705838,434.591058,8
18.714840,434.591058,8
18.714843,434.591058,8
18.720905,434.591058,8
18.729871,434.591058,8
18.729875,434.591058,8
18.735842,434.591058,8
18.739848,434.591058,8
18.746847,434.591058,8
18.750887,434.591058,8
18.756948,434.591058,8
18.763874,434.591058,8
18.763878,434.591058,8
18.769877,434.591058,8
18.775906,434.591058,8
18.781040,434.591058,8
18.784846,434.591058,8
18.790843,434.591058,8
18.795900,434.591058,8
18.799905,434.591058,8
18.805840,434.591058,8
18.810844,434.591058,8
18.814841,434.591058,8
18.820841,434.591058,8
18.831875,434.591058,8
18.831885,434.591058,8
18.835843,434.591058,8
18.844845,434.198486,8
18.844849,434.198486,8
18.851842,434.198486,8
18.860840,434.198486,8
18.860845,434.198486,8
18.866840,434.198486,8
18.874842,434.198486,8
18.874846,434.198486,8
18.884842,434.198486,8
18.887841,434.198486,8
18.890840,434.198486,8
18.899842,434.198486,8
18.899846,434.198486,8
18.906841,434.198486,8
18.909839,434.198486,8
18.914841,434.198486,8
18.920840,434.198486,8
18.924992,434.198486,8
18.934843,434.198486,8
18.934846,434.198486,8
18.940841,434.198486,8
18.945879,434.198486,8
18.951877,434.198486,8
18.953873,434.198486,8
18.972841,434.198486,8
18.972845,434.198486,8
18.988841,434.198486,8
18.990844,434.198486,8
18.990848,434.198486,8
19.005846,434.198486,8
19.021843,434.198486,8
19.023840,434.198486,8
19.025840,434.198486,8
19.049849,434.591058,8
19.049853,434.591058,8
19.055844,434.591058,8
19.055847,434.591058,8
19.055851,434.591058,8
19.057841,434.591058,8
19.057844,434.591058,8
19.057847,434.591058,8
19.057851,434.591058,8
19.057854,434.591058,8
19.065844,434.591058,8
19.065847,434.591058,8
19.074842,434.591058,8
19.074846,434.591058,8
19.080841,434.591058,8
19.080845,434.591058,8
19.090842,434.591058,8
19.096843,434.591058,8
19.096846,434.591058,8
19.104841,434.591058,8
19.104845,434.591058,8
19.109854,434.591058,8
19.115842,434.591058,8
19.118842,434.591058,8
19.129844,434.591058,8
19.129848,434.591058,8
19.139841,434.591058,8
19.141841,434.591058,8
19.143841,434.591058,8
19.149848,434.591058,8
19.154843,434.591058,8
19.160846,434.591058,8
19.165840,434.591058,8
19.179842,434.591058,8
19.179846,434.591058,8
19.179849,434.591058,8
19.185844,434.591058,8
19.195856,434.591058,8
19.195860,434.591058,8
19.200864,434.591058,8
19.209851,434.591058,8
19.209855,434.591058,8
19.215846,434.591058,8
19.224853,434.591058,8
19.224857,434.591058,8
19.230849,434.591058,8
19.239849,434.591058,8
19.239852,434.591058,8
19.246843,434.591058,8
19.255843,434.591058,8
19.259854,434.591058,8
19.273842,434.591058,8
19.289846,434.591058,8
19.289850,434.591058,8
19.305841,434.591058,8
19.305849,434.591058,8
19.305853,434.591058,8
19.323843,434.591058,8
19.325845,434.591058,8
19.325849,434.591058,8
19.325853,434.591058,8
19.328880,434.591058,8
19.328883,434.591058,8
19.343847,434.591058,8
19.343851,434.591058,8
19.346841,434.591058,8
19.346844,434.591058,8
19.346848,434.591058,8
19.350844,434.591058,8
19.358893,434.591058,8
19.358897,434.591058,8
19.366845,434.591058,8
19.375844,434.591058,8
19.375847,434.591058,8
19.384854,434.591058,8
19.384858,434.591058,8
19.384862,434.591058,8
19.392179,434.591058,8
19.396839,434.591058,8
19.400840,434.591058,8
19.406846,434.591058,8
19.411839,434.591058,8
19.415839,434.591058,8
19.424843,434.591058,8
19.424850,434.591058,8
19.433840,434.591058,8
19.437839,434.591058,8
19.440839,434.591058,8
19.445852,434.591058,8
19.453841,434.591058,8
19.456839,434.591058,8
19.465842,434.591058,8
19.465849,434.591058,8
19.475844,434.591058,8
19.478842,434.591058,8
19.478845,434.591058,8
19.485840,434.591058,8
19.491841,434.591058,8
19.496842,434.591058,8
19.500838,434.591058,8
19.506839,434.591058,8
19.511838,434.591058,8
19.516842,434.591058,8
19.520839,434.198486,8
19.527840,434.198486,8
19.531838,434.198486,8
19.535839,434.198486,8
19.541839,434.198486,8
19.546899,434.591058,8
19.550932,434.591058,8
19.556881,434.591058,8
19.561878,434.591058,8
19.565882,434.591058,8
19.571876,434.591058,8
19.580883,434.591058,8
19.580886,434.591058,8
19.586892,434.591058,8
19.595864,434.591058,8
19.595876,434.591058,8
19.601842,434.591058,8
19.610843,434.591058,8
19.610847,434.591058,8
19.616840,434.591058,8
19.621843,434.591058,8
19.625843,434.591058,8
19.631843,434.591058,8
19.638853,434.591058,8
19.646845,434.591058,8
19.648850,434.591058,8
19.651842,434.591058,8
19.660846,434.591058,8
19.660850,434.198486,8
19.670847,434.198486,8
19.673846,434.198486,8
19.673849,434.198486,8
19.680841,434.198486,8
19.686842,434.198486,8
19.692841,434.198486,8
19.695840,434.198486,8
19.701841,434.591058,8
19.708842,434.591058,8
19.711840,434.591058,8
19.715843,434.591058,8
19.721840,434.591058,8
19.728841,434.591058,8
19.731840,434.591058,8
19.744841,434.591058,8
19.744845,434.591058,8
19.746844,434.591058,8
19.754847,434.591058,8
19.754850,434.591058,8
19.760842,434.591058,8
19.766842,434.591058,8
19.771841,434.591058,8
19.775843,434.591058,8
19.781846,434.591058,8
19.787842,434.591058,8
19.790840,434.591058,8
19.796839,434.591058,8
19.801841,434.591058,8
19.806841,434.591058,8
19.810843,434.591058,8
19.816840,434.591058,8
19.820841,434.591058,8
19.826840,434.591058,8
19.831839,434.591058,8
19.835840,434.591058,8
19.840840,434.591058,8
19.848847,434.591058,8
19.853845,434.591058,8
19.855846,434.591058,8
19.859845,434.591058,8
19.865844,434.591058,8
19.871846,434.591058,8
19.876843,434.591058,8
19.880842,434.591058,8
19.884844,434.591058,8
19.890855,434.591058,8
19.896842,434.591058,8
19.900840,434.591058,8
19.906840,434.591058,8
19.911844,434.591058,8
19.915845,434.591058,8
19.921843,434.591058,8
19.925843,434.591058,8
19.931844,434.591058,8
19.936840,434.591058,8
19.940840,434.591058,8
19.946845,434.591058,8
19.951853,434.591058,8
19.958840,434.591058,8
19.961842,434.591058,8
19.965841,434.591058,8
19.970841,434.591058,8
19.978841,434.591058,8
19.980839,434.591058,8
19.990839,434.591058,8
19.990843,434.591058,8
20.001841,434.591058,8
20.003839,434.591058,8
20.011840,434.591058,8
20.013857,434.591058,8
20.022848,434.591058,8
20.025842,434.591058,8
20.025845,434.591058,8
20.038840,434.591058,8
20.038844,434.591058,8
20.040839,434.591058,8
20.050841,434.591058,8
20.050845,434.591058,8
20.060841,434.591058,8
20.063843,434.591058,8
20.063846,434.591058,8
20.070843,434.591058,8
20.076841,434.591058,8
20.083841,434.591058,8
20.085870,434.591058,8
20.098869,434.591058,8
20.098873,434.591058,8
20.104851,434.591058,8
20.110895,434.591058,8
20.110899,434.591058,8
20.113843,434.591058,8
20.124841,434.591058,8
20.131845,434.591058,8
20.133842,434.591058,8
20.133846,434.591058,8
20.144846,434.591058,8
20.144850,434.591058,8
20.153853,434.591058,8
20.153857,434.591058,8
20.163844,434.591058,8
20.163847,434.591058,8
20.173843,434.591058,8
20.173846,434.591058,8
20.183843,434.591058,8
20.183847,434.591058,8
20.193844,434.591058,8
20.193848,434.591058,8
20.203843,434.983657,8
20.203846,434.983657,8
20.213844,434.983657,8
20.213848,434.983657,8
20.220842,434.983657,8
20.228884,434.983657,8
20.232841,434.983657,8
20.236845,434.983657,8
20.240842,434.983657,8
20.246840,434.983657,8
20.251842,434.983657,8
20.255852,434.983657,8
20.262863,434.591058,8
20.266845,434.591058,8
20.270843,434.591058,8
20.288843,434.591058,8
20.290844,434.591058,8
20.305842,434.591058,8
20.308839,434.591058,8
20.321842,434.591058,8
20.321846,434.591058,8
20.323843,434.591058,8
20.339855,434.591058,8
20.339859,434.591058,8
20.341840,434.591058,8
20.343840,434.591058,8
20.343844,434.591058,8
20.359881,434.591058,8
20.359885,434.591058,8
20.365887,434.591058,8
20.365890,434.591058,8
20.365894,434.591058,8
20.365897,434.591058,8
20.365901,434.591058,8
20.374842,434.591058,8
20.379889,434.591058,8
20.381887,434.591058,8
20.388882,434.591058,8
20.390842,434.591058,8
20.401842,434.591058,8
20.401846,434.591058,8
20.408841,434.591058,8
20.418843,434.591058,8
20.423840,434.591058,8
20.423848,434.591058,8
20.436844,434.591058,8
20.436847,434.591058,8
20.438840,434.591058,8
20.446840,434.591058,8
20.448839,434.591058,8
20.451840,434.591058,8
20.458847,434.591058,8
20.461839,434.591058,8
20.468842,434.591058,8
20.478839,434.591058,8
20.478843,434.591058,8
20.484844,434.591058,8
20.493842,434.591058,8
20.493846,434.591058,8
20.496840,434.591058,8
20.503839,434.591058,8
20.509840,434.591058,8
20.511840,434.591058,8
20.518840,434.591058,8
20.522841,434.591058,8
20.528843,434.591058,8
20.533885,434.591058,8
20.543884,434.591058,8
20.543887,434.591058,8
20.548885,434.591058,8
20.555880,434.591058,8
20.558886,434.591058,8
20.563944,434.591058,8
20.566938,434.591058,8
20.579842,434.591058,8
20.581840,434.591058,8
20.611844,434.591058,8
20.613842,434.591058,8
20.629884,434.591058,8
20.631883,434.591058,8
20.647948,434.591058,8
20.649909,434.591058,8
20.651901,434.591058,8
20.651905,434.591058,8
20.653906,434.591058,8
20.658843,434.591058,8
20.674841,434.198486,8
20.674844,434.198486,8
20.676839,434.198486,8
20.676843,434.198486,8
20.679842,434.198486,8
20.679846,434.198486,8
20.679850,434.198486,8
20.684841,434.198486,8
20.684845,434.198486,8
20.684849,434.198486,8
20.688840,434.198486,8
20.688844,434.198486,8
20.691840,434.198486,8
20.696840,434.198486,8
20.703839,434.198486,8
20.708840,434.198486,8
20.711840,434.198486,8
20.717969,434.198486,8
20.723839,434.591058,8
20.726840,434.591058,8
20.733841,434.591058,8
20.736841,434.591058,8
20.748840,434.591058,8
20.748844,434.591058,8
20.753846,434.591058,8
20.763842,434.591058,8
20.763845,434.591058,8
20.769841,434.591058,8
20.773839,434.591058,8
20.776841,434.591058,8
20.783840,434.591058,8
20.789840,434.591058,8
20.798839,434.591058,8
20.798843,434.591058,8
20.806840,434.591058,8
20.813887,434.591058,8
20.813890,434.591058,8
20.816874,434.591058,8
20.830840,434.591058,8
20.830844,434.591058,8
20.836840,434.591058,8
20.838840,434.591058,8
20.843838,434.591058,8
20.848875,434.591058,8
20.852872,434.591058,8
20.858883,434.591058,8
20.860846,434.591058,8
20.870844,434.591058,8
20.870850,434.591058,8
20.878841,434.591058,8
20.885839,434.591058,8
20.885844,434.591058,8
20.892839,434.591058,8
20.900839,434.591058,8
20.904840,434.591058,8
20.913840,434.591058,8
20.913844,434.591058,8
20.921840,434.591058,8
20.923839,434.591058,8
20.926839,434.591058,8
20.934839,434.591058,8
20.937840,434.591058,8
20.945840,434.591058,8
20.945843,434.591058,8
20.952843,434.591058,8
20.958844,434.591058,8
20.966840,434.591058,8
20.968842,434.591058,8
20.974840,434.591058,8
20.978843,434.591058,8
20.986841,434.591058,8
20.988840,434.591058,8
20.998841,434.591058,8
20.998844,434.591058,8
21.002839,434.591058,8
21.015840,434.591058,8
21.015844,434.591058,8
21.018841,434.591058,8
21.027839,434.591058,8
21.027843,434.591058,8
21.029840,434.591058,8
21.041841,434.591058,8
21.046840,434.591058,8
21.048882,434.591058,8
21.054841,434.591058,8
21.059843,434.591058,8
21.063840,434.591058,8
21.070841,434.591058,8
21.073841,434.591058,8
21.078842,434.591058,8
21.084840,434.591058,8
21.090840,434.591058,8
21.099841,434.591058,8
21.099844,434.983657,8
21.101838,434.983657,8
21.107839,434.983657,8
21.111841,434.983657,8
21.124909,434.983657,8
21.126902,434.591058,8
21.130156,434.591058,8
21.136868,434.591058,8
21.138867,434.591058,8
21.141875,434.591058,8
21.149851,434.591058,8
21.154882,434.591058,8
21.162858,434.591058,8
21.170847,435.376229,8
21.170851,435.376229,8
21.175852,435.376229,8
21.178847,435.376229,8
21.183845,434.591058,8
21.188841,434.591058,8
21.199891,434.591058,8
21.204907,434.591058,8
21.211873,434.591058,8
21.215844,434.591058,8
21.218843,434.591058,8
21.223842,434.591058,8
21.228844,434.591058,8
21.233841,434.591058,8
21.243848,434.591058,8
21.243851,434.983657,8
21.250843,434.983657,8
21.253841,434.983657,8
21.255876,434.983657,8
21.265848,434.591058,8
21.275976,434.591058,8
21.281848,434.591058,8
21.281852,434.591058,8
21.301844,434.591058,8
21.303841,434.198486,8
21.311882,434.198486,8
21.318887,434.198486,8
21.322887,434.198486,8
21.326841,434.198486,8
21.329842,434.198486,8
21.329846,434.198486,8
21.331849,434.198486,8
21.338842,434.198486,8
21.338845,434.198486,8
21.340841,434.198486,8
21.340845,434.198486,8
21.344845,434.198486,8
21.349843,434.198486,8
21.353842,434.198486,8
21.358844,434.198486,8
21.363840,434.591058,8
21.371843,434.591058,8
21.379858,434.591058,8
21.386894,434.591058,8
21.398889,434.591058,8
21.404882,434.591058,8
21.406880,434.591058,8
21.411879,434.591058,8
21.413879,434.591058,8
21.418891,434.591058,8
21.421845,434.591058,8
21.421850,434.591058,8
21.426842,434.591058,8
21.428841,434.591058,8
21.433841,434.591058,8
21.449876,434.591058,8
21.449879,434.591058,8
21.454883,434.591058,8
21.459974,434.591058,8
21.461872,434.591058,8
21.466878,434.591058,8
21.468872,434.591058,8
21.473874,434.591058,8
21.480877,434.591058,8
21.483871,434.591058,8
21.494875,434.591058,8
21.494879,434.591058,8
21.496883,434.591058,8
21.506890,434.591058,8
21.509844,434.591058,8
21.513842,434.591058,8
21.519842,434.591058,8
21.525862,434.591058,8
21.533845,434.591058,8
21.533848,434.591058,8
21.539850,434.198486,8
21.549855,434.198486,8
21.552845,434.198486,8
21.554845,434.198486,8
21.563843,434.198486,8
21.563847,434.198486,8
21.568852,434.198486,8
21.578844,434.198486,8
21.580841,434.198486,8
21.588904,434.198486,8
21.598841,434.198486,8
21.598845,434.198486,8
21.613841,434.198486,8
21.644860,434.198486,8
21.648841,434.198486,8
21.663854,434.198486,8
21.668844,434.198486,8
21.668847,434.198486,8
21.679848,434.198486,8
21.693841,434.198486,8
21.695846,434.198486,8
21.695850,434.198486,8
21.699842,434.591058,8
21.699845,434.591058,8
21.699849,434.591058,8
21.702842,434.591058,8
21.702846,434.591058,8
21.702850,434.591058,8
21.705840,434.591058,8
21.705844,434.591058,8
21.723842,434.591058,8
21.723845,435.376229,8
21.725840,435.376229,8
21.725843,435.376229,8
21.730842,435.376229,8
21.730846,435.376229,8
21.730849,435.376229,8
21.735840,435.376229,8
21.735844,435.376229,8
21.740840,435.376229,8
21.740843,434.591058,8
21.749840,434.591058,8
21.749843,434.591058,8
21.753841,434.591058,8
21.768840,434.591058,8
21.768844,434.591058,8
21.770845,434.591058,8
21.780742,434.591058,8
21.780746,434.591058,8
21.786840,434.591058,8
21.788839,434.591058,8
21.798840,434.591058,8
21.804840,434.591058,8
21.804844,434.591058,8
21.809840,434.591058,8
21.813842,434.591058,8
21.820839,434.591058,8
21.823840,434.591058,8
21.827839,434.591058,8
21.835839,434.591058,8
21.839840,434.591058,8
21.844841,434.591058,8
21.856841,434.591058,8
21.856845,434.591058,8
21.858841,434.591058,8
21.866852,434.198486,8
21.869846,434.198486,8
21.875841,434.198486,8
21.883845,434.198486,8
21.886839,434.198486,8
21.890839,434.198486,8
21.894839,434.198486,8
21.914842,434.198486,8
21.914845,434.198486,8
21.931882,434.198486,8
21.945841,434.591058,8
21.948846,434.591058,8
21.969846,434.591058,8
21.972904,434.591058,8
21.972908,434.591058,8
21.972912,434.591058,8
21.978845,434.591058,8
21.978848,434.591058,8
21.985841,434.591058,8
21.985845,434.591058,8
21.985848,434.591058,8
21.985852,434.591058,8
21.985855,434.591058,8
21.993842,434.591058,8
21.993846,434.591058,8
21.993849,434.591058,8
21.995841,434.591058,8
22.000841,434.591058,8
22.004840,434.591058,8
22.011841,434.591058,8
22.021841,434.591058,8
22.021847,434.983657,8
22.025848,434.983657,8
22.035843,434.983657,8
22.038841,434.983657,8
22.040841,434.591058,8
22.045842,434.591058,8
22.053840,434.591058,8
22.053844,434.591058,8
22.058842,434.591058,8
22.064842,434.591058,8
22.068841,434.591058,8
22.079874,434.591058,8
22.079877,434.591058,8
22.085875,434.591058,8
22.088871,434.591058,8
22.098881,434.591058,8
22.100875,434.591058,8
22.113844,434.591058,8
22.113848,434.591058,8
22.120845,434.591058,8
22.123843,434.591058,8
22.128846,434.591058,8
22.133842,434.591058,8
22.133846,434.591058,8
22.143860,434.591058,8
22.143864,434.591058,8
22.148845,434.591058,8
22.154846,434.591058,8
22.158842,434.591058,8
22.164844,434.591058,8
22.171843,434.591058,8
22.173841,434.591058,8
22.179842,434.591058,8
22.183842,434.591058,8
22.188843,434.591058,8
22.194841,434.591058,8
22.204842,434.591058,8
22.204845,434.591058,8
22.208886,434.591058,8
22.223842,434.591058,8
22.223846,434.591058,8
22.229886,434.591058,8
22.234842,434.591058,8
22.234845,434.591058,8
22.240839,434.591058,8
22.244839,434.591058,8
22.248841,434.591058,8
22.254838,434.591058,8
22.259839,434.591058,8
22.265842,434.591058,8
22.270840,434.591058,8
22.279840,434.591058,8
22.279844,434.591058,8
22.289839,434.591058,8
22.291838,434.591058,8
22.291842,434.591058,8
22.304839,434.591058,8
22.304842,434.591058,8
22.307838,434.591058,8
22.319841,434.591058,8
22.319845,434.591058,8
22.324839,434.591058,8
22.333840,434.591058,8
22.333844,434.591058,8
22.339838,434.591058,8
22.354841,434.591058,8
22.354845,434.591058,8
22.356838,434.591058,8
22.363840,434.591058,8
22.369839,434.591058,8
22.369842,434.591058,8
22.375840,434.591058,8
22.379841,434.591058,8
22.384844,434.591058,8
22.388840,434.591058,8
22.394839,434.591058,8
22.398843,434.591058,8
22.401840,434.591058,8
22.406842,434.591058,8
22.418843,434.591058,8
22.418846,434.591058,8
22.425839,434.591058,8
22.433841,434.591058,8
22.433844,434.591058,8
22.440841,434.591058,8
22.444839,434.591058,8
22.453840,434.591058,8
22.463842,434.591058,8
22.463845,434.591058,8
22.465838,434.591058,8
22.474885,434.591058,8
22.474889,434.591058,8
22.481895,434.591058,8
22.488880,434.591058,8
22.488883,434.591058,8
22.495882,434.591058,8
22.497841,434.591058,8
22.502840,434.591058,8
22.514840,434.591058,8
22.514844,434.591058,8
22.520839,434.591058,8
22.530838,434.591058,8
22.530842,434.591058,8
22.536839,434.591058,8
22.544839,434.591058,8
22.544843,434.591058,8
22.554839,434.591058,8
22.556838,434.591058,8
22.556841,434.591058,8
22.568839,434.591058,8
22.568843,434.591058,8
22.575842,434.591058,8
22.578838,434.198486,8
22.587840,434.198486,8
22.591840,434.198486,8
22.595838,434.198486,8
22.597837,434.198486,8
22.605838,434.198486,8
22.607839,434.198486,8
22.616850,434.198486,8
22.618840,434.591058,8
22.632839,434.591058,8
22.632843,434.591058,8
22.634837,434.591058,8
22.644840,434.591058,8
22.644843,434.591058,8
22.654838,434.591058,8
22.654842,434.591058,8
22.661841,434.591058,8
22.673840,434.591058,8
22.673844,434.591058,8
22.675839,434.591058,8
22.685840,434.591058,8
22.689841,434.591058,8
22.691839,434.591058,8
22.694837,434.591058,8
22.698844,434.591058,8
22.709839,434.591058,8
22.709843,434.591058,8
22.715838,434.591058,8
22.721840,434.591058,8
22.724838,434.591058,8
22.731839,434.591058,8
22.735838,434.591058,8
22.739839,434.591058,8
22.744840,434.591058,8
22.748839,434.591058,8
22.754839,434.591058,8
22.759842,434.591058,8
22.765839,434.591058,8
22.770840,434.591058,8
22.774843,434.591058,8
22.781839,434.591058,8
22.784838,434.591058,8
22.790842,434.591058,8
22.793839,434.591058,8
22.803838,434.591058,8
22.803842,434.591058,8
22.818838,434.591058,8
22.818842,434.591058,8
22.821837,434.591058,8
22.832839,434.591058,8
22.832843,434.591058,8
22.835841,434.591058,8
22.841838,434.198486,40
22.843839,434.198486,40
22.849839,434.198486,8
22.854838,434.198486,8
22.864838,434.591058,8
22.877839,434.591058,8
22.877843,434.591058,8
22.877846,434.591058,8
22.879839,434.591058,8
22.888839,434.591058,8
22.888843,434.591058,8
22.894839,434.591058,8
22.900838,434.591058,8
22.904839,434.591058,8
22.909838,434.591058,8
22.915839,434.591058,8
22.929838,434.591058,8
22.932838,434.591058,8
22.964840,434.591058,8
22.964844,434.591058,8
22.964847,434.591058,8
22.980840,434.591058,8
22.983839,434.591058,8
22.983843,434.591058,8
22.989724,434.591058,8
22.989728,434.591058,8
22.999839,434.591058,8
22.999845,434.591058,8
23.005841,434.591058,8
23.005845,434.591058,8
23.005848,434.591058,8
23.009842,434.591058,8
23.009846,434.591058,8
23.009849,434.591058,8
23.009852,434.591058,8
23.016837,434.591058,8
23.019838,434.591058,8
23.029843,434.591058,8
23.031840,434.591058,8
23.043844,434.591058,8
23.045839,434.591058,8
23.051844,434.591058,8
23.056848,434.591058,8
23.056851,434.591058,8
23.059841,434.591058,8
23.066840,434.591058,8
23.075843,434.591058,8
23.075847,434.591058,8
23.079852,434.591058,8
23.093849,434.591058,8
23.097849,434.591058,8
23.101844,434.591058,8
23.101848,434.591058,8
23.108854,434.591058,8
23.108869,434.591058,8
23.114864,434.591058,8
23.124859,434.591058,8
23.128850,434.591058,8
23.134884,434.591058,8
23.134888,434.591058,8
23.140849,434.591058,8
23.149851,434.591058,8
23.151846,434.591058,8
23.153846,434.591058,8
23.165852,434.591058,8
23.169853,434.591058,8
23.171849,434.591058,8
23.181848,434.591058,8
23.181851,434.591058,8
23.184844,434.591058,8
23.189844,434.591058,8
23.194850,434.591058,8
23.201843,434.591058,8
23.205842,434.591058,8
23.209844,434.591058,8
23.214847,434.591058,8
23.233844,434.591058,8
23.249873,434.591058,8
23.279853,434.591058,8
23.281850,434.591058,8
23.283848,434.591058,8
23.289848,434.591058,8
23.314840,434.591058,8
23.314844,434.591058,8
23.314848,434.591058,8
23.320850,434.591058,8
23.320873,434.591058,8
23.320876,434.591058,8
23.323848,434.591058,8
23.323852,434.591058,8
23.323857,434.591058,8
23.323861,434.591058,8
23.350858,434.591058,8
23.350862,434.591058,8
23.350866,434.591058,8
23.350869,434.591058,8
23.350873,434.591058,8
23.356853,434.591058,8
23.356857,434.591058,8
23.359873,434.591058,8
23.359876,434.591058,8
23.359880,434.591058,8
23.361878,434.591058,8
23.363850,434.591058,8
23.365847,434.591058,8
23.371847,434.591058,8
23.374848,434.591058,8
23.374851,434.591058,8
23.386848,434.198486,8
23.389847,434.198486,8
23.391841,434.198486,8
23.395846,434.198486,8
23.400844,434.198486,8
23.404853,434.198486,8
23.413843,434.198486,8
23.415846,434.198486,8
23.425844,434.198486,8
23.431848,434.198486,8
23.431852,434.198486,8
23.434841,434.198486,8
23.440840,434.591058,8
23.443840,434.591058,8
23.450856,434.591058,8
23.460842,434.591058,8
23.464843,434.591058,8
23.466900,434.591058,8
23.473841,434.591058,8
23.473845,434.591058,8
23.479845,434.591058,8
23.485848,434.591058,8
23.489842,434.591058,8
23.496841,434.591058,8
23.500841,434.591058,8
23.504844,434.591058,8
23.510842,434.591058,8
23.515843,434.591058,8
23.520844,434.591058,8
23.529847,434.591058,8
23.529850,434.591058,8
23.533841,434.591058,8
23.544844,434.591058,8
23.544847,434.591058,8
23.554843,434.591058,8
23.554846,434.591058,8
23.558841,434.591058,8
23.564846,434.591058,8
23.570848,434.591058,8
23.574846,434.591058,8
23.583875,434.983657,40
23.588874,434.983657,40
23.590873,434.983657,8
23.594878,434.983657,8
23.599873,434.983657,8
23.605868,434.983657,8
23.614874,434.983657,8
23.620872,434.591058,8
23.624869,434.591058,8
23.629877,434.591058,8
23.629880,434.591058,8
23.639885,434.591058,8
23.641905,434.591058,8
23.646875,434.591058,8
23.654869,434.591058,8
23.659844,434.591058,8
23.665867,434.591058,8
23.665870,434.591058,8
23.673876,434.591058,8
23.680849,434.591058,8
23.689844,434.591058,8
23.689848,434.591058,8
23.691846,434.591058,8
23.700842,434.591058,8
23.700846,434.591058,8
23.710844,434.591058,8
23.713841,434.591058,8
23.719842,434.591058,8
23.728923,434.591058,8
23.728926,434.591058,8
23.730877,434.591058,8
23.739846,434.591058,8
23.739850,434.591058,8
23.753852,434.591058,8
23.755842,434.591058,8
23.759842,434.591058,8
23.768853,434.591058,8
23.770879,434.591058,8
23.775854,434.591058,8
23.775858,434.591058,8
23.783845,434.591058,8
23.786874,434.591058,8
23.789877,434.591058,8
23.796865,434.591058,8
23.800864,434.591058,8
23.806904,434.591058,8
23.811889,434.591058,8
23.816842,434.591058,8
23.820902,434.591058,8
23.824921,434.591058,8
23.829902,434.591058,40
23.838905,434.591058,8
23.840903,434.591058,8
23.845878,434.591058,8
23.853892,434.591058,8
23.860897,434.591058,8
23.860901,434.591058,8
23.866877,434.591058,8
23.873871,434.591058,8
23.880880,434.591058,8
23.880885,434.591058,8
23.888872,434.591058,8
23.896848,434.591058,8
23.898845,434.591058,8
23.903841,434.591058,8
23.906845,434.591058,8
23.910849,434.591058,8
23.915841,434.591058,8
23.929845,434.591058,8
23.929848,434.591058,8
23.933840,434.591058,8
23.939847,434.198486,8
23.943840,434.198486,8
23.951847,434.198486,8
23.954846,434.198486,8
23.959841,434.591058,8
23.963841,434.591058,8
23.970844,434.591058,8
23.970848,434.591058,8
23.977842,434.591058,8
23.980845,434.591058,8
23.986840,434.591058,8
23.993843,434.591058,8
23.996842,434.591058,8
24.001838,434.591058,8
24.005840,434.591058,8
24.011843,434.591058,8
24.021841,434.591058,8
24.023840,434.591058,8
24.026839,434.591058,8
24.035840,434.591058,8
24.035844,434.591058,8
24.043843,434.591058,8
24.045840,434.591058,8
24.051839,434.591058,8
24.059841,434.591058,8
24.059844,434.591058,8
24.065841,434.591058,8
24.071844,434.591058,8
24.078841,434.591058,8
24.081842,434.591058,8
24.086839,434.591058,8
24.093841,434.591058,8
24.098841,434.591058,8
24.102842,434.591058,8
24.109848,434.591058,8
24.111840,434.591058,8
24.120840,434.591058,8
24.120845,434.591058,8
24.124848,434.591058,8
24.134839,434.591058,8
24.144847,434.591058,8
24.149841,434.591058,8
24.149845,434.591058,8
24.151841,434.591058,8
24.156841,434.198486,8
24.161847,434.198486,8
24.165840,434.198486,8
24.171841,434.198486,8
24.176839,434.591058,8
24.183839,434.591058,8
24.187860,434.591058,8
24.190841,434.591058,8
24.197841,434.591058,8
24.202839,434.198486,8
24.205839,434.198486,8
24.210850,434.198486,8
24.218844,434.198486,8
24.224844,434.198486,8
24.233843,434.198486,8
24.233847,434.198486,8
24.248846,434.198486,8
24.251840,434.198486,8
24.265849,434.591058,8
24.295858,434.591058,8
24.302855,434.591058,8
24.302858,434.591058,8
24.305842,434.591058,8
24.308841,434.591058,8
24.318841,434.591058,8
24.318845,434.591058,8
24.318849,434.591058,8
24.335844,434.591058,8
24.335847,434.591058,8
24.335851,434.591058,8
24.338845,434.591058,8
24.338848,434.591058,8
24.338852,434.591058,8
24.338856,434.591058,8
24.344842,434.591058,8
24.344845,434.591058,8
24.346854,434.591058,8
24.346858,434.591058,8
24.346861,434.591058,8
24.353842,434.591058,8
24.355843,434.591058,8
24.360842,434.591058,8
24.366847,434.591058,8
24.371843,434.591058,8
24.384847,434.591058,8
24.384850,434.591058,8
24.388844,434.591058,8
24.395841,434.591058,8
24.401842,434.591058,8
24.401846,434.591058,8
24.405845,434.591058,8
24.411843,434.591058,8
24.419844,434.591058,8
24.422844,434.591058,8
24.430846,434.591058,8
24.430850,434.591058,8
24.436842,434.591058,8
24.444841,434.591058,8
24.446843,434.591058,8
24.450844,434.591058,8
24.455844,434.591058,8
24.464843,434.591058,8
24.466842,434.591058,8
24.470841,434.591058,8
24.477844,434.591058,8
24.483843,434.591058,8
24.485841,434.591058,8
24.498841,434.591058,8
24.498845,434.591058,8
24.501842,434.591058,8
24.505843,434.591058,8
24.510844,434.591058,8
24.518844,434.591058,8
24.520842,434.591058,8
24.531874,434.591058,8
24.533892,434.591058,8
24.548908,434.591058,8
24.548912,434.591058,8
24.550876,434.591058,8
24.582880,434.591058,8
24.582883,434.591058,8
24.582887,434.591058,8
24.599877,434.591058,8
24.601872,434.198486,8
24.603876,434.198486,8
24.603879,434.198486,8
24.603882,434.198486,8
24.622936,434.198486,8
24.622940,434.198486,8
24.622943,434.198486,8
24.624842,434.591058,8
24.624845,434.591058,8
24.626838,434.591058,8
24.626841,434.591058,8
24.629884,434.591058,8
24.631882,434.591058,8
24.636843,434.591058,8
24.642842,434.591058,8
24.646838,434.591058,8
24.650845,434.591058,8
24.654843,434.591058,8
24.664840,434.591058,8
24.664844,434.591058,8
24.671839,434.591058,8
24.676842,434.591058,8
24.681839,434.591058,8
24.687838,434.591058,8
24.696838,434.591058,8
24.696842,434.591058,8
24.698839,434.591058,8
24.708839,434.591058,8
24.710838,434.591058,8
24.716838,434.591058,8
24.724839,434.591058,8
24.730871,434.591058,8
24.738883,434.591058,8
24.738888,434.591058,8
24.742840,434.591058,8
24.753838,434.591058,8
24.753841,434.591058,8
24.761839,434.591058,8
24.761842,434.591058,8
24.766839,434.591058,8
24.778841,434.591058,8
24.778844,434.591058,8
24.784838,434.591058,8
24.789840,434.591058,8
24.792839,434.591058,8
24.799838,434.591058,8
24.799841,434.591058,8
24.804841,434.591058,8
24.810839,434.591058,8
24.819839,434.591058,8
24.825840,434.591058,8
24.825843,434.591058,8
24.834838,434.591058,8
24.834841,434.591058,8
24.844841,434.591058,8
24.844845,434.591058,8
24.854840,434.591058,8
24.856838,434.591058,8
24.865840,434.591058,8
24.865843,434.591058,8
24.873837,434.591058,8
24.882840,434.591058,8
24.884840,434.591058,8
24.887839,434.591058,8
24.898840,434.591058,8
24.898843,434.591058,8
24.904841,434.591058,8
24.913839,434.591058,8
24.913842,434.591058,8
24.921839,434.591058,8
24.923839,434.591058,8
24.927838,434.591058,8
24.939839,434.591058,8
24.939842,434.591058,8
24.941840,434.591058,8
24.958838,434.591058,8
24.958841,434.591058,8
24.960838,434.591058,8
24.965838,434.591058,8
24.971838,434.591058,8
24.974837,434.591058,8
24.977838,434.198486,8
24.988839,434.198486,8
24.990838,434.198486,8
24.999840,434.198486,8
25.001838,434.591058,8
25.003838,434.591058,8
25.010844,434.591058,8
25.013850,434.591058,8
25.019848,434.591058,8
25.023848,434.591058,8
25.031913,434.591058,8
25.036844,434.591058,8
25.041843,434.591058,8
25.045841,434.591058,8
25.045845,434.591058,8
25.053840,434.591058,8
25.062854,434.591058,8
25.064839,434.591058,8
25.066839,434.591058,8
25.075840,434.591058,8
25.075844,434.591058,8
25.081840,434.591058,8
25.087842,434.591058,8
25.092839,434.591058,8
25.096840,434.591058,8
25.106850,434.591058,8
25.109844,434.591058,8
25.114848,434.591058,8
25.123840,434.591058,8
25.123843,434.591058,8
25.127839,434.591058,8
25.134840,434.591058,8
25.137838,434.591058,8
25.142839,434.591058,8
25.147839,434.591058,8
25.151840,434.591058,8
25.163839,434.591058,8
25.163842,434.591058,8
25.169839,434.591058,8
25.178840,434.591058,8
25.184839,434.591058,8
25.184843,434.591058,8
25.188839,434.591058,8
25.193839,434.591058,8
25.200842,434.591058,8
25.206840,434.591058,8
25.206844,434.591058,8
25.212846,434.591058,8
25.220843,434.591058,8
25.225845,434.591058,8
25.243869,434.591058,8
25.250876,434.591058,8
25.256877,434.591058,8
25.260903,434.591058,8
25.266888,434.591058,8
25.274876,434.591058,8
25.280297,434.591058,8
25.280304,434.591058,8
25.280308,434.591058,8
25.281877,434.591058,8
25.284880,434.591058,8
25.290917,434.591058,8
25.290924,434.591058,8
25.293882,434.591058,8
25.296922,434.591058,8
25.309225,434.591058,8
25.316931,434.591058,8
25.320934,434.591058,8
25.326000,434.591058,8
25.338873,434.591058,8
25.361886,434.591058,8
25.366875,434.591058,8
25.374866,434.591058,8
25.383869,434.591058,8
25.383874,434.591058,8
25.388867,434.591058,8
25.395860,434.591058,8
25.400855,434.591058,8
25.403865,434.591058,8
25.403872,434.591058,8
25.408849,434.591058,8
25.411845,434.591058,8
25.414851,434.591058,8
25.419863,434.591058,8
25.424846,434.591058,8
25.424850,434.591058,8
25.438858,434.591058,8
25.438864,434.591058,8
25.441851,434.198486,8
25.441855,434.198486,8
25.441859,434.198486,8
25.443855,434.591058,8
25.446845,434.591058,8
25.453851,434.591058,8
25.453855,434.591058,8
25.453858,434.591058,8
25.458849,434.591058,8
25.463850,434.591058,8
25.471848,434.591058,8
25.476852,434.591058,8
25.478846,434.591058,8
25.484853,434.591058,8
25.489848,434.591058,8
25.500847,434.591058,8
25.502847,434.198486,8
25.504851,434.198486,8
25.514844,434.198486,8
25.514848,434.198486,8
25.518878,434.198486,8
25.528848,434.198486,8
25.528860,434.198486,8
25.534896,434.198486,8
25.544875,434.198486,8
25.547879,434.198486,8
25.550902,434.198486,8
25.565845,434.198486,8
25.583845,434.198486,8
25.598908,434.591058,8
25.598914,434.591058,8
25.616911,434.591058,8
25.616915,434.591058,8
25.618912,434.591058,8
25.620874,434.591058,8
25.635925,434.591058,8
25.635929,434.591058,8
25.640905,434.591058,8
25.640908,434.591058,8
25.644902,434.591058,8
25.644906,434.591058,8
25.644909,434.591058,8
25.644913,434.591058,8
25.648908,434.591058,8
25.648912,434.591058,8
25.650877,434.591058,8
25.650880,434.591058,8
25.654904,434.591058,8
25.658904,434.591058,8
25.663901,434.591058,8
25.668906,434.591058,8
25.676902,434.591058,8
25.678911,434.591058,8
25.683908,434.591058,8
25.688884,434.591058,8
25.696905,434.591058,8
25.698906,434.591058,8
25.703913,434.591058,8
25.711898,434.591058,8
25.713899,434.591058,8
25.725901,434.198486,8
25.725906,434.198486,8
25.732924,434.198486,8
25.739902,434.198486,8
25.739906,434.198486,8
25.742910,434.198486,8
25.753849,434.198486,8
25.755839,434.198486,8
25.759842,434.198486,8
25.763843,434.198486,8
25.770841,434.198486,8
25.774848,434.198486,8
25.782844,434.198486,8
25.789841,434.198486,8
25.789845,434.198486,8
25.794843,434.198486,8
25.796841,434.198486,8
25.803867,434.198486,8
25.810879,434.198486,8
25.816879,434.198486,8
25.822875,434.198486,8
25.824873,434.198486,8
25.834885,434.198486,8
25.840877,434.198486,8
25.840881,434.198486,8
25.846888,434.198486,8
25.848958,434.198486,8
25.868853,434.198486,8
25.885879,434.198486,8
25.900882,434.198486,8
25.916938,434.198486,8
25.921943,434.591058,8
25.923868,434.591058,8
25.926872,434.591058,8
25.938882,434.591058,8
25.938886,434.591058,8
25.938889,434.591058,8
25.940871,434.591058,8
25.940875,434.591058,8
25.940878,434.591058,8
25.948896,434.591058,8
25.948899,434.591058,8
25.948903,434.591058,8
25.948906,434.591058,8
25.958883,434.591058,8
25.958886,434.591058,40
25.958890,434.591058,40
25.958893,434.591058,40
25.964877,434.591058,40
25.964880,434.591058,8
25.970844,434.591058,8
25.973840,434.591058,8
25.984892,434.591058,8
25.984895,434.591058,8
25.988889,434.591058,8
26.000892,434.591058,8
26.003886,434.591058,8
26.003890,434.591058,8
26.008875,434.591058,8
26.013875,434.591058,8
26.019871,434.591058,8
26.024879,434.591058,8
26.033877,434.591058,8
26.037877,434.198486,8
26.039845,434.198486,8
26.048844,434.198486,8
26.048848,434.198486,8
26.054842,434.198486,8
26.059842,434.591058,8
26.065030,434.591058,8
26.066843,434.591058,8
26.074845,434.983657,8
26.079842,434.983657,8
26.087844,434.983657,8
26.089843,434.983657,8
26.091841,434.983657,8
26.103910,434.198486,8
26.103915,434.198486,8
26.106849,434.198486,8
26.114848,434.198486,8
26.121845,434.198486,8
26.123845,434.198486,8
26.136853,434.198486,8
26.141844,434.591058,8
26.143841,434.591058,8
26.145840,434.591058,8
26.149841,434.591058,8
26.153840,434.591058,8
26.158849,434.591058,8
26.163845,434.591058,8
26.169845,434.591058,8
26.175843,434.591058,8
26.183845,434.591058,8
26.183849,434.591058,8
26.192841,434.591058,8
26.198841,434.591058,8
26.205842,434.591058,8
26.208840,434.591058,8
26.210839,434.591058,8
26.214840,434.591058,8
26.217862,434.591058,8
26.224838,434.591058,8
26.232838,434.591058,8
26.240843,434.591058,8
26.250843,434.591058,8
26.250847,434.591058,8
26.257844,434.591058,8
26.257848,434.591058,8
26.259848,434.591058,8
26.266847,434.591058,8
26.268845,434.591058,8
26.281845,434.591058,8
26.281849,434.591058,8
26.283846,434.591058,8
26.290847,434.591058,8
26.296105,434.591058,8
26.297855,434.591058,8
26.305853,434.591058,8
26.311847,434.591058,8
26.314845,434.198486,8
26.320845,434.198486,8
26.327842,434.198486,8
26.334845,434.198486,8
26.334849,434.198486,8
26.344844,434.198486,8
26.348841,434.198486,8
26.351840,434.198486,8
26.355923,434.198486,8
26.358843,434.198486,8
26.364843,434.198486,8
26.371842,434.198486,8
26.376839,434.198486,8
26.380848,434.198486,8
26.384846,434.198486,8
26.389856,434.198486,8
26.394848,434.591058,8
26.402841,434.591058,8
26.404840,434.591058,8
26.411848,434.591058,8
26.417849,434.591058,8
26.427841,434.591058,8
26.427845,434.591058,8
26.429843,434.591058,8
26.440853,434.591058,8
26.440858,434.591058,8
26.450845,434.591058,8
26.453851,434.591058,8
26.458864,434.591058,8
26.462851,434.591058,8
26.469840,434.591058,8
26.480841,434.591058,8
26.480845,434.591058,8
26.480848,434.591058,8
26.485845,434.591058,8
26.496840,434.591058,8
26.496844,434.591058,8
26.500840,434.591058,8
26.505843,434.591058,8
26.510841,434.591058,8
26.516843,434.591058,8
26.521849,434.591058,8
26.525842,434.591058,8
26.531842,434.591058,8
26.535840,434.591058,8
26.539840,434.591058,8
26.547840,434.591058,8
26.549839,434.591058,8
26.554840,434.591058,8
26.559840,434.591058,8
26.565838,434.591058,8
26.570840,434.591058,8
26.570843,434.198486,8
26.580900,434.198486,8
26.583887,434.198486,8
26.594842,434.198486,8
26.594846,434.198486,8
26.599842,434.198486,8
26.605840,434.198486,8
26.614839,434.198486,8
26.614843,434.198486,8
26.620840,434.198486,8
26.629841,434.198486,8
26.629845,434.198486,8
26.636842,434.591058,8
26.644852,434.591058,8
26.644856,434.591058,8
26.649841,434.591058,8
26.657840,434.591058,8
26.659841,434.591058,8
26.665839,434.591058,8
26.674842,434.591058,8
26.674845,434.591058,8
26.681839,434.591058,8
26.685841,434.591058,8
26.689845,434.591058,8
26.696841,434.591058,40
26.698843,434.591058,40
26.707845,434.591058,8
26.710840,434.591058,8
26.714839,434.591058,8
26.718839,434.591058,8
26.724839,434.591058,8
26.730852,434.591058,8
26.735839,434.591058,8
26.740839,434.591058,8
26.749841,434.591058,8
26.756839,434.591058,8
26.756843,434.591058,8
26.761838,434.591058,8
26.769838,434.591058,8
26.769842,434.591058,8
26.775839,434.591058,8
26.781839,434.591058,8
26.784841,434.591058,8
26.790838,434.591058,8
26.794838,434.591058,8
26.801841,434.591058,8
26.804840,434.591058,8
26.810840,434.591058,8
26.815839,434.591058,8
26.819841,434.591058,8
26.823841,434.591058,8
26.830841,434.591058,8
26.834838,434.591058,8
26.840865,434.591058,8
26.846839,434.591058,8
26.849838,434.591058,8
26.855840,434.591058,8
26.861840,434.591058,8
26.868839,434.591058,8
26.883848,434.591058,8
26.886843,434.591058,8
26.914841,434.198486,8
26.914845,434.198486,8
26.919839,434.198486,8
26.925839,434.198486,8
26.928846,434.198486,8
26.946842,434.591058,8
26.946845,434.591058,8
26.946849,434.591058,8
26.955838,434.591058,40
26.955842,434.591058,40
26.955845,434.591058,40
26.958838,434.591058,40
26.958846,434.591058,40
26.958850,434.591058,40
26.958853,434.591058,40
26.963837,434.591058,8
26.963841,434.591058,8
26.965838,434.591058,8
26.969840,434.591058,8
26.980839,434.591058,8
26.980843,434.591058,8
26.986841,434.591058,8
26.994841,434.591058,8
27.002840,434.591058,8
27.002844,434.591058,8
27.006839,434.591058,8
27.010838,434.591058,8
27.018838,434.591058,8
27.018842,434.591058,8
27.028840,434.591058,8
27.028843,434.591058,8
27.041839,434.591058,8
27.041843,434.591058,8
27.046842,434.591058,8
27.050839,434.591058,8
27.056838,434.591058,8
27.061838,434.591058,8
27.063838,434.591058,8
27.074840,434.591058,8
27.074844,434.591058,8
27.078839,434.591058,8
27.089894,434.591058,8
27.089897,434.591058,8
27.094878,434.591058,8
27.104839,434.591058,8
27.104843,434.591058,8
27.114844,434.591058,8
27.116839,434.591058,8
27.120840,434.591058,8
27.131840,434.591058,8
27.131843,434.591058,8
27.137839,434.198486,8
27.140847,434.198486,8
27.143841,434.198486,8
27.149839,434.198486,8
27.160841,434.591058,8
27.164839,434.591058,8
27.166839,434.591058,8
27.183840,434.591058,8
27.183844,434.591058,8
27.189840,434.591058,8
27.198839,434.591058,8
27.198842,434.591058,8
27.203838,434.591058,8
27.206839,434.591058,8
27.223839,434.591058,8
27.223843,434.591058,8
27.239843,434.591058,8
27.241838,434.591058,8
27.256845,434.591058,8
27.265881,434.591058,8
27.269888,434.591058,8
27.269892,434.591058,8
27.269896,434.591058,8
27.269900,434.591058,8
27.269907,434.591058,8
27.269911,434.591058,8
27.275842,434.591058,8
27.275846,434.591058,8
27.279844,434.591058,8
27.285843,434.591058,8
27.285849,434.591058,8
27.289850,434.591058,8
27.293841,434.591058,8
27.300842,434.591058,8
27.304846,434.591058,8
27.319855,434.591058,8
27.319859,434.591058,8
27.326848,434.591058,8
27.337864,434.591058,8
27.337868,434.591058,8
27.339843,434.591058,8
27.339847,434.591058,8
27.352852,434.591058,8
27.352855,434.591058,8
27.358844,434.591058,8
27.358848,434.591058,8
27.370849,434.591058,8
27.373844,434.591058,8
27.386852,434.198486,8
27.388849,434.198486,8
27.388852,434.198486,8
27.393846,434.198486,8
27.393850,434.591058,8
27.399850,434.591058,8
27.408857,434.591058,8
27.421852,434.591058,8
27.423876,434.198486,8
27.426887,434.198486,8
27.431880,434.198486,8
27.435884,434.198486,8
27.435887,434.198486,8
27.446846,434.198486,8
27.453846,434.198486,8
27.456845,434.198486,8
27.459845,434.591058,8
27.465905,434.591058,8
27.469900,434.591058,8
27.469904,434.591058,8
27.478888,434.591058,8
27.481919,434.591058,8
27.490848,434.591058,8
27.494850,434.591058,8
27.500898,434.198486,8
27.500902,434.198486,8
27.508846,434.198486,8
27.513843,434.198486,8
27.515848,434.591058,8
27.528846,434.591058,8
27.528850,434.591058,8
27.534844,434.591058,8
27.539845,434.983657,8
27.539849,434.983657,8
27.548851,434.983657,8
27.554898,434.983657,8
27.561844,434.983657,8
27.566850,434.983657,8
27.569844,434.983657,8
27.578850,435.376229,8
27.578859,435.376229,8
27.581848,435.376229,8
27.585846,435.376229,8
27.591845,435.376229,8
27.596843,435.376229,8
27.600844,435.376229,8
27.609891,435.376229,8
27.613889,435.376229,8
27.615886,434.983657,8
27.620843,434.983657,8
27.633844,434.983657,8
27.633848,434.591058,8
27.636843,434.591058,8
27.643851,434.591058,8
27.646846,434.591058,8
27.651849,434.591058,8
27.658845,434.591058,8
27.660845,434.591058,8
27.664847,434.591058,8
27.670844,434.591058,8
27.676840,434.591058,8
27.681877,434.591058,8
27.686841,434.591058,8
27.688879,434.591058,8
27.698839,434.591058,8
27.698843,434.591058,8
27.709839,434.591058,8
27.709843,434.591058,8
27.716840,434.591058,8
27.723839,434.591058,8
27.726840,434.591058,8
27.731840,434.591058,8
27.736843,434.591058,8
27.740842,434.591058,8
27.750874,434.591058,8
27.752877,434.591058,8
27.757842,434.591058,8
27.760840,434.591058,8
27.766840,434.591058,8
27.770841,434.591058,8
27.776842,434.591058,8
27.781839,434.591058,8
27.783841,434.591058,8
27.794873,434.591058,8
27.798885,434.591058,8
27.804908,434.591058,8
27.804911,434.591058,8
27.812942,434.591058,8
27.819913,434.591058,8
27.822897,434.591058,8
27.825886,434.591058,8
27.831883,434.591058,8
27.837906,434.591058,8
27.845908,434.591058,8
27.845911,434.591058,8
27.855872,434.591058,8
27.859870,434.591058,8
27.864873,434.591058,8
27.870849,434.591058,8
27.877841,434.591058,8
27.877844,434.591058,8
27.881854,434.591058,8
27.885848,434.591058,8
27.894843,434.591058,8
27.896846,434.591058,8
27.905881,434.591058,8
27.905884,434.591058,8
27.911880,434.591058,8
27.916840,434.591058,8
27.922839,434.591058,8
27.926838,434.591058,8
27.930840,434.591058,8
27.935839,434.591058,8
27.939839,434.591058,8
27.947840,434.591058,8
27.951842,434.591058,8
27.954839,434.591058,8
27.961840,434.591058,8
27.965839,434.591058,8
27.974839,434.591058,8
27.974842,434.591058,8
27.980839,434.591058,8
27.986841,434.591058,8
27.996842,434.591058,8
28.000838,434.591058,8
28.000842,434.591058,8
28.006841,434.591058,8
28.011839,434.591058,8
28.015839,434.198486,8
28.019839,434.198486,8
28.025839,434.198486,8
28.034840,434.198486,8
28.036839,434.198486,8
28.046839,434.198486,8
28.048838,434.198486,8
28.051838,434.198486,8
28.061841,434.198486,8
28.061844,434.198486,8
28.067855,434.198486,8
28.074879,434.198486,8
28.076842,434.198486,8
28.080848,434.198486,8
28.086842,434.198486,8
28.091839,434.198486,8
28.095838,434.591058,8
28.101880,434.591058,8
28.109888,434.591058,8
28.111876,434.591058,8
28.123878,434.591058,8
28.123882,434.591058,8
28.125883,434.591058,8
28.135880,434.591058,8
28.135885,434.591058,8
28.142882,434.591058,8
28.151879,434.591058,40
28.151882,434.591058,40
28.154881,434.591058,8
28.165883,434.591058,8
28.165886,434.591058,8
28.176883,434.591058,8
28.176886,434.591058,8
28.179876,434.591058,8
28.199922,434.591058,8
28.199925,434.591058,8
28.201917,434.591058,8
28.218880,434.591058,8
28.232882,434.591058,8
28.232885,434.591058,8
28.234890,434.591058,8
28.251894,434.591058,8
28.251897,434.591058,8
28.251901,434.591058,8
28.254885,434.591058,8
28.268882,434.591058,8
28.268886,434.591058,8
28.280884,434.591058,8
28.280888,434.591058,8
28.280891,434.591058,8
28.280895,434.591058,8
28.280899,434.591058,8
28.280902,434.591058,8
28.289881,434.591058,8
28.294908,434.198486,8
28.294911,434.198486,8
28.297844,434.198486,8
28.302841,434.198486,8
28.306844,434.198486,8
28.311842,434.591058,8
28.316840,434.591058,8
28.322845,434.591058,8
28.326840,434.591058,8
28.331841,434.198486,8
28.337844,434.198486,8
28.341842,434.198486,8
28.348843,434.198486,8
28.356848,434.591058,8
28.360844,434.591058,8
28.360848,434.591058,8
28.369844,434.591058,8
28.375843,434.591058,8
28.375847,434.591058,8
28.390842,434.591058,8
28.390845,434.591058,8
28.394839,434.591058,8
28.401839,434.591058,8
28.401849,434.591058,8
28.409839,434.591058,8
28.411838,434.591058,8
28.416839,434.591058,8
28.422840,434.591058,8
28.429842,434.591058,8
28.431839,434.591058,8
28.440839,434.591058,8
28.444839,434.591058,8
28.447839,434.591058,8
28.456838,434.591058,8
28.461846,434.591058,8
28.466842,434.591058,8
28.466846,434.591058,8
28.474841,434.591058,8
28.476841,434.591058,8
28.481841,434.591058,8
28.489844,434.591058,8
28.491839,434.591058,8
28.505842,434.591058,8
28.508842,434.591058,8
28.538841,434.591058,8
28.540838,434.591058,8
28.540841,434.591058,8
28.557844,434.591058,8
28.559839,434.198486,8
28.559846,434.198486,8
28.559850,434.198486,8
28.578844,434.198486,8
28.578848,434.198486,8
28.588840,434.983657,8
28.588844,434.983657,8
28.588847,434.983657,8
28.588851,434.983657,8
28.588854,434.983657,8
28.593838,434.983657,8
28.593842,434.983657,8
28.599841,434.983657,8
28.599844,434.983657,8
28.603839,434.983657,8
28.603842,434.983657,8
28.609839,434.983657,8
28.616838,434.591058,8
28.616842,434.591058,8
28.622839,434.591058,8
28.627838,434.591058,8
28.631840,434.591058,8
28.635840,434.591058,8
28.641841,434.591058,8
28.649840,434.591058,8
28.652840,434.591058,8
28.656840,434.591058,8
28.662851,434.591058,8
28.671844,434.591058,8
28.674843,434.591058,8
28.680840,434.591058,8
28.682839,434.591058,8
28.686839,434.591058,8
28.692839,434.591058,8
28.699841,434.591058,8
28.701841,434.591058,8
28.706844,434.591058,8
28.714841,434.591058,8
28.717910,434.591058,8
28.725839,434.591058,8
28.725843,434.591058,8
28.730839,434.591058,8
28.736838,434.591058,8
28.742839,434.591058,8
28.747840,434.591058,8
28.751838,434.591058,8
28.759889,434.591058,8
28.769843,434.591058,8
28.769847,434.591058,8
28.771840,434.591058,8
28.780840,434.591058,8
28.780844,434.591058,8
28.792841,434.591058,8
28.794840,434.591058,8
28.797840,434.591058,8
28.814839,434.591058,8
28.814843,434.591058,8
28.816838,434.198486,8
28.821841,434.198486,8
28.824846,434.198486,8
28.826839,434.198486,8
28.831839,434.198486,8
28.837838,434.198486,8
28.842839,434.198486,8
28.846840,434.198486,8
28.854839,434.198486,8
28.857838,434.198486,8
28.864839,434.198486,8
28.866839,434.198486,8
28.872841,434.198486,8
28.877846,434.198486,8
28.877851,434.198486,8
28.889840,434.198486,8
28.893853,434.591058,8
28.901843,434.591058,8
28.909838,434.591058,8
28.909842,434.591058,8
28.912838,434.591058,8
28.924883,434.591058,8
28.924887,434.591058,8
28.927887,434.591058,8
28.931842,434.591058,8
28.937841,434.591058,8
28.944839,434.591058,8
28.952839,434.591058,8
28.954839,434.591058,8
28.956838,434.591058,8
28.969845,434.591058,8
28.969850,434.591058,8
28.974840,434.591058,8
28.982841,434.591058,8
28.984837,434.591058,8
28.990838,434.591058,8
28.994842,434.591058,8
28.996838,434.591058,8
29.004838,434.591058,8
29.006837,434.591058,8
29.018882,434.591058,8
29.018887,434.591058,8
29.022880,434.591058,8
29.029915,434.591058,8
29.034876,434.591058,8
29.036876,434.591058,8
29.042902,434.591058,8
29.050887,434.591058,8
29.050891,434.591058,8
29.058881,434.591058,8
29.063841,434.591058,8
29.072841,434.591058,8
29.075839,434.591058,8
29.075843,434.591058,8
29.083841,434.591058,8
29.087839,434.591058,8
29.091838,434.591058,8
29.099890,434.591058,8
29.101884,434.591058,8
29.113842,434.591058,8
29.113846,434.591058,8
29.116840,434.591058,8
29.122840,434.591058,8
29.131842,434.591058,8
29.138841,434.591058,40
29.138845,434.591058,40
29.143839,434.591058,8
29.149848,434.591058,8
29.155839,434.591058,8
29.159840,434.591058,8
29.166841,434.591058,8
29.173840,434.591058,8
29.173846,434.591058,8
29.180838,434.591058,8
29.182842,434.591058,8
29.186840,434.591058,8
29.192840,434.591058,8
29.197843,434.591058,8
29.210844,434.591058,8
29.210848,434.591058,8
29.212839,434.591058,8
29.218840,434.591058,8
29.226843,434.591058,8
29.226846,434.591058,8
29.232842,434.591058,8
29.243839,434.591058,8
29.243843,434.591058,8
29.247838,434.591058,8
29.259839,434.591058,8
29.259842,434.591058,8
29.262847,434.591058,8
29.274839,434.591058,8
29.274843,434.591058,8
29.278843,434.591058,8
29.287840,434.591058,8
29.293840,434.591058,8
29.293843,434.591058,8
29.296841,434.591058,8
29.303845,434.591058,8
29.306844,434.591058,8
29.312839,434.198486,8
29.317845,434.198486,8
29.321839,434.198486,8
29.327839,434.198486,8
29.336846,434.198486,8
29.336849,434.198486,8
29.343839,434.198486,8
29.354840,434.198486,8
29.354844,434.198486,8
29.357839,434.198486,8
29.368840,434.198486,8
29.368844,434.198486,8
29.376840,434.198486,8
29.376844,434.198486,8
29.384845,434.198486,8
29.391842,434.198486,8
29.399843,434.198486,8
29.399846,434.198486,8
29.402845,434.198486,8
29.407840,434.198486,8
29.411841,434.198486,8
29.415840,434.198486,8
29.421839,434.198486,8
29.432838,434.198486,8
29.434840,434.198486,8
29.436839,434.198486,8
29.448840,434.198486,8
29.448844,434.198486,8
29.458840,434.198486,8
29.458843,434.198486,8
29.462840,434.198486,8
29.473846,434.198486,8
29.473850,434.198486,8
29.479888,434.198486,8
29.485887,434.198486,8
29.489844,434.198486,8
29.495847,434.198486,8
29.500844,434.198486,8
29.502840,434.198486,8
29.518840,434.198486,8
29.535841,434.591058,8
29.553843,434.591058,8
29.570848,434.591058,8
29.570852,434.591058,8
29.575840,434.591058,8
29.575843,434.591058,8
29.578841,434.591058,8
29.581843,434.591058,8
29.589841,434.591058,8
29.589844,434.591058,8
29.589848,434.591058,8
29.594843,434.591058,8
29.594846,434.591058,8
29.600894,434.591058,8
29.600897,434.591058,8
29.600900,434.591058,8
29.603881,434.591058,8
29.603884,434.591058,8
29.606881,434.591058,8
29.606885,434.591058,8
29.614880,434.591058,8
29.617864,434.591058,8
29.621885,434.591058,8
29.629879,434.591058,8
29.631882,434.591058,8
29.644881,434.591058,8
29.644884,434.591058,8
29.652883,434.591058,8
29.654881,434.591058,8
29.660884,434.591058,8
29.666883,434.591058,8
29.666887,434.591058,8
29.675880,434.591058,8
29.679884,434.591058,8
29.685878,434.591058,8
29.694881,434.591058,8
29.694885,434.591058,8
29.696880,434.591058,8
29.709844,434.591058,8
29.709847,434.591058,8
29.715841,434.591058,8
29.719840,434.591058,8
29.722877,434.591058,8
29.727874,434.591058,8
29.734884,434.591058,8
29.737876,434.591058,8
29.741887,434.591058,8
29.751882,434.591058,8
29.751886,434.983657,8
29.759881,434.983657,8
29.765878,434.983657,8
29.771841,434.983657,8
29.771845,434.983657,8
29.779839,434.983657,8
29.784839,434.983657,8
29.787840,434.983657,8
29.791840,434.591058,8
29.802883,434.591058,8
29.806900,434.591058,8
29.808844,434.591058,8
29.823840,434.591058,8
29.825838,434.591058,8
29.840841,434.591058,8
29.843840,434.591058,8
29.843844,434.591058,8
29.858839,434.591058,8
29.858843,434.591058,8
29.858846,434.591058,8
29.874845,434.591058,8
29.877841,434.591058,8
29.877845,434.591058,8
29.877848,434.591058,8
29.884839,434.591058,8
29.893880,434.591058,8
29.893884,434.591058,8
29.893887,433.805914,40
29.893891,433.805914,40
29.899839,433.805914,40
29.904841,433.805914,8
29.907843,433.805914,8
29.914871,433.805914,8
29.921840,433.805914,8
29.921844,433.805914,8
29.929838,433.805914,8
29.933841,433.805914,8
29.939841,433.805914,8
29.944838,433.805914,8
29.947838,433.805914,8
29.953841,434.198486,8
29.959838,434.198486,8
29.964841,434.198486,8
29.972840,434.198486,8
29.974840,434.198486,8
29.979839,434.198486,8
29.991839,434.198486,8
29.991843,434.198486,8
29.993841,434.591058,8
30.001842,434.591058,8
30.001846,434.591058,8
