label,mode,volt,spin,ack_mode_name,ack_volt,ack_spin,t_host,seq,t_us,isr_high,cap_age,cap_high,cap_period,flags
baseline_off,fight,0.0,0.0,fight,2.0,0.0,0.0662,9,431798826,145,125343,24626,157018,4
baseline_off,fight,0.0,0.0,fight,2.0,0.0,0.079,10,431810861,144,130059,24579,156998,4
baseline_off,fight,0.0,0.0,fight,2.0,0.0,0.0895,11,431821502,144,54914,24584,156985,4
baseline_off,fight,0.0,0.0,fight,2.0,0.0,0.1,12,431831999,145,112610,24542,156994,4
baseline_off,fight,0.0,0.0,fight,2.0,0.0,0.1085,13,431843501,144,26880,24584,157007,4
baseline_off,fight,0.0,0.0,fight,2.0,0.0,0.1254,14,431854290,139,134002,24551,157025,4
baseline_off,fight,0.0,0.0,fight,2.0,0.0,0.1338,15,431864643,144,166779,24581,157003,36
baseline_off,fight,0.0,0.0,fight,2.0,0.0,0.1444,16,431876650,144,166836,24589,157028,36
baseline_off,fight,0.0,0.0,fight,2.0,0.0,0.154,17,431887140,145,66041,24578,156989,4
baseline_off,fight,0.0,0.0,fight,2.0,0.0,0.1698,18,431898062,144,38797,24581,156999,4
baseline_off,fight,0.0,0.0,fight,2.0,0.0,0.1792,19,431908414,148,71581,24543,156975,4
baseline_off,fight,0.0,0.0,fight,2.0,0.0,0.1866,20,431917289,146,167281,24549,157030,36
baseline_off,fight,0.0,0.0,fight,2.0,0.0,0.194,21,431926959,145,83982,24587,157004,4
baseline_off,fight,0.0,0.0,fight,2.0,0.0,0.2109,22,431939692,145,50399,24551,157035,4
baseline_off,fight,0.0,0.0,fight,2.0,0.0,0.2162,23,431948336,144,106628,24552,157040,4
baseline_off,fight,0.0,0.0,fight,2.0,0.0,0.2257,24,431959175,143,64892,24556,157065,4
baseline_off,fight,0.0,0.0,fight,2.0,0.0,0.2362,25,431969794,144,142690,24590,157045,4
baseline_off,fight,0.0,0.0,fight,2.0,0.0,0.252,26,431980603,143,95887,24585,157000,4
baseline_off,fight,0.0,0.0,fight,2.0,0.0,0.2594,27,431990951,145,128062,24586,157023,4
baseline_off,fight,0.0,0.0,fight,2.0,0.0,0.2678,28,432002199,145,156116,24552,157014,4
baseline_off,fight,0.0,0.0,fight,2.0,0.0,0.2794,29,432013109,144,126592,24588,156997,4
baseline_off,fight,0.0,0.0,fight,2.0,0.0,0.2912,30,432023453,145,158116,24584,156990,36
baseline_off,fight,0.0,0.0,fight,2.0,0.0,0.3007,31,432034818,145,49135,24592,157018,4
baseline_off,fight,0.0,0.0,fight,2.0,0.0,0.3178,32,432045642,145,161800,24590,157035,36
baseline_off,fight,0.0,0.0,fight,2.0,0.0,0.3252,33,432055998,145,38050,24546,157013,4
baseline_off,fight,0.0,0.0,fight,2.0,0.0,0.3305,34,432065137,144,178264,24592,157048,36
baseline_off,fight,0.0,0.0,fight,2.0,0.0,0.3463,35,432077263,147,41010,24587,157021,4
baseline_off,fight,0.0,0.0,fight,2.0,0.0,0.3538,36,432088778,145,114362,24550,157004,4
baseline_off,fight,0.0,0.0,fight,2.0,0.0,0.3706,37,432099451,144,44505,24588,157022,4
baseline_off,fight,0.0,0.0,fight,2.0,0.0,0.3801,38,432109794,141,75834,24584,156996,4
baseline_off,fight,0.0,0.0,fight,2.0,0.0,0.3853,39,432118658,144,169727,24545,157022,36
baseline_off,fight,0.0,0.0,fight,2.0,0.0,0.3959,40,432128389,144,96580,24543,157000,4
baseline_off,fight,0.0,0.0,fight,2.0,0.0,0.4054,41,432139866,144,163703,24584,157006,36
baseline_off,fight,0.0,0.0,fight,2.0,0.0,0.4222,42,432150681,145,118464,24584,156989,4
baseline_off,fight,0.0,0.0,fight,2.0,0.0,0.4296,43,432161033,145,151591,24583,156970,4
baseline_off,fight,0.0,0.0,fight,2.0,0.0,0.4381,44,432172252,144,174760,24548,157008,36
baseline_off,fight,0.0,0.0,fight,2.0,0.0,0.4518,45,432183149,145,143354,24589,157011,4
baseline_off,fight,0.0,0.0,fight,2.0,0.0,0.4612,46,432193501,145,176122,24588,157020,36
baseline_off,fight,0.0,0.0,fight,2.0,0.0,0.4707,47,432204898,151,72273,24586,157015,4
baseline_off,fight,0.0,0.0,fight,2.0,0.0,0.4866,48,432215714,145,26737,24581,157023,4
baseline_off,fight,0.0,0.0,fight,2.0,0.0,0.5035,49,432226035,144,54294,24552,157028,4
baseline_off,fight,0.0,0.0,fight,2.0,0.0,0.5193,50,432234038,145,158544,24587,157025,36
baseline_off,fight,0.0,0.0,fight,2.0,0.0,0.5352,51,432245984,143,147997,24548,157022,4
baseline_off,fight,0.0,0.0,fight,2.0,0.0,0.5531,52,432262198,144,78182,24549,157001,4
baseline_off,fight,0.0,0.0,fight,2.0,0.0,0.5552,53,432264854,144,58801,24542,157001,4
baseline_off,fight,0.0,0.0,fight,2.0,0.0,0.5574,54,432278480,144,177042,24545,157019,36
baseline_off,fight,0.0,0.0,fight,2.0,0.0,0.57,55,432296114,144,34491,24589,157032,4
baseline_off,fight,0.0,0.0,fight,2.0,0.0,0.57,56,432297068,145,39520,24580,157015,0
baseline_off,fight,0.0,0.0,fight,2.0,0.0,0.5858,57,432310618,149,144876,24552,157026,4
baseline_off,fight,0.0,0.0,fight,2.0,0.0,0.5901,58,432311569,140,149391,24585,157025,0
baseline_off,fight,0.0,0.0,fight,2.0,0.0,0.5901,59,432312518,146,153833,24582,157002,0
baseline_off,fight,0.0,0.0,fight,2.0,0.0,0.5901,60,432313473,145,159193,24592,157038,36
baseline_off,fight,0.0,0.0,fight,2.0,0.0,0.5943,61,432316756,144,89190,24547,157013,4
baseline_off,fight,0.0,0.0,fight,2.0,0.0,0.5943,62,432322237,145,79002,24545,156982,4
baseline_off,fight,0.0,0.0,fight,2.0,0.0,0.6038,63,432322270,145,84622,24545,156982,8
baseline_off,fight,0.0,0.0,fight,2.0,0.0,0.6059,64,432337881,145,69134,24584,157024,4
baseline_off,fight,0.0,0.0,fight,2.0,0.0,0.6101,65,432341023,145,132422,24502,156981,4
baseline_off,fight,0.0,0.0,fight,2.0,0.0,0.6186,66,432352306,145,166467,24549,157016,36
baseline_off,fight,0.0,0.0,fight,2.0,0.0,0.6291,67,432363710,144,64346,24582,157000,4
baseline_off,fight,0.0,0.0,fight,2.0,0.0,0.6459,68,432374546,145,179644,24539,156975,36
baseline_off,fight,0.0,0.0,fight,2.0,0.0,0.6543,69,432384892,144,54417,24579,156983,4
baseline_off,fight,0.0,0.0,fight,2.0,0.0,0.6607,70,432393808,144,156795,24541,156968,4
baseline_off,fight,0.0,0.0,fight,2.0,0.0,0.6744,71,432403300,144,44206,24580,156996,4
baseline_off,fight,0.0,0.0,fight,2.0,0.0,0.6776,72,432412160,144,137467,24542,156987,4
baseline_off,fight,0.0,0.0,fight,2.0,0.0,0.6923,73,432424297,151,159845,24554,156998,36
baseline_off,fight,0.0,0.0,fight,2.0,0.0,0.7007,74,432434743,144,51773,24549,157010,4
baseline_off,fight,0.0,0.0,fight,2.0,0.0,0.7134,75,432445528,143,158086,24544,156990,36
baseline_off,fight,0.0,0.0,fight,2.0,0.0,0.7219,76,432455987,145,52128,24551,157022,4
baseline_off,fight,0.0,0.0,fight,2.0,0.0,0.7387,77,432466951,138,31598,24624,157021,4
baseline_off,fight,0.0,0.0,fight,2.0,0.0,0.7461,78,432477344,152,71347,24593,157027,4
baseline_off,fight,0.0,0.0,fight,2.0,0.0,0.7535,79,432486495,152,57002,24588,157011,4
baseline_off,fight,0.0,0.0,fight,2.0,0.0,0.7682,80,432498659,145,83477,24590,157053,4
baseline_off,fight,0.0,0.0,fight,2.0,0.0,0.7777,81,432511276,144,30244,24551,157036,4
baseline_off,fight,0.0,0.0,fight,2.0,0.0,0.7904,82,432522088,145,140999,24591,157049,4
baseline_off,fight,0.0,0.0,fight,2.0,0.0,0.8009,83,432532443,150,174244,24542,156993,36
baseline_off,fight,0.0,0.0,fight,2.0,0.0,0.8052,84,432541172,145,88177,24546,156987,4
baseline_off,fight,0.0,0.0,fight,2.0,0.0,0.822,85,432550805,145,155806,24581,156981,4
baseline_off,fight,0.0,0.0,fight,2.0,0.0,0.8294,86,432561164,145,32978,24577,156961,4
baseline_off,fight,0.0,0.0,fight,2.0,0.0,0.8399,87,432572411,144,61037,24583,156983,4
baseline_off,fight,0.0,0.0,fight,2.0,0.0,0.8483,88,432582888,146,114883,24587,156990,4
baseline_off,fight,0.0,0.0,fight,2.0,0.0,0.8589,89,432593788,146,83702,24584,157016,4
baseline_off,fight,0.0,0.0,fight,2.0,0.0,0.8757,90,432604619,145,40498,24587,157052,4
baseline_off,fight,0.0,0.0,fight,2.0,0.0,0.8842,91,432614998,144,77799,24545,157002,4
baseline_off,fight,0.0,0.0,fight,2.0,0.0,0.8895,92,432624132,145,60547,24505,156989,4
baseline_off,fight,0.0,0.0,fight,2.0,0.0,0.9052,93,432636209,144,72704,24546,156995,4
baseline_off,fight,0.0,0.0,fight,2.0,0.0,0.9105,94,432644831,145,125535,24556,157031,4
baseline_off,fight,0.0,0.0,fight,2.0,0.0,0.9263,95,432657472,141,76036,24552,157018,4
baseline_off,fight,0.0,0.0,fight,2.0,0.0,0.9337,96,432668168,147,167215,24581,157008,36
baseline_off,fight,0.0,0.0,fight,2.0,0.0,0.9442,97,432678827,144,94953,24510,157031,4
baseline_off,fight,0.0,0.0,fight,2.0,0.0,0.9611,98,432689643,144,49603,24548,156999,4
baseline_off,fight,0.0,0.0,fight,2.0,0.0,0.9779,99,432699994,145,81913,24590,157037,4
baseline_off,fight,0.0,0.0,fight,2.0,0.0,0.9853,100,432708805,144,166564,24587,157026,36
baseline_off,fight,0.0,0.0,fight,2.0,0.0,1.0,101,432722120,144,74668,24586,157035,4
baseline_off,fight,0.0,0.0,fight,2.0,0.0,1.018,102,432729940,143,147980,24551,157023,4
baseline_off,fight,0.0,0.0,fight,2.0,0.0,1.0402,103,432743707,145,132831,24590,157030,4
baseline_off,fight,0.0,0.0,fight,2.0,0.0,1.0433,104,432761242,150,129932,24550,157056,4
baseline_off,fight,0.0,0.0,fight,2.0,0.0,1.0455,105,432762189,142,133818,24552,157039,0
baseline_off,fight,0.0,0.0,fight,2.0,0.0,1.0539,106,432786538,145,33387,24585,157037,4
baseline_off,fight,0.0,0.0,fight,2.0,0.0,1.0561,107,432787491,144,38398,24552,157013,0
baseline_off,fight,0.0,0.0,fight,2.0,0.0,1.0719,108,432795010,145,60280,24549,157049,4
baseline_off,fight,0.0,0.0,fight,2.0,0.0,1.0887,109,432809203,144,117542,24587,157044,4
baseline_off,fight,0.0,0.0,fight,2.0,0.0,1.0887,110,432810158,145,122943,24588,157032,0
baseline_off,fight,0.0,0.0,fight,2.0,0.0,1.0887,111,432811102,143,126397,24593,157038,0
baseline_off,fight,0.0,0.0,fight,2.0,0.0,1.0909,112,432813953,144,139810,24553,157037,4
baseline_off,fight,0.0,0.0,fight,2.0,0.0,1.0909,113,432813986,144,145379,24553,157037,8
baseline_off,fight,0.0,0.0,fight,2.0,0.0,1.0962,114,432815694,145,121664,24591,157060,4
baseline_off,fight,0.0,0.0,fight,2.0,0.0,1.0962,115,432821176,145,111505,24549,157035,4
baseline_off,fight,0.0,0.0,fight,2.0,0.0,1.1046,116,432836624,145,68182,24588,157026,4
baseline_off,fight,0.0,0.0,fight,2.0,0.0,1.1067,117,432837570,150,71876,24552,157038,0
baseline_off,fight,0.0,0.0,fight,2.0,0.0,1.112,118,432846665,135,47737,24621,157015,4
baseline_off,fight,0.0,0.0,fight,2.0,0.0,1.1215,119,432856151,141,90024,24585,157017,4
baseline_off,fight,0.0,0.0,fight,2.0,0.0,1.1384,120,432867127,153,71562,24591,157035,4
baseline_off,fight,0.0,0.0,fight,2.0,0.0,1.1458,121,432877530,144,112790,24628,157029,4
baseline_off,fight,0.0,0.0,fight,2.0,0.0,1.1542,122,432888795,145,143453,24506,157009,4
baseline_off,fight,0.0,0.0,fight,2.0,0.0,1.169,123,432900089,147,179288,24545,156999,36
baseline_off,fight,0.0,0.0,fight,2.0,0.0,1.1764,124,432910787,144,113587,24629,157050,4
baseline_off,fight,0.0,0.0,fight,2.0,0.0,1.188,125,432921440,145,40319,24590,157022,4
baseline_off,fight,0.0,0.0,fight,2.0,0.0,1.2038,126,432932261,143,152779,24588,157031,4
baseline_off,fight,0.0,0.0,fight,2.0,0.0,1.2112,127,432942612,145,28212,24548,156990,4
baseline_off,fight,0.0,0.0,fight,2.0,0.0,1.2177,0,432951751,145,168957,24582,156987,36
baseline_off,fight,0.0,0.0,fight,2.0,0.0,1.2346,1,432963854,153,28388,24587,157021,4
baseline_off,fight,0.0,0.0,fight,2.0,0.0,1.2399,2,432972498,144,84423,24587,157038,4
baseline_off,fight,0.0,0.0,fight,2.0,0.0,1.2483,3,432983315,145,38878,24551,157028,4
baseline_off,fight,0.0,0.0,fight,2.0,0.0,1.2599,4,432993969,144,122733,24549,157025,4
baseline_off,fight,0.0,0.0,fight,2.0,0.0,1.2758,5,433004790,144,77873,24587,157024,4
baseline_off,fight,0.0,0.0,fight,2.0,0.0,1.2842,6,433015139,144,110133,24582,157003,4
baseline_off,fight,0.0,0.0,fight,2.0,0.0,1.2916,7,433026377,145,136436,24582,156982,4
baseline_off,fight,0.0,0.0,fight,2.0,0.0,1.3084,8,433037288,144,107197,24541,156991,4
baseline_off,fight,0.0,0.0,fight,2.0,0.0,1.3158,9,433047638,145,139710,24580,156972,4
baseline_off,fight,0.0,0.0,fight,2.0,0.0,1.3242,10,433056789,144,125422,24542,156981,4
baseline_off,fight,0.0,0.0,fight,2.0,0.0,1.3401,11,433068900,144,143083,24555,157044,4
baseline_off,fight,0.0,0.0,fight,2.0,0.0,1.3443,12,433077522,144,38515,24548,157008,4
baseline_off,fight,0.0,0.0,fight,2.0,0.0,1.3559,13,433088362,145,154254,24590,157030,4
baseline_off,fight,0.0,0.0,fight,2.0,0.0,1.3643,14,433099015,145,80757,24590,157034,4
baseline_off,fight,0.0,0.0,fight,2.0,0.0,1.3759,15,433109842,145,36908,24589,157032,4
baseline_off,fight,0.0,0.0,fight,2.0,0.0,1.3865,16,433120361,144,98212,24582,156993,4
baseline_off,fight,0.0,0.0,fight,2.0,0.0,1.396,17,433131116,149,42585,24580,157007,4
baseline_off,fight,0.0,0.0,fight,2.0,0.0,1.4139,18,433142322,145,63590,24549,157008,4
baseline_off,fight,0.0,0.0,fight,2.0,0.0,1.4212,19,433152673,145,96169,24543,156975,4
baseline_off,fight,0.0,0.0,fight,2.0,0.0,1.4286,20,433161771,144,72640,24545,157016,4
baseline_off,fight,0.0,0.0,fight,2.0,0.0,1.4423,21,433173945,150,101092,24542,157004,4
baseline_off,fight,0.0,0.0,fight,2.0,0.0,1.4507,22,433184668,145,39825,24542,156988,4
baseline_off,fight,0.0,0.0,fight,2.0,0.0,1.4633,23,433195303,142,120746,24551,157028,4
baseline_off,fight,0.0,0.0,fight,2.0,0.0,1.4718,24,433205236,145,82146,24583,157033,4
baseline_off,fight,0.0,0.0,fight,2.0,0.0,1.4823,25,433216096,145,43846,24515,157049,4
baseline_off,fight,0.0,0.0,fight,2.0,0.0,1.4918,26,433226678,149,115455,24584,157034,4
baseline_off,fight,0.0,0.0,fight,2.0,0.0,1.5023,27,433236537,144,64232,24544,156996,4
baseline_off,fight,0.0,0.0,fight,2.0,0.0,1.5192,28,433247384,146,180996,24581,157003,36
baseline_off,fight,0.0,0.0,fight,2.0,0.0,1.5255,29,433257749,145,59029,24581,157008,4
baseline_off,fight,0.0,0.0,fight,2.0,0.0,1.5339,30,433267112,144,80720,24585,157009,4
baseline_off,fight,0.0,0.0,fight,2.0,0.0,1.5476,31,433278993,145,59212,24548,157023,4
baseline_off,fight,0.0,0.0,fight,2.0,0.0,1.5582,32,433291597,143,160739,24554,157019,36
baseline_off,fight,0.0,0.0,fight,2.0,0.0,1.5803,33,433304068,144,82484,24585,157002,4
baseline_off,fight,0.0,0.0,fight,2.0,0.0,1.5803,34,433305022,143,87725,24552,157009,0
baseline_off,fight,0.0,0.0,fight,2.0,0.0,1.5835,35,433305967,140,91282,24584,157028,0
baseline_off,fight,0.0,0.0,fight,2.0,0.0,1.5835,36,433308817,144,104843,24585,157006,4
baseline_off,fight,0.0,0.0,fight,2.0,0.0,1.5888,37,433309246,144,177655,24585,157017,32
baseline_off,fight,0.0,0.0,fight,2.0,0.0,1.592,38,433310901,144,145022,24544,157006,0
baseline_off,fight,0.0,0.0,fight,2.0,0.0,1.592,39,433316384,145,135070,24586,157002,4
baseline_off,fight,0.0,0.0,fight,2.0,0.0,1.6014,40,433330583,145,36705,24586,157010,4
baseline_off,fight,0.0,0.0,fight,2.0,0.0,1.6036,41,433332397,140,31087,24579,156987,4
baseline_off,fight,0.0,0.0,fight,2.0,0.0,1.6099,42,433342608,145,40145,24614,156971,4
baseline_off,fight,0.0,0.0,fight,2.0,0.0,1.6183,43,433352740,145,35656,24539,156963,4
baseline_off,fight,0.0,0.0,fight,2.0,0.0,1.6352,44,433364007,145,67061,24582,156993,4
baseline_off,fight,0.0,0.0,fight,2.0,0.0,1.6395,45,433372650,146,123342,24588,157006,4
baseline_off,fight,0.0,0.0,fight,2.0,0.0,1.65,46,433383488,145,81457,24543,157017,4
baseline_off,fight,0.0,0.0,fight,2.0,0.0,1.6595,47,433394136,145,164424,24544,157003,36
baseline_off,fight,0.0,0.0,fight,2.0,0.0,1.6701,48,433404958,142,120245,24584,156994,4
baseline_off,fight,0.0,0.0,fight,2.0,0.0,1.6869,49,433416143,142,137525,24548,157032,4
baseline_off,fight,0.0,0.0,fight,2.0,0.0,1.6943,50,433426519,151,174477,24543,156991,36
baseline_off,fight,0.0,0.0,fight,2.0,0.0,1.7006,51,433435935,145,48117,24583,156996,4
baseline_off,fight,0.0,0.0,fight,2.0,0.0,1.7154,52,433447819,145,27137,24559,157048,4
baseline_off,fight,0.0,0.0,fight,2.0,0.0,1.726,53,433460418,145,127670,24585,157020,4
baseline_off,fight,0.0,0.0,fight,2.0,0.0,1.7419,54,433471227,145,80782,24581,157010,4
baseline_off,fight,0.0,0.0,fight,2.0,0.0,1.7503,55,433481596,146,116256,24590,157023,4
baseline_off,fight,0.0,0.0,fight,2.0,0.0,1.7587,56,433490498,145,59539,24582,156988,4
baseline_off,fight,0.0,0.0,fight,2.0,0.0,1.7651,57,433499955,144,97284,24578,156965,4
baseline_off,fight,0.0,0.0,fight,2.0,0.0,1.7777,58,433510128,147,99876,24579,156969,4
baseline_off,fight,0.0,0.0,fight,2.0,0.0,1.7883,59,433521696,142,25361,24542,157023,4
baseline_off,fight,0.0,0.0,fight,2.0,0.0,1.8041,60,433532515,143,137346,24584,157009,4
baseline_off,fight,0.0,0.0,fight,2.0,0.0,1.822,61,433542862,145,169081,24554,157048,36
baseline_off,fight,0.0,0.0,fight,2.0,0.0,1.8378,62,433567289,145,81889,24589,157029,4
baseline_off,fight,0.0,0.0,fight,2.0,0.0,1.8378,63,433568243,144,87017,24545,157018,0
baseline_off,fight,0.0,0.0,fight,2.0,0.0,1.8536,64,433581337,145,114750,24587,157031,4
baseline_off,fight,0.0,0.0,fight,2.0,0.0,1.8683,65,433583465,143,162391,24545,157013,36
baseline_off,fight,0.0,0.0,fight,2.0,0.0,1.8705,66,433597869,144,98312,24593,157065,4
baseline_off,fight,0.0,0.0,fight,2.0,0.0,1.8757,67,433612748,147,115103,24552,157039,4
baseline_off,fight,0.0,0.0,fight,2.0,0.0,1.881,68,433615464,140,105771,24552,157039,4
baseline_off,fight,0.0,0.0,fight,2.0,0.0,1.8928,69,433626618,144,117397,24553,157056,4
baseline_off,fight,0.0,0.0,fight,2.0,0.0,1.9045,70,433637539,144,89510,24549,157029,4
baseline_off,fight,0.0,0.0,fight,2.0,0.0,1.9203,71,433648724,145,106890,24618,156989,4
baseline_off,fight,0.0,0.0,fight,2.0,0.0,1.9256,72,433659116,143,146267,24591,157045,4
baseline_off,fight,0.0,0.0,fight,2.0,0.0,1.9361,73,433670397,145,179671,24547,157016,36
baseline_off,fight,0.0,0.0,fight,2.0,0.0,1.953,74,433681284,145,146294,24547,156993,4
baseline_off,fight,0.0,0.0,fight,2.0,0.0,1.9635,75,433691649,144,181052,24591,157023,36
baseline_off,fight,0.0,0.0,fight,2.0,0.0,1.9688,76,433701058,144,53555,24510,157001,4
baseline_off,fight,0.0,0.0,fight,2.0,0.0,1.9793,77,433711891,144,168045,24552,157055,36
baseline_off,fight,0.0,0.0,fight,2.0,0.0,1.9878,78,433723025,144,176634,24583,156994,36
baseline_off,fight,0.0,0.0,fight,2.0,0.0,1.9983,79,433733837,149,130607,24551,157034,4
baseline_off,fight,0.0,0.0,fight,2.0,0.0,2.0078,80,433743053,145,126928,24587,157038,4
baseline_off,fight,0.0,0.0,fight,2.0,0.0,2.0247,81,433753869,144,81488,24587,157036,4
baseline_off,fight,0.0,0.0,fight,2.0,0.0,2.0321,82,433764212,144,112530,24587,157037,4
baseline_off,fight,0.0,0.0,fight,2.0,0.0,2.0384,83,433773574,144,133760,24549,157012,4
baseline_off,fight,0.0,0.0,fight,2.0,0.0,2.0542,84,433785443,145,109927,24590,157044,4
baseline_off,fight,0.0,0.0,fight,2.0,0.0,2.0722,85,433799199,145,92810,24552,157034,4
baseline_off,fight,0.0,0.0,fight,2.0,0.0,2.0796,86,433804589,145,66805,24550,157034,4
baseline_off,fight,0.0,0.0,fight,2.0,0.0,2.0796,87,433805703,145,99083,24546,157030,0
baseline_off,fight,0.0,0.0,fight,2.0,0.0,2.0859,88,433806941,143,152488,24546,157027,0
baseline_off,fight,0.0,0.0,fight,2.0,0.0,2.0859,89,433808202,144,52933,24586,157009,4
baseline_off,fight,0.0,0.0,fight,2.0,0.0,2.088,90,433809332,148,87929,24587,157012,0
baseline_off,fight,0.0,0.0,fight,2.0,0.0,2.0902,91,433814814,144,77906,24548,157018,4
baseline_off,fight,0.0,0.0,fight,2.0,0.0,2.0977,92,433829718,144,99332,24592,157048,4
baseline_off,fight,0.0,0.0,fight,2.0,0.0,2.0998,93,433830664,145,102959,24585,157053,0
baseline_off,fight,0.0,0.0,fight,2.0,0.0,2.1041,94,433839966,148,114144,24551,157004,4
baseline_off,fight,0.0,0.0,fight,2.0,0.0,2.1136,95,433849443,144,154919,24550,157030,4
baseline_off,fight,0.0,0.0,fight,2.0,0.0,2.1283,96,433860177,145,95524,24577,157002,4
baseline_off,fight,0.0,0.0,fight,2.0,0.0,2.1379,97,433870530,144,128324,24544,156997,4
baseline_off,fight,0.0,0.0,fight,2.0,0.0,2.1473,98,433881851,147,168954,24622,157013,36
baseline_off,fight,0.0,0.0,fight,2.0,0.0,2.1642,99,433892688,144,127282,24542,156980,4
baseline_off,fight,0.0,0.0,fight,2.0,0.0,2.1716,100,433903032,144,158972,24580,156988,36
baseline_off,fight,0.0,0.0,fight,2.0,0.0,2.179,101,433912192,144,146126,24580,156969,4
baseline_off,fight,0.0,0.0,fight,2.0,0.0,2.1896,102,433924114,144,132008,24545,157012,4
baseline_off,fight,0.0,0.0,fight,2.0,0.0,2.2065,103,433936838,144,96969,24546,157002,4
baseline_off,fight,0.0,0.0,fight,2.0,0.0,2.2117,104,433945366,147,133656,24586,157024,4
baseline_off,fight,0.0,0.0,fight,2.0,0.0,2.2181,105,433954984,151,41470,24540,157011,4
baseline_off,fight,0.0,0.0,fight,2.0,0.0,2.2319,106,433965148,151,42366,24589,157038,4
baseline_off,fight,0.0,0.0,fight,2.0,0.0,2.2403,107,433975656,148,101274,24590,157036,4
baseline_off,fight,0.0,0.0,fight,2.0,0.0,2.2572,108,433986473,146,55950,24547,157013,4
baseline_off,fight,0.0,0.0,fight,2.0,0.0,2.2689,109,433996877,145,97517,24549,157015,4
baseline_off,fight,0.0,0.0,fight,2.0,0.0,2.271,110,434006195,146,111448,24589,157005,4
baseline_off,fight,0.0,0.0,fight,2.0,0.0,2.2837,111,434017055,145,73710,24582,156996,4
baseline_off,fight,0.0,0.0,fight,2.0,0.0,2.2942,112,434028166,145,78358,24589,157003,4
baseline_off,fight,0.0,0.0,fight,2.0,0.0,2.3248,113,434038382,145,87734,24589,157025,4
baseline_off,fight,0.0,0.0,fight,2.0,0.0,2.3554,114,434071281,152,28249,24580,156998,4
baseline_off,fight,0.0,0.0,fight,2.0,0.0,2.3554,115,434072232,135,32860,24549,157006,0
baseline_off,fight,0.0,0.0,fight,2.0,0.0,2.3607,116,434087691,137,148613,24578,156991,4
baseline_off,fight,0.0,0.0,fight,2.0,0.0,2.3607,117,434088647,148,154108,24539,156975,0
baseline_off,fight,0.0,0.0,fight,2.0,0.0,2.3744,118,434102990,144,80515,24544,156990,4
baseline_off,fight,0.0,0.0,fight,2.0,0.0,2.3744,119,434103946,148,85942,24542,156992,0
baseline_off,fight,0.0,0.0,fight,2.0,0.0,2.3839,120,434114587,144,167446,24586,157024,36
baseline_off,fight,0.0,0.0,fight,2.0,0.0,2.3902,121,434123911,142,25426,24581,156990,4
baseline_off,fight,0.0,0.0,fight,2.0,0.0,2.3976,122,434133229,145,39620,24546,157014,4
baseline_off,fight,0.0,0.0,fight,2.0,0.0,2.4134,123,434144362,144,48235,24545,156991,4
baseline_off,fight,0.0,0.0,fight,2.0,0.0,2.4208,124,434155482,144,54516,24583,156993,4
baseline_off,fight,0.0,0.0,fight,2.0,0.0,2.4344,125,434166513,144,45719,24548,156979,4
baseline_off,fight,0.0,0.0,fight,2.0,0.0,2.444,126,434176895,144,83861,24588,157010,4
baseline_off,fight,0.0,0.0,fight,2.0,0.0,2.4535,127,434188217,144,124457,24587,157019,4
baseline_off,fight,0.0,0.0,fight,2.0,0.0,2.4703,0,434199057,145,83217,24622,157026,4
baseline_off,fight,0.0,0.0,fight,2.0,0.0,2.4787,1,434209562,145,142214,24581,156995,4
baseline_off,fight,0.0,0.0,fight,2.0,0.0,2.484,2,434218819,144,146194,24537,156985,4
baseline_off,fight,0.0,0.0,fight,2.0,0.0,2.4956,3,434229230,144,32238,24543,157001,4
baseline_off,fight,0.0,0.0,fight,2.0,0.0,2.5062,4,434240737,144,104205,24582,157018,4
baseline_off,fight,0.0,0.0,fight,2.0,0.0,2.523,5,434251578,145,62985,24577,156996,4
baseline_off,fight,0.0,0.0,fight,2.0,0.0,2.5293,6,434262022,143,111638,24580,156970,4
baseline_off,fight,0.0,0.0,fight,2.0,0.0,2.5377,7,434271258,145,111883,24621,156994,4
baseline_off,fight,0.0,0.0,fight,2.0,0.0,2.5503,8,434283158,145,93700,24590,157028,4
baseline_off,fight,0.0,0.0,fight,2.0,0.0,2.5577,9,434291974,146,179187,24587,157016,36
baseline_off,fight,0.0,0.0,fight,2.0,0.0,2.5904,10,434309649,144,43337,24550,157040,4
baseline_off,fight,0.0,0.0,fight,2.0,0.0,2.5904,11,434310602,138,48282,24590,157021,0
baseline_off,fight,0.0,0.0,fight,2.0,0.0,2.5904,12,434311552,144,52738,24593,157042,0
baseline_off,fight,0.0,0.0,fight,2.0,0.0,2.5936,13,434312501,149,57050,24626,157041,0
baseline_off,fight,0.0,0.0,fight,2.0,0.0,2.5936,14,434314919,145,153968,24591,157039,4
baseline_off,fight,0.0,0.0,fight,2.0,0.0,2.5957,15,434317523,145,125563,24626,157060,4
baseline_off,fight,0.0,0.0,fight,2.0,0.0,2.5989,16,434320393,144,142297,24594,157042,4
baseline_off,fight,0.0,0.0,fight,2.0,0.0,2.6021,17,434335744,145,82785,24581,156996,4
baseline_off,fight,0.0,0.0,fight,2.0,0.0,2.6052,18,434338211,145,31055,24585,157020,4
baseline_off,fight,0.0,0.0,fight,2.0,0.0,2.6105,19,434345771,143,60026,24555,157040,4
baseline_off,fight,0.0,0.0,fight,2.0,0.0,2.62,20,434354770,144,176612,24586,157015,36
baseline_off,fight,0.0,0.0,fight,2.0,0.0,2.6337,21,434365731,145,155664,24545,157021,4
baseline_off,fight,0.0,0.0,fight,2.0,0.0,2.6452,22,434378079,150,56595,24544,157015,4
baseline_off,fight,0.0,0.0,fight,2.0,0.0,2.6537,23,434389555,145,123354,24544,157001,4
baseline_off,fight,0.0,0.0,fight,2.0,0.0,2.6705,24,434400383,145,80084,24581,156989,4
baseline_off,fight,0.0,0.0,fight,2.0,0.0,2.68,25,434410743,145,114193,24588,156993,4
baseline_off,fight,0.0,0.0,fight,2.0,0.0,2.6895,26,434420583,145,59619,24585,157009,4
baseline_off,fight,0.0,0.0,fight,2.0,0.0,2.6947,27,434429901,144,73504,24547,157030,4
baseline_off,fight,0.0,0.0,fight,2.0,0.0,2.7042,28,434439087,145,64727,24548,157038,4
baseline_off,fight,0.0,0.0,fight,2.0,0.0,2.7169,29,434450302,147,87162,24587,157025,4
baseline_off,fight,0.0,0.0,fight,2.0,0.0,2.7254,30,434460842,144,151471,24551,157054,4
baseline_off,fight,0.0,0.0,fight,2.0,0.0,2.7422,31,434471671,145,108218,24546,157011,4
baseline_off,fight,0.0,0.0,fight,2.0,0.0,2.7496,32,434482020,145,140493,24545,157017,4
baseline_off,fight,0.0,0.0,fight,2.0,0.0,2.7581,33,434491350,144,156435,24585,156998,4
baseline_off,fight,0.0,0.0,fight,2.0,0.0,2.7676,34,434503260,144,139881,24584,157005,4
baseline_off,fight,0.0,0.0,fight,2.0,0.0,2.7792,35,434514184,144,112827,24550,157035,4
baseline_off,fight,0.0,0.0,fight,2.0,0.0,2.7907,36,434524725,146,177464,24588,157027,36
baseline_off,fight,0.0,0.0,fight,2.0,0.0,2.8012,37,434535862,144,29676,24546,157030,4
baseline_off,fight,0.0,0.0,fight,2.0,0.0,2.8139,38,434546695,146,144097,24586,156993,4
baseline_off,fight,0.0,0.0,fight,2.0,0.0,2.8223,39,434557180,145,42299,24588,157023,4
baseline_off,fight,0.0,0.0,fight,2.0,0.0,2.8339,40,434568375,145,61245,24590,157024,4
baseline_off,fight,0.0,0.0,fight,2.0,0.0,2.8497,41,434579209,145,175465,24553,157022,36
baseline_off,fight,0.0,0.0,fight,2.0,0.0,2.8592,42,434589543,145,48199,24585,156995,4
baseline_off,fight,0.0,0.0,fight,2.0,0.0,2.8666,43,434598480,145,154495,24587,157002,4
baseline_off,fight,0.0,0.0,fight,2.0,0.0,2.8739,44,434608141,145,69431,24551,157054,4
baseline_off,fight,0.0,0.0,fight,2.0,0.0,2.8887,45,434620789,145,177790,24592,157050,36
baseline_off,fight,0.0,0.0,fight,2.0,0.0,2.895,46,434629625,145,109186,24561,157079,4
baseline_off,fight,0.0,0.0,fight,2.0,0.0,2.9097,47,434642078,145,27641,24549,157034,4
baseline_off,fight,0.0,0.0,fight,2.0,0.0,2.9182,48,434650907,150,115381,24579,157014,4
baseline_off,fight,0.0,0.0,fight,2.0,0.0,2.9308,49,434663328,147,28487,24552,157068,4
baseline_off,fight,0.0,0.0,fight,2.0,0.0,2.9382,50,434672161,147,116499,24594,157082,4
baseline_off,fight,0.0,0.0,fight,2.0,0.0,2.9519,51,434684602,145,32284,24592,157059,4
baseline_off,fight,0.0,0.0,fight,2.0,0.0,2.9592,52,434693414,144,116693,24593,157071,4
baseline_off,fight,0.0,0.0,fight,2.0,0.0,2.975,53,434705856,138,32936,24589,157050,4
baseline_off,fight,0.0,0.0,fight,2.0,0.0,2.9813,54,434714676,144,119134,24553,157033,4
baseline_off,fight,0.0,0.0,fight,2.0,0.0,2.9919,55,434723941,145,123731,24585,157024,4
baseline_off,fight,0.0,0.0,fight,2.0,0.0,3.0013,56,434736969,145,140254,24584,156991,4
baseline_off,fight,0.0,0.0,fight,2.0,0.0,3.0192,57,434747934,142,119612,24589,157047,4
baseline_off,fight,0.0,0.0,fight,2.0,0.0,3.0256,58,434758350,144,162971,24587,157025,36
baseline_off,fight,0.0,0.0,fight,2.0,0.0,3.0393,59,434767333,141,119789,24592,157045,4
baseline_off,fight,0.0,0.0,fight,2.0,0.0,3.0456,60,434778358,146,109752,24580,157012,4
baseline_off,fight,0.0,0.0,fight,2.0,0.0,3.0541,61,434787593,143,109861,24588,156991,4
baseline_off,fight,0.0,0.0,fight,2.0,0.0,3.0741,62,434799673,136,121735,24547,157039,4
baseline_off,fight,0.0,0.0,fight,2.0,0.0,3.0846,63,434810553,151,87170,24627,157036,4
baseline_off,fight,0.0,0.0,fight,2.0,0.0,3.0899,64,434811506,145,92127,24587,157011,0
baseline_off,fight,0.0,0.0,fight,2.0,0.0,3.0899,65,434812457,145,96665,24582,157019,0
baseline_off,fight,0.0,0.0,fight,2.0,0.0,3.0899,66,434813402,144,100330,24552,157019,0
baseline_off,fight,0.0,0.0,fight,2.0,0.0,3.0941,67,434818428,145,169714,24590,157042,36
baseline_off,fight,0.0,0.0,fight,2.0,0.0,3.0994,68,434818462,145,175376,24590,157042,40
baseline_off,fight,0.0,0.0,fight,2.0,0.0,3.0994,69,434819676,137,67631,24594,157041,0
baseline_off,fight,0.0,0.0,fight,2.0,0.0,3.1026,70,434836901,144,169053,24553,157052,36
baseline_off,fight,0.0,0.0,fight,2.0,0.0,3.109,71,434842302,151,144736,24597,157077,4
baseline_off,fight,0.0,0.0,fight,2.0,0.0,3.1143,72,434849884,146,177486,24591,157041,36
baseline_off,fight,0.0,0.0,fight,2.0,0.0,3.128,73,434860377,146,76641,24593,157048,4
baseline_off,fight,0.0,0.0,fight,2.0,0.0,3.1438,74,434872074,145,180480,24585,157017,36
baseline_off,fight,0.0,0.0,fight,2.0,0.0,3.1534,75,434888345,141,120045,24589,157047,4
baseline_off,fight,0.0,0.0,fight,2.0,0.0,3.1597,76,434891473,145,180713,24589,157043,36
baseline_off,fight,0.0,0.0,fight,2.0,0.0,3.1776,77,434903545,145,34302,24593,157069,4
baseline_off,fight,0.0,0.0,fight,2.0,0.0,3.1882,78,434920876,144,153943,24587,157032,4
baseline_off,fight,0.0,0.0,fight,2.0,0.0,3.1903,79,434923996,146,56284,24585,156995,4
baseline_off,fight,0.0,0.0,fight,2.0,0.0,3.2019,80,434935630,138,149921,24585,157019,4
baseline_off,fight,0.0,0.0,fight,2.0,0.0,3.2114,81,434947333,145,98253,24586,157000,4
baseline_off,fight,0.0,0.0,fight,2.0,0.0,3.2283,82,434958164,148,55215,24591,157044,4
baseline_off,fight,0.0,0.0,fight,2.0,0.0,3.2357,83,434968599,144,101909,24551,157021,4
baseline_off,fight,0.0,0.0,fight,2.0,0.0,3.2441,84,434977854,138,104949,24593,157021,4
baseline_off,fight,0.0,0.0,fight,2.0,0.0,3.2578,85,434989767,146,88510,24595,157034,4
baseline_off,fight,0.0,0.0,fight,2.0,0.0,3.2642,86,434998600,142,176664,24546,157042,36
baseline_off,fight,0.0,0.0,fight,2.0,0.0,3.2831,87,435011684,145,45286,24546,156997,4
baseline_off,fight,0.0,0.0,fight,2.0,0.0,3.2863,88,435020423,145,117830,24544,157012,4
baseline_off,fight,0.0,0.0,fight,2.0,0.0,3.2979,89,435031335,145,88437,24551,157028,4
baseline_off,fight,0.0,0.0,fight,2.0,0.0,3.3137,90,435043321,144,84537,24546,157024,4
baseline_off,fight,0.0,0.0,fight,2.0,0.0,3.32,91,435052133,143,169448,24586,157007,36
baseline_off,fight,0.0,0.0,fight,2.0,0.0,3.3273,92,435063152,144,158512,24585,156991,36
baseline_off,fight,0.0,0.0,fight,2.0,0.0,3.3379,93,435073746,145,75269,24588,157013,4
baseline_off,fight,0.0,0.0,fight,2.0,0.0,3.3547,94,435084499,146,175763,24552,157062,36
baseline_off,fight,0.0,0.0,fight,2.0,0.0,3.3611,95,435095022,145,80097,24549,157025,4
baseline_off,fight,0.0,0.0,fight,2.0,0.0,3.3653,96,435103813,145,161076,24596,157078,36
baseline_off,fight,0.0,0.0,fight,2.0,0.0,3.3822,97,435115115,145,40584,24600,157100,4
baseline_off,fight,0.0,0.0,fight,2.0,0.0,3.3927,98,435127443,143,94327,24592,157058,4
baseline_off,fight,0.0,0.0,fight,2.0,0.0,3.4085,99,435138294,145,54071,24595,157062,4
baseline_off,fight,0.0,0.0,fight,2.0,0.0,3.418,100,435148915,145,132046,24587,157024,4
baseline_off,fight,0.0,0.0,fight,2.0,0.0,3.4233,101,435157984,144,103441,24553,157058,4
baseline_off,fight,0.0,0.0,fight,2.0,0.0,3.4317,102,435167411,139,135454,24589,157038,4
baseline_off,fight,0.0,0.0,fight,2.0,0.0,3.4433,103,435178281,145,98654,24631,157067,4
baseline_off,fight,0.0,0.0,fight,2.0,0.0,3.4602,104,435189488,143,119093,24593,157067,4
baseline_off,fight,0.0,0.0,fight,2.0,0.0,3.4665,105,435199883,147,158759,24590,157053,36
baseline_off,fight,0.0,0.0,fight,2.0,0.0,3.4739,106,435209193,145,171066,24590,157048,36
baseline_off,fight,0.0,0.0,fight,2.0,0.0,3.4887,107,435221168,145,165213,24556,157054,36
baseline_off,fight,0.0,0.0,fight,2.0,0.0,3.4951,108,435230013,144,98470,24550,157029,4
baseline_off,fight,0.0,0.0,fight,2.0,0.0,3.5098,109,435242431,145,168003,24589,157047,36
baseline_off,fight,0.0,0.0,fight,2.0,0.0,3.5183,110,435251253,145,97275,24548,157034,4
baseline_off,fight,0.0,0.0,fight,2.0,0.0,3.531,111,435263681,144,168716,24589,157044,36
baseline_off,fight,0.0,0.0,fight,2.0,0.0,3.5374,112,435272526,145,101908,24588,157028,4
baseline_off,fight,0.0,0.0,fight,2.0,0.0,3.5521,113,435284954,145,173329,24558,157041,36
baseline_off,fight,0.0,0.0,fight,2.0,0.0,3.5585,114,435293789,139,104850,24545,157015,4
baseline_off,fight,0.0,0.0,fight,2.0,0.0,3.5881,115,435311448,145,122983,24587,157038,4
baseline_off,fight,0.0,0.0,fight,2.0,0.0,3.5881,116,435312400,144,127921,24585,157019,0
baseline_off,fight,0.0,0.0,fight,2.0,0.0,3.5902,117,435313351,146,132505,24585,157017,0
baseline_off,fight,0.0,0.0,fight,2.0,0.0,3.5902,118,435314302,145,137177,24549,156999,0
baseline_off,fight,0.0,0.0,fight,2.0,0.0,3.5955,119,435319321,145,48191,24597,157073,4
baseline_off,fight,0.0,0.0,fight,2.0,0.0,3.5976,120,435319355,145,53853,24597,157073,8
baseline_off,fight,0.0,0.0,fight,2.0,0.0,3.5976,121,435320542,145,98593,24596,157069,0
baseline_off,fight,0.0,0.0,fight,2.0,0.0,3.6082,122,435339028,148,100391,24586,157038,4
baseline_off,fight,0.0,0.0,fight,2.0,0.0,3.6082,123,435339981,145,105342,24552,157058,0
baseline_off,fight,0.0,0.0,fight,2.0,0.0,3.625,124,435349125,143,89515,24547,157016,4
baseline_off,fight,0.0,0.0,fight,2.0,0.0,3.6429,125,435357846,145,158785,24546,157024,36
baseline_off,fight,0.0,0.0,fight,2.0,0.0,3.6587,126,435369827,143,154531,24586,156998,4
baseline_off,fight,0.0,0.0,fight,2.0,0.0,3.6756,127,435389358,145,177943,24541,156974,36
baseline_off,fight,0.0,0.0,fight,2.0,0.0,3.6788,0,435405874,151,160029,24579,156973,36
baseline_off,fight,0.0,0.0,fight,2.0,0.0,3.6809,1,435406815,144,163137,24573,156958,32
baseline_off,fight,0.0,0.0,fight,2.0,0.0,3.6893,2,435421175,145,92342,24589,157022,4
baseline_off,fight,0.0,0.0,fight,2.0,0.0,3.6915,3,435422121,144,96080,24587,157025,0
baseline_off,fight,0.0,0.0,fight,2.0,0.0,3.6968,4,435431805,145,172239,24590,157012,36
baseline_off,fight,0.0,0.0,fight,2.0,0.0,3.7052,5,435441548,143,101316,24584,157010,4
baseline_off,fight,0.0,0.0,fight,2.0,0.0,3.7211,6,435452532,144,84519,24583,157001,4
baseline_off,fight,0.0,0.0,fight,2.0,0.0,3.7309,7,435465121,145,26869,24545,156988,4
baseline_off,fight,0.0,0.0,fight,2.0,0.0,3.7404,8,435476357,144,53184,24578,156966,4
baseline_off,fight,0.0,0.0,fight,2.0,0.0,3.7532,9,435487204,144,170183,24582,156987,36
baseline_off,fight,0.0,0.0,fight,2.0,0.0,3.7617,10,435497724,145,74472,24596,157053,4
baseline_off,fight,0.0,0.0,fight,2.0,0.0,3.7786,11,435508469,151,173810,24547,157004,36
baseline_off,fight,0.0,0.0,fight,2.0,0.0,3.7892,12,435518897,139,62303,24545,157026,4
baseline_off,fight,0.0,0.0,fight,2.0,0.0,3.7956,13,435527795,146,161900,24588,157007,36
baseline_off,fight,0.0,0.0,fight,2.0,0.0,3.8041,14,435537443,139,75052,24546,157018,4
baseline_off,fight,0.0,0.0,fight,2.0,0.0,3.8179,15,435550048,143,176620,24550,157028,36
baseline_off,fight,0.0,0.0,fight,2.0,0.0,3.8243,16,435558873,144,106728,24542,156974,4
baseline_off,fight,0.0,0.0,fight,2.0,0.0,3.8391,17,435571324,144,25784,24546,157014,4
baseline_off,fight,0.0,0.0,fight,2.0,0.0,3.8444,18,435580145,145,112415,24581,156980,4
baseline_off,fight,0.0,0.0,fight,2.0,0.0,3.8603,19,435592578,151,28008,24583,157012,4
baseline_off,fight,0.0,0.0,fight,2.0,0.0,3.8635,20,435601365,144,109002,24541,156982,4
baseline_off,fight,0.0,0.0,fight,2.0,0.0,3.8773,21,435611594,139,120963,24584,157018,4
baseline_off,fight,0.0,0.0,fight,2.0,0.0,3.89,22,435623935,145,177949,24583,156994,36
baseline_off,fight,0.0,0.0,fight,2.0,0.0,3.9006,23,435634006,144,163052,24580,156985,36
baseline_off,fight,0.0,0.0,fight,2.0,0.0,3.9133,24,435646436,145,78265,24542,156967,4
baseline_off,fight,0.0,0.0,fight,2.0,0.0,3.9239,25,435658669,144,117019,24539,156989,4
baseline_off,fight,0.0,0.0,fight,2.0,0.0,3.9303,26,435665430,144,167626,24502,156961,36
baseline_off,fight,0.0,0.0,fight,2.0,0.0,3.9399,27,435674951,147,59461,24575,156960,4
baseline_off,fight,0.0,0.0,fight,2.0,0.0,3.9536,28,435686324,144,109346,24539,156948,4
baseline_off,fight,0.0,0.0,fight,2.0,0.0,3.9642,29,435698952,145,58255,24580,156977,4
baseline_off,fight,0.0,0.0,fight,2.0,0.0,3.9801,30,435709788,151,173593,24584,157019,36
baseline_off,fight,0.0,0.0,fight,2.0,0.0,3.9854,31,435721081,145,52477,24578,156982,4
baseline_off,fight,0.0,0.0,fight,2.0,0.0,3.9939,32,435730211,144,34874,24576,156939,4
baseline_off,fight,0.0,0.0,fight,2.0,0.0,4.0109,33,435741042,139,149537,24538,156963,4
baseline_off,fight,0.0,0.0,fight,2.0,0.0,4.0226,34,435751536,145,49704,24541,156961,4
baseline_off,fight,0.0,0.0,fight,2.0,0.0,4.0248,35,435760762,144,48552,24573,156971,4
baseline_off,fight,0.0,0.0,fight,2.0,0.0,4.0364,36,435772185,144,106809,24545,156982,4
baseline_off,fight,0.0,0.0,fight,2.0,0.0,4.0481,37,435782815,147,30111,24538,156973,4
baseline_off,fight,0.0,0.0,fight,2.0,0.0,4.0609,38,435793554,144,128802,24582,156990,4
baseline_off,fight,0.0,0.0,fight,2.0,0.0,4.0736,39,435804047,144,29098,24575,156947,4
baseline_off,fight,0.0,0.0,fight,2.0,0.0,4.0842,40,435810659,144,54217,24577,156975,4
baseline_off,fight,0.0,0.0,fight,2.0,0.0,4.0842,41,435811614,144,59572,24582,156973,0
baseline_off,fight,0.0,0.0,fight,2.0,0.0,4.0885,42,435812558,145,63138,24582,156985,0
baseline_off,fight,0.0,0.0,fight,2.0,0.0,4.0885,43,435813507,145,67475,24547,157006,0
baseline_off,fight,0.0,0.0,fight,2.0,0.0,4.0949,44,435815410,139,77072,24541,156963,4
baseline_off,fight,0.0,0.0,fight,2.0,0.0,4.0949,45,435817756,144,161837,24545,156995,36
baseline_off,fight,0.0,0.0,fight,2.0,0.0,4.1002,46,435834040,145,104446,24543,156979,4
baseline_off,fight,0.0,0.0,fight,2.0,0.0,4.1054,47,435836819,138,106000,24583,156977,4
baseline_off,fight,0.0,0.0,fight,2.0,0.0,4.1117,48,435845098,152,100572,24544,156976,4
baseline_off,fight,0.0,0.0,fight,2.0,0.0,4.1212,49,435855813,145,38235,24628,157005,4
baseline_off,fight,0.0,0.0,fight,2.0,0.0,4.1319,50,435866479,145,124604,24541,156986,4
baseline_off,fight,0.0,0.0,fight,2.0,0.0,4.1414,51,435876598,145,117810,24583,157006,4
baseline_off,fight,0.0,0.0,fight,2.0,0.0,4.153,52,435887741,145,128259,24584,156993,4
baseline_off,fight,0.0,0.0,fight,2.0,0.0,4.1636,53,435898589,144,88216,24591,157025,4
baseline_off,fight,0.0,0.0,fight,2.0,0.0,4.1794,54,435909796,144,109029,24545,157020,4
baseline_off,fight,0.0,0.0,fight,2.0,0.0,4.191,55,435920197,144,149975,24552,157047,4
baseline_off,fight,0.0,0.0,fight,2.0,0.0,4.1942,56,435929542,145,168669,24620,156984,36
baseline_off,fight,0.0,0.0,fight,2.0,0.0,4.2058,57,435941013,145,77902,24587,156997,4
baseline_off,fight,0.0,0.0,fight,2.0,0.0,4.2153,58,435951227,144,87191,24553,157000,4
baseline_off,fight,0.0,0.0,fight,2.0,0.0,4.2301,59,435962672,140,148706,24587,157005,4
baseline_off,fight,0.0,0.0,fight,2.0,0.0,4.2396,60,435975282,143,94253,24546,157045,4
baseline_off,fight,0.0,0.0,fight,2.0,0.0,4.2565,61,435986122,145,52946,24585,156972,4
baseline_off,fight,0.0,0.0,fight,2.0,0.0,4.2649,62,435996640,145,114068,24585,157023,4
baseline_off,fight,0.0,0.0,fight,2.0,0.0,4.2712,63,436005479,141,46690,24576,156981,4
baseline_off,fight,0.0,0.0,fight,2.0,0.0,4.2786,64,436015009,144,96676,24554,157034,4
baseline_off,fight,0.0,0.0,fight,2.0,0.0,4.2923,65,436024991,143,66621,24537,156953,4
baseline_off,fight,0.0,0.0,fight,2.0,0.0,4.3018,66,436036562,137,149979,24547,156991,4
baseline_off,fight,0.0,0.0,fight,2.0,0.0,4.3144,67,436047401,145,109151,24578,156967,4
baseline_off,fight,0.0,0.0,fight,2.0,0.0,4.324,68,436057883,145,163885,24584,157004,36
baseline_off,fight,0.0,0.0,fight,2.0,0.0,4.3334,69,436069058,144,179799,24583,156994,36
baseline_off,fight,0.0,0.0,fight,2.0,0.0,4.3461,70,436079911,145,141128,24582,156972,4
baseline_off,fight,0.0,0.0,fight,2.0,0.0,4.3545,71,436090480,145,54093,24577,156985,4
baseline_off,fight,0.0,0.0,fight,2.0,0.0,4.364,72,436099568,144,29264,24569,156954,4
baseline_off,fight,0.0,0.0,fight,2.0,0.0,4.3777,73,436110056,144,85305,24538,156977,4
baseline_off,fight,0.0,0.0,fight,2.0,0.0,4.3862,74,436120934,145,50819,24585,157017,4
baseline_off,fight,0.0,0.0,fight,2.0,0.0,4.3969,75,436131589,139,135354,24577,156952,4
baseline_off,fight,0.0,0.0,fight,2.0,0.0,4.4063,76,436141679,145,123831,24543,156987,4
baseline_off,fight,0.0,0.0,fight,2.0,0.0,4.419,77,436151705,145,101407,24550,156988,4
baseline_off,fight,0.0,0.0,fight,2.0,0.0,4.4274,78,436162268,145,170197,24583,156999,36
baseline_off,fight,0.0,0.0,fight,2.0,0.0,4.438,79,436172841,146,83623,24540,156967,4
baseline_off,fight,0.0,0.0,fight,2.0,0.0,4.4474,80,436182943,145,74130,24547,156983,4
baseline_off,fight,0.0,0.0,fight,2.0,0.0,4.478,81,436193169,144,85680,24538,156980,4
baseline_off,fight,0.0,0.0,fight,2.0,0.0,4.4938,82,436206354,147,129241,24511,157011,4
baseline_off,fight,0.0,0.0,fight,2.0,0.0,4.5096,83,436222481,145,44962,24580,156987,4
baseline_off,fight,0.0,0.0,fight,2.0,0.0,4.5138,84,436225228,143,40996,24540,156981,4
baseline_off,fight,0.0,0.0,fight,2.0,0.0,4.5181,85,436238906,144,168401,24578,156967,36
baseline_off,fight,0.0,0.0,fight,2.0,0.0,4.5255,86,436256562,145,30199,24584,157000,4
baseline_off,fight,0.0,0.0,fight,2.0,0.0,4.5255,87,436257515,146,35241,24545,156993,0
baseline_off,fight,0.0,0.0,fight,2.0,0.0,4.5339,88,436269049,145,112329,24573,156948,4
baseline_off,fight,0.0,0.0,fight,2.0,0.0,4.5434,89,436278086,144,78868,24581,156971,4
baseline_off,fight,0.0,0.0,fight,2.0,0.0,4.5539,90,436290260,143,107959,24541,156958,4
baseline_off,fight,0.0,0.0,fight,2.0,0.0,4.5729,91,436301171,144,78864,24544,157011,4
baseline_off,fight,0.0,0.0,fight,2.0,0.0,4.575,92,436304486,144,171447,24545,156990,36
baseline_off,fight,0.0,0.0,fight,2.0,0.0,4.5908,93,436313238,144,89076,24588,157015,4
baseline_off,fight,0.0,0.0,fight,2.0,0.0,4.593,94,436314191,149,94091,24587,157021,0
baseline_off,fight,0.0,0.0,fight,2.0,0.0,4.593,95,436315141,145,98566,24582,157002,0
baseline_off,fight,0.0,0.0,fight,2.0,0.0,4.593,96,436316086,151,102359,24580,156984,0
baseline_off,fight,0.0,0.0,fight,2.0,0.0,4.5951,97,436318419,144,27947,24546,157001,4
baseline_off,fight,0.0,0.0,fight,2.0,0.0,4.5972,98,436321533,150,86053,24580,156988,4
baseline_off,fight,0.0,0.0,fight,2.0,0.0,4.6004,99,436337774,143,178441,24541,156973,36
baseline_off,fight,0.0,0.0,fight,2.0,0.0,4.612,100,436343152,145,150665,24586,157000,4
baseline_off,fight,0.0,0.0,fight,2.0,0.0,4.6194,101,436352782,139,60830,24587,157007,4
baseline_off,fight,0.0,0.0,fight,2.0,0.0,4.6278,102,436362156,146,84163,24548,157038,4
baseline_off,fight,0.0,0.0,fight,2.0,0.0,4.6383,103,436374068,145,68381,24545,157003,4
baseline_off,fight,0.0,0.0,fight,2.0,0.0,4.6552,104,436384930,141,30786,24577,156996,4
baseline_off,fight,0.0,0.0,fight,2.0,0.0,4.6615,105,436395323,151,70639,24582,157018,4
baseline_off,fight,0.0,0.0,fight,2.0,0.0,4.6689,106,436404612,145,79819,24542,156971,4
baseline_off,fight,0.0,0.0,fight,2.0,0.0,4.6837,107,436416578,145,72976,24587,157037,4
baseline_off,fight,0.0,0.0,fight,2.0,0.0,4.6921,108,436425403,152,160025,24549,157036,36
baseline_off,fight,0.0,0.0,fight,2.0,0.0,4.7089,109,436438810,145,83927,24543,157003,4
baseline_off,fight,0.0,0.0,fight,2.0,0.0,4.7164,110,436447855,145,51418,24582,157004,4
baseline_off,fight,0.0,0.0,fight,2.0,0.0,4.7238,111,436457571,145,133287,24579,156962,4
baseline_off,fight,0.0,0.0,fight,2.0,0.0,4.7375,112,436470347,144,107191,24583,157020,4
baseline_off,fight,0.0,0.0,fight,2.0,0.0,4.7439,113,436479177,145,38293,24544,157000,4
baseline_off,fight,0.0,0.0,fight,2.0,0.0,4.7554,114,436491602,146,109549,24581,156991,4
baseline_off,fight,0.0,0.0,fight,2.0,0.0,4.7733,115,436502493,145,77111,24547,157020,4
baseline_off,fight,0.0,0.0,fight,2.0,0.0,4.7807,116,436512917,144,121905,24546,157029,4
baseline_off,fight,0.0,0.0,fight,2.0,0.0,4.7902,117,436521839,145,68560,24502,156978,4
baseline_off,fight,0.0,0.0,fight,2.0,0.0,4.7976,118,436531556,145,150588,24584,156995,4
baseline_off,fight,0.0,0.0,fight,2.0,0.0,4.8112,119,436544124,146,88788,24591,157024,4
baseline_off,fight,0.0,0.0,fight,2.0,0.0,4.8186,120,436552929,146,172461,24544,156984,36
baseline_off,fight,0.0,0.0,fight,2.0,0.0,4.8323,121,436565410,144,96322,24588,156997,4
baseline_off,fight,0.0,0.0,fight,2.0,0.0,4.8386,122,436574212,144,179667,24583,157002,36
baseline_off,fight,0.0,0.0,fight,2.0,0.0,4.8533,123,436586650,144,96225,24542,156978,4
baseline_off,fight,0.0,0.0,fight,2.0,0.0,4.8597,124,436595477,145,27005,24545,156988,4
baseline_off,fight,0.0,0.0,fight,2.0,0.0,4.8744,125,436607901,145,98126,24550,157026,4
baseline_off,fight,0.0,0.0,fight,2.0,0.0,4.8807,126,436616743,145,31098,24582,157009,4
baseline_off,fight,0.0,0.0,fight,2.0,0.0,4.8954,127,436629178,145,104097,24582,156983,4
baseline_off,fight,0.0,0.0,fight,2.0,0.0,4.9018,0,436637998,138,33290,24550,157045,4
baseline_off,fight,0.0,0.0,fight,2.0,0.0,4.9123,1,436647202,151,27973,24578,156975,4
baseline_off,fight,0.0,0.0,fight,2.0,0.0,4.9218,2,436657771,145,97941,24589,157007,4
baseline_off,fight,0.0,0.0,fight,2.0,0.0,4.9471,3,436668797,144,88051,24553,157023,4
baseline_off,fight,0.0,0.0,fight,2.0,0.0,4.9713,4,436688621,145,161101,24587,157024,36
baseline_off,fight,0.0,0.0,fight,2.0,0.0,4.9734,5,436689574,145,166120,24588,157029,32
baseline_off,fight,0.0,0.0,fight,2.0,0.0,4.9797,6,436712429,146,126823,24583,156988,4
baseline_off,fight,0.0,0.0,fight,2.0,0.0,4.9829,7,436717801,145,98270,24579,156988,4
baseline_off,fight,0.0,0.0,fight,2.0,0.0,4.985,8,436720402,144,69352,24500,156982,4
baseline_off,fight,0.0,0.0,fight,2.0,0.0,4.9977,9,436731806,145,124386,24541,156989,4
baseline_off,fight,0.0,0.0,fight,2.0,0.0,5.0051,10,436742274,144,177123,24550,157003,36
baseline_off,fight,0.0,0.0,fight,2.0,0.0,5.0188,11,436752965,144,110684,24584,157002,4
baseline_off,fight,0.0,0.0,fight,2.0,0.0,5.0293,12,436765565,144,54614,24502,157004,4
baseline_off,fight,0.0,0.0,fight,2.0,0.0,5.0442,13,436776409,143,171141,24542,157002,36
baseline_off,fight,0.0,0.0,fight,2.0,0.0,5.0516,14,436787296,144,138157,24580,156991,4
baseline_off,fight,0.0,0.0,fight,2.0,0.0,5.0632,15,436798061,144,84108,24535,156977,4
baseline_off,fight,0.0,0.0,fight,2.0,0.0,5.0885,16,436815037,145,143867,24584,157021,4
baseline_off,fight,0.0,0.0,fight,2.0,0.0,5.0885,17,436815992,144,149124,24541,156996,0
baseline_off,fight,0.0,0.0,fight,2.0,0.0,5.0938,18,436816941,144,153530,24545,157007,0
baseline_off,fight,0.0,0.0,fight,2.0,0.0,5.0959,19,436817892,144,158239,24543,156988,36
baseline_off,fight,0.0,0.0,fight,2.0,0.0,5.0991,20,436820569,144,142348,24544,156976,4
baseline_off,fight,0.0,0.0,fight,2.0,0.0,5.0991,21,436822830,145,55712,24547,157013,4
baseline_off,fight,0.0,0.0,fight,2.0,0.0,5.1012,22,436828313,144,45795,24589,156999,4
baseline_off,fight,0.0,0.0,fight,2.0,0.0,5.1086,23,436842148,151,42339,24589,157034,4
baseline_off,fight,0.0,0.0,fight,2.0,0.0,5.1117,24,436843101,143,47269,24549,157024,0
baseline_off,fight,0.0,0.0,fight,2.0,0.0,5.116,25,436847732,144,49595,24587,157009,4
baseline_off,fight,0.0,0.0,fight,2.0,0.0,5.1234,26,436857980,145,64459,24589,157017,4
baseline_off,fight,0.0,0.0,fight,2.0,0.0,5.1403,27,436871184,145,111001,24545,157002,4
baseline_off,fight,0.0,0.0,fight,2.0,0.0,5.1456,28,436879920,144,26136,24582,156992,4
baseline_off,fight,0.0,0.0,fight,2.0,0.0,5.1583,29,436890822,145,152211,24586,157026,4
baseline_off,fight,0.0,0.0,fight,2.0,0.0,5.1646,30,436901620,144,103724,24545,156991,4
baseline_off,fight,0.0,0.0,fight,2.0,0.0,5.1794,31,436913041,144,161351,24540,156969,36
baseline_off,fight,0.0,0.0,fight,2.0,0.0,5.1878,32,436921843,145,87756,24582,157016,4
baseline_off,fight,0.0,0.0,fight,2.0,0.0,5.2005,33,436934293,145,163090,24584,157004,36
baseline_off,fight,0.0,0.0,fight,2.0,0.0,5.209,34,436943086,143,87848,24587,157031,4
baseline_off,fight,0.0,0.0,fight,2.0,0.0,5.2217,35,436955546,144,164679,24582,156987,36
baseline_off,fight,0.0,0.0,fight,2.0,0.0,5.2291,36,436964369,145,94469,24579,156998,4
baseline_off,fight,0.0,0.0,fight,2.0,0.0,5.2439,37,436976829,145,172025,24584,157000,36
baseline_off,fight,0.0,0.0,fight,2.0,0.0,5.2502,38,436985603,145,93651,24584,157004,4
baseline_off,fight,0.0,0.0,fight,2.0,0.0,5.265,39,436998075,145,172736,24549,157032,36
baseline_off,fight,0.0,0.0,fight,2.0,0.0,5.2703,40,437006920,136,106116,24549,157026,4
baseline_off,fight,0.0,0.0,fight,2.0,0.0,5.2861,41,437019336,146,175586,24555,157046,36
baseline_off,fight,0.0,0.0,fight,2.0,0.0,5.2936,42,437028141,145,102403,24543,156981,4
baseline_off,fight,0.0,0.0,fight,2.0,0.0,5.3083,43,437040589,145,177540,24592,157057,36
baseline_off,fight,0.0,0.0,fight,2.0,0.0,5.3136,44,437049392,144,103741,24593,157037,4
baseline_off,fight,0.0,0.0,fight,2.0,0.0,5.3283,45,437061867,144,26055,24582,157007,4
baseline_off,fight,0.0,0.0,fight,2.0,0.0,5.3347,46,437070687,145,112359,24550,157006,4
baseline_off,fight,0.0,0.0,fight,2.0,0.0,5.3494,47,437083118,149,27589,24587,157003,4
baseline_off,fight,0.0,0.0,fight,2.0,0.0,5.3579,48,437091959,145,117273,24584,157019,4
baseline_off,fight,0.0,0.0,fight,2.0,0.0,5.3706,49,437104381,141,30910,24550,157013,4
baseline_off,fight,0.0,0.0,fight,2.0,0.0,5.3791,50,437113182,144,113873,24582,156998,4
baseline_off,fight,0.0,0.0,fight,2.0,0.0,5.3917,51,437125632,135,32112,24586,157033,4
baseline_off,fight,0.0,0.0,fight,2.0,0.0,5.3991,52,437134476,145,122669,24578,156986,4
baseline_off,fight,0.0,0.0,fight,2.0,0.0,5.4096,53,437143689,144,118992,24585,157019,4
baseline_off,fight,0.0,0.0,fight,2.0,0.0,5.4191,54,437154139,144,168577,24577,156968,36
baseline_off,fight,0.0,0.0,fight,2.0,0.0,5.4318,55,437165659,151,85919,24580,156992,4
baseline_off,fight,0.0,0.0,fight,2.0,0.0,5.4423,56,437178261,144,30444,24582,156997,4
baseline_off,fight,0.0,0.0,fight,2.0,0.0,5.4592,57,437189093,152,145067,24578,156990,4
baseline_off,fight,0.0,0.0,fight,2.0,0.0,5.4677,58,437199607,145,48790,24573,156935,4
baseline_off,fight,0.0,0.0,fight,2.0,0.0,5.4762,59,437208430,144,135718,24544,156989,4
baseline_off,fight,0.0,0.0,fight,2.0,0.0,5.4836,60,437218015,144,38312,24542,156996,4
baseline_off,fight,0.0,0.0,fight,2.0,0.0,5.4984,61,437230679,145,150449,24577,156967,4
baseline_off,fight,0.0,0.0,fight,2.0,0.0,5.51,62,437239612,145,99083,24586,157007,4
baseline_off,fight,0.0,0.0,fight,2.0,0.0,5.5153,63,437250630,145,88063,24587,157011,4
baseline_off,fight,0.0,0.0,fight,2.0,0.0,5.5238,64,437260108,148,129126,24590,157036,4
baseline_off,fight,0.0,0.0,fight,2.0,0.0,5.5355,65,437270778,145,58651,24552,157033,4
baseline_off,fight,0.0,0.0,fight,2.0,0.0,5.545,66,437281616,152,173909,24543,156991,36
baseline_off,fight,0.0,0.0,fight,2.0,0.0,5.5577,67,437292845,151,41709,24544,157011,4
baseline_off,fight,0.0,0.0,fight,2.0,0.0,5.5756,68,437304061,145,64336,24589,157030,4
baseline_off,fight,0.0,0.0,fight,2.0,0.0,5.5841,69,437309663,144,74493,24591,157031,4
baseline_off,fight,0.0,0.0,fight,2.0,0.0,5.5862,70,437310624,145,80810,24550,157056,0
baseline_off,fight,0.0,0.0,fight,2.0,0.0,5.5883,71,437311573,145,85103,24587,157035,0
baseline_off,fight,0.0,0.0,fight,2.0,0.0,5.5904,72,437313203,144,48194,24591,157047,4
baseline_off,fight,0.0,0.0,fight,2.0,0.0,5.5936,73,437315453,148,116565,24591,157072,4
baseline_off,fight,0.0,0.0,fight,2.0,0.0,5.5936,74,437320936,145,106352,24591,157032,4
baseline_off,fight,0.0,0.0,fight,2.0,0.0,5.6042,75,437335805,138,121564,24516,157044,4
baseline_off,fight,0.0,0.0,fight,2.0,0.0,5.6042,76,437336748,145,124859,24592,157038,0
baseline_off,fight,0.0,0.0,fight,2.0,0.0,5.6147,77,437345933,152,115677,24627,157053,4
baseline_off,fight,0.0,0.0,fight,2.0,0.0,5.62,78,437356295,138,149871,24588,157011,4
baseline_off,fight,0.0,0.0,fight,2.0,0.0,5.6305,79,437365560,145,154801,24583,157010,4
baseline_off,fight,0.0,0.0,fight,2.0,0.0,5.6411,80,437376337,145,102929,24588,157010,4
baseline_off,fight,0.0,0.0,fight,2.0,0.0,5.6506,81,437386887,143,169457,24586,157004,36
baseline_off,fight,0.0,0.0,fight,2.0,0.0,5.6642,82,437397114,145,180799,24546,157027,36
baseline_off,fight,0.0,0.0,fight,2.0,0.0,5.6748,83,437409606,144,106587,24545,156966,4
baseline_off,fight,0.0,0.0,fight,2.0,0.0,5.6843,84,437420446,144,65191,24548,157005,4
baseline_off,fight,0.0,0.0,fight,2.0,0.0,5.6938,85,437429682,145,65332,24545,156988,4
baseline_off,fight,0.0,0.0,fight,2.0,0.0,5.7033,86,437439577,145,177789,24617,156986,36
baseline_off,fight,0.0,0.0,fight,2.0,0.0,5.7149,87,437451300,146,129929,24549,157003,4
baseline_off,fight,0.0,0.0,fight,2.0,0.0,5.7287,88,437463295,144,127995,24554,157031,4
baseline_off,fight,0.0,0.0,fight,2.0,0.0,5.7382,89,437473742,143,176756,24581,157001,36
baseline_off,fight,0.0,0.0,fight,2.0,0.0,5.7509,90,437484546,146,129709,24535,156960,4
baseline_off,fight,0.0,0.0,fight,2.0,0.0,5.7551,91,437493342,147,55379,24576,156980,4
baseline_off,fight,0.0,0.0,fight,2.0,0.0,5.7793,92,437503315,145,180924,24580,156971,36
baseline_off,fight,0.0,0.0,fight,2.0,0.0,5.7983,93,437527927,145,126156,24584,156983,4
baseline_off,fight,0.0,0.0,fight,2.0,0.0,5.811,94,437528870,147,129412,24538,157005,0
baseline_off,fight,0.0,0.0,fight,2.0,0.0,5.8279,95,437542119,145,27047,24581,156969,4
baseline_off,fight,0.0,0.0,fight,2.0,0.0,5.8279,96,437543976,154,28852,24543,156985,4
baseline_off,fight,0.0,0.0,fight,2.0,0.0,5.8321,97,437556816,146,170818,24536,156949,36
baseline_off,fight,0.0,0.0,fight,2.0,0.0,5.8374,98,437573109,149,115224,24583,156966,4
baseline_off,fight,0.0,0.0,fight,2.0,0.0,5.8406,99,437579481,147,99689,24581,156937,4
baseline_off,fight,0.0,0.0,fight,2.0,0.0,5.8575,100,437589683,145,107276,24549,157029,4
baseline_off,fight,0.0,0.0,fight,2.0,0.0,5.8691,101,437598483,144,33143,24543,157032,4
baseline_off,fight,0.0,0.0,fight,2.0,0.0,5.8713,102,437607782,145,44086,24576,156970,4
baseline_off,fight,0.0,0.0,fight,2.0,0.0,5.884,103,437619584,144,166709,24577,156975,36
baseline_off,fight,0.0,0.0,fight,2.0,0.0,5.8935,104,437630494,144,137819,24582,156965,4
baseline_off,fight,0.0,0.0,fight,2.0,0.0,5.9104,105,437641635,144,147904,24577,156978,4
baseline_off,fight,0.0,0.0,fight,2.0,0.0,5.9189,106,437652100,145,43056,24578,156981,4
baseline_off,fight,0.0,0.0,fight,2.0,0.0,5.9253,107,437661389,144,52342,24543,156996,4
baseline_off,fight,0.0,0.0,fight,2.0,0.0,5.9401,108,437673342,144,43510,24545,156987,4
baseline_off,fight,0.0,0.0,fight,2.0,0.0,5.9486,109,437685954,145,146694,24578,156995,4
baseline_off,fight,0.0,0.0,fight,2.0,0.0,5.9614,110,437696782,145,103664,24538,156984,4
baseline_off,fight,0.0,0.0,fight,2.0,0.0,5.9709,111,437707295,143,164067,24582,156978,36
baseline_off,fight,0.0,0.0,fight,2.0,0.0,5.9815,112,437718035,145,106143,24546,156980,4
baseline_off,fight,0.0,0.0,fight,2.0,0.0,5.9973,113,437728610,145,176862,24581,156985,36
baseline_off,fight,0.0,0.0,fight,2.0,0.0,6.0037,114,437737373,145,96762,24586,156987,4
baseline_off,fight,0.0,0.0,fight,2.0,0.0,6.0121,115,437746930,144,151284,24552,157018,4
baseline_off,fight,0.0,0.0,fight,2.0,0.0,6.0216,116,437757686,145,96003,24585,156988,4
baseline_off,fight,0.0,0.0,fight,2.0,0.0,6.0343,117,437768228,145,161037,24547,157038,36
baseline_off,fight,0.0,0.0,fight,2.0,0.0,6.0438,118,437780969,144,128732,24596,157032,4
baseline_off,fight,0.0,0.0,fight,2.0,0.0,6.0608,119,437791827,146,90383,24546,156999,4
baseline_off,fight,0.0,0.0,fight,2.0,0.0,6.0756,120,437802262,145,136890,24551,157024,4
baseline_off,fight,0.0,0.0,fight,2.0,0.0,6.0945,121,437817240,144,170876,24588,157003,36
baseline_off,fight,0.0,0.0,fight,2.0,0.0,6.0945,122,437818190,145,175407,24542,156999,32
baseline_off,fight,0.0,0.0,fight,2.0,0.0,6.0945,123,437819140,145,179891,24589,157021,32
baseline_off,fight,0.0,0.0,fight,2.0,0.0,6.0977,124,437820101,151,29215,24550,157019,0
baseline_off,fight,0.0,0.0,fight,2.0,0.0,6.0977,125,437823377,145,115071,24547,157002,4
baseline_off,fight,0.0,0.0,fight,2.0,0.0,6.103,126,437828858,144,104729,24587,157011,4
baseline_off,fight,0.0,0.0,fight,2.0,0.0,6.103,127,437828891,144,110349,24587,157011,8
baseline_off,fight,0.0,0.0,fight,2.0,0.0,6.1104,0,437844062,144,177252,24545,156999,36
baseline_off,fight,0.0,0.0,fight,2.0,0.0,6.1136,1,437845019,142,25896,24583,156995,0
baseline_off,fight,0.0,0.0,fight,2.0,0.0,6.1199,2,437854729,138,106408,24588,157019,4
baseline_off,fight,0.0,0.0,fight,2.0,0.0,6.1283,3,437862360,146,147475,24590,157034,4
baseline_off,fight,0.0,0.0,fight,2.0,0.0,6.141,4,437874709,144,48645,24621,157019,4
baseline_off,fight,0.0,0.0,fight,2.0,0.0,6.1483,5,437883468,145,124491,24583,157010,4
baseline_off,fight,0.0,0.0,fight,2.0,0.0,6.1644,6,437895939,139,46374,24549,157032,4
baseline_off,fight,0.0,0.0,fight,2.0,0.0,6.1697,7,437904781,144,136333,24547,157004,4
baseline_off,fight,0.0,0.0,fight,2.0,0.0,6.1802,8,437915806,144,126430,24546,157021,4
baseline_off,fight,0.0,0.0,fight,2.0,0.0,6.1897,9,437926223,145,170481,24585,156995,36
baseline_off,fight,0.0,0.0,fight,2.0,0.0,6.2034,10,437937203,144,153077,24541,156998,4
baseline_off,fight,0.0,0.0,fight,2.0,0.0,6.2151,11,437949824,144,100963,24579,156988,4
baseline_off,fight,0.0,0.0,fight,2.0,0.0,6.2299,12,437960664,145,60040,24578,156983,4
baseline_off,fight,0.0,0.0,fight,2.0,0.0,6.2383,13,437971190,145,122334,24547,157022,4
baseline_off,fight,0.0,0.0,fight,2.0,0.0,6.2552,14,437979996,145,49004,24548,157026,4
baseline_off,fight,0.0,0.0,fight,2.0,0.0,6.2733,15,437989326,146,64747,24583,157006,4
baseline_off,fight,0.0,0.0,fight,2.0,0.0,6.2891,16,438002093,146,37017,24546,157006,4
baseline_off,fight,0.0,0.0,fight,2.0,0.0,6.305,17,438018328,146,127242,24627,157021,4
baseline_off,fight,0.0,0.0,fight,2.0,0.0,6.3084,18,438020979,146,106952,24589,157019,4
baseline_off,fight,0.0,0.0,fight,2.0,0.0,6.3095,19,438034600,144,67179,24547,157026,4
baseline_off,fight,0.0,0.0,fight,2.0,0.0,6.316,20,438050751,144,143709,24583,156983,4
baseline_off,fight,0.0,0.0,fight,2.0,0.0,6.3192,21,438053569,145,151856,24546,156977,4
baseline_off,fight,0.0,0.0,fight,2.0,0.0,6.3277,22,438064063,145,51608,24551,157047,4
baseline_off,fight,0.0,0.0,fight,2.0,0.0,6.3415,23,438076028,144,44615,24580,157001,4
baseline_off,fight,0.0,0.0,fight,2.0,0.0,6.3521,24,438088651,138,149652,24576,156978,4
baseline_off,fight,0.0,0.0,fight,2.0,0.0,6.3692,25,438099489,145,108276,24553,157014,4
baseline_off,fight,0.0,0.0,fight,2.0,0.0,6.3789,26,438110083,144,181315,24547,156998,36
baseline_off,fight,0.0,0.0,fight,2.0,0.0,6.3874,27,438119198,145,161743,24544,156993,36
baseline_off,fight,0.0,0.0,fight,2.0,0.0,6.3991,28,438128564,145,26985,24540,156973,4
baseline_off,fight,0.0,0.0,fight,2.0,0.0,6.4012,29,438137923,145,48097,24591,157019,4
baseline_off,fight,0.0,0.0,fight,2.0,0.0,6.414,30,438149781,144,180096,24545,157012,36
baseline_off,fight,0.0,0.0,fight,2.0,0.0,6.4235,31,438160701,145,152407,24588,157016,4
baseline_off,fight,0.0,0.0,fight,2.0,0.0,6.4384,32,438172321,148,86232,24586,157011,4
baseline_off,fight,0.0,0.0,fight,2.0,0.0,6.4437,33,438180704,145,98164,24587,157015,4
baseline_off,fight,0.0,0.0,fight,2.0,0.0,6.4564,34,438191822,145,103951,24547,156990,4
baseline_off,fight,0.0,0.0,fight,2.0,0.0,6.4702,35,438203704,145,82907,24584,156999,4
baseline_off,fight,0.0,0.0,fight,2.0,0.0,6.4745,36,438213346,145,151728,24590,157043,4
baseline_off,fight,0.0,0.0,fight,2.0,0.0,6.4893,37,438223619,146,170827,24579,156959,36
baseline_off,fight,0.0,0.0,fight,2.0,0.0,6.4999,38,438236225,144,115903,24581,157009,4
baseline_off,fight,0.0,0.0,fight,2.0,0.0,6.5157,39,438247052,144,72476,24551,157028,4
baseline_off,fight,0.0,0.0,fight,2.0,0.0,6.5274,40,438257572,141,133816,24545,157001,4
baseline_off,fight,0.0,0.0,fight,2.0,0.0,6.5317,41,438266796,144,132042,24576,156961,4
baseline_off,fight,0.0,0.0,fight,2.0,0.0,6.5412,42,438277710,144,103522,24539,156976,4
baseline_off,fight,0.0,0.0,fight,2.0,0.0,6.5559,43,438289885,142,132271,24546,157002,4
baseline_off,fight,0.0,0.0,fight,2.0,0.0,6.5633,44,438298734,145,66501,24584,157007,4
baseline_off,fight,0.0,0.0,fight,2.0,0.0,6.5938,45,438316367,144,81335,24538,156965,4
baseline_off,fight,0.0,0.0,fight,2.0,0.0,6.5938,46,438317321,150,86609,24620,156956,0
baseline_off,fight,0.0,0.0,fight,2.0,0.0,6.5938,47,438318265,145,90090,24580,156976,0
baseline_off,fight,0.0,0.0,fight,2.0,0.0,6.596,48,438321116,146,103753,24584,156984,4
baseline_off,fight,0.0,0.0,fight,2.0,0.0,6.5981,49,438321149,146,109329,24584,156984,8
baseline_off,fight,0.0,0.0,fight,2.0,0.0,6.6012,50,438322851,144,84772,24583,156990,4
baseline_off,fight,0.0,0.0,fight,2.0,0.0,6.6012,51,438328335,144,74921,24581,157000,4
baseline_off,fight,0.0,0.0,fight,2.0,0.0,6.6086,52,438343210,145,92128,24539,156972,4
baseline_off,fight,0.0,0.0,fight,2.0,0.0,6.6118,53,438344155,146,95757,24541,156964,0
baseline_off,fight,0.0,0.0,fight,2.0,0.0,6.6182,54,438352943,145,177120,24543,156972,36
baseline_off,fight,0.0,0.0,fight,2.0,0.0,6.6255,55,438362496,145,74244,24586,156983,4
baseline_off,fight,0.0,0.0,fight,2.0,0.0,6.6413,56,438373327,137,31510,24548,157018,4
baseline_off,fight,0.0,0.0,fight,2.0,0.0,6.6497,57,438383710,145,69426,24549,157020,4
baseline_off,fight,0.0,0.0,fight,2.0,0.0,6.6582,58,438392986,139,76260,24583,157021,4
baseline_off,fight,0.0,0.0,fight,2.0,0.0,6.6677,59,438404951,145,68854,24553,157029,4
baseline_off,fight,0.0,0.0,fight,2.0,0.0,6.6813,60,438416187,145,94523,24628,157053,4
baseline_off,fight,0.0,0.0,fight,2.0,0.0,6.6877,61,438424991,145,177982,24585,157023,36
baseline_off,fight,0.0,0.0,fight,2.0,0.0,6.7003,62,438434954,144,144396,24551,157003,4
baseline_off,fight,0.0,0.0,fight,2.0,0.0,6.7109,63,438447574,137,91639,24557,157057,4
baseline_off,fight,0.0,0.0,fight,2.0,0.0,6.7278,64,438458395,140,46487,24595,157051,4
baseline_off,fight,0.0,0.0,fight,2.0,0.0,6.7383,65,438468911,145,106730,24589,157031,4
baseline_off,fight,0.0,0.0,fight,2.0,0.0,6.7436,66,438478138,138,105091,24586,157011,4
baseline_off,fight,0.0,0.0,fight,2.0,0.0,6.7531,67,438489038,143,73969,24544,157007,4
baseline_off,fight,0.0,0.0,fight,2.0,0.0,6.7637,68,438500076,145,66218,24590,157055,4
baseline_off,fight,0.0,0.0,fight,2.0,0.0,6.7795,69,438510937,149,28491,24549,157021,4
baseline_off,fight,0.0,0.0,fight,2.0,0.0,6.7901,70,438522359,150,86310,24544,156992,4
baseline_off,fight,0.0,0.0,fight,2.0,0.0,6.7943,71,438529639,145,67672,24591,157049,4
baseline_off,fight,0.0,0.0,fight,2.0,0.0,6.8038,72,438540936,142,103829,24543,157040,4
baseline_off,fight,0.0,0.0,fight,2.0,0.0,6.8143,73,438551470,144,167601,24584,156996,36
baseline_off,fight,0.0,0.0,fight,2.0,0.0,6.8249,74,438562200,144,107546,24547,156993,4
baseline_off,fight,0.0,0.0,fight,2.0,0.0,6.8418,75,438573748,144,29849,24548,156999,4
baseline_off,fight,0.0,0.0,fight,2.0,0.0,6.846,76,438582279,144,67057,24588,157020,4
baseline_off,fight,0.0,0.0,fight,2.0,0.0,6.8587,77,438593773,145,136840,24588,156997,4
baseline_off,fight,0.0,0.0,fight,2.0,0.0,6.8734,78,438604696,142,109677,24547,156998,4
baseline_off,fight,0.0,0.0,fight,2.0,0.0,6.885,79,438615098,139,150758,24589,157060,4
baseline_off,fight,0.0,0.0,fight,2.0,0.0,6.8903,80,438624422,147,165467,24585,157020,36
baseline_off,fight,0.0,0.0,fight,2.0,0.0,6.902,81,438638411,141,31095,24624,157026,4
baseline_off,fight,0.0,0.0,fight,2.0,0.0,6.9114,82,438649014,146,106188,24588,157019,4
baseline_off,fight,0.0,0.0,fight,2.0,0.0,6.9293,83,438659759,144,48877,24547,157005,4
baseline_off,fight,0.0,0.0,fight,2.0,0.0,6.9378,84,438670297,144,113070,24551,157021,4
baseline_off,fight,0.0,0.0,fight,2.0,0.0,6.9462,85,438679190,145,54793,24581,157004,4
baseline_off,fight,0.0,0.0,fight,2.0,0.0,6.9536,86,438688717,140,104357,24588,157044,4
baseline_off,fight,0.0,0.0,fight,2.0,0.0,6.9673,87,438701359,144,55237,24582,157002,4
baseline_off,fight,0.0,0.0,fight,2.0,0.0,6.9737,88,438710129,145,133187,24621,156999,4
baseline_off,fight,0.0,0.0,fight,2.0,0.0,6.9884,89,438722611,149,57036,24579,156985,4
baseline_off,fight,0.0,0.0,fight,2.0,0.0,6.9947,90,438731392,145,136605,24587,157015,4
baseline_off,fight,0.0,0.0,fight,2.0,0.0,7.0073,91,438743875,145,60423,24549,157022,4
baseline_off,fight,0.0,0.0,fight,2.0,0.0,7.0242,92,438754768,153,28298,24580,156992,4
baseline_off,fight,0.0,0.0,fight,2.0,0.0,7.0337,93,438765179,151,70920,24585,157031,4
baseline_off,fight,0.0,0.0,fight,2.0,0.0,7.039,94,438774120,145,177670,24592,157045,36
baseline_off,fight,0.0,0.0,fight,2.0,0.0,7.0485,95,438783622,145,65741,24582,157019,4
baseline_off,fight,0.0,0.0,fight,2.0,0.0,7.0591,96,438794222,146,140825,24581,156991,4
baseline_off,fight,0.0,0.0,fight,2.0,0.0,7.078,97,438804646,144,28705,24513,157035,4
baseline_off,fight,0.0,0.0,fight,2.0,0.0,7.1278,98,438816037,145,81290,24622,156990,4
baseline_off,fight,0.0,0.0,fight,2.0,0.0,7.1278,99,438816989,147,86107,24584,156999,0
baseline_off,fight,0.0,0.0,fight,2.0,0.0,7.13,100,438817940,145,90809,24544,156989,0
baseline_off,fight,0.0,0.0,fight,2.0,0.0,7.145,101,438818886,144,94563,24583,156982,0
baseline_off,fight,0.0,0.0,fight,2.0,0.0,7.145,102,438820612,147,73988,24592,156999,4
baseline_off,fight,0.0,0.0,fight,2.0,0.0,7.1483,103,438823913,145,164220,24582,157004,36
baseline_off,fight,0.0,0.0,fight,2.0,0.0,7.1494,104,438826087,145,62808,24585,156998,4
baseline_off,fight,0.0,0.0,fight,2.0,0.0,7.1547,105,438843569,144,51284,24547,157020,4
baseline_off,fight,0.0,0.0,fight,2.0,0.0,7.1589,106,438862294,145,94095,24587,157051,4
baseline_off,fight,0.0,0.0,fight,2.0,0.0,7.1642,107,438880019,146,123459,24548,157036,4
baseline_off,fight,0.0,0.0,fight,2.0,0.0,7.1642,108,438880969,145,127957,24585,157022,0
baseline_off,fight,0.0,0.0,fight,2.0,0.0,7.1642,109,438881920,144,132653,24553,157003,0
baseline_off,fight,0.0,0.0,fight,2.0,0.0,7.1685,110,438905366,145,35998,24589,157031,4
baseline_off,fight,0.0,0.0,fight,2.0,0.0,7.1738,111,438906319,145,40991,24586,157042,0
baseline_off,fight,0.0,0.0,fight,2.0,0.0,7.1738,112,438910568,139,135109,24591,157059,4
baseline_off,fight,0.0,0.0,fight,2.0,0.0,7.1854,113,438921678,145,139416,24582,157027,4
baseline_off,fight,0.0,0.0,fight,2.0,0.0,7.196,114,438932809,144,147656,24546,157022,4
baseline_off,fight,0.0,0.0,fight,2.0,0.0,7.2118,115,438943658,143,107912,24583,157025,4
baseline_off,fight,0.0,0.0,fight,2.0,0.0,7.2234,116,438954161,145,166320,24584,157000,36
baseline_off,fight,0.0,0.0,fight,2.0,0.0,7.235,117,438965197,145,158481,24581,156971,36
baseline_off,fight,0.0,0.0,fight,2.0,0.0,7.2382,118,438974347,145,144043,24547,156992,4
baseline_off,fight,0.0,0.0,fight,2.0,0.0,7.2477,119,438985008,144,72504,24585,157015,4
baseline_off,fight,0.0,0.0,fight,2.0,0.0,7.2614,120,438996506,145,142857,24588,157024,4
baseline_off,fight,0.0,0.0,fight,2.0,0.0,7.2688,121,439005243,144,58043,24584,157000,4
baseline_off,fight,0.0,0.0,fight,2.0,0.0,7.2793,122,439017770,145,146687,24588,156985,4
baseline_off,fight,0.0,0.0,fight,2.0,0.0,7.292,123,439027714,144,109933,24550,157026,4
baseline_off,fight,0.0,0.0,fight,2.0,0.0,7.3036,124,439038333,144,30665,24551,157044,4
baseline_off,fight,0.0,0.0,fight,2.0,0.0,7.312,125,439048872,144,95167,24544,157018,4
baseline_off,fight,0.0,0.0,fight,2.0,0.0,7.3288,126,439059836,141,75134,24542,156996,4
baseline_off,fight,0.0,0.0,fight,2.0,0.0,7.3362,127,439070272,144,122243,24547,157006,4
baseline_off,fight,0.0,0.0,fight,2.0,0.0,7.3436,0,439079415,144,106636,24583,157007,4
baseline_off,fight,0.0,0.0,fight,2.0,0.0,7.3593,1,439092212,145,83793,24548,156993,4
baseline_off,fight,0.0,0.0,fight,2.0,0.0,7.3731,2,439105022,145,63094,24586,157028,4
baseline_off,fight,0.0,0.0,fight,2.0,0.0,7.3783,3,439112684,142,109719,24586,156977,4
baseline_off,fight,0.0,0.0,fight,2.0,0.0,7.3878,4,439123660,145,91530,24581,157009,4
baseline_off,fight,0.0,0.0,fight,2.0,0.0,7.3983,5,439134245,143,164194,24544,156986,36
baseline_off,fight,0.0,0.0,fight,2.0,0.0,7.411,6,439145016,145,110939,24585,157050,4
baseline_off,fight,0.0,0.0,fight,2.0,0.0,7.4194,7,439155528,146,170984,24581,156987,36
baseline_off,fight,0.0,0.0,fight,2.0,0.0,7.431,8,439166684,145,26430,24550,156981,4
baseline_off,fight,0.0,0.0,fight,2.0,0.0,7.4457,9,439177527,143,142585,24543,157007,4
baseline_off,fight,0.0,0.0,fight,2.0,0.0,7.4542,10,439187912,144,181074,24581,156980,36
baseline_off,fight,0.0,0.0,fight,2.0,0.0,7.4636,11,439196842,145,129024,24549,157027,4
baseline_off,fight,0.0,0.0,fight,2.0,0.0,7.4689,12,439206005,147,116420,24624,157004,4
baseline_off,fight,0.0,0.0,fight,2.0,0.0,7.4783,13,439216385,144,154018,24550,157013,4
baseline_off,fight,0.0,0.0,fight,2.0,0.0,7.4942,14,439227890,144,68719,24552,157019,4
baseline_off,fight,0.0,0.0,fight,2.0,0.0,7.5036,15,439240485,145,168414,24587,157028,36
baseline_off,fight,0.0,0.0,fight,2.0,0.0,7.5194,16,439251312,145,124702,24548,157029,4
baseline_off,fight,0.0,0.0,fight,2.0,0.0,7.5289,17,439261837,144,29670,24584,157003,4
baseline_off,fight,0.0,0.0,fight,2.0,0.0,7.5352,18,439270753,145,132255,24591,157007,4
baseline_off,fight,0.0,0.0,fight,2.0,0.0,7.5468,19,439280266,145,179081,24592,157049,36
baseline_off,fight,0.0,0.0,fight,2.0,0.0,7.5563,20,439293006,151,146288,24595,157080,4
baseline_off,fight,0.0,0.0,fight,2.0,0.0,7.5784,21,439301730,145,58905,24548,157015,4
baseline_off,fight,0.0,0.0,fight,2.0,0.0,7.59,22,439321098,145,54451,24587,156987,4
baseline_off,fight,0.0,0.0,fight,2.0,0.0,7.59,23,439322051,145,59468,24544,157011,0
baseline_off,fight,0.0,0.0,fight,2.0,0.0,7.6101,24,439332155,145,49775,24589,157029,4
baseline_off,fight,0.0,0.0,fight,2.0,0.0,7.6101,25,439333116,143,56077,24590,157030,0
baseline_off,fight,0.0,0.0,fight,2.0,0.0,7.6122,26,439334065,144,60413,24549,157028,0
baseline_off,fight,0.0,0.0,fight,2.0,0.0,7.628,27,439335005,144,63171,24549,157024,0
baseline_off,fight,0.0,0.0,fight,2.0,0.0,7.6302,28,439347717,145,26125,24626,157015,4
baseline_off,fight,0.0,0.0,fight,2.0,0.0,7.6302,29,439348672,143,31403,24586,157030,0
baseline_off,fight,0.0,0.0,fight,2.0,0.0,7.6334,30,439349611,147,34068,24586,157020,0
baseline_off,fight,0.0,0.0,fight,2.0,0.0,7.6376,31,439363538,145,45917,24594,157063,4
baseline_off,fight,0.0,0.0,fight,2.0,0.0,7.6439,32,439376449,151,42054,24628,157037,4
baseline_off,fight,0.0,0.0,fight,2.0,0.0,7.6439,33,439377402,145,47091,24591,157044,0
baseline_off,fight,0.0,0.0,fight,2.0,0.0,7.6545,34,439387276,145,155160,24595,157070,4
baseline_off,fight,0.0,0.0,fight,2.0,0.0,7.6661,35,439396981,144,77679,24543,157007,4
baseline_off,fight,0.0,0.0,fight,2.0,0.0,7.6734,36,439407974,138,62450,24580,157007,4
baseline_off,fight,0.0,0.0,fight,2.0,0.0,7.6798,37,439417138,145,50166,24583,157006,4
baseline_off,fight,0.0,0.0,fight,2.0,0.0,7.6945,38,439429250,145,68062,24544,157009,4
baseline_off,fight,0.0,0.0,fight,2.0,0.0,7.7008,39,439437997,144,141904,24546,157025,4
baseline_off,fight,0.0,0.0,fight,2.0,0.0,7.7156,40,439450493,144,67975,24585,157001,4
baseline_off,fight,0.0,0.0,fight,2.0,0.0,7.7241,41,439459249,144,143356,24589,157021,4
baseline_off,fight,0.0,0.0,fight,2.0,0.0,7.7378,42,439471776,146,74843,24551,157022,4
baseline_off,fight,0.0,0.0,fight,2.0,0.0,7.7441,43,439480524,138,148837,24549,157042,4
baseline_off,fight,0.0,0.0,fight,2.0,0.0,7.761,44,439493020,145,74844,24589,157016,4
baseline_off,fight,0.0,0.0,fight,2.0,0.0,7.7662,45,439501664,144,131173,24544,157000,4
baseline_off,fight,0.0,0.0,fight,2.0,0.0,7.7757,46,439512502,145,89773,24579,156970,4
baseline_off,fight,0.0,0.0,fight,2.0,0.0,7.7862,47,439523129,145,169650,24540,156974,36
baseline_off,fight,0.0,0.0,fight,2.0,0.0,7.8021,48,439533962,144,127391,24585,157003,4
baseline_off,fight,0.0,0.0,fight,2.0,0.0,7.8136,49,439544422,143,178378,24589,157029,36
baseline_off,fight,0.0,0.0,fight,2.0,0.0,7.821,50,439555144,143,116890,24585,157004,4
baseline_off,fight,0.0,0.0,fight,2.0,0.0,7.8273,51,439564201,149,86412,24587,157007,4
baseline_off,fight,0.0,0.0,fight,2.0,0.0,7.8421,52,439576811,143,31938,24587,157022,4
baseline_off,fight,0.0,0.0,fight,2.0,0.0,7.8485,53,439585567,144,107189,24554,157030,4
baseline_off,fight,0.0,0.0,fight,2.0,0.0,7.8642,54,439598074,145,34830,24590,157042,4
baseline_off,fight,0.0,0.0,fight,2.0,0.0,7.8695,55,439606841,144,111868,24553,157051,4
baseline_off,fight,0.0,0.0,fight,2.0,0.0,7.8853,56,439619357,147,41016,24587,157021,4
baseline_off,fight,0.0,0.0,fight,2.0,0.0,7.8927,57,439628096,144,113530,24549,157031,4
baseline_off,fight,0.0,0.0,fight,2.0,0.0,7.9053,58,439640608,143,42612,24540,156975,4
baseline_off,fight,0.0,0.0,fight,2.0,0.0,7.9148,59,439649357,143,116846,24590,157009,4
baseline_off,fight,0.0,0.0,fight,2.0,0.0,7.9253,60,439662883,145,60943,24550,157010,4
baseline_off,fight,0.0,0.0,fight,2.0,0.0,7.9359,61,439673349,145,112896,24589,157044,4
baseline_off,fight,0.0,0.0,fight,2.0,0.0,7.9517,62,439684064,145,50109,24595,157055,4
baseline_off,fight,0.0,0.0,fight,2.0,0.0,7.9643,63,439694428,145,84431,24550,157023,4
baseline_off,fight,0.0,0.0,fight,2.0,0.0,7.9685,64,439703373,145,34838,24553,157016,4
baseline_off,fight,0.0,0.0,fight,2.0,0.0,7.9781,65,439714723,145,80148,24586,157022,4
baseline_off,fight,0.0,0.0,fight,2.0,0.0,7.9876,66,439725740,144,68847,24544,156988,4
baseline_off,fight,0.0,0.0,fight,2.0,0.0,8.0044,67,439736589,152,29146,24542,156994,4
baseline_off,fight,0.0,0.0,fight,2.0,0.0,8.016,68,439746940,138,61788,24550,157018,4
baseline_off,fight,0.0,0.0,fight,2.0,0.0,8.0212,69,439755913,148,173861,24587,157014,36
baseline_off,fight,0.0,0.0,fight,2.0,0.0,8.0276,70,439767329,144,73435,24547,157010,4
baseline_off,fight,0.0,0.0,fight,2.0,0.0,8.0392,71,439776587,145,77159,24625,157024,4
baseline_off,fight,0.0,0.0,fight,2.0,0.0,8.0539,72,439788191,146,165397,24546,157004,36
baseline_off,fight,0.0,0.0,fight,2.0,0.0,8.0603,73,439796933,144,81427,24544,157009,4
baseline_off,fight,0.0,0.0,fight,2.0,0.0,8.0782,74,439809475,144,172384,24589,157044,36
baseline_off,fight,0.0,0.0,fight,2.0,0.0,8.0845,75,439814154,144,25638,24548,157028,4
baseline_off,fight,0.0,0.0,fight,2.0,0.0,8.0877,76,439815107,145,30533,24587,157008,0
baseline_off,fight,0.0,0.0,fight,2.0,0.0,8.0898,77,439816058,144,35217,24586,157028,0
baseline_off,fight,0.0,0.0,fight,2.0,0.0,8.0982,78,439819492,142,148003,24547,157019,4
baseline_off,fight,0.0,0.0,fight,2.0,0.0,8.0993,79,439821247,147,132178,24585,157044,4
baseline_off,fight,0.0,0.0,fight,2.0,0.0,8.0993,80,439821397,147,156909,24585,157044,0
baseline_off,fight,0.0,0.0,fight,2.0,0.0,8.1078,81,439838269,149,42443,24594,157036,4
baseline_off,fight,0.0,0.0,fight,2.0,0.0,8.1078,82,439839457,145,87390,24553,157051,0
baseline_off,fight,0.0,0.0,fight,2.0,0.0,8.1141,83,439850775,145,126568,24552,157058,4
baseline_off,fight,0.0,0.0,fight,2.0,0.0,8.1225,84,439859793,145,89056,24598,157063,4
baseline_off,fight,0.0,0.0,fight,2.0,0.0,8.1352,85,439870727,145,63310,24589,157042,4
baseline_off,fight,0.0,0.0,fight,2.0,0.0,8.1447,86,439881307,138,134480,24516,157049,4
baseline_off,fight,0.0,0.0,fight,2.0,0.0,8.1552,87,439891725,145,177985,24582,156996,36
baseline_off,fight,0.0,0.0,fight,2.0,0.0,8.1637,88,439901870,145,175326,24553,157037,36
baseline_off,fight,0.0,0.0,fight,2.0,0.0,8.1774,89,439913296,142,76078,24586,157026,4
baseline_off,fight,0.0,0.0,fight,2.0,0.0,8.189,90,439923679,145,113715,24554,157041,4
baseline_off,fight,0.0,0.0,fight,2.0,0.0,8.1974,91,439934116,144,160704,24627,157042,36
baseline_off,fight,0.0,0.0,fight,2.0,0.0,8.208,92,439944617,145,61272,24593,157059,4
baseline_off,fight,0.0,0.0,fight,2.0,0.0,8.2206,93,439955483,145,180648,24549,157055,36
baseline_off,fight,0.0,0.0,fight,2.0,0.0,8.2354,94,439968058,145,119738,24591,157030,4
baseline_off,fight,0.0,0.0,fight,2.0,0.0,8.2449,95,439978507,145,168673,24552,157066,36
baseline_off,fight,0.0,0.0,fight,2.0,0.0,8.2512,96,439987773,147,173210,24588,157023,36
baseline_off,fight,0.0,0.0,fight,2.0,0.0,8.2597,97,439997202,144,48800,24583,157041,4
baseline_off,fight,0.0,0.0,fight,2.0,0.0,8.2712,98,440008016,145,160030,24590,157025,36
baseline_off,fight,0.0,0.0,fight,2.0,0.0,8.2807,99,440018517,141,61104,24546,157011,4
baseline_off,fight,0.0,0.0,fight,2.0,0.0,8.2912,100,440029288,145,164879,24591,157026,36
baseline_off,fight,0.0,0.0,fight,2.0,0.0,8.3092,101,440040452,144,178142,24588,157035,36
baseline_off,fight,0.0,0.0,fight,2.0,0.0,8.3197,102,440050860,145,63236,24590,157037,4
baseline_off,fight,0.0,0.0,fight,2.0,0.0,8.3228,103,440060231,146,85895,24591,157041,4
baseline_off,fight,0.0,0.0,fight,2.0,0.0,8.3333,104,440071124,144,53459,24548,157029,4
baseline_off,fight,0.0,0.0,fight,2.0,0.0,8.3439,105,440082234,145,57903,24588,157003,4
baseline_off,fight,0.0,0.0,fight,2.0,0.0,8.3607,106,440093038,144,167673,24583,157000,36
baseline_off,fight,0.0,0.0,fight,2.0,0.0,8.3723,107,440103425,144,49496,24541,156962,4
baseline_off,fight,0.0,0.0,fight,2.0,0.0,8.3755,108,440112785,150,70857,24505,156984,4
baseline_off,fight,0.0,0.0,fight,2.0,0.0,8.3881,109,440124762,145,65848,24626,157015,4
baseline_off,fight,0.0,0.0,fight,2.0,0.0,8.4123,110,440135564,143,175020,24539,156988,36
baseline_off,fight,0.0,0.0,fight,2.0,0.0,8.4145,111,440145887,140,46083,24583,156982,4
baseline_off,fight,0.0,0.0,fight,2.0,0.0,8.4261,112,440160695,143,51120,24584,156996,4
baseline_off,fight,0.0,0.0,fight,2.0,0.0,8.4451,113,440170849,144,50562,24535,156953,4
baseline_off,fight,0.0,0.0,fight,2.0,0.0,8.4482,114,440176796,143,119769,24548,156997,4
baseline_off,fight,0.0,0.0,fight,2.0,0.0,8.4577,115,440193207,145,83385,24581,157010,4
baseline_off,fight,0.0,0.0,fight,2.0,0.0,8.4598,116,440198612,143,60083,24590,157016,4
baseline_off,fight,0.0,0.0,fight,2.0,0.0,8.4726,117,440209363,154,160424,24588,157000,36
baseline_off,fight,0.0,0.0,fight,2.0,0.0,8.4831,118,440221044,144,105166,24587,157001,4
baseline_off,fight,0.0,0.0,fight,2.0,0.0,8.4937,119,440231882,136,63153,24587,157048,4
baseline_off,fight,0.0,0.0,fight,2.0,0.0,8.5042,120,440242390,138,122053,24586,157033,4
baseline_off,fight,0.0,0.0,fight,2.0,0.0,8.5212,121,440253148,143,66720,24586,157013,4
baseline_off,fight,0.0,0.0,fight,2.0,0.0,8.5296,122,440263590,150,114817,24549,157018,4
baseline_off,fight,0.0,0.0,fight,2.0,0.0,8.5391,123,440272493,143,58108,24547,157030,4
baseline_off,fight,0.0,0.0,fight,2.0,0.0,8.5444,124,440282114,145,123409,24588,157025,4
baseline_off,fight,0.0,0.0,fight,2.0,0.0,8.5602,125,440294765,142,75812,24586,157019,4
baseline_off,fight,0.0,0.0,fight,2.0,0.0,8.5634,126,440303514,139,150181,24584,156991,4
baseline_off,fight,0.0,0.0,fight,2.0,0.0,8.5898,127,440318187,142,132380,24544,157003,4
baseline_off,fight,0.0,0.0,fight,2.0,0.0,8.594,0,440319140,144,137366,24546,156996,0
baseline_off,fight,0.0,0.0,fight,2.0,0.0,8.594,1,440320091,144,142052,24546,157001,0
baseline_off,fight,0.0,0.0,fight,2.0,0.0,8.5961,2,440321032,151,144965,24624,157022,0
baseline_off,fight,0.0,0.0,fight,2.0,0.0,8.5982,3,440326061,145,57773,24592,157024,4
baseline_off,fight,0.0,0.0,fight,2.0,0.0,8.6046,4,440326094,145,63434,24592,157024,8
baseline_off,fight,0.0,0.0,fight,2.0,0.0,8.6046,5,440326934,144,49132,24585,157039,0
baseline_off,fight,0.0,0.0,fight,2.0,0.0,8.6078,6,440344307,143,176567,24591,157056,36
baseline_off,fight,0.0,0.0,fight,2.0,0.0,8.6151,7,440347654,145,117340,24592,157069,4
baseline_off,fight,0.0,0.0,fight,2.0,0.0,8.6214,8,440358451,145,68174,24624,157027,4
baseline_off,fight,0.0,0.0,fight,2.0,0.0,8.6257,9,440365803,142,61942,24545,157000,4
baseline_off,fight,0.0,0.0,fight,2.0,0.0,8.6404,10,440376724,145,34029,24591,157049,4
baseline_off,fight,0.0,0.0,fight,2.0,0.0,8.651,11,440388653,145,177754,24588,157034,36
baseline_off,fight,0.0,0.0,fight,2.0,0.0,8.6616,12,440399469,144,132116,24548,156998,4
baseline_off,fight,0.0,0.0,fight,2.0,0.0,8.6722,13,440410005,144,39140,24551,157025,4
baseline_off,fight,0.0,0.0,fight,2.0,0.0,8.6892,14,440420763,143,140730,24586,157036,4
baseline_off,fight,0.0,0.0,fight,2.0,0.0,8.6997,15,440431108,145,172198,24583,156981,36
baseline_off,fight,0.0,0.0,fight,2.0,0.0,8.7029,16,440440475,143,37312,24591,157051,4
baseline_off,fight,0.0,0.0,fight,2.0,0.0,8.7134,17,440451350,145,158667,24590,157033,36
baseline_off,fight,0.0,0.0,fight,2.0,0.0,8.7261,18,440462453,145,161455,24590,157038,36
baseline_off,fight,0.0,0.0,fight,2.0,0.0,8.7335,19,440472756,151,28588,24549,157033,4
baseline_off,fight,0.0,0.0,fight,2.0,0.0,8.7483,20,440483638,145,151163,24584,157027,4
baseline_off,fight,0.0,0.0,fight,2.0,0.0,8.7578,21,440496238,144,94654,24551,157045,4
baseline_off,fight,0.0,0.0,fight,2.0,0.0,8.7747,22,440507055,145,49081,24588,157043,4
baseline_off,fight,0.0,0.0,fight,2.0,0.0,8.7842,23,440517438,150,86490,24594,157062,4
baseline_off,fight,0.0,0.0,fight,2.0,0.0,8.7895,24,440526404,145,40280,24626,157023,4
baseline_off,fight,0.0,0.0,fight,2.0,0.0,8.8,25,440535899,145,84284,24588,157026,4
baseline_off,fight,0.0,0.0,fight,2.0,0.0,8.8095,26,440546516,147,161912,24585,157003,36
baseline_off,fight,0.0,0.0,fight,2.0,0.0,8.8201,27,440556837,141,32253,24587,157027,4
baseline_off,fight,0.0,0.0,fight,2.0,0.0,8.8316,28,440567512,141,119728,24581,157011,4
baseline_off,fight,0.0,0.0,fight,2.0,0.0,8.8411,29,440577527,144,95213,24582,156997,4
baseline_off,fight,0.0,0.0,fight,2.0,0.0,8.8517,30,440588847,142,135503,24591,157019,4
baseline_off,fight,0.0,0.0,fight,2.0,0.0,8.8622,31,440599290,145,26583,24583,157010,4
baseline_off,fight,0.0,0.0,fight,2.0,0.0,8.8717,32,440610036,144,126150,24547,157011,4
baseline_off,fight,0.0,0.0,fight,2.0,0.0,8.8948,33,440620854,144,80584,24555,157047,4
baseline_off,fight,0.0,0.0,fight,2.0,0.0,8.898,34,440630921,146,64530,24548,157025,4
baseline_off,fight,0.0,0.0,fight,2.0,0.0,8.9086,35,440643498,151,160993,24591,157061,36
baseline_off,fight,0.0,0.0,fight,2.0,0.0,8.9286,36,440653634,145,156553,24553,157052,4
baseline_off,fight,0.0,0.0,fight,2.0,0.0,8.9445,37,440662443,144,83388,24560,157077,4
baseline_off,fight,0.0,0.0,fight,2.0,0.0,8.9476,38,440676033,145,37382,24593,157070,4
baseline_off,fight,0.0,0.0,fight,2.0,0.0,8.9613,39,440695016,145,123169,24587,157028,4
baseline_off,fight,0.0,0.0,fight,2.0,0.0,8.9613,40,440695969,142,128081,24587,157047,0
baseline_off,fight,0.0,0.0,fight,2.0,0.0,8.9677,41,440706123,144,126984,24589,157037,4
baseline_off,fight,0.0,0.0,fight,2.0,0.0,8.9783,42,440715161,145,92881,24595,157068,4
baseline_off,fight,0.0,0.0,fight,2.0,0.0,8.9878,43,440725991,145,49436,24593,157028,4
baseline_off,fight,0.0,0.0,fight,2.0,0.0,9.0046,44,440737154,144,62773,24548,157018,4
baseline_off,fight,0.0,0.0,fight,2.0,0.0,9.012,45,440747547,145,102343,24586,157013,4
baseline_off,fight,0.0,0.0,fight,2.0,0.0,9.0205,46,440758760,145,124410,24590,157028,4
baseline_off,fight,0.0,0.0,fight,2.0,0.0,9.0342,47,440769652,138,91778,24590,157012,4
baseline_off,fight,0.0,0.0,fight,2.0,0.0,9.0426,48,440780189,144,155803,24589,157012,4
baseline_off,fight,0.0,0.0,fight,2.0,0.0,9.0542,49,440791497,145,36582,24551,157011,4
baseline_off,fight,0.0,0.0,fight,2.0,0.0,9.0648,50,440800517,145,156656,24591,157020,4
baseline_off,fight,0.0,0.0,fight,2.0,0.0,9.0786,51,440810906,145,38644,24583,156980,4
baseline_off,fight,0.0,0.0,fight,2.0,0.0,9.0881,52,440818086,144,160375,24546,156996,36
baseline_off,fight,0.0,0.0,fight,2.0,0.0,9.0902,53,440819041,138,165646,24544,157003,32
baseline_off,fight,0.0,0.0,fight,2.0,0.0,9.0934,54,440819995,145,170878,24626,157022,32
baseline_off,fight,0.0,0.0,fight,2.0,0.0,9.0934,55,440822840,145,26395,24586,157010,4
baseline_off,fight,0.0,0.0,fight,2.0,0.0,9.1029,56,440822872,145,31939,24586,157010,8
baseline_off,fight,0.0,0.0,fight,2.0,0.0,9.1029,57,440824832,144,51015,24584,157000,4
baseline_off,fight,0.0,0.0,fight,2.0,0.0,9.1092,58,440841526,142,63218,24576,156964,4
baseline_off,fight,0.0,0.0,fight,2.0,0.0,9.1103,59,440843831,146,141174,24548,157012,4
baseline_off,fight,0.0,0.0,fight,2.0,0.0,9.1177,60,440854888,144,136608,24551,157040,4
baseline_off,fight,0.0,0.0,fight,2.0,0.0,9.1261,61,440863989,144,113725,24547,157010,4
baseline_off,fight,0.0,0.0,fight,2.0,0.0,9.142,62,440874798,145,66929,24541,157004,4
baseline_off,fight,0.0,0.0,fight,2.0,0.0,9.1536,63,440885172,144,103626,24584,156986,4
baseline_off,fight,0.0,0.0,fight,2.0,0.0,9.1578,64,440894535,145,125551,24583,156968,4
baseline_off,fight,0.0,0.0,fight,2.0,0.0,9.1683,65,440905405,144,89345,24585,156976,4
baseline_off,fight,0.0,0.0,fight,2.0,0.0,9.1778,66,440916486,144,88978,24588,156980,4
baseline_off,fight,0.0,0.0,fight,2.0,0.0,9.1947,67,440927346,145,50855,24589,157021,4
baseline_off,fight,0.0,0.0,fight,2.0,0.0,9.2063,68,440937687,145,81813,24588,157013,4
baseline_off,fight,0.0,0.0,fight,2.0,0.0,9.2095,69,440947061,145,105386,24586,157024,4
baseline_off,fight,0.0,0.0,fight,2.0,0.0,9.2211,70,440957920,145,66882,24581,157008,4
baseline_off,fight,0.0,0.0,fight,2.0,0.0,9.2306,71,440969032,151,71924,24549,157010,4
baseline_off,fight,0.0,0.0,fight,2.0,0.0,9.2411,72,440979849,145,26829,24592,157015,4
baseline_off,fight,0.0,0.0,fight,2.0,0.0,9.259,73,440991014,144,40533,24553,157037,4
baseline_off,fight,0.0,0.0,fight,2.0,0.0,9.2653,74,441001438,146,85232,24583,157000,4
baseline_off,fight,0.0,0.0,fight,2.0,0.0,9.2738,75,441010560,145,65760,24583,157022,4
baseline_off,fight,0.0,0.0,fight,2.0,0.0,9.2886,76,441022744,143,95872,24553,157037,4
baseline_off,fight,0.0,0.0,fight,2.0,0.0,9.2939,77,441031463,145,164674,24544,157019,36
baseline_off,fight,0.0,0.0,fight,2.0,0.0,9.3087,78,441044007,144,98951,24585,157021,4
baseline_off,fight,0.0,0.0,fight,2.0,0.0,9.315,79,441052756,143,173172,24624,157020,36
baseline_off,fight,0.0,0.0,fight,2.0,0.0,9.3298,80,441065267,144,101856,24552,157039,4
baseline_off,fight,0.0,0.0,fight,2.0,0.0,9.3382,81,441074038,146,179438,24554,157068,36
baseline_off,fight,0.0,0.0,fight,2.0,0.0,9.3477,82,441086529,144,103807,24588,157064,4
baseline_off,fight,0.0,0.0,fight,2.0,0.0,9.3636,83,441097391,145,65987,24590,157029,4
baseline_off,fight,0.0,0.0,fight,2.0,0.0,9.3678,84,441107500,149,57036,24549,157028,4
baseline_off,fight,0.0,0.0,fight,2.0,0.0,9.3794,85,441117368,144,163977,24597,157085,36
baseline_off,fight,0.0,0.0,fight,2.0,0.0,9.3931,86,441127399,144,141663,24551,157049,4
baseline_off,fight,0.0,0.0,fight,2.0,0.0,9.3994,87,441138813,145,40458,24590,157052,4
baseline_off,fight,0.0,0.0,fight,2.0,0.0,9.4152,88,441150310,144,110612,24555,157045,4
baseline_off,fight,0.0,0.0,fight,2.0,0.0,9.4226,89,441159076,144,30196,24551,157055,4
baseline_off,fight,0.0,0.0,fight,2.0,0.0,9.4353,90,441171565,146,111348,24552,157069,4
baseline_off,fight,0.0,0.0,fight,2.0,0.0,9.4437,91,441180328,145,30373,24631,157066,4
baseline_off,fight,0.0,0.0,fight,2.0,0.0,9.4575,92,441192868,139,120473,24595,157042,4
baseline_off,fight,0.0,0.0,fight,2.0,0.0,9.4638,93,441201611,145,36585,24579,157001,4
baseline_off,fight,0.0,0.0,fight,2.0,0.0,9.4786,94,441214109,145,119735,24590,157052,4
baseline_off,fight,0.0,0.0,fight,2.0,0.0,9.4849,95,441222886,146,41341,24552,157041,4
baseline_off,fight,0.0,0.0,fight,2.0,0.0,9.4997,96,441235371,145,122162,24630,157034,4
baseline_off,fight,0.0,0.0,fight,2.0,0.0,9.5039,97,441244138,152,42384,24586,157040,4
baseline_off,fight,0.0,0.0,fight,2.0,0.0,9.5176,98,441254138,144,172164,24587,157044,36
baseline_off,fight,0.0,0.0,fight,2.0,0.0,9.5281,99,441266754,145,118194,24591,157022,4
baseline_off,fight,0.0,0.0,fight,2.0,0.0,9.5419,100,441277906,149,129091,24588,157063,4
baseline_off,fight,0.0,0.0,fight,2.0,0.0,9.5504,101,441286661,145,46899,24594,157069,4
baseline_off,fight,0.0,0.0,fight,2.0,0.0,9.561,102,441297519,145,165171,24590,157030,36
baseline_off,fight,0.0,0.0,fight,2.0,0.0,9.5789,103,441309268,144,120872,24554,157063,4
baseline_off,fight,0.0,0.0,fight,2.0,0.0,9.5906,104,441320088,142,75702,24554,157071,4
baseline_off,fight,0.0,0.0,fight,2.0,0.0,9.5948,105,441321044,144,81099,24630,157050,0
baseline_off,fight,0.0,0.0,fight,2.0,0.0,9.5948,106,441321987,146,84477,24595,157062,0
baseline_off,fight,0.0,0.0,fight,2.0,0.0,9.5948,107,441322937,145,88775,24594,157068,0
baseline_off,fight,0.0,0.0,fight,2.0,0.0,9.6001,108,441324839,144,98048,24597,157087,4
baseline_off,fight,0.0,0.0,fight,2.0,0.0,9.6022,109,441327185,145,25714,24597,157060,4
baseline_off,fight,0.0,0.0,fight,2.0,0.0,9.6044,110,441332664,144,171758,24586,157031,36
baseline_off,fight,0.0,0.0,fight,2.0,0.0,9.6076,111,441346506,146,169017,24627,157037,36
baseline_off,fight,0.0,0.0,fight,2.0,0.0,9.6119,112,441349789,145,98900,24587,157035,4
baseline_off,fight,0.0,0.0,fight,2.0,0.0,9.6214,113,441359755,145,65825,24543,157020,4
baseline_off,fight,0.0,0.0,fight,2.0,0.0,9.633,114,441370201,147,114290,24560,157047,4
baseline_off,fight,0.0,0.0,fight,2.0,0.0,9.6446,115,441380700,145,171780,24588,157032,36
baseline_off,fight,0.0,0.0,fight,2.0,0.0,9.6604,116,441393963,152,70812,24593,157056,4
baseline_off,fight,0.0,0.0,fight,2.0,0.0,9.6699,117,441404335,136,106276,24591,157053,4
baseline_off,fight,0.0,0.0,fight,2.0,0.0,9.6783,118,441413279,150,56400,24588,157030,4
baseline_off,fight,0.0,0.0,fight,2.0,0.0,9.6847,119,441422805,138,105666,24582,157025,4
baseline_off,fight,0.0,0.0,fight,2.0,0.0,9.6994,120,441435521,145,68970,24555,157041,4
baseline_off,fight,0.0,0.0,fight,2.0,0.0,9.7079,121,441444302,142,148342,24589,157038,4
baseline_off,fight,0.0,0.0,fight,2.0,0.0,9.7312,122,441456785,144,72053,24551,157029,4
baseline_off,fight,0.0,0.0,fight,2.0,0.0,9.7492,123,441465493,143,139165,24588,157044,4
baseline_off,fight,0.0,0.0,fight,2.0,0.0,9.7798,124,441479079,145,93489,24590,157044,4
baseline_off,fight,0.0,0.0,fight,2.0,0.0,9.7841,125,441496035,141,149406,24548,157026,4
baseline_off,fight,0.0,0.0,fight,2.0,0.0,9.7841,126,441498255,145,55880,24551,157006,4
baseline_off,fight,0.0,0.0,fight,2.0,0.0,9.7883,127,441511716,146,145604,24588,157003,4
baseline_off,fight,0.0,0.0,fight,2.0,0.0,9.7957,0,441529435,148,174373,24583,157009,36
baseline_off,fight,0.0,0.0,fight,2.0,0.0,9.7978,1,441530375,144,177141,24549,157023,32
baseline_off,fight,0.0,0.0,fight,2.0,0.0,9.8031,2,441540766,145,59275,24587,157016,4
baseline_off,fight,0.0,0.0,fight,2.0,0.0,9.8126,3,441550242,146,99696,24591,157059,4
baseline_off,fight,0.0,0.0,fight,2.0,0.0,9.8231,4,441561934,145,45431,24590,157044,4
baseline_off,fight,0.0,0.0,fight,2.0,0.0,9.84,5,441572772,153,160229,24589,157031,36
baseline_off,fight,0.0,0.0,fight,2.0,0.0,9.8505,6,441583177,143,44732,24591,157056,4
baseline_off,fight,0.0,0.0,fight,2.0,0.0,9.8558,7,441592561,145,69461,24556,157053,4
baseline_off,fight,0.0,0.0,fight,2.0,0.0,9.8653,8,441603388,145,25538,24581,157011,4
baseline_off,fight,0.0,0.0,fight,2.0,0.0,9.8769,9,441614490,146,28616,24550,157017,4
baseline_off,fight,0.0,0.0,fight,2.0,0.0,9.8896,10,441625308,142,140803,24544,157031,4
baseline_off,fight,0.0,0.0,fight,2.0,0.0,9.898,11,441635705,145,181314,24587,157022,36
baseline_off,fight,0.0,0.0,fight,2.0,0.0,9.9107,12,441646999,143,60077,24545,156983,4
baseline_off,fight,0.0,0.0,fight,2.0,0.0,9.9181,13,441657099,145,50034,24580,156989,4
baseline_off,fight,0.0,0.0,fight,2.0,0.0,9.9275,14,441665764,145,109960,24584,156997,4
baseline_off,fight,0.0,0.0,fight,2.0,0.0,9.9412,15,441676925,146,123283,24588,157013,4
baseline_off,fight,0.0,0.0,fight,2.0,0.0,9.9507,16,441689534,144,68741,24549,157000,4
baseline_off,fight,0.0,0.0,fight,2.0,0.0,9.9675,17,441700357,144,181293,24544,157009,36
baseline_off,fight,0.0,0.0,fight,2.0,0.0,9.9781,18,441710755,146,64825,24596,157033,4
baseline_off,fight,0.0,0.0,fight,2.0,0.0,9.9844,19,441719717,151,175047,24588,157017,36
baseline_off,fight,0.0,0.0,fight,2.0,0.0,9.9929,20,441729259,144,69860,24547,157020,4
baseline_off,fight,0.0,0.0,fight,2.0,0.0,10.0023,21,441741963,145,31299,24621,156999,4
baseline_off,fight,0.0,0.0,fight,2.0,0.0,10.0182,22,441753230,144,62313,24511,157023,4
baseline_off,fight,0.0,0.0,fight,2.0,0.0,10.0234,23,441761997,144,139273,24548,157028,4
baseline_off,fight,0.0,0.0,fight,2.0,0.0,10.034,24,441774493,145,65254,24585,157013,4
baseline_off,fight,0.0,0.0,fight,2.0,0.0,10.0435,25,441783508,146,27618,24588,157023,4
baseline_off,fight,0.0,0.0,fight,2.0,0.0,10.0603,26,441794172,144,113202,24591,157037,4
baseline_off,fight,0.0,0.0,fight,2.0,0.0,10.0773,27,441804572,144,153767,24584,157001,4
baseline_off,fight,0.0,0.0,fight,2.0,0.0,10.0943,28,441819297,149,144199,24590,157046,4
baseline_off,fight,0.0,0.0,fight,2.0,0.0,10.0943,29,441820251,139,149353,24591,157056,0
baseline_off,fight,0.0,0.0,fight,2.0,0.0,10.0943,30,441821201,146,153833,24552,157048,0
baseline_off,fight,0.0,0.0,fight,2.0,0.0,10.0976,31,441822160,145,159779,24544,157030,36
baseline_off,fight,0.0,0.0,fight,2.0,0.0,10.0976,32,441824822,144,141209,24550,157025,4
baseline_off,fight,0.0,0.0,fight,2.0,0.0,10.1029,33,441826736,145,152582,24591,157038,4
baseline_off,fight,0.0,0.0,fight,2.0,0.0,10.1029,34,441832219,145,142489,24595,157033,4
baseline_off,fight,0.0,0.0,fight,2.0,0.0,10.1135,35,441846396,145,39646,24594,157052,4
baseline_off,fight,0.0,0.0,fight,2.0,0.0,10.1156,36,441847352,145,45042,24584,157047,0
baseline_off,fight,0.0,0.0,fight,2.0,0.0,10.1198,37,441856687,143,61835,24584,157013,4
baseline_off,fight,0.0,0.0,fight,2.0,0.0,10.1282,38,441867429,144,160446,24549,157050,36
baseline_off,fight,0.0,0.0,fight,2.0,0.0,10.1409,39,441877097,141,76220,24591,157029,4
baseline_off,fight,0.0,0.0,fight,2.0,0.0,10.1504,40,441889681,152,174112,24594,157057,36
baseline_off,fight,0.0,0.0,fight,2.0,0.0,10.1673,41,441900494,144,127569,24592,157060,4
baseline_off,fight,0.0,0.0,fight,2.0,0.0,10.1747,42,441910901,144,169262,24554,157044,36
baseline_off,fight,0.0,0.0,fight,2.0,0.0,10.1831,43,441920020,138,149116,24554,157044,4
baseline_off,fight,0.0,0.0,fight,2.0,0.0,10.1958,44,441932123,144,165149,24589,157027,36
baseline_off,fight,0.0,0.0,fight,2.0,0.0,10.2042,45,441940885,144,84299,24547,157009,4
baseline_off,fight,0.0,0.0,fight,2.0,0.0,10.2253,46,441953374,145,166253,24582,157011,36
baseline_off,fight,0.0,0.0,fight,2.0,0.0,10.2328,47,441968095,146,156315,24554,157062,4
baseline_off,fight,0.0,0.0,fight,2.0,0.0,10.2402,48,441975110,145,92342,24592,157072,4
baseline_off,fight,0.0,0.0,fight,2.0,0.0,10.2601,49,441984408,146,102539,24586,157031,4
baseline_off,fight,0.0,0.0,fight,2.0,0.0,10.2759,50,441992844,146,123433,24587,157013,4
baseline_off,fight,0.0,0.0,fight,2.0,0.0,10.2802,51,442005671,139,105888,24583,156991,4
baseline_off,fight,0.0,0.0,fight,2.0,0.0,10.2843,52,442021948,145,46884,24582,157005,4
baseline_off,fight,0.0,0.0,fight,2.0,0.0,10.2854,53,442024737,144,49963,24585,157001,4
baseline_off,fight,0.0,0.0,fight,2.0,0.0,10.2981,54,442035668,145,180957,24597,157074,36
baseline_off,fight,0.0,0.0,fight,2.0,0.0,10.3075,55,442046148,144,78041,24549,157037,4
baseline_off,fight,0.0,0.0,fight,2.0,0.0,10.3212,56,442057186,145,70129,24559,157063,4
baseline_off,fight,0.0,0.0,fight,2.0,0.0,10.3317,57,442069802,144,173215,24597,157075,36
baseline_off,fight,0.0,0.0,fight,2.0,0.0,10.3475,58,442080626,145,128516,24553,157051,4
baseline_off,fight,0.0,0.0,fight,2.0,0.0,10.3581,59,442091022,144,168438,24590,157059,36
baseline_off,fight,0.0,0.0,fight,2.0,0.0,10.3686,60,442099971,145,119033,24595,157051,4
baseline_off,fight,0.0,0.0,fight,2.0,0.0,10.3749,61,442110853,146,84108,24591,157077,4
baseline_off,fight,0.0,0.0,fight,2.0,0.0,10.3833,62,442121819,144,63888,24585,157016,4
baseline_off,fight,0.0,0.0,fight,2.0,0.0,10.3928,63,442132339,144,124761,24598,157096,4
baseline_off,fight,0.0,0.0,fight,2.0,0.0,10.4096,64,442143158,145,79485,24547,157025,4
baseline_off,fight,0.0,0.0,fight,2.0,0.0,10.418,65,442153559,144,120330,24595,157044,4
baseline_off,fight,0.0,0.0,fight,2.0,0.0,10.4233,66,442162682,152,100554,24557,157074,4
baseline_off,fight,0.0,0.0,fight,2.0,0.0,10.4391,67,442174812,142,120817,24589,157041,4
baseline_off,fight,0.0,0.0,fight,2.0,0.0,10.4443,68,442183557,145,36793,24558,157065,4
baseline_off,fight,0.0,0.0,fight,2.0,0.0,10.4601,69,442196065,145,121176,24598,157088,4
baseline_off,fight,0.0,0.0,fight,2.0,0.0,10.4675,70,442204839,145,42268,24590,157065,4
baseline_off,fight,0.0,0.0,fight,2.0,0.0,10.4781,71,442217337,143,125265,24546,157022,4
baseline_off,fight,0.0,0.0,fight,2.0,0.0,10.4949,72,442228195,144,86778,24590,157009,4
baseline_off,fight,0.0,0.0,fight,2.0,0.0,10.5033,73,442238558,138,120917,24589,157042,4
baseline_off,fight,0.0,0.0,fight,2.0,0.0,10.5117,74,442247396,146,52620,24560,157098,4
baseline_off,fight,0.0,0.0,fight,2.0,0.0,10.5212,75,442258809,142,108041,24554,157051,4
baseline_off,fight,0.0,0.0,fight,2.0,0.0,10.5307,76,442269961,144,119163,24550,157056,4
baseline_off,fight,0.0,0.0,fight,2.0,0.0,10.5476,77,442280767,145,71654,24593,157053,4
baseline_off,fight,0.0,0.0,fight,2.0,0.0,10.5582,78,442291141,145,107692,24555,157048,4
baseline_off,fight,0.0,0.0,fight,2.0,0.0,10.5645,79,442300053,145,52340,24591,157043,4
baseline_off,fight,0.0,0.0,fight,2.0,0.0,10.5803,80,442311393,145,95390,24593,157056,4
baseline_off,fight,0.0,0.0,fight,2.0,0.0,10.5919,81,442322616,144,118592,24592,157049,4
baseline_off,fight,0.0,0.0,fight,2.0,0.0,10.6003,82,442323569,147,123620,24584,157052,0
baseline_off,fight,0.0,0.0,fight,2.0,0.0,10.6003,83,442324518,145,127876,24590,157035,0
baseline_off,fight,0.0,0.0,fight,2.0,0.0,10.6024,84,442325470,145,132668,24589,157056,0
baseline_off,fight,0.0,0.0,fight,2.0,0.0,10.6024,85,442328139,144,115165,24555,157054,4
baseline_off,fight,0.0,0.0,fight,2.0,0.0,10.6045,86,442330491,146,43807,24585,157040,4
baseline_off,fight,0.0,0.0,fight,2.0,0.0,10.6045,87,442333620,145,104770,24588,157026,4
baseline_off,fight,0.0,0.0,fight,2.0,0.0,10.6109,88,442348898,138,32285,24549,157035,4
baseline_off,fight,0.0,0.0,fight,2.0,0.0,10.6214,89,442356053,136,149409,24593,157045,4
baseline_off,fight,0.0,0.0,fight,2.0,0.0,10.6235,90,442363134,145,96697,24595,157077,4
baseline_off,fight,0.0,0.0,fight,2.0,0.0,10.6341,91,442372554,145,127848,24585,157028,4
baseline_off,fight,0.0,0.0,fight,2.0,0.0,10.6488,92,442384978,151,41496,24547,157020,4
baseline_off,fight,0.0,0.0,fight,2.0,0.0,10.6552,93,442393705,143,111613,24584,157026,4
baseline_off,fight,0.0,0.0,fight,2.0,0.0,10.6699,94,442406231,144,42734,24586,157025,4
baseline_off,fight,0.0,0.0,fight,2.0,0.0,10.6783,95,442414999,146,119810,24554,157041,4
baseline_off,fight,0.0,0.0,fight,2.0,0.0,10.6909,96,442427513,144,48580,24551,157035,4
baseline_off,fight,0.0,0.0,fight,2.0,0.0,10.6983,97,442436273,145,124542,24556,157022,4
baseline_off,fight,0.0,0.0,fight,2.0,0.0,10.7078,98,442447278,144,110850,24548,157026,4
baseline_off,fight,0.0,0.0,fight,2.0,0.0,10.7215,99,442458794,144,27005,24554,157040,4
baseline_off,fight,0.0,0.0,fight,2.0,0.0,10.7289,100,442467551,146,102473,24586,157015,4
baseline_off,fight,0.0,0.0,fight,2.0,0.0,10.7447,101,442480046,145,27941,24589,157037,4
baseline_off,fight,0.0,0.0,fight,2.0,0.0,10.7501,102,442488793,144,101723,24585,157022,4
baseline_off,fight,0.0,0.0,fight,2.0,0.0,10.7638,103,442501307,143,30792,24547,157014,4
baseline_off,fight,0.0,0.0,fight,2.0,0.0,10.7743,104,442513900,150,129868,24592,157043,4
baseline_off,fight,0.0,0.0,fight,2.0,0.0,10.7912,105,442524694,145,80160,24591,157050,4
baseline_off,fight,0.0,0.0,fight,2.0,0.0,10.7996,106,442535098,139,121241,24589,157049,4
baseline_off,fight,0.0,0.0,fight,2.0,0.0,10.8091,107,442543897,138,46533,24595,157076,4
baseline_off,fight,0.0,0.0,fight,2.0,0.0,10.8133,108,442553267,144,68922,24555,157040,4
baseline_off,fight,0.0,0.0,fight,2.0,0.0,10.8239,109,442562338,144,40657,24589,157014,4
baseline_off,fight,0.0,0.0,fight,2.0,0.0,10.8355,110,442573864,144,115709,24590,157033,4
baseline_off,fight,0.0,0.0,fight,2.0,0.0,10.845,111,442584226,138,149496,24548,157040,4
baseline_off,fight,0.0,0.0,fight,2.0,0.0,10.8598,112,442596369,145,172041,24556,157077,36
baseline_off,fight,0.0,0.0,fight,2.0,0.0,10.8682,113,442605122,143,89284,24558,157048,4
baseline_off,fight,0.0,0.0,fight,2.0,0.0,10.8798,114,442617656,143,178446,24553,157048,36
baseline_off,fight,0.0,0.0,fight,2.0,0.0,10.8915,115,442627723,144,162356,24593,157053,36
baseline_off,fight,0.0,0.0,fight,2.0,0.0,10.8989,116,442638257,143,68527,24513,157033,4
baseline_off,fight,0.0,0.0,fight,2.0,0.0,10.9094,117,442647262,150,29279,24590,157038,4
baseline_off,fight,0.0,0.0,fight,2.0,0.0,10.9178,118,442657780,145,90007,24590,157025,4
baseline_off,fight,0.0,0.0,fight,2.0,0.0,10.9326,119,442668931,150,101328,24550,157011,4
baseline_off,fight,0.0,0.0,fight,2.0,0.0,10.9421,120,442681531,144,44830,24553,157053,4
baseline_off,fight,0.0,0.0,fight,2.0,0.0,10.9589,121,442692331,144,153421,24591,157043,4
baseline_off,fight,0.0,0.0,fight,2.0,0.0,10.9673,122,442702752,144,40547,24554,157035,4
baseline_off,fight,0.0,0.0,fight,2.0,0.0,10.9758,123,442711699,144,148045,24598,157073,4
baseline_off,fight,0.0,0.0,fight,2.0,0.0,10.9842,124,442721215,144,37914,24593,157037,4
baseline_off,fight,0.0,0.0,fight,2.0,0.0,10.9958,125,442733619,137,105156,24555,157045,4
baseline_off,fight,0.0,0.0,fight,2.0,0.0,11.0063,126,442745303,145,49745,24587,157027,4
baseline_off,fight,0.0,0.0,fight,2.0,0.0,11.0232,127,442756150,145,166295,24544,157014,36
baseline_off,fight,0.0,0.0,fight,2.0,0.0,11.0327,0,442766538,144,48030,24587,157039,4
baseline_off,fight,0.0,0.0,fight,2.0,0.0,11.0474,1,442775507,144,159626,24588,157022,36
baseline_off,fight,0.0,0.0,fight,2.0,0.0,11.0653,2,442784733,145,156994,24553,157032,4
baseline_off,fight,0.0,0.0,fight,2.0,0.0,11.0832,3,442797545,145,136806,24631,157065,4
baseline_off,fight,0.0,0.0,fight,2.0,0.0,11.1022,4,442817170,149,174725,24596,157068,36
baseline_off,fight,0.0,0.0,fight,2.0,0.0,11.1043,5,442833681,145,154781,24550,157022,4
baseline_off,fight,0.0,0.0,fight,2.0,0.0,11.1043,6,442834636,145,159979,24586,157025,36
baseline_off,fight,0.0,0.0,fight,2.0,0.0,11.1296,7,442858305,154,100782,24559,157055,4
baseline_off,fight,0.0,0.0,fight,2.0,0.0,11.1296,8,442859260,142,105937,24591,157075,0
baseline_off,fight,0.0,0.0,fight,2.0,0.0,11.1296,9,442860215,144,111215,24591,157058,0
baseline_off,fight,0.0,0.0,fight,2.0,0.0,11.138,10,442863056,145,123091,24590,157057,4
baseline_off,fight,0.0,0.0,fight,2.0,0.0,11.138,11,442863089,145,128736,24590,157057,8
baseline_off,fight,0.0,0.0,fight,2.0,0.0,11.1402,12,442864965,144,133545,24588,157008,4
baseline_off,fight,0.0,0.0,fight,2.0,0.0,11.1422,13,442870447,145,123446,24519,157020,4
baseline_off,fight,0.0,0.0,fight,2.0,0.0,11.1454,14,442870480,145,129066,24519,157020,8
baseline_off,fight,0.0,0.0,fight,2.0,0.0,11.1454,15,442876021,144,128541,24592,157077,4
baseline_off,fight,0.0,0.0,fight,2.0,0.0,11.1496,16,442891034,144,167655,24595,157072,36
baseline_off,fight,0.0,0.0,fight,2.0,0.0,11.1591,17,442891990,145,172962,24597,157072,32
baseline_off,fight,0.0,0.0,fight,2.0,0.0,11.1612,18,442901287,144,25887,24550,157040,4
baseline_off,fight,0.0,0.0,fight,2.0,0.0,11.1728,19,442912502,144,48016,24545,157038,4
baseline_off,fight,0.0,0.0,fight,2.0,0.0,11.1823,20,442923071,144,117401,24549,157023,4
baseline_off,fight,0.0,0.0,fight,2.0,0.0,11.2002,21,442933774,144,52209,24585,157048,4
baseline_off,fight,0.0,0.0,fight,2.0,0.0,11.2077,22,442944157,143,89613,24554,157036,4
baseline_off,fight,0.0,0.0,fight,2.0,0.0,11.2141,23,442953258,146,66324,24592,157054,4
baseline_off,fight,0.0,0.0,fight,2.0,0.0,11.2289,24,442965432,144,94094,24555,157061,4
baseline_off,fight,0.0,0.0,fight,2.0,0.0,11.2352,25,442974151,144,162829,24592,157059,36
baseline_off,fight,0.0,0.0,fight,2.0,0.0,11.25,26,442986695,144,96793,24547,157012,4
baseline_off,fight,0.0,0.0,fight,2.0,0.0,11.2574,27,442995412,144,165607,24546,156995,36
baseline_off,fight,0.0,0.0,fight,2.0,0.0,11.2711,28,443007955,144,99541,24590,157031,4
baseline_off,fight,0.0,0.0,fight,2.0,0.0,11.2806,29,443018636,145,30433,24589,157085,4
baseline_off,fight,0.0,0.0,fight,2.0,0.0,11.2943,30,443029281,144,112652,24509,157039,4
baseline_off,fight,0.0,0.0,fight,2.0,0.0,11.2975,31,443039580,145,135955,24593,157044,4
baseline_off,fight,0.0,0.0,fight,2.0,0.0,11.3122,32,443049242,146,50880,24592,157058,4
baseline_off,fight,0.0,0.0,fight,2.0,0.0,11.3217,33,443061834,141,149849,24515,157056,4
baseline_off,fight,0.0,0.0,fight,2.0,0.0,11.3386,34,443072589,145,94032,24504,157000,4
baseline_off,fight,0.0,0.0,fight,2.0,0.0,11.3481,35,443082962,154,130099,24590,157028,4
baseline_off,fight,0.0,0.0,fight,2.0,0.0,11.3555,36,443091768,145,56682,24591,157075,4
baseline_off,fight,0.0,0.0,fight,2.0,0.0,11.364,37,443102942,153,71394,24589,157061,4
baseline_off,fight,0.0,0.0,fight,2.0,0.0,11.3777,38,443114285,144,114941,24591,157031,4
baseline_off,fight,0.0,0.0,fight,2.0,0.0,11.384,39,443123019,145,29640,24582,157011,4
baseline_off,fight,0.0,0.0,fight,2.0,0.0,11.3988,40,443135558,144,119282,24551,157058,4
baseline_off,fight,0.0,0.0,fight,2.0,0.0,11.4051,41,443144300,145,35017,24551,157053,4
baseline_off,fight,0.0,0.0,fight,2.0,0.0,11.4199,42,443156829,145,123462,24549,157012,4
baseline_off,fight,0.0,0.0,fight,2.0,0.0,11.4273,43,443165524,138,31253,24548,157021,4
baseline_off,fight,0.0,0.0,fight,2.0,0.0,11.441,44,443178104,145,128349,24593,157046,4
baseline_off,fight,0.0,0.0,fight,2.0,0.0,11.4473,45,443186808,144,37568,24583,157007,4
baseline_off,fight,0.0,0.0,fight,2.0,0.0,11.4621,46,443199355,151,129315,24590,157036,4
baseline_off,fight,0.0,0.0,fight,2.0,0.0,11.4684,47,443208080,145,42317,24590,157016,4
baseline_off,fight,0.0,0.0,fight,2.0,0.0,11.4842,48,443220639,138,135941,24594,157050,4
baseline_off,fight,0.0,0.0,fight,2.0,0.0,11.4895,49,443229363,144,48697,24584,157032,4
baseline_off,fight,0.0,0.0,fight,2.0,0.0,11.5043,50,443241882,136,135460,24591,157008,4
baseline_off,fight,0.0,0.0,fight,2.0,0.0,11.5085,51,443250605,144,48146,24587,157026,4
baseline_off,fight,0.0,0.0,fight,2.0,0.0,11.5222,52,443260207,145,110438,24585,157006,4
baseline_off,fight,0.0,0.0,fight,2.0,0.0,11.5433,53,443270748,145,175050,24588,157023,36
baseline_off,fight,0.0,0.0,fight,2.0,0.0,11.5613,54,443295268,142,103573,24551,157012,4
baseline_off,fight,0.0,0.0,fight,2.0,0.0,11.5761,55,443296225,147,109183,24585,157016,0
baseline_off,fight,0.0,0.0,fight,2.0,0.0,11.5929,56,443310225,145,133732,24548,157046,4
baseline_off,fight,0.0,0.0,fight,2.0,0.0,11.5982,57,443327763,144,131456,24551,157020,4
baseline_off,fight,0.0,0.0,fight,2.0,0.0,11.5982,58,443328713,144,135901,24584,157024,0
baseline_off,fight,0.0,0.0,fight,2.0,0.0,11.6151,59,443350920,144,142158,24556,157041,4
baseline_off,fight,0.0,0.0,fight,2.0,0.0,11.6151,60,443351874,145,147409,24589,157063,0
baseline_off,fight,0.0,0.0,fight,2.0,0.0,11.6236,61,443352830,147,152760,24590,157030,0
baseline_off,fight,0.0,0.0,fight,2.0,0.0,11.6278,62,443355669,141,164288,24550,157027,36
baseline_off,fight,0.0,0.0,fight,2.0,0.0,11.631,63,443355702,141,169934,24550,157027,40
baseline_off,fight,0.0,0.0,fight,2.0,0.0,11.631,64,443357926,145,76835,24556,157060,4
baseline_off,fight,0.0,0.0,fight,2.0,0.0,11.6342,65,443363408,145,66437,24557,157086,4
baseline_off,fight,0.0,0.0,fight,2.0,0.0,11.6362,66,443363441,145,72057,24557,157086,8
baseline_off,fight,0.0,0.0,fight,2.0,0.0,11.6384,67,443368981,145,71494,24582,157025,4
baseline_off,fight,0.0,0.0,fight,2.0,0.0,11.6415,68,443382075,144,99406,24586,156997,4
baseline_off,fight,0.0,0.0,fight,2.0,0.0,11.6479,69,443387770,145,125512,24590,157023,4
baseline_off,fight,0.0,0.0,fight,2.0,0.0,11.6573,70,443396702,144,73705,24552,157010,4
baseline_off,fight,0.0,0.0,fight,2.0,0.0,11.6679,71,443408212,144,145862,24556,157059,4
baseline_off,fight,0.0,0.0,fight,2.0,0.0,11.6827,72,443419531,144,28777,24550,157029,4
baseline_off,fight,0.0,0.0,fight,2.0,0.0,11.6932,73,443432092,145,122764,24591,157038,4
baseline_off,fight,0.0,0.0,fight,2.0,0.0,11.7058,74,443442887,147,73227,24589,157045,4
baseline_off,fight,0.0,0.0,fight,2.0,0.0,11.7142,75,443453197,145,98577,24622,157024,4
baseline_off,fight,0.0,0.0,fight,2.0,0.0,11.7238,76,443461970,144,176774,24593,157027,36
baseline_off,fight,0.0,0.0,fight,2.0,0.0,11.7333,77,443472041,145,161374,24591,157037,36
baseline_off,fight,0.0,0.0,fight,2.0,0.0,11.7428,78,443483364,143,44670,24594,157081,4
baseline_off,fight,0.0,0.0,fight,2.0,0.0,11.7597,79,443494151,143,151064,24590,157039,4
baseline_off,fight,0.0,0.0,fight,2.0,0.0,11.7681,80,443504501,145,26018,24590,157039,4
baseline_off,fight,0.0,0.0,fight,2.0,0.0,11.7734,81,443513550,146,151024,24588,157021,4
baseline_off,fight,0.0,0.0,fight,2.0,0.0,11.7861,82,443525826,145,39441,24590,157056,4
baseline_off,fight,0.0,0.0,fight,2.0,0.0,11.8051,83,443536657,145,153154,24598,157046,4
baseline_off,fight,0.0,0.0,fight,2.0,0.0,11.8103,84,443547047,145,34450,24604,157099,4
baseline_off,fight,0.0,0.0,fight,2.0,0.0,11.8188,85,443557472,144,78849,24547,157046,4
baseline_off,fight,0.0,0.0,fight,2.0,0.0,11.8282,86,443566549,145,51358,24524,157098,4
baseline_off,fight,0.0,0.0,fight,2.0,0.0,11.8377,87,443576890,144,81599,24551,157046,4
baseline_off,fight,0.0,0.0,fight,2.0,0.0,11.8483,88,443587295,144,122940,24593,157059,4
baseline_off,fight,0.0,0.0,fight,2.0,0.0,11.8578,89,443598030,143,63243,24598,157081,4
baseline_off,fight,0.0,0.0,fight,2.0,0.0,11.8683,90,443608610,142,134178,24557,157054,4
baseline_off,fight,0.0,0.0,fight,2.0,0.0,11.8789,91,443619324,145,70828,24590,157030,4
baseline_off,fight,0.0,0.0,fight,2.0,0.0,11.8926,92,443630446,144,77042,24590,157043,4
baseline_off,fight,0.0,0.0,fight,2.0,0.0,11.901,93,443640879,145,123211,24589,157034,4
baseline_off,fight,0.0,0.0,fight,2.0,0.0,11.9126,94,443651740,145,85311,24590,157019,4
baseline_off,fight,0.0,0.0,fight,2.0,0.0,11.9232,95,443663497,145,42861,24549,157020,4
baseline_off,fight,0.0,0.0,fight,2.0,0.0,11.94,96,443674295,145,151419,24623,156984,4
baseline_off,fight,0.0,0.0,fight,2.0,0.0,11.9484,97,443684644,145,26451,24587,157033,4
baseline_off,fight,0.0,0.0,fight,2.0,0.0,11.9579,98,443693465,145,112610,24549,157026,4
baseline_off,fight,0.0,0.0,fight,2.0,0.0,11.9632,99,443704649,146,129665,24580,156992,4
baseline_off,fight,0.0,0.0,fight,2.0,0.0,11.9737,100,443713424,145,51322,24553,157040,4
baseline_off,fight,0.0,0.0,fight,2.0,0.0,11.9885,101,443725931,139,135870,24586,157023,4
baseline_off,fight,0.0,0.0,fight,2.0,0.0,11.998,102,443736657,145,75189,24626,157016,4
baseline_off,fight,0.0,0.0,fight,2.0,0.0,12.0107,103,443747323,151,161254,24591,157034,36
baseline_off,fight,0.0,0.0,fight,2.0,0.0,12.0181,104,443757034,144,84940,24580,156970,4
baseline_off,fight,0.0,0.0,fight,2.0,0.0,12.0276,105,443769726,144,44542,24587,157016,4
baseline_off,fight,0.0,0.0,fight,2.0,0.0,12.0382,106,443778683,145,154141,24588,157035,4
baseline_off,fight,0.0,0.0,fight,2.0,0.0,12.055,107,443789409,144,93323,24551,157004,4
baseline_off,fight,0.0,0.0,fight,2.0,0.0,12.0613,108,443799759,145,125618,24548,157025,4
baseline_off,fight,0.0,0.0,fight,2.0,0.0,12.0688,109,443808838,145,98988,24583,156996,4
baseline_off,fight,0.0,0.0,fight,2.0,0.0,12.0974,110,443826425,140,105268,24549,157018,4
baseline_off,fight,0.0,0.0,fight,2.0,0.0,12.0974,111,443827377,144,110156,24586,157017,0
baseline_off,fight,0.0,0.0,fight,2.0,0.0,12.0995,112,443828328,144,114749,24590,157027,0
baseline_off,fight,0.0,0.0,fight,2.0,0.0,12.0995,113,443829280,144,119589,24589,157048,0
baseline_off,fight,0.0,0.0,fight,2.0,0.0,12.1059,114,443830653,145,39018,24549,157015,4
baseline_off,fight,0.0,0.0,fight,2.0,0.0,12.108,115,443834301,145,30842,24593,157074,4
baseline_off,fight,0.0,0.0,fight,2.0,0.0,12.108,116,443836133,145,28179,24591,157068,4
baseline_off,fight,0.0,0.0,fight,2.0,0.0,12.1175,117,443853999,145,81524,24593,157052,4
baseline_off,fight,0.0,0.0,fight,2.0,0.0,12.1175,118,443854941,145,84733,24592,157065,0
baseline_off,fight,0.0,0.0,fight,2.0,0.0,12.1291,119,443864221,144,91663,24550,157040,4
baseline_off,fight,0.0,0.0,fight,2.0,0.0,12.1333,120,443871938,146,147330,24627,157039,4
baseline_off,fight,0.0,0.0,fight,2.0,0.0,12.1428,121,443883798,145,122401,24542,156980,4
baseline_off,fight,0.0,0.0,fight,2.0,0.0,12.1597,122,443894480,145,54180,24589,157027,4
baseline_off,fight,0.0,0.0,fight,2.0,0.0,12.1713,123,443904843,145,88453,24626,157054,4
baseline_off,fight,0.0,0.0,fight,2.0,0.0,12.1745,124,443914204,145,109432,24589,157030,4
baseline_off,fight,0.0,0.0,fight,2.0,0.0,12.1861,125,443925064,149,71327,24549,157003,4
baseline_off,fight,0.0,0.0,fight,2.0,0.0,12.1956,126,443936186,144,77967,24547,157004,4
baseline_off,fight,0.0,0.0,fight,2.0,0.0,12.2082,127,443946973,148,27439,24586,157045,4
baseline_off,fight,0.0,0.0,fight,2.0,0.0,12.2177,0,443957554,145,98711,24554,157066,4
baseline_off,fight,0.0,0.0,fight,2.0,0.0,12.2336,1,443968285,144,38176,24563,157089,4
baseline_off,fight,0.0,0.0,fight,2.0,0.0,12.2452,2,443978647,144,71933,24558,157057,4
baseline_off,fight,0.0,0.0,fight,2.0,0.0,12.2505,3,443988840,145,77377,24582,157010,4
baseline_off,fight,0.0,0.0,fight,2.0,0.0,12.26,4,443999604,143,180110,24544,157007,36
baseline_off,fight,0.0,0.0,fight,2.0,0.0,12.2706,5,444010096,145,79749,24591,157024,4
baseline_off,fight,0.0,0.0,fight,2.0,0.0,12.2811,6,444021248,144,91528,24546,156983,4
baseline_off,fight,0.0,0.0,fight,2.0,0.0,12.2939,7,444032015,145,37646,24547,157017,4
baseline_off,fight,0.0,0.0,fight,2.0,0.0,12.3023,8,444042512,145,94871,24593,157030,4
baseline_off,fight,0.0,0.0,fight,2.0,0.0,12.3128,9,444053269,143,39038,24555,157058,4
baseline_off,fight,0.0,0.0,fight,2.0,0.0,12.3234,10,444063774,146,97523,24551,157046,4
baseline_off,fight,0.0,0.0,fight,2.0,0.0,12.3329,11,444075041,144,128391,24557,157078,4
baseline_off,fight,0.0,0.0,fight,2.0,0.0,12.3477,12,444085797,143,71990,24560,157095,4
baseline_off,fight,0.0,0.0,fight,2.0,0.0,12.3582,13,444096220,145,116172,24553,157066,4
baseline_off,fight,0.0,0.0,fight,2.0,0.0,12.3729,14,444106028,149,56316,24586,157029,4
baseline_off,fight,0.0,0.0,fight,2.0,0.0,12.3824,15,444122242,145,143088,24595,157049,4
baseline_off,fight,0.0,0.0,fight,2.0,0.0,12.3845,16,444125426,146,56163,24626,157042,4
baseline_off,fight,0.0,0.0,fight,2.0,0.0,12.4203,17,444137047,146,147304,24587,157023,4
baseline_off,fight,0.0,0.0,fight,2.0,0.0,12.4246,18,444154774,146,177359,24592,157052,36
baseline_off,fight,0.0,0.0,fight,2.0,0.0,12.4246,19,444157034,144,90315,24554,157046,4
baseline_off,fight,0.0,0.0,fight,2.0,0.0,12.433,20,444171063,145,119381,24588,157039,4
baseline_off,fight,0.0,0.0,fight,2.0,0.0,12.4393,21,444180552,145,162064,24589,157042,36
baseline_off,fight,0.0,0.0,fight,2.0,0.0,12.4478,22,444189157,145,54314,24592,157053,4
baseline_off,fight,0.0,0.0,fight,2.0,0.0,12.4637,23,444200035,144,176039,24547,157017,36
baseline_off,fight,0.0,0.0,fight,2.0,0.0,12.4732,24,444212651,145,122386,24584,157029,4
baseline_off,fight,0.0,0.0,fight,2.0,0.0,12.4859,25,444224048,151,175219,24553,157061,36
baseline_off,fight,0.0,0.0,fight,2.0,0.0,12.4943,26,444232736,144,81674,24556,157078,4
baseline_off,fight,0.0,0.0,fight,2.0,0.0,12.508,27,444245074,145,137522,24544,156997,4
baseline_off,fight,0.0,0.0,fight,2.0,0.0,12.5164,28,444255769,151,71135,24586,157018,4
baseline_off,fight,0.0,0.0,fight,2.0,0.0,12.5291,29,444266432,147,156659,24590,157012,4
baseline_off,fight,0.0,0.0,fight,2.0,0.0,12.5355,30,444276282,144,104195,24584,157020,4
baseline_off,fight,0.0,0.0,fight,2.0,0.0,12.546,31,444285061,145,26405,24579,156996,4
baseline_off,fight,0.0,0.0,fight,2.0,0.0,12.5544,32,444295358,145,49810,24592,157048,4
baseline_off,fight,0.0,0.0,fight,2.0,0.0,12.565,33,444306064,145,142352,24550,157030,4
baseline_off,fight,0.0,0.0,fight,2.0,0.0,12.5841,34,444317611,145,64148,24584,157002,4
baseline_off,fight,0.0,0.0,fight,2.0,0.0,12.5841,35,444322791,145,159728,24585,157017,36
baseline_off,fight,0.0,0.0,fight,2.0,0.0,12.5936,36,444323746,141,165119,24549,157031,32
baseline_off,fight,0.0,0.0,fight,2.0,0.0,12.5957,37,444324685,145,167693,24584,156994,32
baseline_off,fight,0.0,0.0,fight,2.0,0.0,12.5957,38,444325641,145,173342,24585,157023,32
baseline_off,fight,0.0,0.0,fight,2.0,0.0,12.6031,39,444328320,145,156868,24623,157037,4
baseline_off,fight,0.0,0.0,fight,2.0,0.0,12.6031,40,444330490,145,55488,24594,157042,4
baseline_off,fight,0.0,0.0,fight,2.0,0.0,12.6053,41,444346536,144,113686,24590,157042,4
baseline_off,fight,0.0,0.0,fight,2.0,0.0,12.6095,42,444349003,143,61855,24626,157043,4
baseline_off,fight,0.0,0.0,fight,2.0,0.0,12.618,43,444358635,145,128720,24598,157092,4
baseline_off,fight,0.0,0.0,fight,2.0,0.0,12.6327,44,444370170,144,47763,24558,157068,4
baseline_off,fight,0.0,0.0,fight,2.0,0.0,12.6422,45,444382751,150,144754,24599,157072,4
baseline_off,fight,0.0,0.0,fight,2.0,0.0,12.6591,46,444393558,145,97268,24595,157081,4
baseline_off,fight,0.0,0.0,fight,2.0,0.0,12.6676,47,444403930,145,132797,24557,157080,4
baseline_off,fight,0.0,0.0,fight,2.0,0.0,12.676,48,444412738,144,59597,24589,157039,4
baseline_off,fight,0.0,0.0,fight,2.0,0.0,12.6845,49,444423975,146,85067,24592,157069,4
baseline_off,fight,0.0,0.0,fight,2.0,0.0,12.695,50,444435328,149,130333,24589,157068,4
baseline_off,fight,0.0,0.0,fight,2.0,0.0,12.7077,51,444446103,145,77560,24596,157074,4
baseline_off,fight,0.0,0.0,fight,2.0,0.0,12.7161,52,444456569,144,129096,24553,157068,4
baseline_off,fight,0.0,0.0,fight,2.0,0.0,12.7246,53,444465312,145,44770,24594,157050,4
baseline_off,fight,0.0,0.0,fight,2.0,0.0,12.7383,54,444476124,144,155293,24589,157028,4
baseline_off,fight,0.0,0.0,fight,2.0,0.0,12.7457,55,444486523,145,38635,24589,157029,4
baseline_off,fight,0.0,0.0,fight,2.0,0.0,12.7583,56,444497345,146,150894,24557,157035,4
baseline_off,fight,0.0,0.0,fight,2.0,0.0,12.7679,57,444507788,150,41360,24553,157048,4
baseline_off,fight,0.0,0.0,fight,2.0,0.0,12.7794,58,444518628,145,156315,24597,157091,4
baseline_off,fight,0.0,0.0,fight,2.0,0.0,12.79,59,444528634,151,129699,24593,157059,4
baseline_off,fight,0.0,0.0,fight,2.0,0.0,12.7974,60,444539179,145,37823,24586,157040,4
baseline_off,fight,0.0,0.0,fight,2.0,0.0,12.8101,61,444549926,145,137510,24587,157041,4
baseline_off,fight,0.0,0.0,fight,2.0,0.0,12.8195,62,444560423,145,37585,24587,157032,4
baseline_off,fight,0.0,0.0,fight,2.0,0.0,12.8353,63,444571202,144,142485,24552,157069,4
baseline_off,fight,0.0,0.0,fight,2.0,0.0,12.8437,64,444581569,144,177181,24589,157056,36
baseline_off,fight,0.0,0.0,fight,2.0,0.0,12.8585,65,444590631,145,147119,24552,157061,4
baseline_off,fight,0.0,0.0,fight,2.0,0.0,12.8838,66,444611617,145,101732,24557,157082,4
baseline_off,fight,0.0,0.0,fight,2.0,0.0,12.8838,67,444612561,140,105232,24515,157074,0
baseline_off,fight,0.0,0.0,fight,2.0,0.0,12.8933,68,444628862,145,48896,24563,157050,4
baseline_off,fight,0.0,0.0,fight,2.0,0.0,12.8986,69,444636224,145,44104,24551,157037,4
baseline_off,fight,0.0,0.0,fight,2.0,0.0,12.9049,70,444645468,144,45184,24512,157028,4
baseline_off,fight,0.0,0.0,fight,2.0,0.0,12.9144,71,444654554,145,176123,24592,157060,36
baseline_off,fight,0.0,0.0,fight,2.0,0.0,12.9249,72,444664824,145,36969,24603,157070,4
baseline_off,fight,0.0,0.0,fight,2.0,0.0,12.9355,73,444675531,144,129523,24595,157072,4
baseline_off,fight,0.0,0.0,fight,2.0,0.0,12.945,74,444685838,145,154121,24586,157001,4
baseline_off,fight,0.0,0.0,fight,2.0,0.0,12.9545,75,444696448,147,73246,24633,157068,4
baseline_off,fight,0.0,0.0,fight,2.0,0.0,12.9692,76,444707528,151,72106,24592,157048,4
baseline_off,fight,0.0,0.0,fight,2.0,0.0,12.9777,77,444718004,145,125092,24559,157073,4
baseline_off,fight,0.0,0.0,fight,2.0,0.0,12.9935,78,444728832,145,81294,24591,157061,4
baseline_off,fight,0.0,0.0,fight,2.0,0.0,13.0008,79,444739213,145,118228,24596,157088,4
baseline_off,fight,0.0,0.0,fight,2.0,0.0,13.0103,80,444750439,145,141623,24598,157099,4
baseline_off,fight,0.0,0.0,fight,2.0,0.0,13.0198,81,444760771,145,170219,24596,157060,36
baseline_off,fight,0.0,0.0,fight,2.0,0.0,13.0293,82,444771461,145,102895,24546,157034,4
baseline_off,fight,0.0,0.0,fight,2.0,0.0,13.042,83,444782156,145,36437,24551,157040,4
baseline_off,fight,0.0,0.0,fight,2.0,0.0,13.0536,84,444792421,144,54219,24548,157007,4
baseline_off,fight,0.0,0.0,fight,2.0,0.0,13.0631,85,444803159,144,152331,24551,157047,4
baseline_off,fight,0.0,0.0,fight,2.0,0.0,13.0831,86,444815569,144,63497,24590,157053,4
baseline_off,fight,0.0,0.0,fight,2.0,0.0,13.0926,87,444826460,145,30463,24549,157047,4
baseline_off,fight,0.0,0.0,fight,2.0,0.0,13.0947,88,444827414,145,35487,24549,157013,0
baseline_off,fight,0.0,0.0,fight,2.0,0.0,13.1032,89,444828354,143,38263,24588,157019,0
baseline_off,fight,0.0,0.0,fight,2.0,0.0,13.1032,90,444829309,151,43609,24590,157037,0
baseline_off,fight,0.0,0.0,fight,2.0,0.0,13.1032,91,444833553,144,136989,24587,157053,4
baseline_off,fight,0.0,0.0,fight,2.0,0.0,13.1053,92,444833587,144,142651,24587,157053,8
baseline_off,fight,0.0,0.0,fight,2.0,0.0,13.1095,93,444839994,145,132507,24557,157051,4
baseline_off,fight,0.0,0.0,fight,2.0,0.0,13.1116,94,444852772,145,105978,24559,157074,4
baseline_off,fight,0.0,0.0,fight,2.0,0.0,13.118,95,444858144,143,76896,24553,157041,4
baseline_off,fight,0.0,0.0,fight,2.0,0.0,13.1253,96,444866588,145,98750,24590,157063,4
baseline_off,fight,0.0,0.0,fight,2.0,0.0,13.1359,97,444877066,144,152423,24596,157068,4
baseline_off,fight,0.0,0.0,fight,2.0,0.0,13.1496,98,444887810,146,93955,24559,157061,4
baseline_off,fight,0.0,0.0,fight,2.0,0.0,13.158,99,444898193,144,131469,24556,157070,4
baseline_off,fight,0.0,0.0,fight,2.0,0.0,13.1707,100,444909395,145,151465,24589,157042,4
baseline_off,fight,0.0,0.0,fight,2.0,0.0,13.1781,101,444918172,144,72995,24586,157038,4
baseline_off,fight,0.0,0.0,fight,2.0,0.0,13.1928,102,444930660,145,154586,24582,157030,4
baseline_off,fight,0.0,0.0,fight,2.0,0.0,13.2012,103,444941383,144,93197,24549,157007,4
baseline_off,fight,0.0,0.0,fight,2.0,0.0,13.2107,104,444952031,145,176237,24583,157034,36
baseline_off,fight,0.0,0.0,fight,2.0,0.0,13.2276,105,444962822,145,126416,24552,157038,4
baseline_off,fight,0.0,0.0,fight,2.0,0.0,13.2382,106,444973209,144,164576,24552,157041,36
baseline_off,fight,0.0,0.0,fight,2.0,0.0,13.2445,107,444982025,145,92797,24597,157082,4
baseline_off,fight,0.0,0.0,fight,2.0,0.0,13.253,108,444993426,144,146016,24542,157029,4
baseline_off,fight,0.0,0.0,fight,2.0,0.0,13.2624,109,445004568,145,155727,24590,157039,4
baseline_off,fight,0.0,0.0,fight,2.0,0.0,13.2803,110,445016145,145,82513,24543,156980,4
baseline_off,fight,0.0,0.0,fight,2.0,0.0,13.2857,111,445025288,143,66683,24593,157030,4
baseline_off,fight,0.0,0.0,fight,2.0,0.0,13.2953,112,445036100,144,177830,24545,156981,36
baseline_off,fight,0.0,0.0,fight,2.0,0.0,13.3059,113,445047108,145,165004,24587,157034,36
baseline_off,fight,0.0,0.0,fight,2.0,0.0,13.3227,114,445057890,145,113722,24544,157003,4
baseline_off,fight,0.0,0.0,fight,2.0,0.0,13.3333,115,445068260,136,149520,24543,156993,4
baseline_off,fight,0.0,0.0,fight,2.0,0.0,13.3396,116,445077068,142,76967,24582,157010,4
baseline_off,fight,0.0,0.0,fight,2.0,0.0,13.3502,117,445088521,144,140057,24541,157009,4
baseline_off,fight,0.0,0.0,fight,2.0,0.0,13.3597,118,445100872,148,41795,24586,157018,4
baseline_off,fight,0.0,0.0,fight,2.0,0.0,13.3733,119,445111660,140,148565,24541,157007,4
baseline_off,fight,0.0,0.0,fight,2.0,0.0,13.3807,120,445122063,145,33010,24581,156984,4
baseline_off,fight,0.0,0.0,fight,2.0,0.0,13.3902,121,445130842,144,112604,24583,156964,4
baseline_off,fight,0.0,0.0,fight,2.0,0.0,13.4061,122,445141679,145,70642,24628,157050,4
baseline_off,fight,0.0,0.0,fight,2.0,0.0,13.4134,123,445152074,145,110217,24591,157080,4
baseline_off,fight,0.0,0.0,fight,2.0,0.0,13.4197,124,445161151,145,82712,24594,157050,4
baseline_off,fight,0.0,0.0,fight,2.0,0.0,13.4344,125,445173347,145,114155,24585,157036,4
baseline_off,fight,0.0,0.0,fight,2.0,0.0,13.4429,126,445184082,145,54459,24550,157067,4
baseline_off,fight,0.0,0.0,fight,2.0,0.0,13.4524,127,445194696,145,131385,24586,157046,4
baseline_off,fight,0.0,0.0,fight,2.0,0.0,13.4703,0,445205483,145,80658,24584,157019,4
baseline_off,fight,0.0,0.0,fight,2.0,0.0,13.4777,1,445215853,152,116187,24580,157005,4
baseline_off,fight,0.0,0.0,fight,2.0,0.0,13.484,2,445224954,144,93176,24582,156981,4
baseline_off,fight,0.0,0.0,fight,2.0,0.0,13.4956,3,445237147,145,124847,24541,156994,4
baseline_off,fight,0.0,0.0,fight,2.0,0.0,13.5125,4,445248018,144,88953,24546,157025,4
baseline_off,fight,0.0,0.0,fight,2.0,0.0,13.523,5,445258402,143,127009,24543,157009,4
baseline_off,fight,0.0,0.0,fight,2.0,0.0,13.5294,6,445267220,145,55948,24577,156990,4
baseline_off,fight,0.0,0.0,fight,2.0,0.0,13.5379,7,445278446,143,80453,24585,157003,4
baseline_off,fight,0.0,0.0,fight,2.0,0.0,13.5473,8,445289764,138,120396,24549,157012,4
baseline_off,fight,0.0,0.0,fight,2.0,0.0,13.5653,9,445300563,144,71908,24589,157040,4
baseline_off,fight,0.0,0.0,fight,2.0,0.0,13.579,10,445310954,145,111025,24507,156995,4
baseline_off,fight,0.0,0.0,fight,2.0,0.0,13.5959,11,445325647,145,96714,24584,156983,4
baseline_off,fight,0.0,0.0,fight,2.0,0.0,13.5991,12,445326599,149,101655,24544,156987,0
baseline_off,fight,0.0,0.0,fight,2.0,0.0,13.5991,13,445327550,142,106251,24553,157009,0
baseline_off,fight,0.0,0.0,fight,2.0,0.0,13.6012,14,445328490,144,109057,24584,157031,0
baseline_off,fight,0.0,0.0,fight,2.0,0.0,13.6033,15,445333521,145,179355,24584,156989,36
baseline_off,fight,0.0,0.0,fight,2.0,0.0,13.6054,16,445333558,144,28710,24544,156989,0
baseline_off,fight,0.0,0.0,fight,2.0,0.0,13.6075,17,445339528,144,101480,24585,157009,4
baseline_off,fight,0.0,0.0,fight,2.0,0.0,13.6149,18,445352813,146,161869,24538,157009,36
baseline_off,fight,0.0,0.0,fight,2.0,0.0,13.6181,19,445353766,144,166823,24546,157014,32
baseline_off,fight,0.0,0.0,fight,2.0,0.0,13.6233,20,445363457,152,87214,24592,157020,4
baseline_off,fight,0.0,0.0,fight,2.0,0.0,13.6318,21,445373116,146,158886,24550,157035,36
baseline_off,fight,0.0,0.0,fight,2.0,0.0,13.6423,22,445383647,145,64665,24596,157062,4
baseline_off,fight,0.0,0.0,fight,2.0,0.0,13.6529,23,445394380,145,161583,24592,157074,36
baseline_off,fight,0.0,0.0,fight,2.0,0.0,13.6625,24,445404923,144,69134,24594,157038,4
baseline_off,fight,0.0,0.0,fight,2.0,0.0,13.6888,25,445415673,147,169024,24631,157055,36
baseline_off,fight,0.0,0.0,fight,2.0,0.0,13.6931,26,445426041,138,46827,24558,157066,4
baseline_off,fight,0.0,0.0,fight,2.0,0.0,13.7026,27,445440837,145,48904,24594,157045,4
baseline_off,fight,0.0,0.0,fight,2.0,0.0,13.7205,28,445450850,145,180874,24588,157024,36
baseline_off,fight,0.0,0.0,fight,2.0,0.0,13.7238,29,445456955,145,119388,24590,157063,4
baseline_off,fight,0.0,0.0,fight,2.0,0.0,13.7344,30,445473346,145,79232,24594,157070,4
baseline_off,fight,0.0,0.0,fight,2.0,0.0,13.744,31,445483365,147,54783,24590,157057,4
baseline_off,fight,0.0,0.0,fight,2.0,0.0,13.7503,32,445489330,144,126506,24592,157044,4
baseline_off,fight,0.0,0.0,fight,2.0,0.0,13.7577,33,445498337,144,87212,24591,157041,4
baseline_off,fight,0.0,0.0,fight,2.0,0.0,13.7725,34,445511113,144,60901,24590,157026,4
baseline_off,fight,0.0,0.0,fight,2.0,0.0,13.7789,35,445519902,144,141758,24554,157027,4
baseline_off,fight,0.0,0.0,fight,2.0,0.0,13.7937,36,445532395,144,66691,24591,157066,4
baseline_off,fight,0.0,0.0,fight,2.0,0.0,13.8021,37,445543081,145,155570,24591,157061,4
baseline_off,fight,0.0,0.0,fight,2.0,0.0,13.8138,38,445553732,145,81786,24591,157028,4
baseline_off,fight,0.0,0.0,fight,2.0,0.0,13.8285,39,445564538,144,34179,24552,157048,4
baseline_off,fight,0.0,0.0,fight,2.0,0.0,13.8404,40,445574930,145,73436,24591,157032,4
baseline_off,fight,0.0,0.0,fight,2.0,0.0,13.8467,41,445583999,145,44672,24597,157075,4
baseline_off,fight,0.0,0.0,fight,2.0,0.0,13.8552,42,445595902,144,26490,24545,157022,4
baseline_off,fight,0.0,0.0,fight,2.0,0.0,13.8647,43,445604693,146,107694,24546,157007,4
baseline_off,fight,0.0,0.0,fight,2.0,0.0,13.8785,44,445616182,143,176465,24582,156988,36
baseline_off,fight,0.0,0.0,fight,2.0,0.0,13.889,45,445628809,144,124720,24557,157052,4
baseline_off,fight,0.0,0.0,fight,2.0,0.0,13.9038,46,445639607,138,76204,24547,157010,4
baseline_off,fight,0.0,0.0,fight,2.0,0.0,13.9133,47,445650012,145,117511,24630,157057,4
baseline_off,fight,0.0,0.0,fight,2.0,0.0,13.9207,48,445658951,144,66875,24540,156993,4
baseline_off,fight,0.0,0.0,fight,2.0,0.0,13.9281,49,445668460,145,113147,24591,157049,4
baseline_off,fight,0.0,0.0,fight,2.0,0.0,13.9428,50,445681249,145,88563,24590,157037,4
baseline_off,fight,0.0,0.0,fight,2.0,0.0,13.9492,51,445691945,145,179672,24547,157012,36
baseline_off,fight,0.0,0.0,fight,2.0,0.0,13.965,52,445702541,144,96339,24552,157072,4
baseline_off,fight,0.0,0.0,fight,2.0,0.0,13.9766,53,445711302,144,172403,24583,157021,36
baseline_off,fight,0.0,0.0,fight,2.0,0.0,13.9787,54,445720658,145,35743,24589,157009,4
baseline_off,fight,0.0,0.0,fight,2.0,0.0,13.9903,55,445731544,144,158969,24519,157058,36
baseline_off,fight,0.0,0.0,fight,2.0,0.0,14.003,56,445742666,144,164952,24589,157049,36
baseline_off,fight,0.0,0.0,fight,2.0,0.0,14.0093,57,445752948,153,28303,24553,157057,4
baseline_off,fight,0.0,0.0,fight,2.0,0.0,14.0243,58,445763829,144,150510,24554,157062,4
baseline_off,fight,0.0,0.0,fight,2.0,0.0,14.035,59,445776418,145,92084,24592,157054,4
baseline_off,fight,0.0,0.0,fight,2.0,0.0,14.0487,60,445787224,143,44597,24552,157049,4
baseline_off,fight,0.0,0.0,fight,2.0,0.0,14.0539,61,445797702,145,98142,24553,157060,4
baseline_off,fight,0.0,0.0,fight,2.0,0.0,14.0634,62,445806445,145,171025,24588,157020,36
baseline_off,fight,0.0,0.0,fight,2.0,0.0,14.0835,63,445817624,145,29920,24552,157073,4
baseline_off,fight,0.0,0.0,fight,2.0,0.0,14.0941,64,445822994,145,156745,24590,157045,4
baseline_off,fight,0.0,0.0,fight,2.0,0.0,14.0962,65,445824119,144,34784,24545,157040,4
baseline_off,fight,0.0,0.0,fight,2.0,0.0,14.0983,66,445825347,152,86427,24586,157012,0
baseline_off,fight,0.0,0.0,fight,2.0,0.0,14.0983,67,445826619,145,145683,24584,157013,0
baseline_off,fight,0.0,0.0,fight,2.0,0.0,14.0994,68,445829392,144,146060,24540,157005,4
baseline_off,fight,0.0,0.0,fight,2.0,0.0,14.1036,69,445829425,144,151722,24540,157005,8
baseline_off,fight,0.0,0.0,fight,2.0,0.0,14.1036,70,445847249,147,41040,24592,157056,4
baseline_off,fight,0.0,0.0,fight,2.0,0.0,14.1152,71,445852607,145,166517,24553,157066,36
baseline_off,fight,0.0,0.0,fight,2.0,0.0,14.1195,72,445859743,145,123359,24593,157048,4
baseline_off,fight,0.0,0.0,fight,2.0,0.0,14.13,73,445870553,138,76220,24553,157050,4
baseline_off,fight,0.0,0.0,fight,2.0,0.0,14.1395,74,445881506,145,53639,24586,157030,4
baseline_off,fight,0.0,0.0,fight,2.0,0.0,14.1574,75,445892342,144,168676,24583,156995,36
baseline_off,fight,0.0,0.0,fight,2.0,0.0,14.1742,76,445902738,145,51578,24589,157049,4
baseline_off,fight,0.0,0.0,fight,2.0,0.0,14.1764,77,445913463,146,147348,24582,156991,4
baseline_off,fight,0.0,0.0,fight,2.0,0.0,14.188,78,445926241,146,121714,24542,156971,4
baseline_off,fight,0.0,0.0,fight,2.0,0.0,14.208,79,445936267,145,99089,24585,157018,4
baseline_off,fight,0.0,0.0,fight,2.0,0.0,14.2259,80,445944912,145,155892,24545,157007,4
baseline_off,fight,0.0,0.0,fight,2.0,0.0,14.2292,81,445958750,145,153045,24552,157032,4
baseline_off,fight,0.0,0.0,fight,2.0,0.0,14.2408,82,445979229,145,179960,24590,157042,36
baseline_off,fight,0.0,0.0,fight,2.0,0.0,14.2429,83,445980187,146,28638,24554,157038,0
baseline_off,fight,0.0,0.0,fight,2.0,0.0,14.2461,84,445984385,149,114160,24550,157034,4
baseline_off,fight,0.0,0.0,fight,2.0,0.0,14.2556,85,445996728,144,171136,24546,157016,36
baseline_off,fight,0.0,0.0,fight,2.0,0.0,14.2662,86,446007869,145,180804,24546,157022,36
baseline_off,fight,0.0,0.0,fight,2.0,0.0,14.283,87,446018684,143,134839,24556,157061,4
baseline_off,fight,0.0,0.0,fight,2.0,0.0,14.2936,88,446029081,150,174870,24588,157024,36
baseline_off,fight,0.0,0.0,fight,2.0,0.0,14.2999,89,446038444,144,39293,24550,157010,4
baseline_off,fight,0.0,0.0,fight,2.0,0.0,14.3083,90,446049900,147,102619,24588,157012,4
baseline_off,fight,0.0,0.0,fight,2.0,0.0,14.3178,91,446060390,145,158860,24580,156988,36
baseline_off,fight,0.0,0.0,fight,2.0,0.0,14.3347,92,446071205,144,113370,24589,157018,4
baseline_off,fight,0.0,0.0,fight,2.0,0.0,14.3454,93,446081596,145,152617,24585,157027,4
baseline_off,fight,0.0,0.0,fight,2.0,0.0,14.3496,94,446090972,145,176376,24590,157037,36
baseline_off,fight,0.0,0.0,fight,2.0,0.0,14.3612,95,446101829,145,137233,24595,157053,4
baseline_off,fight,0.0,0.0,fight,2.0,0.0,14.3708,96,446112959,148,144511,24583,157034,4
baseline_off,fight,0.0,0.0,fight,2.0,0.0,14.3823,97,446123757,145,95621,24557,157055,4
baseline_off,fight,0.0,0.0,fight,2.0,0.0,14.395,98,446134564,144,48522,24544,157004,4
baseline_off,fight,0.0,0.0,fight,2.0,0.0,14.4056,99,446145780,144,71019,24550,157012,4
baseline_off,fight,0.0,0.0,fight,2.0,0.0,14.4151,100,446156170,145,109853,24593,157025,4
baseline_off,fight,0.0,0.0,fight,2.0,0.0,14.4257,101,446166745,143,180083,24550,157040,36
baseline_off,fight,0.0,0.0,fight,2.0,0.0,14.4404,102,446177572,145,136339,24546,157021,4
baseline_off,fight,0.0,0.0,fight,2.0,0.0,14.4489,103,446187968,145,176195,24583,157002,36
baseline_off,fight,0.0,0.0,fight,2.0,0.0,14.4552,104,446197033,144,147158,24587,157030,4
baseline_off,fight,0.0,0.0,fight,2.0,0.0,14.47,105,446209176,144,170325,24550,157013,36
baseline_off,fight,0.0,0.0,fight,2.0,0.0,14.4774,106,446217940,144,89815,24546,157038,4
baseline_off,fight,0.0,0.0,fight,2.0,0.0,14.4911,107,446230441,147,173732,24586,157016,36
baseline_off,fight,0.0,0.0,fight,2.0,0.0,14.4974,108,446239211,144,94360,24545,157024,4
baseline_off,fight,0.0,0.0,fight,2.0,0.0,14.5123,109,446251702,144,176337,24588,157037,36
baseline_off,fight,0.0,0.0,fight,2.0,0.0,14.5186,110,446260463,144,95340,24554,157026,4
baseline_off,fight,0.0,0.0,fight,2.0,0.0,14.5335,111,446272974,147,180848,24589,157023,36
baseline_off,fight,0.0,0.0,fight,2.0,0.0,14.5399,112,446281746,144,102016,24545,156988,4
baseline_off,fight,0.0,0.0,fight,2.0,0.0,14.5546,113,446294242,145,28365,24584,157003,4
baseline_off,fight,0.0,0.0,fight,2.0,0.0,14.5631,114,446303012,139,105961,24586,157022,4
baseline_off,fight,0.0,0.0,fight,2.0,0.0,14.5831,115,446315484,150,27888,24581,156989,4
baseline_off,fight,0.0,0.0,fight,2.0,0.0,14.5947,116,446329928,144,128458,24543,156981,4
baseline_off,fight,0.0,0.0,fight,2.0,0.0,14.599,117,446330883,142,133883,24613,156987,0
baseline_off,fight,0.0,0.0,fight,2.0,0.0,14.6011,118,446331828,144,137562,24545,156986,0
baseline_off,fight,0.0,0.0,fight,2.0,0.0,14.6042,119,446334678,145,151068,24585,157006,4
baseline_off,fight,0.0,0.0,fight,2.0,0.0,14.6095,120,446334711,145,156660,24585,157006,8
baseline_off,fight,0.0,0.0,fight,2.0,0.0,14.6095,121,446336674,145,176250,24587,157039,36
baseline_off,fight,0.0,0.0,fight,2.0,0.0,14.6127,122,446342157,145,166218,24594,157035,36
baseline_off,fight,0.0,0.0,fight,2.0,0.0,14.6212,123,446356837,143,149567,24586,157009,4
baseline_off,fight,0.0,0.0,fight,2.0,0.0,14.6232,124,446357781,144,153123,24549,157022,0
baseline_off,fight,0.0,0.0,fight,2.0,0.0,14.6275,125,446368583,142,105341,24582,157006,4
baseline_off,fight,0.0,0.0,fight,2.0,0.0,14.6359,126,446377976,145,132055,24586,157017,4
baseline_off,fight,0.0,0.0,fight,2.0,0.0,14.6496,127,446389513,144,52202,24585,156997,4
baseline_off,fight,0.0,0.0,fight,2.0,0.0,14.6538,0,446398251,145,124593,24584,157005,4
baseline_off,fight,0.0,0.0,fight,2.0,0.0,14.6676,1,446408068,145,66104,24585,157010,4
baseline_off,fight,0.0,0.0,fight,2.0,0.0,14.6781,2,446420662,143,165805,24590,157017,36
baseline_off,fight,0.0,0.0,fight,2.0,0.0,14.695,3,446431476,145,120133,24581,156981,4
baseline_off,fight,0.0,0.0,fight,2.0,0.0,14.7034,4,446441827,143,152965,24582,156998,4
baseline_off,fight,0.0,0.0,fight,2.0,0.0,14.7087,5,446450886,146,123228,24576,156954,4
baseline_off,fight,0.0,0.0,fight,2.0,0.0,14.7235,6,446463116,145,161360,24585,157008,36
baseline_off,fight,0.0,0.0,fight,2.0,0.0,14.7299,7,446471857,145,77183,24587,157030,4
baseline_off,fight,0.0,0.0,fight,2.0,0.0,14.7446,8,446484368,145,162717,24585,157025,36
baseline_off,fight,0.0,0.0,fight,2.0,0.0,14.7531,9,446493143,145,84186,24583,157023,4
baseline_off,fight,0.0,0.0,fight,2.0,0.0,14.7626,10,446505621,145,164719,24578,156978,36
baseline_off,fight,0.0,0.0,fight,2.0,0.0,14.7753,11,446516882,144,38099,24544,156992,4
baseline_off,fight,0.0,0.0,fight,2.0,0.0,14.7912,12,446527724,145,154063,24584,157021,4
baseline_off,fight,0.0,0.0,fight,2.0,0.0,14.7997,13,446538145,146,41810,24577,156963,4
baseline_off,fight,0.0,0.0,fight,2.0,0.0,14.8092,14,446546935,146,123402,24586,156989,4
baseline_off,fight,0.0,0.0,fight,2.0,0.0,14.8144,15,446558298,142,171297,24575,156959,36
baseline_off,fight,0.0,0.0,fight,2.0,0.0,14.8302,16,446569410,142,176669,24539,156934,36
baseline_off,fight,0.0,0.0,fight,2.0,0.0,14.8376,17,446578160,145,94529,24579,156977,4
baseline_off,fight,0.0,0.0,fight,2.0,0.0,14.8503,18,446590662,144,179318,24586,157009,36
baseline_off,fight,0.0,0.0,fight,2.0,0.0,14.8577,19,446599404,144,95357,24549,157000,4
baseline_off,fight,0.0,0.0,fight,2.0,0.0,14.8724,20,446611938,145,27738,24593,157065,4
baseline_off,fight,0.0,0.0,fight,2.0,0.0,14.8788,21,446620677,148,99972,24586,157007,4
baseline_off,fight,0.0,0.0,fight,2.0,0.0,14.8904,22,446633190,143,28791,24587,157019,4
baseline_off,fight,0.0,0.0,fight,2.0,0.0,14.9073,23,446644043,144,146555,24552,157035,4
baseline_off,fight,0.0,0.0,fight,2.0,0.0,14.9147,24,446654443,144,30455,24585,157035,4
baseline_off,fight,0.0,0.0,fight,2.0,0.0,14.9231,25,446663559,145,166967,24588,157021,36
baseline_off,fight,0.0,0.0,fight,2.0,0.0,14.9358,26,446675717,146,35266,24588,157033,4
baseline_off,fight,0.0,0.0,fight,2.0,0.0,14.9432,27,446684485,145,112478,24587,157021,4
baseline_off,fight,0.0,0.0,fight,2.0,0.0,14.958,28,446696991,144,40406,24543,156992,4
baseline_off,fight,0.0,0.0,fight,2.0,0.0,14.9643,29,446705758,146,117958,24584,157018,4
baseline_off,fight,0.0,0.0,fight,2.0,0.0,14.9791,30,446718254,145,44166,24582,156992,4
baseline_off,fight,0.0,0.0,fight,2.0,0.0,14.9853,31,446727013,140,120188,24582,157006,4
baseline_off,fight,0.0,0.0,fight,2.0,0.0,14.9927,32,446736069,144,89809,24541,156979,4
baseline_off,fight,0.0,0.0,fight,2.0,0.0,15.0096,33,446746431,145,124573,24541,156962,4
baseline_off,fight,0.0,0.0,fight,2.0,0.0,15.0202,34,446759289,145,112600,24548,157020,4
baseline_off,fight,0.0,0.0,fight,2.0,0.0,15.0402,35,446770785,144,25650,24590,157040,4
baseline_off,fight,0.0,0.0,fight,2.0,0.0,15.0561,36,446778875,144,144528,24587,157017,4
baseline_off,fight,0.0,0.0,fight,2.0,0.0,15.0603,37,446791809,144,145037,24584,157010,4
baseline_off,fight,0.0,0.0,fight,2.0,0.0,15.0793,38,446809573,144,181400,24544,156990,36
baseline_off,fight,0.0,0.0,fight,2.0,0.0,15.0793,39,446810523,145,29815,24541,156977,0
baseline_off,fight,0.0,0.0,fight,2.0,0.0,15.0962,40,446824609,145,69154,24583,157014,4
baseline_off,fight,0.0,0.0,fight,2.0,0.0,15.0983,41,446826025,143,152849,24581,156986,0
baseline_off,fight,0.0,0.0,fight,2.0,0.0,15.0983,42,446827297,145,55209,24583,156988,4
baseline_off,fight,0.0,0.0,fight,2.0,0.0,15.0983,43,446828246,143,59515,24543,157000,0
baseline_off,fight,0.0,0.0,fight,2.0,0.0,15.1004,44,446829361,145,92033,24588,157007,0
baseline_off,fight,0.0,0.0,fight,2.0,0.0,15.1036,45,446831702,144,175952,24586,157028,36
baseline_off,fight,0.0,0.0,fight,2.0,0.0,15.1036,46,446837186,144,166071,24549,157020,36
baseline_off,fight,0.0,0.0,fight,2.0,0.0,15.1089,47,446851059,143,169446,24546,157000,36
baseline_off,fight,0.0,0.0,fight,2.0,0.0,15.1131,48,446853785,144,161864,24588,157031,36
baseline_off,fight,0.0,0.0,fight,2.0,0.0,15.1226,49,446863958,142,164215,24547,157003,36
baseline_off,fight,0.0,0.0,fight,2.0,0.0,15.1332,50,446874668,151,101082,24550,157004,4
baseline_off,fight,0.0,0.0,fight,2.0,0.0,15.15,51,446886265,142,31793,24583,157006,4
baseline_off,fight,0.0,0.0,fight,2.0,0.0,15.1553,52,446895461,145,181378,24580,156987,36
baseline_off,fight,0.0,0.0,fight,2.0,0.0,15.1648,53,446906250,144,132076,24549,157023,4
baseline_off,fight,0.0,0.0,fight,2.0,0.0,15.1753,54,446917194,145,108362,24632,157040,4
baseline_off,fight,0.0,0.0,fight,2.0,0.0,15.1912,55,446928021,144,64527,24545,157031,4
baseline_off,fight,0.0,0.0,fight,2.0,0.0,15.1986,56,446938394,152,100761,24585,157022,4
baseline_off,fight,0.0,0.0,fight,2.0,0.0,15.2049,57,446947443,145,68805,24587,157018,4
baseline_off,fight,0.0,0.0,fight,2.0,0.0,15.2197,58,446959656,145,103568,24588,157043,4
baseline_off,fight,0.0,0.0,fight,2.0,0.0,15.2283,59,446970351,144,37462,24581,157010,4
baseline_off,fight,0.0,0.0,fight,2.0,0.0,15.2379,60,446980993,145,119520,24544,157012,4
baseline_off,fight,0.0,0.0,fight,2.0,0.0,15.2496,61,446991823,139,76515,24547,156987,4
baseline_off,fight,0.0,0.0,fight,2.0,0.0,15.2602,62,447002352,145,139598,24546,157021,4
baseline_off,fight,0.0,0.0,fight,2.0,0.0,15.2761,63,447013097,145,82030,24548,157020,4
baseline_off,fight,0.0,0.0,fight,2.0,0.0,15.2846,64,447023470,147,118169,24626,157010,4
baseline_off,fight,0.0,0.0,fight,2.0,0.0,15.29,65,447032568,145,94661,24587,157016,4
baseline_off,fight,0.0,0.0,fight,2.0,0.0,15.3028,66,447043206,144,175940,24582,157004,36
baseline_off,fight,0.0,0.0,fight,2.0,0.0,15.3123,67,447054820,145,109282,24548,157005,4
baseline_off,fight,0.0,0.0,fight,2.0,0.0,15.3292,68,447065660,144,67906,24585,157022,4
baseline_off,fight,0.0,0.0,fight,2.0,0.0,15.3346,69,447076023,145,102461,24506,156989,4
baseline_off,fight,0.0,0.0,fight,2.0,0.0,15.3432,70,447085353,145,118414,24585,157017,4
baseline_off,fight,0.0,0.0,fight,2.0,0.0,15.3549,71,447095735,145,156233,24579,157015,4
baseline_off,fight,0.0,0.0,fight,2.0,0.0,15.3645,72,447107354,140,90198,24622,157021,4
baseline_off,fight,0.0,0.0,fight,2.0,0.0,15.3762,73,447118164,146,43825,24590,157007,4
baseline_off,fight,0.0,0.0,fight,2.0,0.0,15.389,74,447129305,144,53569,24588,157026,4
baseline_off,fight,0.0,0.0,fight,2.0,0.0,15.3975,75,447139802,145,110909,24582,156998,4
baseline_off,fight,0.0,0.0,fight,2.0,0.0,15.4135,76,447150663,144,73192,24545,157026,4
baseline_off,fight,0.0,0.0,fight,2.0,0.0,15.4178,77,447161087,145,118014,24588,157033,4
baseline_off,fight,0.0,0.0,fight,2.0,0.0,15.4295,78,447171980,144,85674,24585,157016,4
baseline_off,fight,0.0,0.0,fight,2.0,0.0,15.4401,79,447182506,145,147830,24629,157013,4
baseline_off,fight,0.0,0.0,fight,2.0,0.0,15.4561,80,447193253,138,90321,24554,157028,4
baseline_off,fight,0.0,0.0,fight,2.0,0.0,15.4679,81,447203645,152,129523,24583,157024,4
baseline_off,fight,0.0,0.0,fight,2.0,0.0,15.4701,82,447213028,145,154475,24586,157019,4
baseline_off,fight,0.0,0.0,fight,2.0,0.0,15.4839,83,447224409,144,48103,24548,157017,4
baseline_off,fight,0.0,0.0,fight,2.0,0.0,15.5009,84,447235861,144,110912,24542,156983,4
baseline_off,fight,0.0,0.0,fight,2.0,0.0,15.5117,85,447250900,144,155325,24543,156997,4
baseline_off,fight,0.0,0.0,fight,2.0,0.0,15.5298,86,447260905,151,129193,24543,157013,4
baseline_off,fight,0.0,0.0,fight,2.0,0.0,15.5341,87,447267615,146,170792,24546,156994,36
baseline_off,fight,0.0,0.0,fight,2.0,0.0,15.5427,88,447283407,145,29284,24584,157020,4
baseline_off,fight,0.0,0.0,fight,2.0,0.0,15.5512,89,447293420,144,161319,24582,157012,36
baseline_off,fight,0.0,0.0,fight,2.0,0.0,15.5554,90,447299528,152,100622,24540,157008,4
baseline_off,fight,0.0,0.0,fight,2.0,0.0,15.5692,91,447309689,151,100945,24586,157002,4
baseline_off,fight,0.0,0.0,fight,2.0,0.0,15.5839,92,447320800,143,106064,24543,156974,4
baseline_off,fight,0.0,0.0,fight,2.0,0.0,15.5872,93,447325462,145,113663,24586,156990,4
baseline_off,fight,0.0,0.0,fight,2.0,0.0,15.5893,94,447326415,145,118596,24547,157008,0
baseline_off,fight,0.0,0.0,fight,2.0,0.0,15.6009,95,447335015,145,167819,24624,156991,36
baseline_off,fight,0.0,0.0,fight,2.0,0.0,15.6052,96,447335964,143,172157,24540,156985,32
baseline_off,fight,0.0,0.0,fight,2.0,0.0,15.6084,97,447336914,145,176610,24583,156983,32
baseline_off,fight,0.0,0.0,fight,2.0,0.0,15.6084,98,447337862,145,180718,24540,156976,32
baseline_off,fight,0.0,0.0,fight,2.0,0.0,15.6084,99,447342189,145,131471,24584,156981,4
baseline_off,fight,0.0,0.0,fight,2.0,0.0,15.6179,100,447358010,145,151690,24550,157020,4
baseline_off,fight,0.0,0.0,fight,2.0,0.0,15.6253,101,447363933,144,59498,24585,156999,4
baseline_off,fight,0.0,0.0,fight,2.0,0.0,15.6327,102,447373473,146,111504,24587,157003,4
baseline_off,fight,0.0,0.0,fight,2.0,0.0,15.6453,103,447386207,144,78160,24543,156991,4
baseline_off,fight,0.0,0.0,fight,2.0,0.0,15.6559,104,447396928,151,173637,24585,156990,36
baseline_off,fight,0.0,0.0,fight,2.0,0.0,15.6643,105,447407554,143,96219,24581,157011,4
baseline_off,fight,0.0,0.0,fight,2.0,0.0,15.6812,106,447418363,144,49856,24505,156990,4
baseline_off,fight,0.0,0.0,fight,2.0,0.0,15.6897,107,447428777,144,93369,24578,156994,4
baseline_off,fight,0.0,0.0,fight,2.0,0.0,15.7023,108,447437708,151,41705,24582,156993,4
baseline_off,fight,0.0,0.0,fight,2.0,0.0,15.7087,109,447448540,144,156026,24547,157013,4
baseline_off,fight,0.0,0.0,fight,2.0,0.0,15.7182,110,447459398,145,117938,24583,157031,4
baseline_off,fight,0.0,0.0,fight,2.0,0.0,15.7277,111,447470103,145,53577,24549,157017,4
baseline_off,fight,0.0,0.0,fight,2.0,0.0,15.7437,112,447480948,145,170029,24542,156996,36
baseline_off,fight,0.0,0.0,fight,2.0,0.0,15.7553,113,447491387,144,60779,24542,156958,4
baseline_off,fight,0.0,0.0,fight,2.0,0.0,15.7607,114,447500728,144,79066,24541,156958,4
baseline_off,fight,0.0,0.0,fight,2.0,0.0,15.7694,115,447511513,145,28818,24585,156985,4
baseline_off,fight,0.0,0.0,fight,2.0,0.0,15.7801,116,447522636,145,35758,24621,156969,4
baseline_off,fight,0.0,0.0,fight,2.0,0.0,15.7959,117,447533477,145,152105,24581,156992,4
baseline_off,fight,0.0,0.0,fight,2.0,0.0,15.8076,118,447543889,144,38448,24582,156984,4
baseline_off,fight,0.0,0.0,fight,2.0,0.0,15.8097,119,447554594,144,131454,24575,156987,4
baseline_off,fight,0.0,0.0,fight,2.0,0.0,15.8225,120,447565069,148,28381,24539,156987,4
baseline_off,fight,0.0,0.0,fight,2.0,0.0,15.8393,121,447575889,144,140869,24586,156997,4
baseline_off,fight,0.0,0.0,fight,2.0,0.0,15.8499,122,447586290,144,181303,24541,156996,36
baseline_off,fight,0.0,0.0,fight,2.0,0.0,15.8583,123,447595704,149,55273,24587,157026,4
baseline_off,fight,0.0,0.0,fight,2.0,0.0,15.871,124,447608605,145,50312,24583,156988,4
baseline_off,fight,0.0,0.0,fight,2.0,0.0,15.8752,125,447617269,144,110158,24551,157000,4
baseline_off,fight,0.0,0.0,fight,2.0,0.0,15.8857,126,447628538,145,141744,24580,156991,4
baseline_off,fight,0.0,0.0,fight,2.0,0.0,15.8962,127,447639077,144,49635,24577,156962,4
baseline_off,fight,0.0,0.0,fight,2.0,0.0,15.9079,0,447649793,144,144727,24579,156981,4
baseline_off,fight,0.0,0.0,fight,2.0,0.0,15.9206,1,447661392,141,75992,24501,156942,4
baseline_off,fight,0.0,0.0,fight,2.0,0.0,15.9279,2,447672051,144,161394,24574,156970,36
baseline_off,fight,0.0,0.0,fight,2.0,0.0,15.9427,3,447682654,145,80240,24578,156969,4
baseline_off,fight,0.0,0.0,fight,2.0,0.0,15.9511,4,447693323,146,167096,24579,156979,36
baseline_off,fight,0.0,0.0,fight,2.0,0.0,15.9617,5,447704005,145,98827,24588,157011,4
baseline_off,fight,0.0,0.0,fight,2.0,0.0,15.9775,6,447714820,145,53465,24547,157012,4
baseline_off,fight,0.0,0.0,fight,2.0,0.0,15.9881,7,447725214,144,93556,24582,157015,4
baseline_off,fight,0.0,0.0,fight,2.0,0.0,15.9944,8,447734165,144,45136,24548,157027,4
baseline_off,fight,0.0,0.0,fight,2.0,0.0,16.0028,9,447743684,145,93231,24545,156997,4
baseline_off,fight,0.0,0.0,fight,2.0,0.0,16.0177,10,447756437,145,63502,24578,156985,4
baseline_off,fight,0.0,0.0,fight,2.0,0.0,16.0254,11,447767171,145,161187,24586,157011,36
baseline_off,fight,0.0,0.0,fight,2.0,0.0,16.0391,12,447778955,145,123191,24583,156992,4
baseline_off,fight,0.0,0.0,fight,2.0,0.0,16.0433,13,447787721,144,43606,24579,156983,4
baseline_off,fight,0.0,0.0,fight,2.0,0.0,16.0538,14,447797366,144,113232,24591,157041,4
baseline_off,fight,0.0,0.0,fight,2.0,0.0,16.0654,15,447808548,145,129847,24549,157022,4
baseline_off,fight,0.0,0.0,fight,2.0,0.0,16.0833,16,447818986,144,177066,24544,157011,36
baseline_off,fight,0.0,0.0,fight,2.0,0.0,16.0939,17,447829851,145,139784,24574,156993,4
baseline_off,fight,0.0,0.0,fight,2.0,0.0,16.1002,18,447830803,148,144744,24578,156979,0
baseline_off,fight,0.0,0.0,fight,2.0,0.0,16.1002,19,447831753,145,149263,24543,156982,0
baseline_off,fight,0.0,0.0,fight,2.0,0.0,16.1024,20,447832704,144,153982,24543,156981,0
baseline_off,fight,0.0,0.0,fight,2.0,0.0,16.1055,21,447835374,143,136719,24590,157022,4
baseline_off,fight,0.0,0.0,fight,2.0,0.0,16.1055,22,447837724,145,65305,24585,157030,4
baseline_off,fight,0.0,0.0,fight,2.0,0.0,16.1077,23,447840854,145,126331,24586,157010,4
baseline_off,fight,0.0,0.0,fight,2.0,0.0,16.1161,24,447856236,145,72239,24579,156986,4
baseline_off,fight,0.0,0.0,fight,2.0,0.0,16.1203,25,447861597,149,41452,24587,157024,4
baseline_off,fight,0.0,0.0,fight,2.0,0.0,16.1298,26,447872751,145,53308,24545,157025,4
baseline_off,fight,0.0,0.0,fight,2.0,0.0,16.1446,27,447882467,137,134731,24508,157036,4
baseline_off,fight,0.0,0.0,fight,2.0,0.0,16.1562,28,447892941,143,30873,24587,157030,4
baseline_off,fight,0.0,0.0,fight,2.0,0.0,16.1595,29,447902271,145,46582,24587,157045,4
baseline_off,fight,0.0,0.0,fight,2.0,0.0,16.1711,30,447913631,145,93517,24580,156961,4
baseline_off,fight,0.0,0.0,fight,2.0,0.0,16.1806,31,447924175,145,159208,24582,156980,36
baseline_off,fight,0.0,0.0,fight,2.0,0.0,16.1985,32,447934986,145,113043,24579,157006,4
baseline_off,fight,0.0,0.0,fight,2.0,0.0,16.2058,33,447945380,145,152707,24584,157016,4
baseline_off,fight,0.0,0.0,fight,2.0,0.0,16.2132,34,447956312,145,127014,24583,157013,4
baseline_off,fight,0.0,0.0,fight,2.0,0.0,16.2227,35,447966781,145,179568,24588,157004,36
baseline_off,fight,0.0,0.0,fight,2.0,0.0,16.2346,36,447977532,144,123134,24547,157015,4
baseline_off,fight,0.0,0.0,fight,2.0,0.0,16.243,37,447986674,144,107212,24546,156979,4
baseline_off,fight,0.0,0.0,fight,2.0,0.0,16.2578,38,447997859,145,124439,24546,157008,4
baseline_off,fight,0.0,0.0,fight,2.0,0.0,16.2683,39,448010480,144,71818,24590,157002,4
baseline_off,fight,0.0,0.0,fight,2.0,0.0,16.2841,40,448021309,151,28690,24585,157012,4
baseline_off,fight,0.0,0.0,fight,2.0,0.0,16.2904,41,448031680,143,64870,24582,157006,4
baseline_off,fight,0.0,0.0,fight,2.0,0.0,16.2999,42,448042616,144,39988,24585,157009,4
baseline_off,fight,0.0,0.0,fight,2.0,0.0,16.3105,43,448053094,145,94371,24540,156967,4
baseline_off,fight,0.0,0.0,fight,2.0,0.0,16.3263,44,448063775,145,25980,24628,157034,4
baseline_off,fight,0.0,0.0,fight,2.0,0.0,16.3358,45,448077709,144,39274,24549,157010,4
baseline_off,fight,0.0,0.0,fight,2.0,0.0,16.338,46,448080843,153,100940,24593,157024,4
baseline_off,fight,0.0,0.0,fight,2.0,0.0,16.3583,47,448092901,144,110101,24583,156989,4
baseline_off,fight,0.0,0.0,fight,2.0,0.0,16.3679,48,448110229,145,72943,24583,156998,4
baseline_off,fight,0.0,0.0,fight,2.0,0.0,16.37,49,448113373,144,136428,24541,157014,4
baseline_off,fight,0.0,0.0,fight,2.0,0.0,16.3828,50,448124984,144,69366,24545,156987,4
baseline_off,fight,0.0,0.0,fight,2.0,0.0,16.3923,51,448135563,145,141034,24620,156967,4
baseline_off,fight,0.0,0.0,fight,2.0,0.0,16.4029,52,448146392,144,98084,24543,156994,4
baseline_off,fight,0.0,0.0,fight,2.0,0.0,16.4199,53,448157562,146,113109,24543,157005,4
baseline_off,fight,0.0,0.0,fight,2.0,0.0,16.4284,54,448167976,144,156408,24543,157003,4
baseline_off,fight,0.0,0.0,fight,2.0,0.0,16.4326,55,448177387,144,29263,24586,157006,4
baseline_off,fight,0.0,0.0,fight,2.0,0.0,16.4453,56,448188010,145,108283,24620,156999,4
baseline_off,fight,0.0,0.0,fight,2.0,0.0,16.4549,57,448199226,145,131022,24587,157004,4
baseline_off,fight,0.0,0.0,fight,2.0,0.0,16.4677,58,448209200,147,99417,24589,157038,4
baseline_off,fight,0.0,0.0,fight,2.0,0.0,16.4783,59,448221853,144,52174,24549,157017,4
baseline_off,fight,0.0,0.0,fight,2.0,0.0,16.4953,60,448232688,146,167076,24554,157039,36
baseline_off,fight,0.0,0.0,fight,2.0,0.0,16.5027,61,448243086,145,50786,24537,156980,4
baseline_off,fight,0.0,0.0,fight,2.0,0.0,16.5091,62,448252163,147,181088,24545,156997,36
baseline_off,fight,0.0,0.0,fight,2.0,0.0,16.5229,63,448263716,147,104234,24579,156962,4
baseline_off,fight,0.0,0.0,fight,2.0,0.0,16.5304,64,448274121,144,146084,24585,157003,4
baseline_off,fight,0.0,0.0,fight,2.0,0.0,16.5411,65,448284531,136,32175,24579,156975,4
baseline_off,fight,0.0,0.0,fight,2.0,0.0,16.5528,66,448295237,145,125413,24581,156964,4
baseline_off,fight,0.0,0.0,fight,2.0,0.0,16.5655,67,448306409,143,140844,24538,156956,4
baseline_off,fight,0.0,0.0,fight,2.0,0.0,16.5751,68,448316774,145,176117,24545,156993,36
baseline_off,fight,0.0,0.0,fight,2.0,0.0,16.5941,69,448331754,144,53679,24548,157009,4
baseline_off,fight,0.0,0.0,fight,2.0,0.0,16.5962,70,448332705,146,58203,24580,157006,0
baseline_off,fight,0.0,0.0,fight,2.0,0.0,16.5994,71,448333655,142,62801,24586,157004,0
baseline_off,fight,0.0,0.0,fight,2.0,0.0,16.6037,72,448334604,145,67070,24546,157013,0
baseline_off,fight,0.0,0.0,fight,2.0,0.0,16.6037,73,448337545,144,96084,24579,156982,4
baseline_off,fight,0.0,0.0,fight,2.0,0.0,16.6037,74,448343027,145,86233,24542,156972,4
baseline_off,fight,0.0,0.0,fight,2.0,0.0,16.6101,75,448343060,145,91852,24542,156972,8
baseline_off,fight,0.0,0.0,fight,2.0,0.0,16.6144,76,448356711,145,57793,24586,156974,4
baseline_off,fight,0.0,0.0,fight,2.0,0.0,16.6229,77,448362081,145,28659,24548,157001,4
baseline_off,fight,0.0,0.0,fight,2.0,0.0,16.6314,78,448371017,141,134688,24543,157027,4
baseline_off,fight,0.0,0.0,fight,2.0,0.0,16.6377,79,448380473,145,172275,24624,156998,36
baseline_off,fight,0.0,0.0,fight,2.0,0.0,16.6525,80,448393132,145,126479,24581,156982,4
baseline_off,fight,0.0,0.0,fight,2.0,0.0,16.661,81,448403834,138,62042,24621,156976,4
baseline_off,fight,0.0,0.0,fight,2.0,0.0,16.6716,82,448414478,144,144607,24582,156997,4
baseline_off,fight,0.0,0.0,fight,2.0,0.0,16.6875,83,448425286,144,97852,24589,157007,4
baseline_off,fight,0.0,0.0,fight,2.0,0.0,16.6981,84,448435677,142,137280,24542,156982,4
baseline_off,fight,0.0,0.0,fight,2.0,0.0,16.7044,85,448444633,141,89865,24583,157010,4
baseline_off,fight,0.0,0.0,fight,2.0,0.0,16.7129,86,448454150,145,137677,24587,157012,4
baseline_off,fight,0.0,0.0,fight,2.0,0.0,16.7266,87,448466928,144,112064,24545,156994,4
baseline_off,fight,0.0,0.0,fight,2.0,0.0,16.733,88,448475684,141,30667,24544,157009,4
baseline_off,fight,0.0,0.0,fight,2.0,0.0,16.7478,89,448488201,145,117417,24588,157028,4
baseline_off,fight,0.0,0.0,fight,2.0,0.0,16.7542,90,448496945,144,33940,24544,156967,4
baseline_off,fight,0.0,0.0,fight,2.0,0.0,16.7689,91,448509472,144,122613,24507,156988,4
baseline_off,fight,0.0,0.0,fight,2.0,0.0,16.7752,92,448518209,144,37892,24578,156986,4
baseline_off,fight,0.0,0.0,fight,2.0,0.0,16.79,93,448530735,144,126445,24540,156988,4
baseline_off,fight,0.0,0.0,fight,2.0,0.0,16.8005,94,448541397,145,55082,24547,157006,4
baseline_off,fight,0.0,0.0,fight,2.0,0.0,16.8152,95,448550916,143,103174,24587,157012,4
baseline_off,fight,0.0,0.0,fight,2.0,0.0,16.8394,96,448570566,145,146316,24546,157023,4
baseline_off,fight,0.0,0.0,fight,2.0,0.0,16.8394,97,448571519,144,151314,24582,156996,0
baseline_off,fight,0.0,0.0,fight,2.0,0.0,16.849,98,448587952,144,119036,24538,156986,4
baseline_off,fight,0.0,0.0,fight,2.0,0.0,16.8553,99,448594866,144,38608,24582,156955,4
baseline_off,fight,0.0,0.0,fight,2.0,0.0,16.8585,100,448604247,144,63557,24550,156997,4
baseline_off,fight,0.0,0.0,fight,2.0,0.0,16.8701,101,448613368,145,44226,24581,156979,4
baseline_off,fight,0.0,0.0,fight,2.0,0.0,16.8858,102,448624170,144,153856,24576,156952,4
baseline_off,fight,0.0,0.0,fight,2.0,0.0,16.8974,103,448634570,145,38214,24582,157016,4
baseline_off,fight,0.0,0.0,fight,2.0,0.0,16.8995,104,448643963,145,65093,24541,156985,4
baseline_off,fight,0.0,0.0,fight,2.0,0.0,16.9132,105,448654543,144,136593,24588,157019,4
baseline_off,fight,0.0,0.0,fight,2.0,0.0,16.9227,106,448665893,145,181313,24589,157012,36
baseline_off,fight,0.0,0.0,fight,2.0,0.0,16.9374,107,448678318,146,95995,24585,157033,4
baseline_off,fight,0.0,0.0,fight,2.0,0.0,16.9459,108,448689010,144,29576,24544,156978,4
baseline_off,fight,0.0,0.0,fight,2.0,0.0,16.9564,109,448699674,151,115571,24544,157005,4
baseline_off,fight,0.0,0.0,fight,2.0,0.0,16.9732,110,448710479,144,68913,24542,156967,4
baseline_off,fight,0.0,0.0,fight,2.0,0.0,16.9806,111,448720894,145,112695,24541,156989,4
baseline_off,fight,0.0,0.0,fight,2.0,0.0,16.9838,112,448729529,143,167779,24545,157000,36
baseline_off,fight,0.0,0.0,fight,2.0,0.0,16.9975,113,448739615,145,155372,24580,156995,4
baseline_off,fight,0.0,0.0,fight,2.0,0.0,17.0081,114,448752205,143,97748,24575,156948,4
baseline_off,fight,0.0,0.0,fight,2.0,0.0,17.0175,115,448762209,145,71836,24578,156968,4
baseline_off,fight,0.0,0.0,fight,2.0,0.0,17.0322,116,448773040,144,29671,24537,156941,4
baseline_off,fight,0.0,0.0,fight,2.0,0.0,17.0407,117,448783567,145,92652,24579,156983,4
baseline_off,fight,0.0,0.0,fight,2.0,0.0,17.0512,118,448794721,142,105183,24576,156974,4
baseline_off,fight,0.0,0.0,fight,2.0,0.0,17.0682,119,448805537,141,60482,24577,156962,4
baseline_off,fight,0.0,0.0,fight,2.0,0.0,17.0839,120,448815920,144,98804,24540,156996,4
baseline_off,fight,0.0,0.0,fight,2.0,0.0,17.0944,121,448830435,145,54874,24545,156982,4
baseline_off,fight,0.0,0.0,fight,2.0,0.0,17.1008,122,448831385,144,59342,24579,156987,0
baseline_off,fight,0.0,0.0,fight,2.0,0.0,17.1029,123,448832335,146,63829,24576,156990,0
baseline_off,fight,0.0,0.0,fight,2.0,0.0,17.1029,124,448833286,143,68497,24543,156985,0
baseline_off,fight,0.0,0.0,fight,2.0,0.0,17.1051,125,448836572,145,156179,24582,156995,4
baseline_off,fight,0.0,0.0,fight,2.0,0.0,17.1093,126,448842052,144,146070,24537,156976,4
baseline_off,fight,0.0,0.0,fight,2.0,0.0,17.1093,127,448842085,144,151731,24537,156976,8
baseline_off,fight,0.0,0.0,fight,2.0,0.0,17.1156,0,448857762,143,148250,24575,156972,4
baseline_off,fight,0.0,0.0,fight,2.0,0.0,17.1188,1,448858714,147,153067,24543,156969,0
baseline_off,fight,0.0,0.0,fight,2.0,0.0,17.123,2,448866432,144,52450,24584,156964,4
baseline_off,fight,0.0,0.0,fight,2.0,0.0,17.1346,3,448877244,145,163767,24582,156967,36
baseline_off,fight,0.0,0.0,fight,2.0,0.0,17.1441,4,448888505,144,37502,24541,156977,4
baseline_off,fight,0.0,0.0,fight,2.0,0.0,17.1589,5,448899679,145,53213,24582,156971,4
baseline_off,fight,0.0,0.0,fight,2.0,0.0,17.1683,6,448910364,145,143042,24572,156931,4
baseline_off,fight,0.0,0.0,fight,2.0,0.0,17.1778,7,448921026,144,71872,24572,156976,4
baseline_off,fight,0.0,0.0,fight,2.0,0.0,17.1936,8,448931863,145,30506,24571,156933,4
baseline_off,fight,0.0,0.0,fight,2.0,0.0,17.2031,9,448942267,145,72485,24578,156971,4
baseline_off,fight,0.0,0.0,fight,2.0,0.0,17.2104,10,448951194,146,177483,24539,156963,36
baseline_off,fight,0.0,0.0,fight,2.0,0.0,17.2178,11,448960748,142,75039,24586,156985,4
baseline_off,fight,0.0,0.0,fight,2.0,0.0,17.2326,12,448973464,147,39218,24581,156943,4
baseline_off,fight,0.0,0.0,fight,2.0,0.0,17.241,13,448984190,145,135962,24586,156978,4
baseline_off,fight,0.0,0.0,fight,2.0,0.0,17.2517,14,448994820,145,59166,24578,156992,4
baseline_off,fight,0.0,0.0,fight,2.0,0.0,17.2676,15,449005645,146,172528,24540,156961,36
baseline_off,fight,0.0,0.0,fight,2.0,0.0,17.2781,16,449016022,145,53079,24575,156972,4
baseline_off,fight,0.0,0.0,fight,2.0,0.0,17.2823,17,449024362,144,58038,24578,156949,4
baseline_off,fight,0.0,0.0,fight,2.0,0.0,17.2929,18,449036006,144,153842,24618,156987,4
baseline_off,fight,0.0,0.0,fight,2.0,0.0,17.3023,19,449047334,142,39051,24546,156995,4
baseline_off,fight,0.0,0.0,fight,2.0,0.0,17.3203,20,449058153,144,151460,24582,156986,4
baseline_off,fight,0.0,0.0,fight,2.0,0.0,17.3277,21,449068574,145,39330,24573,156979,4
baseline_off,fight,0.0,0.0,fight,2.0,0.0,17.333,22,449077711,145,179668,24625,157005,36
baseline_off,fight,0.0,0.0,fight,2.0,0.0,17.3488,23,449087288,145,80724,24580,156987,4
baseline_off,fight,0.0,0.0,fight,2.0,0.0,17.3584,24,449099421,146,102487,24548,157029,4
baseline_off,fight,0.0,0.0,fight,2.0,0.0,17.3679,25,449110026,144,178485,24544,156988,36
baseline_off,fight,0.0,0.0,fight,2.0,0.0,17.3837,26,449122235,151,56391,24576,156969,4
baseline_off,fight,0.0,0.0,fight,2.0,0.0,17.3881,27,449130762,145,93340,24574,156940,4
baseline_off,fight,0.0,0.0,fight,2.0,0.0,17.3977,28,449141144,146,131840,24540,156982,4
baseline_off,fight,0.0,0.0,fight,2.0,0.0,17.4125,29,449153576,136,47609,24580,156953,4
baseline_off,fight,0.0,0.0,fight,2.0,0.0,17.4178,30,449162324,145,122191,24533,156927,4
baseline_off,fight,0.0,0.0,fight,2.0,0.0,17.4295,31,449172080,145,54284,24574,156950,4
baseline_off,fight,0.0,0.0,fight,2.0,0.0,17.4401,32,449183347,144,85954,24573,156967,4
baseline_off,fight,0.0,0.0,fight,2.0,0.0,17.4496,33,449193678,144,115773,24534,156955,4
baseline_off,fight,0.0,0.0,fight,2.0,0.0,17.4601,34,449204505,144,72889,24581,156976,4
baseline_off,fight,0.0,0.0,fight,2.0,0.0,17.4749,35,449215669,152,87198,24551,156987,4
baseline_off,fight,0.0,0.0,fight,2.0,0.0,17.4823,36,449226060,145,126861,24611,156972,4
baseline_off,fight,0.0,0.0,fight,2.0,0.0,17.4929,37,449237363,145,165070,24574,156934,36
baseline_off,fight,0.0,0.0,fight,2.0,0.0,17.5087,38,449247044,145,84378,24577,156932,4
baseline_off,fight,0.0,0.0,fight,2.0,0.0,17.5129,39,449255768,146,154931,24577,156939,4
baseline_off,fight,0.0,0.0,fight,2.0,0.0,17.5223,40,449267347,145,83217,24575,156932,4
baseline_off,fight,0.0,0.0,fight,2.0,0.0,17.5329,41,449277467,136,76912,24492,156920,4
baseline_off,fight,0.0,0.0,fight,2.0,0.0,17.5477,42,449288600,151,86079,24581,156971,4
baseline_off,fight,0.0,0.0,fight,2.0,0.0,17.5582,43,449301221,144,34180,24537,156948,4
baseline_off,fight,0.0,0.0,fight,2.0,0.0,17.5709,44,449312062,144,150537,24538,156972,4
baseline_off,fight,0.0,0.0,fight,2.0,0.0,17.5857,45,449322441,138,31454,24576,156947,4
baseline_off,fight,0.0,0.0,fight,2.0,0.0,17.5962,46,449332768,145,60429,24609,156945,4
baseline_off,fight,0.0,0.0,fight,2.0,0.0,17.5973,47,449333721,146,65600,24610,156930,0
baseline_off,fight,0.0,0.0,fight,2.0,0.0,17.6026,48,449334672,145,70301,24577,156932,0
baseline_off,fight,0.0,0.0,fight,2.0,0.0,17.6026,49,449335620,144,74494,24536,156951,0
baseline_off,fight,0.0,0.0,fight,2.0,0.0,17.6026,50,449336996,145,151546,24575,156934,0
baseline_off,fight,0.0,0.0,fight,2.0,0.0,17.6079,51,449340644,144,143801,24536,156959,4
baseline_off,fight,0.0,0.0,fight,2.0,0.0,17.6079,52,449342471,144,140416,24578,156984,4
baseline_off,fight,0.0,0.0,fight,2.0,0.0,17.6174,53,449358046,139,119804,24536,156966,4
baseline_off,fight,0.0,0.0,fight,2.0,0.0,17.6227,54,449363397,145,87744,24580,156966,4
baseline_off,fight,0.0,0.0,fight,2.0,0.0,17.6332,55,449374601,145,108929,24617,156959,4
baseline_off,fight,0.0,0.0,fight,2.0,0.0,17.6501,56,449385942,145,153400,24577,156956,4
baseline_off,fight,0.0,0.0,fight,2.0,0.0,17.6596,57,449402199,145,91992,24582,156978,4
baseline_off,fight,0.0,0.0,fight,2.0,0.0,17.6596,58,449404820,147,66561,24537,156971,4
baseline_off,fight,0.0,0.0,fight,2.0,0.0,17.6732,59,449414901,144,53921,24529,156921,4
baseline_off,fight,0.0,0.0,fight,2.0,0.0,17.688,60,449426271,145,103554,24572,156959,4
baseline_off,fight,0.0,0.0,fight,2.0,0.0,17.6975,61,449440955,146,88610,24613,156943,4
baseline_off,fight,0.0,0.0,fight,2.0,0.0,17.7114,62,449450964,144,63585,24609,156941,4
baseline_off,fight,0.0,0.0,fight,2.0,0.0,17.7178,63,449458452,144,81389,24525,156913,4
baseline_off,fight,0.0,0.0,fight,2.0,0.0,17.7262,64,449469326,145,46623,24566,156906,4
baseline_off,fight,0.0,0.0,fight,2.0,0.0,17.7358,65,449480052,144,144005,24540,156943,4
baseline_off,fight,0.0,0.0,fight,2.0,0.0,17.7528,66,449490881,149,101377,24585,156983,4
baseline_off,fight,0.0,0.0,fight,2.0,0.0,17.7602,67,449501293,145,144551,24538,156955,4
baseline_off,fight,0.0,0.0,fight,2.0,0.0,17.7676,68,449510362,144,116668,24580,156947,4
baseline_off,fight,0.0,0.0,fight,2.0,0.0,17.7803,69,449522492,144,138318,24540,156975,4
baseline_off,fight,0.0,0.0,fight,2.0,0.0,17.7877,70,449531259,144,58904,24537,156944,4
baseline_off,fight,0.0,0.0,fight,2.0,0.0,17.8024,71,449543756,143,142628,24587,157007,4
baseline_off,fight,0.0,0.0,fight,2.0,0.0,17.8088,72,449552492,146,57569,24543,156998,4
baseline_off,fight,0.0,0.0,fight,2.0,0.0,17.8237,73,449565020,144,146876,24583,156975,4
baseline_off,fight,0.0,0.0,fight,2.0,0.0,17.83,74,449575690,145,76600,24580,156986,4
baseline_off,fight,0.0,0.0,fight,2.0,0.0,17.8448,75,449586282,137,150353,24543,156969,4
baseline_off,fight,0.0,0.0,fight,2.0,0.0,17.8532,76,449595039,145,69192,24577,156967,4
baseline_off,fight,0.0,0.0,fight,2.0,0.0,17.8659,77,449607545,145,154435,24576,156973,4
baseline_off,fight,0.0,0.0,fight,2.0,0.0,17.8732,78,449616290,147,71232,24586,156989,4
baseline_off,fight,0.0,0.0,fight,2.0,0.0,17.888,79,449628796,146,156230,24583,157006,4
baseline_off,fight,0.0,0.0,fight,2.0,0.0,17.8943,80,449637553,146,74943,24545,156990,4
baseline_off,fight,0.0,0.0,fight,2.0,0.0,17.909,81,449650073,143,162374,24579,156968,36
baseline_off,fight,0.0,0.0,fight,2.0,0.0,17.9175,82,449660711,145,87299,24539,156965,4
baseline_off,fight,0.0,0.0,fight,2.0,0.0,17.9291,83,449671401,145,177811,24545,157011,36
baseline_off,fight,0.0,0.0,fight,2.0,0.0,17.9439,84,449682236,145,135775,24576,156939,4
baseline_off,fight,0.0,0.0,fight,2.0,0.0,17.9533,85,449692633,144,176505,24544,156996,36
baseline_off,fight,0.0,0.0,fight,2.0,0.0,17.9544,86,449701686,145,145730,24615,156960,4
baseline_off,fight,0.0,0.0,fight,2.0,0.0,17.9671,87,449711370,145,65100,24579,156981,4
baseline_off,fight,0.0,0.0,fight,2.0,0.0,17.9766,88,449721293,145,181326,24579,156983,36
baseline_off,fight,0.0,0.0,fight,2.0,0.0,17.9913,89,449732632,144,69044,24581,156981,4
baseline_off,fight,0.0,0.0,fight,2.0,0.0,18.0008,90,449745218,144,167998,24581,156973,36
baseline_off,fight,0.0,0.0,fight,2.0,0.0,18.0177,91,449756031,145,122271,24582,156995,4
baseline_off,fight,0.0,0.0,fight,2.0,0.0,18.0274,92,449766428,144,162922,24580,156997,36
baseline_off,fight,0.0,0.0,fight,2.0,0.0,18.0358,93,449775379,148,114383,24549,157020,4
baseline_off,fight,0.0,0.0,fight,2.0,0.0,18.0432,94,449784900,145,162792,24583,157023,36
baseline_off,fight,0.0,0.0,fight,2.0,0.0,18.0559,95,449797665,144,134530,24593,157019,4
baseline_off,fight,0.0,0.0,fight,2.0,0.0,18.0612,96,449806418,144,52345,24591,157018,4
baseline_off,fight,0.0,0.0,fight,2.0,0.0,18.076,97,449816656,144,65758,24577,156964,4
baseline_off,fight,0.0,0.0,fight,2.0,0.0,18.1012,98,449834596,144,133128,24581,156987,4
baseline_off,fight,0.0,0.0,fight,2.0,0.0,18.1034,99,449835550,148,138197,24583,156976,0
baseline_off,fight,0.0,0.0,fight,2.0,0.0,18.1034,100,449836500,143,142828,24544,156983,0
baseline_off,fight,0.0,0.0,fight,2.0,0.0,18.1097,101,449837451,144,147526,24578,156982,0
baseline_off,fight,0.0,0.0,fight,2.0,0.0,18.1097,102,449839172,144,126117,24543,156981,4
baseline_off,fight,0.0,0.0,fight,2.0,0.0,18.1245,103,449842471,145,59048,24581,156987,4
baseline_off,fight,0.0,0.0,fight,2.0,0.0,18.1245,104,449844646,144,114733,24576,156968,4
baseline_off,fight,0.0,0.0,fight,2.0,0.0,18.1413,105,449862181,145,112922,24578,156962,4
baseline_off,fight,0.0,0.0,fight,2.0,0.0,18.1435,106,449863133,143,117888,24536,156965,0
baseline_off,fight,0.0,0.0,fight,2.0,0.0,18.1603,107,449880205,143,37504,24545,156969,4
baseline_off,fight,0.0,0.0,fight,2.0,0.0,18.1743,108,449881156,153,42313,24579,156996,0
baseline_off,fight,0.0,0.0,fight,2.0,0.0,18.1764,109,449894959,145,33891,24578,156966,4
baseline_off,fight,0.0,0.0,fight,2.0,0.0,18.1796,110,449912693,145,65824,24550,157016,4
baseline_off,fight,0.0,0.0,fight,2.0,0.0,18.1828,111,449913646,145,70914,24549,157015,0
baseline_off,fight,0.0,0.0,fight,2.0,0.0,18.1849,112,449927475,144,67035,24543,156985,4
baseline_off,fight,0.0,0.0,fight,2.0,0.0,18.1891,113,449935058,147,100389,24584,156984,4
baseline_off,fight,0.0,0.0,fight,2.0,0.0,18.2028,114,449945399,145,131642,24581,156977,4
baseline_off,fight,0.0,0.0,fight,2.0,0.0,18.2133,115,449956591,145,150677,24539,156954,4
baseline_off,fight,0.0,0.0,fight,2.0,0.0,18.2304,116,449967419,145,107847,24576,156946,4
baseline_off,fight,0.0,0.0,fight,2.0,0.0,18.2357,117,449977810,145,147545,24583,156998,4
baseline_off,fight,0.0,0.0,fight,2.0,0.0,18.2452,118,449988734,137,120895,24575,156967,4
baseline_off,fight,0.0,0.0,fight,2.0,0.0,18.2548,119,449999110,144,157918,24546,157018,36
baseline_off,fight,0.0,0.0,fight,2.0,0.0,18.2716,120,450009954,144,117296,24547,157000,4
baseline_off,fight,0.0,0.0,fight,2.0,0.0,18.279,121,450020352,144,157899,24587,157025,36
baseline_off,fight,0.0,0.0,fight,2.0,0.0,18.2853,122,450029616,143,162517,24586,157012,36
baseline_off,fight,0.0,0.0,fight,2.0,0.0,18.3001,123,450041548,145,149610,24580,156995,4
baseline_off,fight,0.0,0.0,fight,2.0,0.0,18.3075,124,450050313,145,69633,24582,156988,4
baseline_off,fight,0.0,0.0,fight,2.0,0.0,18.3202,125,450062846,146,159519,24544,156990,36
baseline_off,fight,0.0,0.0,fight,2.0,0.0,18.3307,126,450073113,144,178098,24542,156958,36
baseline_off,fight,0.0,0.0,fight,2.0,0.0,18.3402,127,450084163,146,172786,24579,156983,36
baseline_off,fight,0.0,0.0,fight,2.0,0.0,18.3561,0,450094999,145,131264,24538,156960,4
baseline_off,fight,0.0,0.0,fight,2.0,0.0,18.3647,1,450105394,144,171727,24576,156951,36
baseline_off,fight,0.0,0.0,fight,2.0,0.0,18.3742,2,450114355,144,125411,24580,156970,4
baseline_off,fight,0.0,0.0,fight,2.0,0.0,18.3794,3,450123875,146,173953,24582,156990,36
baseline_off,fight,0.0,0.0,fight,2.0,0.0,18.3952,4,450136595,145,138728,24537,156958,4
baseline_off,fight,0.0,0.0,fight,2.0,0.0,18.4026,5,450147279,153,71432,24580,156976,4
baseline_off,fight,0.0,0.0,fight,2.0,0.0,18.4132,6,450157955,147,159702,24583,157006,36
baseline_off,fight,0.0,0.0,fight,2.0,0.0,18.4279,7,450169119,148,173751,24538,156942,36
baseline_off,fight,0.0,0.0,fight,2.0,0.0,18.4385,8,450179787,144,103739,24579,156939,4
baseline_off,fight,0.0,0.0,fight,2.0,0.0,18.4427,9,450186556,144,155871,24539,156947,4
baseline_off,fight,0.0,0.0,fight,2.0,0.0,18.4563,10,450199155,150,100305,24578,156972,4
baseline_off,fight,0.0,0.0,fight,2.0,0.0,18.4712,11,450209973,145,55933,24537,156947,4
baseline_off,fight,0.0,0.0,fight,2.0,0.0,18.4786,12,450220379,145,98267,24576,156937,4
baseline_off,fight,0.0,0.0,fight,2.0,0.0,18.485,13,450229465,146,73119,24581,156957,4
baseline_off,fight,0.0,0.0,fight,2.0,0.0,18.5001,14,450241663,145,106349,24582,156967,4
baseline_off,fight,0.0,0.0,fight,2.0,0.0,18.5075,15,450250412,146,181022,24503,156965,36
baseline_off,fight,0.0,0.0,fight,2.0,0.0,18.5213,16,450262924,144,110551,24542,156998,4
baseline_off,fight,0.0,0.0,fight,2.0,0.0,18.5298,17,450272971,144,91593,24580,156991,4
baseline_off,fight,0.0,0.0,fight,2.0,0.0,18.5394,18,450284259,146,126924,24585,156990,4
baseline_off,fight,0.0,0.0,fight,2.0,0.0,18.5564,19,450295079,144,82692,24576,156951,4
baseline_off,fight,0.0,0.0,fight,2.0,0.0,18.5638,20,450305502,145,128089,24572,156936,4
baseline_off,fight,0.0,0.0,fight,2.0,0.0,18.5712,21,450314592,146,104233,24573,156918,4
baseline_off,fight,0.0,0.0,fight,2.0,0.0,18.5903,22,450332075,144,94388,24536,156936,4
baseline_off,fight,0.0,0.0,fight,2.0,0.0,18.5956,23,450333029,146,99471,24575,156966,0
baseline_off,fight,0.0,0.0,fight,2.0,0.0,18.5956,24,450333977,143,103851,24532,156936,0
baseline_off,fight,0.0,0.0,fight,2.0,0.0,18.6084,25,450334929,145,108742,24575,156944,0
baseline_off,fight,0.0,0.0,fight,2.0,0.0,18.6084,26,450336998,144,146541,24580,156967,4
baseline_off,fight,0.0,0.0,fight,2.0,0.0,18.6084,27,450339950,145,177349,24538,156950,36
baseline_off,fight,0.0,0.0,fight,2.0,0.0,18.6095,28,450342472,144,135286,24532,156937,4
baseline_off,fight,0.0,0.0,fight,2.0,0.0,18.6095,29,450348355,145,36876,24534,156936,4
baseline_off,fight,0.0,0.0,fight,2.0,0.0,18.618,30,450361557,144,83961,24574,156941,4
baseline_off,fight,0.0,0.0,fight,2.0,0.0,18.6244,31,450368056,143,90077,24536,156946,4
baseline_off,fight,0.0,0.0,fight,2.0,0.0,18.635,32,450380471,151,160332,24575,156955,36
baseline_off,fight,0.0,0.0,fight,2.0,0.0,18.6435,33,450390119,144,73912,24542,156959,4
baseline_off,fight,0.0,0.0,fight,2.0,0.0,18.6584,34,450400478,145,108219,24578,156949,4
baseline_off,fight,0.0,0.0,fight,2.0,0.0,18.6679,35,450413068,145,50746,24542,156966,4
baseline_off,fight,0.0,0.0,fight,2.0,0.0,18.6849,36,450423890,145,163683,24576,156963,36
baseline_off,fight,0.0,0.0,fight,2.0,0.0,18.6904,37,450432642,145,81838,24504,156985,4
baseline_off,fight,0.0,0.0,fight,2.0,0.0,18.701,38,450443566,144,55176,24539,156958,4
baseline_off,fight,0.0,0.0,fight,2.0,0.0,18.7106,39,450454327,145,157884,24574,156950,36
baseline_off,fight,0.0,0.0,fight,2.0,0.0,18.7201,40,450464027,145,80038,24547,157034,4
baseline_off,fight,0.0,0.0,fight,2.0,0.0,18.7307,41,450475599,144,163063,24585,156992,36
baseline_off,fight,0.0,0.0,fight,2.0,0.0,18.7477,42,450486415,144,117568,24587,157023,4
baseline_off,fight,0.0,0.0,fight,2.0,0.0,18.7594,43,450496833,146,161747,24618,156961,36
baseline_off,fight,0.0,0.0,fight,2.0,0.0,18.7647,44,450506938,143,152694,24543,156999,4
baseline_off,fight,0.0,0.0,fight,2.0,0.0,18.7732,45,450517770,144,110455,24500,156959,4
baseline_off,fight,0.0,0.0,fight,2.0,0.0,18.7827,46,450528248,145,165072,24582,157002,36
baseline_off,fight,0.0,0.0,fight,2.0,0.0,18.7997,47,450538970,145,103761,24584,157008,4
baseline_off,fight,0.0,0.0,fight,2.0,0.0,18.8114,48,450549451,144,158461,24587,157002,36
baseline_off,fight,0.0,0.0,fight,2.0,0.0,18.8146,49,450558782,143,174868,24578,156968,36
baseline_off,fight,0.0,0.0,fight,2.0,0.0,18.8262,50,450570137,145,64388,24585,157006,4
baseline_off,fight,0.0,0.0,fight,2.0,0.0,18.8359,51,450580673,144,128613,24546,156982,4
baseline_off,fight,0.0,0.0,fight,2.0,0.0,18.8454,52,450591491,142,84020,24575,156988,4
baseline_off,fight,0.0,0.0,fight,2.0,0.0,18.8571,53,450601808,145,111265,24574,156958,4
baseline_off,fight,0.0,0.0,fight,2.0,0.0,18.8708,54,450612522,145,48816,24543,156981,4
baseline_off,fight,0.0,0.0,fight,2.0,0.0,18.8804,55,450624433,145,32997,24543,157001,4
baseline_off,fight,0.0,0.0,fight,2.0,0.0,18.8962,56,450635275,139,149202,24585,156987,4
baseline_off,fight,0.0,0.0,fight,2.0,0.0,18.9016,57,450645781,144,51199,24575,156986,4
baseline_off,fight,0.0,0.0,fight,2.0,0.0,18.909,58,450655276,144,95392,24581,157005,4
baseline_off,fight,0.0,0.0,fight,2.0,0.0,18.9228,59,450665647,145,131440,24545,157010,4
baseline_off,fight,0.0,0.0,fight,2.0,0.0,18.9334,60,450678236,144,73644,24538,156967,4
baseline_off,fight,0.0,0.0,fight,2.0,0.0,18.9503,61,450689056,151,29536,24580,156934,4
baseline_off,fight,0.0,0.0,fight,2.0,0.0,18.9609,62,450699545,148,85899,24577,156978,4
baseline_off,fight,0.0,0.0,fight,2.0,0.0,18.9779,63,450708782,151,86568,24577,156960,4
baseline_off,fight,0.0,0.0,fight,2.0,0.0,18.9821,64,450719400,144,164995,24575,156960,36
baseline_off,fight,0.0,0.0,fight,2.0,0.0,19.0129,65,450732961,144,115711,24580,156979,4
baseline_off,fight,0.0,0.0,fight,2.0,0.0,19.0288,66,450752478,144,136529,24584,157011,4
baseline_off,fight,0.0,0.0,fight,2.0,0.0,19.0331,67,450769023,144,122802,24586,157033,4
baseline_off,fight,0.0,0.0,fight,2.0,0.0,19.0352,68,450769976,145,127803,24583,157008,0
baseline_off,fight,0.0,0.0,fight,2.0,0.0,19.0448,69,450785918,146,168830,24576,156963,36
baseline_off,fight,0.0,0.0,fight,2.0,0.0,19.048,70,450786869,145,173457,24578,156981,32
baseline_off,fight,0.0,0.0,fight,2.0,0.0,19.048,71,450791346,137,149538,24579,156977,4
baseline_off,fight,0.0,0.0,fight,2.0,0.0,19.0576,72,450802983,144,87027,24544,157004,4
baseline_off,fight,0.0,0.0,fight,2.0,0.0,19.0714,73,450814497,145,160436,24583,157005,36
baseline_off,fight,0.0,0.0,fight,2.0,0.0,19.0884,74,450827080,142,101644,24506,156995,4
baseline_off,fight,0.0,0.0,fight,2.0,0.0,19.098,75,450833967,143,173413,24540,156978,36
baseline_off,fight,0.0,0.0,fight,2.0,0.0,19.1002,76,450834920,138,178429,24585,156989,32
baseline_off,fight,0.0,0.0,fight,2.0,0.0,19.1044,77,450835876,145,26974,24580,156977,0
baseline_off,fight,0.0,0.0,fight,2.0,0.0,19.1044,78,450836819,145,30378,24585,156975,0
baseline_off,fight,0.0,0.0,fight,2.0,0.0,19.1044,79,450841841,145,99271,24539,156959,4
baseline_off,fight,0.0,0.0,fight,2.0,0.0,19.1098,80,450841874,145,104933,24539,156959,8
baseline_off,fight,0.0,0.0,fight,2.0,0.0,19.113,81,450847848,145,178695,24580,156968,36
baseline_off,fight,0.0,0.0,fight,2.0,0.0,19.1194,82,450860447,145,122719,24623,156998,4
baseline_off,fight,0.0,0.0,fight,2.0,0.0,19.1247,83,450869329,144,62557,24593,157013,4
baseline_off,fight,0.0,0.0,fight,2.0,0.0,19.1363,84,450878657,146,78264,24583,157017,4
baseline_off,fight,0.0,0.0,fight,2.0,0.0,19.1448,85,450889102,145,126679,24595,157028,4
baseline_off,fight,0.0,0.0,fight,2.0,0.0,19.1533,86,450899690,151,42391,24547,157012,4
baseline_off,fight,0.0,0.0,fight,2.0,0.0,19.165,87,450910440,144,142783,24585,157008,4
baseline_off,fight,0.0,0.0,fight,2.0,0.0,19.1829,88,450921629,150,160619,24587,157032,36
baseline_off,fight,0.0,0.0,fight,2.0,0.0,19.1893,89,450932088,144,54198,24585,157024,4
baseline_off,fight,0.0,0.0,fight,2.0,0.0,19.1978,90,450941220,144,36652,24550,157031,4
baseline_off,fight,0.0,0.0,fight,2.0,0.0,19.2137,91,450953328,145,54052,24542,156996,4
baseline_off,fight,0.0,0.0,fight,2.0,0.0,19.2179,92,450961869,145,93169,24575,156954,4
baseline_off,fight,0.0,0.0,fight,2.0,0.0,19.2274,93,450974021,145,118386,24574,156953,4
baseline_off,fight,0.0,0.0,fight,2.0,0.0,19.2391,94,450983425,145,147333,24581,156995,4
baseline_off,fight,0.0,0.0,fight,2.0,0.0,19.2539,95,450994593,146,162009,24581,156973,36
baseline_off,fight,0.0,0.0,fight,2.0,0.0,19.2636,96,451007200,145,107431,24585,156994,4
baseline_off,fight,0.0,0.0,fight,2.0,0.0,19.2785,97,451018032,145,64772,24577,156966,4
baseline_off,fight,0.0,0.0,fight,2.0,0.0,19.2827,98,451026787,145,140310,24581,156966,4
baseline_off,fight,0.0,0.0,fight,2.0,0.0,19.2924,99,451038039,145,169824,24576,156942,36
baseline_off,fight,0.0,0.0,fight,2.0,0.0,19.303,100,451048579,145,78065,24618,156954,4
baseline_off,fight,0.0,0.0,fight,2.0,0.0,19.3209,101,451059312,144,175946,24572,156952,36
baseline_off,fight,0.0,0.0,fight,2.0,0.0,19.3304,102,451069708,147,59461,24581,156992,4
baseline_off,fight,0.0,0.0,fight,2.0,0.0,19.3389,103,451080449,146,158466,24541,156977,36
baseline_off,fight,0.0,0.0,fight,2.0,0.0,19.3452,104,451089472,145,122405,24543,157004,4
baseline_off,fight,0.0,0.0,fight,2.0,0.0,19.36,105,451102175,143,84013,24583,157009,4
baseline_off,fight,0.0,0.0,fight,2.0,0.0,19.3674,106,451110938,143,160675,24550,157013,36
baseline_off,fight,0.0,0.0,fight,2.0,0.0,19.3811,107,451123438,145,87876,24548,156980,4
baseline_off,fight,0.0,0.0,fight,2.0,0.0,19.3875,108,451132200,144,164427,24558,157037,36
baseline_off,fight,0.0,0.0,fight,2.0,0.0,19.4032,109,451144692,141,89787,24551,157024,4
baseline_off,fight,0.0,0.0,fight,2.0,0.0,19.4085,110,451153462,144,167484,24550,157025,36
baseline_off,fight,0.0,0.0,fight,2.0,0.0,19.4243,111,451165972,144,96165,24584,156999,4
baseline_off,fight,0.0,0.0,fight,2.0,0.0,19.4327,112,451174733,145,172491,24577,156979,36
baseline_off,fight,0.0,0.0,fight,2.0,0.0,19.4538,113,451187007,146,61394,24581,156975,4
baseline_off,fight,0.0,0.0,fight,2.0,0.0,19.4644,114,451203159,145,138218,24545,157001,4
baseline_off,fight,0.0,0.0,fight,2.0,0.0,19.4675,115,451210207,143,80460,24543,156981,4
baseline_off,fight,0.0,0.0,fight,2.0,0.0,19.4844,116,451220329,145,74236,24581,156969,4
baseline_off,fight,0.0,0.0,fight,2.0,0.0,19.5033,117,451227289,145,158578,24580,157003,36
baseline_off,fight,0.0,0.0,fight,2.0,0.0,19.5055,118,451240780,144,97151,24540,156956,4
baseline_off,fight,0.0,0.0,fight,2.0,0.0,19.5181,119,451257680,144,144609,24576,156980,4
baseline_off,fight,0.0,0.0,fight,2.0,0.0,19.5202,120,451258633,142,149684,24543,156973,0
baseline_off,fight,0.0,0.0,fight,2.0,0.0,19.5234,121,451270967,145,48717,24578,156974,4
baseline_off,fight,0.0,0.0,fight,2.0,0.0,19.535,122,451280671,145,128617,24579,157002,4
baseline_off,fight,0.0,0.0,fight,2.0,0.0,19.5478,123,451291198,145,34387,24540,156981,4
baseline_off,fight,0.0,0.0,fight,2.0,0.0,19.5583,124,451302390,145,53061,24580,156985,4
baseline_off,fight,0.0,0.0,fight,2.0,0.0,19.5742,125,451313215,143,165948,24661,157000,36
baseline_off,fight,0.0,0.0,fight,2.0,0.0,19.588,126,451324570,146,55248,24579,156984,4
baseline_off,fight,0.0,0.0,fight,2.0,0.0,19.6027,127,451337260,145,171443,24549,157025,36
baseline_off,fight,0.0,0.0,fight,2.0,0.0,19.6027,0,451338212,145,176321,24593,157037,32
baseline_off,fight,0.0,0.0,fight,2.0,0.0,19.6102,1,451339164,145,181026,24587,157012,32
baseline_off,fight,0.0,0.0,fight,2.0,0.0,19.6102,2,451340113,153,28332,24583,157004,0
baseline_off,fight,0.0,0.0,fight,2.0,0.0,19.6102,3,451345134,144,96937,24541,156984,4
baseline_off,fight,0.0,0.0,fight,2.0,0.0,19.6155,4,451345167,144,102598,24541,156984,8
baseline_off,fight,0.0,0.0,fight,2.0,0.0,19.6176,5,451346008,145,88511,24578,156980,0
baseline_off,fight,0.0,0.0,fight,2.0,0.0,19.6197,6,451364027,145,169177,24581,156986,36
baseline_off,fight,0.0,0.0,fight,2.0,0.0,19.6229,7,451366436,144,107790,24581,156968,4
baseline_off,fight,0.0,0.0,fight,2.0,0.0,19.6323,8,451376409,139,76476,24582,156990,4
baseline_off,fight,0.0,0.0,fight,2.0,0.0,19.6429,9,451387438,144,67516,24584,156974,4
baseline_off,fight,0.0,0.0,fight,2.0,0.0,19.6587,10,451398286,145,28205,24578,156965,4
baseline_off,fight,0.0,0.0,fight,2.0,0.0,19.6619,11,451407046,144,104622,24538,156956,4
baseline_off,fight,0.0,0.0,fight,2.0,0.0,19.6724,12,451418283,144,131370,24538,156954,4
baseline_off,fight,0.0,0.0,fight,2.0,0.0,19.683,13,451428828,144,40760,24568,156940,4
baseline_off,fight,0.0,0.0,fight,2.0,0.0,19.6998,14,451439536,138,134670,24572,156937,4
baseline_off,fight,0.0,0.0,fight,2.0,0.0,19.7041,15,451448280,144,51547,24576,156967,4
baseline_off,fight,0.0,0.0,fight,2.0,0.0,19.7146,16,451459870,145,138609,24542,156938,4
baseline_off,fight,0.0,0.0,fight,2.0,0.0,19.7252,17,451470719,144,99052,24583,157005,4
baseline_off,fight,0.0,0.0,fight,2.0,0.0,19.7357,18,451481382,147,27899,24585,156993,4
baseline_off,fight,0.0,0.0,fight,2.0,0.0,19.7473,19,451492058,144,115985,24578,156964,4
baseline_off,fight,0.0,0.0,fight,2.0,0.0,19.7642,20,451503622,145,41277,24576,156979,4
baseline_off,fight,0.0,0.0,fight,2.0,0.0,19.7674,21,451512204,144,87455,24582,156977,4
baseline_off,fight,0.0,0.0,fight,2.0,0.0,19.7801,22,451523703,144,158569,24577,156986,36
baseline_off,fight,0.0,0.0,fight,2.0,0.0,19.7896,23,451535005,144,39350,24539,156958,4
baseline_off,fight,0.0,0.0,fight,2.0,0.0,19.8054,24,451545846,144,155512,24578,156985,4
baseline_off,fight,0.0,0.0,fight,2.0,0.0,19.8096,25,451554602,145,74512,24536,156937,4
baseline_off,fight,0.0,0.0,fight,2.0,0.0,19.8191,26,451565860,140,105061,24541,156952,4
baseline_off,fight,0.0,0.0,fight,2.0,0.0,19.8328,27,451576230,145,141795,24535,156943,4
baseline_off,fight,0.0,0.0,fight,2.0,0.0,19.8423,28,451588789,144,79690,24574,156933,4
baseline_off,fight,0.0,0.0,fight,2.0,0.0,19.8539,29,451598784,145,52536,24535,156951,4
baseline_off,fight,0.0,0.0,fight,2.0,0.0,19.8697,30,451609600,144,164848,24535,156941,36
baseline_off,fight,0.0,0.0,fight,2.0,0.0,19.8782,31,451620038,147,56001,24540,156964,4
baseline_off,fight,0.0,0.0,fight,2.0,0.0,19.8834,32,451629304,139,61818,24534,156926,4
baseline_off,fight,0.0,0.0,fight,2.0,0.0,19.8992,33,451641250,144,52292,24617,156976,4
baseline_off,fight,0.0,0.0,fight,2.0,0.0,19.9045,34,451649986,145,124519,24618,156980,4
baseline_off,fight,0.0,0.0,fight,2.0,0.0,19.9203,35,451662492,145,52666,24546,156987,4
baseline_off,fight,0.0,0.0,fight,2.0,0.0,19.9277,36,451671269,145,131824,24588,157001,4
baseline_off,fight,0.0,0.0,fight,2.0,0.0,19.9404,37,451683773,144,59433,24547,156987,4
baseline_off,fight,0.0,0.0,fight,2.0,0.0,19.9478,38,451692521,145,133749,24585,156996,4
baseline_off,fight,0.0,0.0,fight,2.0,0.0,19.9573,39,451705025,145,61694,24579,156999,4
baseline_off,fight,0.0,0.0,fight,2.0,0.0,19.9678,40,451713986,145,172295,24581,156974,36
baseline_off,fight,0.0,0.0,fight,2.0,0.0,19.9847,41,451724706,144,110927,24583,156995,4
baseline_off,fight,0.0,0.0,fight,2.0,0.0,19.9879,42,451733445,145,26469,24580,156978,4
baseline_off,fight,0.0,0.0,fight,2.0,0.0,19.9995,43,451745036,145,113544,24572,156929,4
baseline_off,fight,0.0,0.0,fight,2.0,0.0,20.0101,44,451756292,145,143738,24575,156941,4
baseline_off,fight,0.0,0.0,fight,2.0,0.0,20.0228,45,451766319,144,122084,24568,156930,4
baseline_off,fight,0.0,0.0,fight,2.0,0.0,20.0323,46,451778875,144,59583,24573,156952,4
baseline_off,fight,0.0,0.0,fight,2.0,0.0,20.0483,47,451790050,137,75648,24541,156928,4
baseline_off,fight,0.0,0.0,fight,2.0,0.0,20.0547,48,451800716,144,162595,24536,156932,36
baseline_off,fight,0.0,0.0,fight,2.0,0.0,20.0663,49,451811398,145,95143,24574,156972,4
baseline_off,fight,0.0,0.0,fight,2.0,0.0,20.0769,50,451821395,145,68067,24578,156976,4
baseline_off,fight,0.0,0.0,fight,2.0,0.0,20.1,51,451837316,143,106228,24578,156964,4
baseline_off,fight,0.0,0.0,fight,2.0,0.0,20.1042,52,451838268,145,111104,24581,156987,0
baseline_off,fight,0.0,0.0,fight,2.0,0.0,20.1042,53,451839219,149,115817,24580,156977,0
baseline_off,fight,0.0,0.0,fight,2.0,0.0,20.1085,54,451840170,140,120591,24584,156977,0
baseline_off,fight,0.0,0.0,fight,2.0,0.0,20.1106,55,451845190,143,32204,24536,156948,4
baseline_off,fight,0.0,0.0,fight,2.0,0.0,20.1106,56,451845223,143,37772,24536,156948,8
baseline_off,fight,0.0,0.0,fight,2.0,0.0,20.1138,57,451846411,144,82737,24535,156937,0
baseline_off,fight,0.0,0.0,fight,2.0,0.0,20.1201,58,451864635,151,41599,24496,156946,4
baseline_off,fight,0.0,0.0,fight,2.0,0.0,20.1233,59,451865589,142,46731,24533,156937,0
baseline_off,fight,0.0,0.0,fight,2.0,0.0,20.1328,60,451874349,145,123310,24573,156948,4
baseline_off,fight,0.0,0.0,fight,2.0,0.0,20.137,61,451883564,141,120405,24542,156967,4
baseline_off,fight,0.0,0.0,fight,2.0,0.0,20.1476,62,451892675,144,99466,24584,156993,4
baseline_off,fight,0.0,0.0,fight,2.0,0.0,20.1612,63,451903838,145,113419,24583,156979,4
baseline_off,fight,0.0,0.0,fight,2.0,0.0,20.1697,64,451916448,145,59505,24573,156947,4
baseline_off,fight,0.0,0.0,fight,2.0,0.0,20.1876,65,451927273,143,173154,24540,156958,36
baseline_off,fight,0.0,0.0,fight,2.0,0.0,20.1897,66,451936026,144,91594,24533,156957,4
baseline_off,fight,0.0,0.0,fight,2.0,0.0,20.2003,67,451945251,145,90391,24536,156959,4
baseline_off,fight,0.0,0.0,fight,2.0,0.0,20.2151,68,451957643,145,156638,24576,156972,4
baseline_off,fight,0.0,0.0,fight,2.0,0.0,20.2224,69,451966389,143,73737,24543,156969,4
baseline_off,fight,0.0,0.0,fight,2.0,0.0,20.2362,70,451978919,144,163164,24578,156990,36
baseline_off,fight,0.0,0.0,fight,2.0,0.0,20.2425,71,451987651,144,77956,24536,156971,4
baseline_off,fight,0.0,0.0,fight,2.0,0.0,20.2583,72,452000161,145,163801,24580,156990,36
baseline_off,fight,0.0,0.0,fight,2.0,0.0,20.2657,73,452010819,144,91675,24585,156984,4
baseline_off,fight,0.0,0.0,fight,2.0,0.0,20.2762,74,452021496,145,179951,24581,156990,36
baseline_off,fight,0.0,0.0,fight,2.0,0.0,20.2973,75,452032312,140,134832,24536,156957,4
baseline_off,fight,0.0,0.0,fight,2.0,0.0,20.3131,76,452052660,146,140506,24619,156988,4
baseline_off,fight,0.0,0.0,fight,2.0,0.0,20.3152,77,452053611,143,145274,24583,156976,0
baseline_off,fight,0.0,0.0,fight,2.0,0.0,20.3447,78,452067466,144,146116,24534,156939,4
baseline_off,fight,0.0,0.0,fight,2.0,0.0,20.35,79,452087270,144,59935,24575,156964,4
baseline_off,fight,0.0,0.0,fight,2.0,0.0,20.35,80,452088224,145,65137,24614,156949,0
baseline_off,fight,0.0,0.0,fight,2.0,0.0,20.3553,81,452099976,145,179508,24536,156931,36
baseline_off,fight,0.0,0.0,fight,2.0,0.0,20.3606,82,452105346,144,150442,24588,157000,4
baseline_off,fight,0.0,0.0,fight,2.0,0.0,20.3711,83,452114722,145,174515,24583,157010,36
baseline_off,fight,0.0,0.0,fight,2.0,0.0,20.3807,84,452126545,144,143503,24541,156981,4
baseline_off,fight,0.0,0.0,fight,2.0,0.0,20.3976,85,452137375,148,100886,24578,156979,4
baseline_off,fight,0.0,0.0,fight,2.0,0.0,20.4029,86,452146146,146,179204,24584,157009,36
baseline_off,fight,0.0,0.0,fight,2.0,0.0,20.4102,87,452156992,145,139381,24577,156972,4
baseline_off,fight,0.0,0.0,fight,2.0,0.0,20.425,88,452167759,148,85954,24583,157007,4
baseline_off,fight,0.0,0.0,fight,2.0,0.0,20.4344,89,452180336,144,26151,24617,156948,4
baseline_off,fight,0.0,0.0,fight,2.0,0.0,20.4513,90,452191160,143,139324,24585,156997,4
baseline_off,fight,0.0,0.0,fight,2.0,0.0,20.4534,91,452199934,142,61140,24573,156960,4
baseline_off,fight,0.0,0.0,fight,2.0,0.0,20.4662,92,452209108,144,51323,24502,156945,4
baseline_off,fight,0.0,0.0,fight,2.0,0.0,20.4769,93,452221605,138,134897,24572,156971,4
baseline_off,fight,0.0,0.0,fight,2.0,0.0,20.4927,94,452232423,143,90353,24540,156980,4
baseline_off,fight,0.0,0.0,fight,2.0,0.0,20.5012,95,452242857,145,137739,24614,156959,4
baseline_off,fight,0.0,0.0,fight,2.0,0.0,20.5075,96,452252124,145,143455,24581,156973,4
baseline_off,fight,0.0,0.0,fight,2.0,0.0,20.5181,97,452262183,143,127023,24538,156969,4
baseline_off,fight,0.0,0.0,fight,2.0,0.0,20.5276,98,452272609,146,172636,24590,157024,36
baseline_off,fight,0.0,0.0,fight,2.0,0.0,20.5413,99,452284027,145,72659,24590,157022,4
baseline_off,fight,0.0,0.0,fight,2.0,0.0,20.5508,100,452296651,147,177492,24586,157013,36
baseline_off,fight,0.0,0.0,fight,2.0,0.0,20.5677,101,452307476,144,133855,24539,156991,4
baseline_off,fight,0.0,0.0,fight,2.0,0.0,20.5782,102,452317983,144,36206,24542,156995,4
baseline_off,fight,0.0,0.0,fight,2.0,0.0,20.5941,103,452326999,143,156210,24541,156978,4
baseline_off,fight,0.0,0.0,fight,2.0,0.0,20.6004,104,452341360,145,86108,24575,156963,4
baseline_off,fight,0.0,0.0,fight,2.0,0.0,20.6036,105,452342305,143,89827,24570,156962,0
baseline_off,fight,0.0,0.0,fight,2.0,0.0,20.6078,106,452343259,144,95143,24535,156941,0
baseline_off,fight,0.0,0.0,fight,2.0,0.0,20.6078,107,452344208,144,99475,24574,156938,0
baseline_off,fight,0.0,0.0,fight,2.0,0.0,20.6099,108,452346111,143,109090,24540,156965,4
baseline_off,fight,0.0,0.0,fight,2.0,0.0,20.6131,109,452348460,145,37543,24576,156962,4
baseline_off,fight,0.0,0.0,fight,2.0,0.0,20.6195,110,452353947,145,28581,24581,156995,4
baseline_off,fight,0.0,0.0,fight,2.0,0.0,20.6195,111,452364625,143,116866,24545,157005,4
baseline_off,fight,0.0,0.0,fight,2.0,0.0,20.6248,112,452370005,143,89563,24550,156981,4
baseline_off,fight,0.0,0.0,fight,2.0,0.0,20.6344,113,452379377,145,112816,24545,156992,4
baseline_off,fight,0.0,0.0,fight,2.0,0.0,20.645,114,452389531,144,112099,24541,156972,4
baseline_off,fight,0.0,0.0,fight,2.0,0.0,20.6535,115,452400454,144,85248,24538,156987,4
baseline_off,fight,0.0,0.0,fight,2.0,0.0,20.6651,116,452411617,144,99371,24574,156970,4
baseline_off,fight,0.0,0.0,fight,2.0,0.0,20.6745,117,452421622,145,73428,24575,157001,4
baseline_off,fight,0.0,0.0,fight,2.0,0.0,20.6882,118,452431630,144,47893,24544,156998,4
baseline_off,fight,0.0,0.0,fight,2.0,0.0,20.6977,119,452444231,139,149003,24545,157014,4
baseline_off,fight,0.0,0.0,fight,2.0,0.0,20.7145,120,452455050,145,103996,24583,157006,4
baseline_off,fight,0.0,0.0,fight,2.0,0.0,20.724,121,452465573,145,165624,24583,157009,36
baseline_off,fight,0.0,0.0,fight,2.0,0.0,20.7293,122,452475502,145,126268,24590,157042,4
baseline_off,fight,0.0,0.0,fight,2.0,0.0,20.7377,123,452484520,145,88978,24550,157035,4
baseline_off,fight,0.0,0.0,fight,2.0,0.0,20.7536,124,452495483,144,68479,24587,157017,4
baseline_off,fight,0.0,0.0,fight,2.0,0.0,20.7757,125,452508038,146,161887,24506,157003,36
baseline_off,fight,0.0,0.0,fight,2.0,0.0,20.8,126,452527374,145,151615,24585,156999,4
baseline_off,fight,0.0,0.0,fight,2.0,0.0,20.8022,127,452528326,145,156489,24621,157017,0
baseline_off,fight,0.0,0.0,fight,2.0,0.0,20.8074,0,452551137,145,108936,24544,157014,4
baseline_off,fight,0.0,0.0,fight,2.0,0.0,20.8096,1,452552088,140,113634,24581,156978,0
baseline_off,fight,0.0,0.0,fight,2.0,0.0,20.816,2,452560828,151,29411,24545,157005,4
baseline_off,fight,0.0,0.0,fight,2.0,0.0,20.8235,3,452570345,144,77213,24542,156977,4
baseline_off,fight,0.0,0.0,fight,2.0,0.0,20.8393,4,452581780,143,137188,24588,157014,4
baseline_off,fight,0.0,0.0,fight,2.0,0.0,20.8446,5,452590527,145,54088,24585,157007,4
baseline_off,fight,0.0,0.0,fight,2.0,0.0,20.8593,6,452603055,143,142792,24551,157030,4
baseline_off,fight,0.0,0.0,fight,2.0,0.0,20.8678,7,452611852,143,68471,24583,156978,4
baseline_off,fight,0.0,0.0,fight,2.0,0.0,20.8815,8,452624317,151,146411,24582,156982,4
baseline_off,fight,0.0,0.0,fight,2.0,0.0,20.89,9,452634916,146,64557,24576,156959,4
baseline_off,fight,0.0,0.0,fight,2.0,0.0,20.8994,10,452645635,153,160062,24545,156986,36
baseline_off,fight,0.0,0.0,fight,2.0,0.0,20.9163,11,452656470,146,118108,24578,156987,4
baseline_off,fight,0.0,0.0,fight,2.0,0.0,20.9226,12,452665238,144,38532,24585,157015,4
baseline_off,fight,0.0,0.0,fight,2.0,0.0,20.9311,13,452676186,146,172688,24545,157006,36
baseline_off,fight,0.0,0.0,fight,2.0,0.0,20.9406,14,452686916,144,112824,24587,157002,4
baseline_off,fight,0.0,0.0,fight,2.0,0.0,20.9574,15,452697744,144,69432,24582,157003,4
baseline_off,fight,0.0,0.0,fight,2.0,0.0,20.9606,16,452706524,139,148999,24618,156983,4
baseline_off,fight,0.0,0.0,fight,2.0,0.0,20.9753,17,452718528,139,148854,24541,156992,4
baseline_off,fight,0.0,0.0,fight,2.0,0.0,20.9827,18,452728961,144,38451,24542,156966,4
baseline_off,fight,0.0,0.0,fight,2.0,0.0,20.9933,19,452739543,144,110313,24584,157017,4
baseline_off,fight,0.0,0.0,fight,2.0,0.0,21.0102,20,452750286,144,52309,24546,157024,4
baseline_off,fight,0.0,0.0,fight,2.0,0.0,21.0123,21,452759056,150,129976,24592,157013,4
baseline_off,fight,0.0,0.0,fight,2.0,0.0,21.025,22,452770642,145,58325,24585,157005,4
baseline_off,fight,0.0,0.0,fight,2.0,0.0,21.0366,23,452781447,144,168287,24543,156977,36
baseline_off,fight,0.0,0.0,fight,2.0,0.0,21.0461,24,452791990,139,76735,24586,157017,4
baseline_off,fight,0.0,0.0,fight,2.0,0.0,21.0662,25,452802797,146,30038,24542,156961,4
baseline_off,fight,0.0,0.0,fight,2.0,0.0,21.0694,26,452813235,144,77533,24544,157005,4
baseline_off,fight,0.0,0.0,fight,2.0,0.0,21.0873,27,452824510,145,110442,24575,156962,4
baseline_off,fight,0.0,0.0,fight,2.0,0.0,21.0979,28,452838760,144,178250,24539,156969,36
baseline_off,fight,0.0,0.0,fight,2.0,0.0,21.1063,29,452839719,144,27358,24580,156979,0
baseline_off,fight,0.0,0.0,fight,2.0,0.0,21.1063,30,452840668,146,31748,24578,156976,0
baseline_off,fight,0.0,0.0,fight,2.0,0.0,21.1085,31,452841617,144,36065,24578,156965,0
baseline_off,fight,0.0,0.0,fight,2.0,0.0,21.1106,32,452844290,146,176491,24582,156998,36
baseline_off,fight,0.0,0.0,fight,2.0,0.0,21.1127,33,452846205,144,31042,24543,157004,4
baseline_off,fight,0.0,0.0,fight,2.0,0.0,21.1148,34,452851687,144,178194,24541,156974,36
baseline_off,fight,0.0,0.0,fight,2.0,0.0,21.118,35,452863808,145,41105,24572,156934,4
baseline_off,fight,0.0,0.0,fight,2.0,0.0,21.1201,36,452866980,145,109568,24534,156946,4
baseline_off,fight,0.0,0.0,fight,2.0,0.0,21.1296,37,452875342,143,118466,24504,156963,4
baseline_off,fight,0.0,0.0,fight,2.0,0.0,21.1402,38,452885791,143,167630,24547,157021,36
baseline_off,fight,0.0,0.0,fight,2.0,0.0,21.1538,39,452896932,144,177643,24544,157000,36
baseline_off,fight,0.0,0.0,fight,2.0,0.0,21.1623,40,452907757,142,133814,24581,156972,4
baseline_off,fight,0.0,0.0,fight,2.0,0.0,21.1729,41,452918313,143,44519,24583,157008,4
baseline_off,fight,0.0,0.0,fight,2.0,0.0,21.1813,42,452928415,145,35146,24581,156978,4
baseline_off,fight,0.0,0.0,fight,2.0,0.0,21.1929,43,452938227,144,133259,24542,156966,4
baseline_off,fight,0.0,0.0,fight,2.0,0.0,21.2045,44,452949497,146,165418,24581,156974,36
baseline_off,fight,0.0,0.0,fight,2.0,0.0,21.214,45,452959584,145,153456,24576,156952,4
baseline_off,fight,0.0,0.0,fight,2.0,0.0,21.2256,46,452970526,146,129825,24583,156997,4
baseline_off,fight,0.0,0.0,fight,2.0,0.0,21.2361,47,452981189,145,58629,24584,156990,4
baseline_off,fight,0.0,0.0,fight,2.0,0.0,21.2477,48,452992080,145,25890,24585,157007,4
baseline_off,fight,0.0,0.0,fight,2.0,0.0,21.2582,49,453003357,144,59080,24544,156993,4
baseline_off,fight,0.0,0.0,fight,2.0,0.0,21.2677,50,453014174,146,170782,24584,156985,36
baseline_off,fight,0.0,0.0,fight,2.0,0.0,21.2838,51,453025820,146,109533,24582,157014,4
baseline_off,fight,0.0,0.0,fight,2.0,0.0,21.2912,52,453036482,145,37865,24586,157000,4
baseline_off,fight,0.0,0.0,fight,2.0,0.0,21.3008,53,453047145,142,123591,24545,157005,4
baseline_off,fight,0.0,0.0,fight,2.0,0.0,21.3176,54,453057974,144,80874,24538,156948,4
baseline_off,fight,0.0,0.0,fight,2.0,0.0,21.324,55,453066729,145,156292,24580,156990,4
baseline_off,fight,0.0,0.0,fight,2.0,0.0,21.3324,56,453077674,144,133117,24581,156964,4
baseline_off,fight,0.0,0.0,fight,2.0,0.0,21.3429,57,453088399,144,72735,24543,156994,4
baseline_off,fight,0.0,0.0,fight,2.0,0.0,21.3587,58,453099249,138,33110,24588,157019,4
baseline_off,fight,0.0,0.0,fight,2.0,0.0,21.3651,59,453109809,143,101247,24584,156992,4
baseline_off,fight,0.0,0.0,fight,2.0,0.0,21.3724,60,453119106,145,111851,24585,157000,4
baseline_off,fight,0.0,0.0,fight,2.0,0.0,21.3852,61,453129363,144,128719,24579,156981,4
baseline_off,fight,0.0,0.0,fight,2.0,0.0,21.3957,62,453139931,151,41464,24582,156978,4
baseline_off,fight,0.0,0.0,fight,2.0,0.0,21.4052,63,453150949,143,30875,24584,156995,4
baseline_off,fight,0.0,0.0,fight,2.0,0.0,21.4211,64,453161761,144,142104,24582,156990,4
baseline_off,fight,0.0,0.0,fight,2.0,0.0,21.4327,65,453172214,145,35214,24581,156965,4
baseline_off,fight,0.0,0.0,fight,2.0,0.0,21.4348,66,453181650,144,69439,24538,156974,4
baseline_off,fight,0.0,0.0,fight,2.0,0.0,21.4474,67,453193033,142,120516,24582,156984,4
baseline_off,fight,0.0,0.0,fight,2.0,0.0,21.458,68,453203579,144,29274,24580,156983,4
baseline_off,fight,0.0,0.0,fight,2.0,0.0,21.4696,69,453214327,149,129404,24549,157009,4
baseline_off,fight,0.0,0.0,fight,2.0,0.0,21.4801,70,453224996,144,58953,24580,156975,4
baseline_off,fight,0.0,0.0,fight,2.0,0.0,21.4876,71,453235369,144,95429,24586,157028,4
baseline_off,fight,0.0,0.0,fight,2.0,0.0,21.5034,72,453245952,144,167685,24581,156970,36
baseline_off,fight,0.0,0.0,fight,2.0,0.0,21.5129,73,453258525,145,107424,24544,157001,4
baseline_off,fight,0.0,0.0,fight,2.0,0.0,21.5288,74,453269363,144,65923,24581,157012,4
baseline_off,fight,0.0,0.0,fight,2.0,0.0,21.533,75,453278122,144,142078,24580,156986,4
baseline_off,fight,0.0,0.0,fight,2.0,0.0,21.5427,76,453287265,144,126583,24544,156970,4
baseline_off,fight,0.0,0.0,fight,2.0,0.0,21.5554,77,453299738,145,49195,24584,157027,4
baseline_off,fight,0.0,0.0,fight,2.0,0.0,21.5649,78,453310393,145,133440,24582,156992,4
baseline_off,fight,0.0,0.0,fight,2.0,0.0,21.5744,79,453321044,144,60303,24540,156984,4
baseline_off,fight,0.0,0.0,fight,2.0,0.0,21.5987,80,453337467,144,26433,24575,156956,4
baseline_off,fight,0.0,0.0,fight,2.0,0.0,21.6134,81,453338411,146,29918,24578,156953,0
baseline_off,fight,0.0,0.0,fight,2.0,0.0,21.6134,82,453339371,143,36207,24539,156955,0
baseline_off,fight,0.0,0.0,fight,2.0,0.0,21.6156,83,453340316,144,39788,24579,156974,0
baseline_off,fight,0.0,0.0,fight,2.0,0.0,21.6303,84,453343002,144,25652,24547,156996,4
baseline_off,fight,0.0,0.0,fight,2.0,0.0,21.6324,85,453345258,144,95163,24585,156989,4
baseline_off,fight,0.0,0.0,fight,2.0,0.0,21.6472,86,453350741,144,85428,24539,156975,4
baseline_off,fight,0.0,0.0,fight,2.0,0.0,21.6493,87,453350774,144,91048,24539,156975,8
baseline_off,fight,0.0,0.0,fight,2.0,0.0,21.6652,88,453372794,145,66399,24588,157012,4
baseline_off,fight,0.0,0.0,fight,2.0,0.0,21.6683,89,453373735,145,69250,24582,157015,0
baseline_off,fight,0.0,0.0,fight,2.0,0.0,21.6726,90,453387484,144,51557,24545,157011,4
baseline_off,fight,0.0,0.0,fight,2.0,0.0,21.6779,91,453405280,146,94058,24588,157032,4
baseline_off,fight,0.0,0.0,fight,2.0,0.0,21.68,92,453406234,142,99112,24589,157037,0
baseline_off,fight,0.0,0.0,fight,2.0,0.0,21.6831,93,453418834,152,42796,24584,157016,4
baseline_off,fight,0.0,0.0,fight,2.0,0.0,21.6852,94,453428858,144,176622,24588,157030,36
baseline_off,fight,0.0,0.0,fight,2.0,0.0,21.6884,95,453437266,145,35696,24587,157037,4
baseline_off,fight,0.0,0.0,fight,2.0,0.0,21.7032,96,453446928,145,108231,24587,157000,4
baseline_off,fight,0.0,0.0,fight,2.0,0.0,21.7127,97,453458653,144,60583,24579,156982,4
baseline_off,fight,0.0,0.0,fight,2.0,0.0,21.7285,98,453469487,152,175156,24587,157032,36
baseline_off,fight,0.0,0.0,fight,2.0,0.0,21.7338,99,453478250,145,94842,24617,157007,4
baseline_off,fight,0.0,0.0,fight,2.0,0.0,21.7433,100,453489002,144,38656,24545,157020,4
baseline_off,fight,0.0,0.0,fight,2.0,0.0,21.756,101,453499869,145,158826,24579,157009,36
baseline_off,fight,0.0,0.0,fight,2.0,0.0,21.7655,102,453512444,144,98432,24580,156980,4
baseline_off,fight,0.0,0.0,fight,2.0,0.0,21.7803,103,453523270,144,54709,24620,157022,4
baseline_off,fight,0.0,0.0,fight,2.0,0.0,21.7909,104,453533976,144,147425,24551,157059,4
baseline_off,fight,0.0,0.0,fight,2.0,0.0,21.7951,105,453540867,139,62818,24581,156998,4
baseline_off,fight,0.0,0.0,fight,2.0,0.0,21.8067,106,453552396,145,138769,24585,157015,4
baseline_off,fight,0.0,0.0,fight,2.0,0.0,21.8182,107,453563215,145,94107,24541,156988,4
baseline_off,fight,0.0,0.0,fight,2.0,0.0,21.8278,108,453573860,144,177076,24546,157005,36
baseline_off,fight,0.0,0.0,fight,2.0,0.0,21.8436,109,453584572,148,114211,24541,156966,4
baseline_off,fight,0.0,0.0,fight,2.0,0.0,21.8479,110,453593336,144,34266,24546,156981,4
baseline_off,fight,0.0,0.0,fight,2.0,0.0,21.8585,111,453604906,144,117316,24534,156947,4
baseline_off,fight,0.0,0.0,fight,2.0,0.0,21.8691,112,453615702,145,68812,24577,157008,4
baseline_off,fight,0.0,0.0,fight,2.0,0.0,21.8796,113,453626383,144,157882,24616,156975,36
baseline_off,fight,0.0,0.0,fight,2.0,0.0,21.8923,114,453637095,145,94963,24589,157011,4
baseline_off,fight,0.0,0.0,fight,2.0,0.0,21.9029,115,453647776,144,26582,24547,157017,4
baseline_off,fight,0.0,0.0,fight,2.0,0.0,21.9125,116,453658149,145,62768,24588,157019,4
baseline_off,fight,0.0,0.0,fight,2.0,0.0,21.923,117,453668790,145,144471,24548,157017,4
baseline_off,fight,0.0,0.0,fight,2.0,0.0,21.9336,118,453679620,143,101311,24590,157033,4
baseline_off,fight,0.0,0.0,fight,2.0,0.0,21.9483,119,453691238,144,35133,24509,157031,4
baseline_off,fight,0.0,0.0,fight,2.0,0.0,21.9568,120,453701935,145,126347,24588,157018,4
baseline_off,fight,0.0,0.0,fight,2.0,0.0,21.9663,121,453712565,144,49410,24584,157014,4
baseline_off,fight,0.0,0.0,fight,2.0,0.0,21.9832,122,453723379,144,160434,24589,157027,36
baseline_off,fight,0.0,0.0,fight,2.0,0.0,21.9908,123,453734131,144,103885,24586,157022,4
baseline_off,fight,0.0,0.0,fight,2.0,0.0,21.9982,124,453743447,144,117409,24548,157030,4
baseline_off,fight,0.0,0.0,fight,2.0,0.0,22.0131,125,453756288,144,101966,24549,157028,4
baseline_off,fight,0.0,0.0,fight,2.0,0.0,22.0237,126,453766913,147,180999,24618,156981,36
baseline_off,fight,0.0,0.0,fight,2.0,0.0,22.0291,127,453773729,144,83814,24581,157001,4
baseline_off,fight,0.0,0.0,fight,2.0,0.0,22.0366,0,453784654,144,56977,24580,156973,4
baseline_off,fight,0.0,0.0,fight,2.0,0.0,22.0504,1,453795067,151,100336,24619,156973,4
baseline_off,fight,0.0,0.0,fight,2.0,0.0,22.061,2,453807647,147,40987,24582,156972,4
baseline_off,fight,0.0,0.0,fight,2.0,0.0,22.0843,3,453818456,145,151772,24581,156994,4
baseline_off,fight,0.0,0.0,fight,2.0,0.0,22.1035,4,453827140,143,58300,24576,156984,4
baseline_off,fight,0.0,0.0,fight,2.0,0.0,22.1194,5,453844636,145,49705,24581,156971,4
baseline_off,fight,0.0,0.0,fight,2.0,0.0,22.1194,6,453845586,142,54272,24541,156999,0
baseline_off,fight,0.0,0.0,fight,2.0,0.0,22.1354,7,453846536,145,58671,24582,156994,0
baseline_off,fight,0.0,0.0,fight,2.0,0.0,22.1364,8,453847485,145,63059,24583,157010,0
baseline_off,fight,0.0,0.0,fight,2.0,0.0,22.1407,9,453864576,143,142524,24621,156984,4
baseline_off,fight,0.0,0.0,fight,2.0,0.0,22.1429,10,453865531,143,147878,24541,156969,0
baseline_off,fight,0.0,0.0,fight,2.0,0.0,22.145,11,453878104,145,87952,24578,156972,4
baseline_off,fight,0.0,0.0,fight,2.0,0.0,22.1482,12,453879048,145,91426,24576,156956,0
baseline_off,fight,0.0,0.0,fight,2.0,0.0,22.163,13,453898752,148,144602,24549,157008,4
baseline_off,fight,0.0,0.0,fight,2.0,0.0,22.1651,14,453899705,141,149648,24586,157004,0
baseline_off,fight,0.0,0.0,fight,2.0,0.0,22.1651,15,453900647,144,152846,24579,156991,0
baseline_off,fight,0.0,0.0,fight,2.0,0.0,22.1684,16,453902559,145,163815,24540,156981,36
baseline_off,fight,0.0,0.0,fight,2.0,0.0,22.1737,17,453917552,145,44043,24544,156974,4
baseline_off,fight,0.0,0.0,fight,2.0,0.0,22.1811,18,453925883,136,47645,24575,156945,4
baseline_off,fight,0.0,0.0,fight,2.0,0.0,22.1875,19,453933767,145,131819,24580,157011,4
baseline_off,fight,0.0,0.0,fight,2.0,0.0,22.2034,20,453946397,144,80754,24547,156998,4
baseline_off,fight,0.0,0.0,fight,2.0,0.0,22.2108,21,453957026,144,160653,24581,156985,36
baseline_off,fight,0.0,0.0,fight,2.0,0.0,22.2224,22,453967722,145,94823,24549,157035,4
baseline_off,fight,0.0,0.0,fight,2.0,0.0,22.233,23,453977833,152,86701,24583,156975,4
baseline_off,fight,0.0,0.0,fight,2.0,0.0,22.2458,24,453990186,151,145560,24580,157011,4
baseline_off,fight,0.0,0.0,fight,2.0,0.0,22.2575,25,454000845,144,73766,24580,156982,4
baseline_off,fight,0.0,0.0,fight,2.0,0.0,22.2629,26,454007636,152,129258,24579,156974,4
baseline_off,fight,0.0,0.0,fight,2.0,0.0,22.2745,27,454019905,147,174124,24626,157011,36
baseline_off,fight,0.0,0.0,fight,2.0,0.0,22.2862,28,454030533,145,96868,24547,157006,4
baseline_off,fight,0.0,0.0,fight,2.0,0.0,22.2947,29,454040892,144,131153,24546,157015,4
baseline_off,fight,0.0,0.0,fight,2.0,0.0,22.3054,30,454051523,144,54507,24581,156982,4
baseline_off,fight,0.0,0.0,fight,2.0,0.0,22.3212,31,454062351,144,168420,24579,156967,36
baseline_off,fight,0.0,0.0,fight,2.0,0.0,22.3329,32,454072912,146,80231,24543,156993,4
baseline_off,fight,0.0,0.0,fight,2.0,0.0,22.3403,33,454083941,152,71278,24545,157000,4
baseline_off,fight,0.0,0.0,fight,2.0,0.0,22.3477,34,454093093,151,57211,24507,157023,4
baseline_off,fight,0.0,0.0,fight,2.0,0.0,22.3604,35,454105246,145,82031,24542,156967,4
baseline_off,fight,0.0,0.0,fight,2.0,0.0,22.37,36,454117807,145,176696,24546,156999,36
baseline_off,fight,0.0,0.0,fight,2.0,0.0,22.3879,37,454128632,145,133076,24584,156996,4
baseline_off,fight,0.0,0.0,fight,2.0,0.0,22.3976,38,454139316,145,65413,24591,157008,4
baseline_off,fight,0.0,0.0,fight,2.0,0.0,22.4051,39,454147415,144,29507,24503,156969,4
baseline_off,fight,0.0,0.0,fight,2.0,0.0,22.4125,40,454158365,145,164317,24549,157003,36
baseline_off,fight,0.0,0.0,fight,2.0,0.0,22.4231,41,454169073,146,100824,24548,156993,4
baseline_off,fight,0.0,0.0,fight,2.0,0.0,22.439,42,454179903,144,57829,24582,156986,4
baseline_off,fight,0.0,0.0,fight,2.0,0.0,22.4475,43,454190486,144,129997,24581,157004,4
baseline_off,fight,0.0,0.0,fight,2.0,0.0,22.4538,44,454199845,143,151076,24583,156994,4
baseline_off,fight,0.0,0.0,fight,2.0,0.0,22.4634,45,454209466,143,59969,24583,156993,4
baseline_off,fight,0.0,0.0,fight,2.0,0.0,22.474,46,454219961,145,117299,24589,157011,4
baseline_off,fight,0.0,0.0,fight,2.0,0.0,22.4845,47,454231437,147,27465,24548,157005,4
baseline_off,fight,0.0,0.0,fight,2.0,0.0,22.4983,48,454243505,145,38244,24581,156973,4
baseline_off,fight,0.0,0.0,fight,2.0,0.0,22.5078,49,454255384,152,173884,24579,156982,36
baseline_off,fight,0.0,0.0,fight,2.0,0.0,22.5248,50,454266209,149,130152,24582,157011,4
baseline_off,fight,0.0,0.0,fight,2.0,0.0,22.5312,51,454274982,144,51655,24587,157001,4
baseline_off,fight,0.0,0.0,fight,2.0,0.0,22.5397,52,454285927,146,28312,24581,157002,4
baseline_off,fight,0.0,0.0,fight,2.0,0.0,22.5502,53,454296652,145,124899,24585,156970,4
baseline_off,fight,0.0,0.0,fight,2.0,0.0,22.5653,54,454307490,143,83894,24576,156949,4
baseline_off,fight,0.0,0.0,fight,2.0,0.0,22.5685,55,454316251,145,160419,24545,156991,36
baseline_off,fight,0.0,0.0,fight,2.0,0.0,22.5886,56,454327533,143,37389,24618,156992,4
baseline_off,fight,0.0,0.0,fight,2.0,0.0,22.6035,57,454340093,145,131765,24579,156961,4
baseline_off,fight,0.0,0.0,fight,2.0,0.0,22.6035,58,454341044,144,136408,24589,156991,0
baseline_off,fight,0.0,0.0,fight,2.0,0.0,22.6088,59,454341993,143,140743,24578,156999,0
baseline_off,fight,0.0,0.0,fight,2.0,0.0,22.6088,60,454342943,147,145300,24542,156972,0
baseline_off,fight,0.0,0.0,fight,2.0,0.0,22.611,61,454346230,145,76131,24581,156991,4
baseline_off,fight,0.0,0.0,fight,2.0,0.0,22.6142,62,454351711,145,66136,24578,156950,4
baseline_off,fight,0.0,0.0,fight,2.0,0.0,22.6205,63,454351744,145,71756,24578,156950,8
baseline_off,fight,0.0,0.0,fight,2.0,0.0,22.6205,64,454367294,145,46943,24579,156957,4
baseline_off,fight,0.0,0.0,fight,2.0,0.0,22.6238,65,454370342,145,94335,24574,156940,4
baseline_off,fight,0.0,0.0,fight,2.0,0.0,22.6333,66,454380359,150,70724,24575,156944,4
baseline_off,fight,0.0,0.0,fight,2.0,0.0,22.6428,67,454390458,138,60841,24577,156943,4
baseline_off,fight,0.0,0.0,fight,2.0,0.0,22.6587,68,454401613,145,73397,24587,157011,4
baseline_off,fight,0.0,0.0,fight,2.0,0.0,22.6693,69,454414220,144,175859,24544,156990,36
baseline_off,fight,0.0,0.0,fight,2.0,0.0,22.6841,70,454425054,146,133483,24545,156981,4
baseline_off,fight,0.0,0.0,fight,2.0,0.0,22.6926,71,454435800,142,76579,24581,156996,4
baseline_off,fight,0.0,0.0,fight,2.0,0.0,22.6979,72,454445097,144,87311,24543,156967,4
baseline_off,fight,0.0,0.0,fight,2.0,0.0,22.7074,73,454454283,145,79030,24577,156964,4
baseline_off,fight,0.0,0.0,fight,2.0,0.0,22.718,74,454465088,140,32275,24579,156956,4
baseline_off,fight,0.0,0.0,fight,2.0,0.0,22.7328,75,454477008,145,175059,24577,156982,36
baseline_off,fight,0.0,0.0,fight,2.0,0.0,22.7424,76,454489269,144,61909,24577,156971,4
baseline_off,fight,0.0,0.0,fight,2.0,0.0,22.7551,77,454500103,143,176726,24580,156983,36
baseline_off,fight,0.0,0.0,fight,2.0,0.0,22.7646,78,454510761,144,104619,24578,156981,4
baseline_off,fight,0.0,0.0,fight,2.0,0.0,22.7784,79,454521153,145,144489,24540,157003,4
baseline_off,fight,0.0,0.0,fight,2.0,0.0,22.7826,80,454527951,145,44212,24549,156997,4
baseline_off,fight,0.0,0.0,fight,2.0,0.0,22.7932,81,454538870,147,173531,24577,156969,36
baseline_off,fight,0.0,0.0,fight,2.0,0.0,22.8028,82,454549401,146,80202,24582,156978,4
baseline_off,fight,0.0,0.0,fight,2.0,0.0,22.8155,83,454560461,139,76685,24577,156953,4
baseline_off,fight,0.0,0.0,fight,2.0,0.0,22.8261,84,454573056,146,177497,24573,156931,36
baseline_off,fight,0.0,0.0,fight,2.0,0.0,22.8441,85,454584651,145,108148,24584,156968,4
baseline_off,fight,0.0,0.0,fight,2.0,0.0,22.8504,86,454593833,146,99436,24540,156977,4
baseline_off,fight,0.0,0.0,fight,2.0,0.0,22.8578,87,454604766,144,74310,24581,156968,4
baseline_off,fight,0.0,0.0,fight,2.0,0.0,22.8705,88,454615510,151,174060,24543,156960,36
baseline_off,fight,0.0,0.0,fight,2.0,0.0,22.8811,89,454626187,138,105540,24579,156982,4
baseline_off,fight,0.0,0.0,fight,2.0,0.0,22.8896,90,454636829,143,30744,24541,156992,4
baseline_off,fight,0.0,0.0,fight,2.0,0.0,22.9065,91,454647658,151,145146,24532,156932,4
baseline_off,fight,0.0,0.0,fight,2.0,0.0,22.9129,92,454656426,145,66143,24579,156964,4
baseline_off,fight,0.0,0.0,fight,2.0,0.0,22.9224,93,454667388,144,45963,24540,156978,4
baseline_off,fight,0.0,0.0,fight,2.0,0.0,22.9394,94,454677792,145,88135,24579,156970,4
baseline_off,fight,0.0,0.0,fight,2.0,0.0,22.9478,95,454694034,145,181148,24585,157007,36
baseline_off,fight,0.0,0.0,fight,2.0,0.0,22.9542,96,454697199,145,91319,24580,156982,4
baseline_off,fight,0.0,0.0,fight,2.0,0.0,22.9722,97,454709155,145,83058,24577,156962,4
baseline_off,fight,0.0,0.0,fight,2.0,0.0,22.9797,98,454726543,149,56868,24576,156960,4
baseline_off,fight,0.0,0.0,fight,2.0,0.0,22.9839,99,454729135,144,26720,24538,156947,4
baseline_off,fight,0.0,0.0,fight,2.0,0.0,22.9924,100,454740443,144,65486,24575,156956,4
baseline_off,fight,0.0,0.0,fight,2.0,0.0,23.0041,101,454750638,147,71842,24583,156999,4
baseline_off,fight,0.0,0.0,fight,2.0,0.0,23.0179,102,454761804,147,85922,24544,157002,4
baseline_off,fight,0.0,0.0,fight,2.0,0.0,23.0275,103,454774402,146,30049,24534,156960,4
baseline_off,fight,0.0,0.0,fight,2.0,0.0,23.0434,104,454785245,145,146735,24538,156960,4
baseline_off,fight,0.0,0.0,fight,2.0,0.0,23.0476,105,454794010,145,66981,24580,156978,4
baseline_off,fight,0.0,0.0,fight,2.0,0.0,23.0582,106,454804548,144,131485,24591,157003,4
baseline_off,fight,0.0,0.0,fight,2.0,0.0,23.071,107,454816866,144,27353,24551,157013,4
baseline_off,fight,0.0,0.0,fight,2.0,0.0,23.0879,108,454827654,138,134364,24586,157028,4
baseline_off,fight,0.0,0.0,fight,2.0,0.0,23.1102,109,454843180,143,105011,24583,156989,4
baseline_off,fight,0.0,0.0,fight,2.0,0.0,23.1102,110,454844125,144,108702,24544,156986,0
baseline_off,fight,0.0,0.0,fight,2.0,0.0,23.1123,111,454845080,144,113958,24584,156983,0
baseline_off,fight,0.0,0.0,fight,2.0,0.0,23.1123,112,454847929,145,127462,24582,156984,4
baseline_off,fight,0.0,0.0,fight,2.0,0.0,23.1134,113,454847962,145,133031,24582,156984,8
baseline_off,fight,0.0,0.0,fight,2.0,0.0,23.1177,114,454849665,144,108528,24545,156989,4
baseline_off,fight,0.0,0.0,fight,2.0,0.0,23.1177,115,454855148,145,98587,24584,157004,4
baseline_off,fight,0.0,0.0,fight,2.0,0.0,23.1282,116,454870025,144,115855,24539,156946,4
baseline_off,fight,0.0,0.0,fight,2.0,0.0,23.1282,117,454870980,144,121268,24612,156952,0
baseline_off,fight,0.0,0.0,fight,2.0,0.0,23.1346,118,454880410,143,154590,24578,156975,4
baseline_off,fight,0.0,0.0,fight,2.0,0.0,23.1431,119,454890331,145,114512,24585,156975,4
baseline_off,fight,0.0,0.0,fight,2.0,0.0,23.1537,120,454900833,148,173024,24581,156982,36
baseline_off,fight,0.0,0.0,fight,2.0,0.0,23.1654,121,454911554,145,111976,24579,156969,4
baseline_off,fight,0.0,0.0,fight,2.0,0.0,23.1749,122,454922235,145,44209,24570,156934,4
baseline_off,fight,0.0,0.0,fight,2.0,0.0,23.1897,123,454934419,140,75299,24505,156928,4
baseline_off,fight,0.0,0.0,fight,2.0,0.0,23.1982,124,454945030,145,152633,24539,156958,4
baseline_off,fight,0.0,0.0,fight,2.0,0.0,23.2077,125,454955746,137,90898,24575,156957,4
baseline_off,fight,0.0,0.0,fight,2.0,0.0,23.2183,126,454965753,145,65507,24577,156977,4
baseline_off,fight,0.0,0.0,fight,2.0,0.0,23.2278,127,454975708,139,31318,24576,156961,4
baseline_off,fight,0.0,0.0,fight,2.0,0.0,23.2448,0,454986580,144,152949,24581,156958,4
baseline_off,fight,0.0,0.0,fight,2.0,0.0,23.248,1,454995358,142,75479,24573,156949,4
baseline_off,fight,0.0,0.0,fight,2.0,0.0,23.2596,2,455006626,145,107497,24580,156973,4
baseline_off,fight,0.0,0.0,fight,2.0,0.0,23.2702,3,455017147,143,169650,24574,156946,36
baseline_off,fight,0.0,0.0,fight,2.0,0.0,23.284,4,455028226,145,169696,24542,156972,36
baseline_off,fight,0.0,0.0,fight,2.0,0.0,23.2925,5,455038917,145,103511,24577,156950,4
baseline_off,fight,0.0,0.0,fight,2.0,0.0,23.3042,6,455049520,145,179568,24545,156988,36
baseline_off,fight,0.0,0.0,fight,2.0,0.0,23.3201,7,455060347,144,136338,24586,157011,4
baseline_off,fight,0.0,0.0,fight,2.0,0.0,23.3232,8,455069133,144,59916,24542,156989,4
baseline_off,fight,0.0,0.0,fight,2.0,0.0,23.3328,9,455080381,144,88028,24541,157006,4
baseline_off,fight,0.0,0.0,fight,2.0,0.0,23.3434,10,455090938,145,155601,24618,156990,4
baseline_off,fight,0.0,0.0,fight,2.0,0.0,23.355,11,455101663,145,95049,24589,156999,4
baseline_off,fight,0.0,0.0,fight,2.0,0.0,23.3656,12,455112346,144,26931,24546,156998,4
baseline_off,fight,0.0,0.0,fight,2.0,0.0,23.3762,13,455122768,149,71921,24581,156963,4
baseline_off,fight,0.0,0.0,fight,2.0,0.0,23.3857,14,455133348,144,143951,24540,156980,4
baseline_off,fight,0.0,0.0,fight,2.0,0.0,23.404,15,455144145,145,95541,24543,156985,4
baseline_off,fight,0.0,0.0,fight,2.0,0.0,23.4125,16,455159267,145,154824,24615,156946,4
baseline_off,fight,0.0,0.0,fight,2.0,0.0,23.4243,17,455169272,148,129210,24542,156981,4
baseline_off,fight,0.0,0.0,fight,2.0,0.0,23.4402,18,455176061,150,27626,24576,156961,4
baseline_off,fight,0.0,0.0,fight,2.0,0.0,23.4582,19,455185349,145,36925,24542,156956,4
baseline_off,fight,0.0,0.0,fight,2.0,0.0,23.4594,20,455198068,144,158674,24576,156965,36
baseline_off,fight,0.0,0.0,fight,2.0,0.0,23.4678,21,455214296,145,92244,24581,156951,4
baseline_off,fight,0.0,0.0,fight,2.0,0.0,23.4731,22,455219687,144,66854,24541,156962,4
baseline_off,fight,0.0,0.0,fight,2.0,0.0,23.4794,23,455228830,145,51584,24577,156956,4
baseline_off,fight,0.0,0.0,fight,2.0,0.0,23.4952,24,455239578,144,152254,24570,156936,4
baseline_off,fight,0.0,0.0,fight,2.0,0.0,23.5047,25,455252145,138,91698,24537,156927,4
baseline_off,fight,0.0,0.0,fight,2.0,0.0,23.5142,26,455262131,145,62782,24580,156963,4
baseline_off,fight,0.0,0.0,fight,2.0,0.0,23.5248,27,455273334,146,83710,24535,156946,4
baseline_off,fight,0.0,0.0,fight,2.0,0.0,23.5353,28,455282843,145,130716,24572,156958,4
baseline_off,fight,0.0,0.0,fight,2.0,0.0,23.5448,29,455292151,145,143580,24573,156939,4
baseline_off,fight,0.0,0.0,fight,2.0,0.0,23.5574,30,455302981,145,101462,24580,156955,4
baseline_off,fight,0.0,0.0,fight,2.0,0.0,23.569,31,455313676,144,35871,24542,156966,4
baseline_off,fight,0.0,0.0,fight,2.0,0.0,23.5765,32,455324109,145,82668,24574,156948,4
baseline_off,fight,0.0,0.0,fight,2.0,0.0,23.5944,33,455340054,145,125529,24578,156951,4
baseline_off,fight,0.0,0.0,fight,2.0,0.0,23.6028,34,455341010,145,130939,24582,156954,0
baseline_off,fight,0.0,0.0,fight,2.0,0.0,23.605,35,455341953,143,134389,24543,156966,0
baseline_off,fight,0.0,0.0,fight,2.0,0.0,23.6092,36,455344804,146,148178,24540,156944,4
baseline_off,fight,0.0,0.0,fight,2.0,0.0,23.6092,37,455344837,146,153748,24540,156944,8
baseline_off,fight,0.0,0.0,fight,2.0,0.0,23.6176,38,455346887,145,31413,24614,156932,4
baseline_off,fight,0.0,0.0,fight,2.0,0.0,23.6176,39,455352370,145,178802,24573,156946,36
baseline_off,fight,0.0,0.0,fight,2.0,0.0,23.6208,40,455365942,146,131733,24575,156959,4
baseline_off,fight,0.0,0.0,fight,2.0,0.0,23.624,41,455368138,145,34124,24578,156962,4
baseline_off,fight,0.0,0.0,fight,2.0,0.0,23.6324,42,455379610,148,100761,24539,156956,4
baseline_off,fight,0.0,0.0,fight,2.0,0.0,23.6408,43,455388384,145,179692,24537,156950,36
baseline_off,fight,0.0,0.0,fight,2.0,0.0,23.6577,44,455399251,144,143742,24532,156906,4
baseline_off,fight,0.0,0.0,fight,2.0,0.0,23.663,45,455409714,145,39207,24574,156948,4
baseline_off,fight,0.0,0.0,fight,2.0,0.0,23.6725,46,455419428,144,121025,24577,156987,4
baseline_off,fight,0.0,0.0,fight,2.0,0.0,23.6841,47,455430435,145,108629,24579,156954,4
baseline_off,fight,0.0,0.0,fight,2.0,0.0,23.6925,48,455440776,145,140030,24578,156951,4
baseline_off,fight,0.0,0.0,fight,2.0,0.0,23.7031,49,455450886,145,132350,24570,156941,4
baseline_off,fight,0.0,0.0,fight,2.0,0.0,23.7126,50,455460789,141,89983,24608,156916,4
baseline_off,fight,0.0,0.0,fight,2.0,0.0,23.7231,51,455472180,145,143382,24574,156927,4
baseline_off,fight,0.0,0.0,fight,2.0,0.0,23.7347,52,455482156,144,113219,24569,156901,4
baseline_off,fight,0.0,0.0,fight,2.0,0.0,23.7473,53,455493004,142,74098,24573,156933,4
baseline_off,fight,0.0,0.0,fight,2.0,0.0,23.7579,54,455504428,144,133145,24531,156914,4
baseline_off,fight,0.0,0.0,fight,2.0,0.0,23.7674,55,455514870,143,25362,24531,156916,4
baseline_off,fight,0.0,0.0,fight,2.0,0.0,23.7842,56,455525618,144,126345,24530,156937,4
baseline_off,fight,0.0,0.0,fight,2.0,0.0,23.7874,57,455534354,153,42092,24609,156923,4
baseline_off,fight,0.0,0.0,fight,2.0,0.0,23.799,58,455545933,144,127079,24533,156939,4
baseline_off,fight,0.0,0.0,fight,2.0,0.0,23.8148,59,455556733,144,79672,24531,156919,4
baseline_off,fight,0.0,0.0,fight,2.0,0.0,23.8254,60,455567238,145,139248,24538,156940,4
baseline_off,fight,0.0,0.0,fight,2.0,0.0,23.8296,61,455576656,146,170834,24575,156949,36
baseline_off,fight,0.0,0.0,fight,2.0,0.0,23.8391,62,455587169,144,74769,24569,156922,4
baseline_off,fight,0.0,0.0,fight,2.0,0.0,23.8538,63,455598479,145,114542,24573,156935,4
baseline_off,fight,0.0,0.0,fight,2.0,0.0,23.8643,64,455611037,144,52204,24537,156937,4
baseline_off,fight,0.0,0.0,fight,2.0,0.0,23.8803,65,455621839,143,162406,24580,156955,36
baseline_off,fight,0.0,0.0,fight,2.0,0.0,23.8888,66,455632374,144,69778,24577,156959,4
baseline_off,fight,0.0,0.0,fight,2.0,0.0,23.8983,67,455641410,144,36297,24610,156924,4
baseline_off,fight,0.0,0.0,fight,2.0,0.0,23.9036,68,455650855,144,72666,24530,156913,4
baseline_off,fight,0.0,0.0,fight,2.0,0.0,23.9194,69,455663484,144,179589,24580,156978,36
baseline_off,fight,0.0,0.0,fight,2.0,0.0,23.9279,70,455674119,144,104043,24573,156963,4
baseline_off,fight,0.0,0.0,fight,2.0,0.0,23.9373,71,455684804,145,37071,24526,156918,4
baseline_off,fight,0.0,0.0,fight,2.0,0.0,23.9542,72,455695670,145,158117,24569,156905,36
baseline_off,fight,0.0,0.0,fight,2.0,0.0,23.9585,73,455704411,146,75007,24572,156910,4
baseline_off,fight,0.0,0.0,fight,2.0,0.0,23.968,74,455714761,145,108172,24570,156948,4
baseline_off,fight,0.0,0.0,fight,2.0,0.0,23.9785,75,455726092,143,151084,24575,156962,4
baseline_off,fight,0.0,0.0,fight,2.0,0.0,23.988,76,455736099,144,125795,24534,156968,4
baseline_off,fight,0.0,0.0,fight,2.0,0.0,23.9996,77,455746926,145,82982,24570,156938,4
baseline_off,fight,0.0,0.0,fight,2.0,0.0,24.0133,78,455758609,148,28690,24584,156985,4
baseline_off,fight,0.0,0.0,fight,2.0,0.0,24.0229,79,455769844,149,55207,24572,156954,4
baseline_off,fight,0.0,0.0,fight,2.0,0.0,24.0387,80,455780703,144,174832,24535,156930,36
baseline_off,fight,0.0,0.0,fight,2.0,0.0,24.044,81,455789454,145,93094,24574,156954,4
baseline_off,fight,0.0,0.0,fight,2.0,0.0,24.0524,82,455798743,144,102858,24578,156943,4
baseline_off,fight,0.0,0.0,fight,2.0,0.0,24.0629,83,455811053,145,154869,24542,156985,4
baseline_off,fight,0.0,0.0,fight,2.0,0.0,24.0777,84,455822327,144,30548,24585,156996,4
baseline_off,fight,0.0,0.0,fight,2.0,0.0,24.0914,85,455832960,145,111319,24584,156990,4
baseline_off,fight,0.0,0.0,fight,2.0,0.0,24.0977,86,455838331,145,82407,24582,156990,4
baseline_off,fight,0.0,0.0,fight,2.0,0.0,24.0999,87,455839284,152,87502,24580,156987,0
baseline_off,fight,0.0,0.0,fight,2.0,0.0,24.1041,88,455840223,143,90108,24582,156984,0
baseline_off,fight,0.0,0.0,fight,2.0,0.0,24.1094,89,455844071,145,116209,24582,157002,4
baseline_off,fight,0.0,0.0,fight,2.0,0.0,24.1127,90,455845021,138,120748,24578,156988,0
baseline_off,fight,0.0,0.0,fight,2.0,0.0,24.1127,91,455845970,145,125101,24583,156984,0
baseline_off,fight,0.0,0.0,fight,2.0,0.0,24.1201,92,455861704,145,131206,24544,156992,4
baseline_off,fight,0.0,0.0,fight,2.0,0.0,24.1201,93,455863418,144,108497,24541,156974,4
baseline_off,fight,0.0,0.0,fight,2.0,0.0,24.1275,94,455873847,143,154633,24543,156986,4
baseline_off,fight,0.0,0.0,fight,2.0,0.0,24.1412,95,455886102,145,40393,24612,156922,4
baseline_off,fight,0.0,0.0,fight,2.0,0.0,24.1497,96,455896754,144,124494,24577,156950,4
baseline_off,fight,0.0,0.0,fight,2.0,0.0,24.1603,97,455907418,144,53549,24580,156989,4
baseline_off,fight,0.0,0.0,fight,2.0,0.0,24.1761,98,455918261,144,170193,24538,156953,36
baseline_off,fight,0.0,0.0,fight,2.0,0.0,24.1803,99,455927046,145,94104,24532,156947,4
baseline_off,fight,0.0,0.0,fight,2.0,0.0,24.193,100,455939021,143,89594,24503,156960,4
baseline_off,fight,0.0,0.0,fight,2.0,0.0,24.2025,101,455949394,145,126162,24578,156972,4
baseline_off,fight,0.0,0.0,fight,2.0,0.0,24.2131,102,455959931,145,33900,24575,156981,4
baseline_off,fight,0.0,0.0,fight,2.0,0.0,24.2226,103,455969964,145,169742,24578,156973,36
baseline_off,fight,0.0,0.0,fight,2.0,0.0,24.2384,104,455980810,153,130028,24585,156982,4
baseline_off,fight,0.0,0.0,fight,2.0,0.0,24.2552,105,455989564,144,48426,24577,156949,4
baseline_off,fight,0.0,0.0,fight,2.0,0.0,24.2721,106,455999707,142,46291,24576,156963,4
baseline_off,fight,0.0,0.0,fight,2.0,0.0,24.2879,107,456012164,145,123886,24539,156974,4
baseline_off,fight,0.0,0.0,fight,2.0,0.0,24.3037,108,456028427,135,63145,24535,156925,4
baseline_off,fight,0.0,0.0,fight,2.0,0.0,24.3069,109,456031031,145,34888,24578,156949,4
baseline_off,fight,0.0,0.0,fight,2.0,0.0,24.309,110,456044676,144,156714,24537,156927,4
baseline_off,fight,0.0,0.0,fight,2.0,0.0,24.3196,111,456062298,144,171111,24531,156939,36
baseline_off,fight,0.0,0.0,fight,2.0,0.0,24.3196,112,456063243,144,174923,24576,156918,32
baseline_off,fight,0.0,0.0,fight,2.0,0.0,24.3238,113,456073738,139,75847,24528,156902,4
baseline_off,fight,0.0,0.0,fight,2.0,0.0,24.3386,114,456083693,153,42216,24573,156937,4
baseline_off,fight,0.0,0.0,fight,2.0,0.0,24.3481,115,456096261,145,138760,24571,156918,4
baseline_off,fight,0.0,0.0,fight,2.0,0.0,24.3649,116,456107111,146,99941,24571,156932,4
baseline_off,fight,0.0,0.0,fight,2.0,0.0,24.3702,117,456115882,143,178641,24571,156921,36
baseline_off,fight,0.0,0.0,fight,2.0,0.0,24.3776,118,456126708,144,135987,24532,156904,4
baseline_off,fight,0.0,0.0,fight,2.0,0.0,24.3924,119,456137462,144,81066,24572,156934,4
baseline_off,fight,0.0,0.0,fight,2.0,0.0,24.403,120,456150027,143,176733,24577,156967,36
baseline_off,fight,0.0,0.0,fight,2.0,0.0,24.42,121,456160882,145,138809,24533,156929,4
baseline_off,fight,0.0,0.0,fight,2.0,0.0,24.4253,122,456169657,143,61342,24576,156932,4
baseline_off,fight,0.0,0.0,fight,2.0,0.0,24.4327,123,456180790,145,70627,24538,156940,4
baseline_off,fight,0.0,0.0,fight,2.0,0.0,24.4432,124,456191379,148,144286,24546,156948,4
baseline_off,fight,0.0,0.0,fight,2.0,0.0,24.4548,125,456202148,138,91570,24535,156948,4
baseline_off,fight,0.0,0.0,fight,2.0,0.0,24.4655,126,456212666,145,153123,24575,156943,4
baseline_off,fight,0.0,0.0,fight,2.0,0.0,24.4751,127,456222559,145,108624,24576,156943,4
baseline_off,fight,0.0,0.0,fight,2.0,0.0,24.491,0,456233389,146,66409,24579,156967,4
baseline_off,fight,0.0,0.0,fight,2.0,0.0,24.4983,1,456242178,144,147710,24543,156978,4
baseline_off,fight,0.0,0.0,fight,2.0,0.0,24.5036,2,456253808,144,84588,24534,156931,4
baseline_off,fight,0.0,0.0,fight,2.0,0.0,24.5173,3,456263761,144,50443,24568,156915,4
baseline_off,fight,0.0,0.0,fight,2.0,0.0,24.5279,4,456276321,149,145600,24536,156944,4
baseline_off,fight,0.0,0.0,fight,2.0,0.0,24.5427,5,456287519,144,165855,24577,156955,36
baseline_off,fight,0.0,0.0,fight,2.0,0.0,24.5512,6,456298154,143,90590,24578,156952,4
baseline_off,fight,0.0,0.0,fight,2.0,0.0,24.5607,7,456308843,144,181164,24540,156964,36
baseline_off,fight,0.0,0.0,fight,2.0,0.0,24.5744,8,456319698,145,142840,24578,156949,4
baseline_off,fight,0.0,0.0,fight,2.0,0.0,24.5933,9,456330559,140,105570,24542,156954,4
baseline_off,fight,0.0,0.0,fight,2.0,0.0,24.606,10,456343406,146,91982,24544,156979,4
baseline_off,fight,0.0,0.0,fight,2.0,0.0,24.6092,11,456344358,144,96924,24543,156981,0
baseline_off,fight,0.0,0.0,fight,2.0,0.0,24.6092,12,456345308,152,101447,24539,156979,0
baseline_off,fight,0.0,0.0,fight,2.0,0.0,24.6123,13,456346255,142,105369,24576,156982,0
baseline_off,fight,0.0,0.0,fight,2.0,0.0,24.6176,14,456348668,144,44790,24536,156954,4
baseline_off,fight,0.0,0.0,fight,2.0,0.0,24.6176,15,456351286,145,175956,24582,156989,36
baseline_off,fight,0.0,0.0,fight,2.0,0.0,24.6176,16,456354150,144,34955,24540,156967,4
baseline_off,fight,0.0,0.0,fight,2.0,0.0,24.6292,17,456369634,144,155365,24579,156957,4
baseline_off,fight,0.0,0.0,fight,2.0,0.0,24.6314,18,456371407,145,142897,24621,156997,4
baseline_off,fight,0.0,0.0,fight,2.0,0.0,24.6345,19,456380615,145,138539,24586,156995,4
baseline_off,fight,0.0,0.0,fight,2.0,0.0,24.644,20,456391443,145,95448,24607,156953,4
baseline_off,fight,0.0,0.0,fight,2.0,0.0,24.6557,21,456403830,145,160771,24615,156930,36
baseline_off,fight,0.0,0.0,fight,2.0,0.0,24.6663,22,456414684,145,122671,24575,156919,4
baseline_off,fight,0.0,0.0,fight,2.0,0.0,24.6758,23,456424036,145,143338,24578,156942,4
baseline_off,fight,0.0,0.0,fight,2.0,0.0,24.6927,24,456434771,144,84597,24545,156979,4
baseline_off,fight,0.0,0.0,fight,2.0,0.0,24.698,25,456443532,145,161126,24504,156960,36
baseline_off,fight,0.0,0.0,fight,2.0,0.0,24.7043,26,456454347,152,116299,24534,156937,4
baseline_off,fight,0.0,0.0,fight,2.0,0.0,24.7307,27,456465100,143,61082,24535,156926,4
baseline_off,fight,0.0,0.0,fight,2.0,0.0,24.7497,28,456483512,144,51910,24579,156981,4
baseline_off,fight,0.0,0.0,fight,2.0,0.0,24.7655,29,456490560,145,151308,24574,156950,4
baseline_off,fight,0.0,0.0,fight,2.0,0.0,24.7823,30,456505507,145,181110,24577,156936,36
baseline_off,fight,0.0,0.0,fight,2.0,0.0,24.7823,31,456506455,152,28249,24609,156941,0
baseline_off,fight,0.0,0.0,fight,2.0,0.0,24.7887,32,456521133,144,169614,24574,156935,36
baseline_off,fight,0.0,0.0,fight,2.0,0.0,24.7951,33,456538882,144,48428,24570,156933,4
baseline_off,fight,0.0,0.0,fight,2.0,0.0,24.7984,34,456539839,144,54075,24575,156924,0
baseline_off,fight,0.0,0.0,fight,2.0,0.0,24.8026,35,456550954,144,60297,24535,156925,4
baseline_off,fight,0.0,0.0,fight,2.0,0.0,24.8132,36,456559902,145,169306,24492,156910,36
baseline_off,fight,0.0,0.0,fight,2.0,0.0,24.8227,37,456570331,144,59028,24496,156932,4
baseline_off,fight,0.0,0.0,fight,2.0,0.0,24.8353,38,456582537,144,93376,24539,156950,4
baseline_off,fight,0.0,0.0,fight,2.0,0.0,24.8469,39,456593646,144,98598,24497,156947,4
baseline_off,fight,0.0,0.0,fight,2.0,0.0,24.8554,40,456604102,144,150056,24535,156927,4
baseline_off,fight,0.0,0.0,fight,2.0,0.0,24.8659,41,456613981,145,103082,24575,156938,4
baseline_off,fight,0.0,0.0,fight,2.0,0.0,24.8754,42,456623990,145,77892,24575,156949,4
baseline_off,fight,0.0,0.0,fight,2.0,0.0,24.8859,43,456633986,144,50665,24575,156965,4
baseline_off,fight,0.0,0.0,fight,2.0,0.0,24.8944,44,456643992,145,181229,24579,156971,36
baseline_off,fight,0.0,0.0,fight,2.0,0.0,24.9092,45,456655187,144,44354,24582,156990,4
baseline_off,fight,0.0,0.0,fight,2.0,0.0,24.9197,46,456666115,145,175579,24574,156941,36
baseline_off,fight,0.0,0.0,fight,2.0,0.0,24.9302,47,456677752,145,113496,24570,156927,4
baseline_off,fight,0.0,0.0,fight,2.0,0.0,24.9386,48,456687378,145,180413,24577,156960,36
baseline_off,fight,0.0,0.0,fight,2.0,0.0,24.9512,49,456698963,145,109231,24539,156988,4
baseline_off,fight,0.0,0.0,fight,2.0,0.0,24.9682,50,456709793,145,66354,24578,156951,4
baseline_off,fight,0.0,0.0,fight,2.0,0.0,24.9756,51,456720246,145,117029,24616,156963,4
baseline_off,fight,0.0,0.0,fight,2.0,0.0,24.9882,52,456731076,145,74375,24540,156969,4
baseline_off,fight,0.0,0.0,fight,2.0,0.0,24.9925,53,456740040,152,28624,24577,156966,4
baseline_off,fight,0.0,0.0,fight,2.0,0.0,25.003,54,456749736,144,107292,24580,156972,4
baseline_off,fight,0.0,0.0,fight,2.0,0.0,25.0146,55,456761500,143,66739,24543,156962,4
baseline_off,fight,0.0,0.0,fight,2.0,0.0,25.0263,56,456773746,145,108170,24579,156966,4
baseline_off,fight,0.0,0.0,fight,2.0,0.0,25.0359,57,456784183,145,155625,24571,156942,4
baseline_off,fight,0.0,0.0,fight,2.0,0.0,25.0527,58,456794968,139,105635,24578,156973,4
baseline_off,fight,0.0,0.0,fight,2.0,0.0,25.0591,59,456803721,146,181025,24533,156950,36
baseline_off,fight,0.0,0.0,fight,2.0,0.0,25.0675,60,456814825,152,28166,24575,156938,4
baseline_off,fight,0.0,0.0,fight,2.0,0.0,25.077,61,456825323,149,86413,24575,156969,4
baseline_off,fight,0.0,0.0,fight,2.0,0.0,25.0929,62,456835340,145,62681,24583,156988,4
baseline_off,fight,0.0,0.0,fight,2.0,0.0,25.1025,63,456841900,145,78920,24614,156986,4
baseline_off,fight,0.0,0.0,fight,2.0,0.0,25.1025,64,456842853,142,84030,24579,156953,0
baseline_off,fight,0.0,0.0,fight,2.0,0.0,25.1078,65,456843803,145,88608,24582,156961,0
baseline_off,fight,0.0,0.0,fight,2.0,0.0,25.111,66,456844758,144,93992,24572,156959,0
baseline_off,fight,0.0,0.0,fight,2.0,0.0,25.1131,67,456849775,145,162111,24578,156969,36
baseline_off,fight,0.0,0.0,fight,2.0,0.0,25.1131,68,456849808,145,167773,24578,156969,40
baseline_off,fight,0.0,0.0,fight,2.0,0.0,25.1205,69,456865532,144,172217,24580,156982,36
baseline_off,fight,0.0,0.0,fight,2.0,0.0,25.1247,70,456867237,142,148101,24578,156980,0
baseline_off,fight,0.0,0.0,fight,2.0,0.0,25.13,71,456877406,138,150372,24572,156939,4
baseline_off,fight,0.0,0.0,fight,2.0,0.0,25.1406,72,456888077,144,81010,24539,156976,4
baseline_off,fight,0.0,0.0,fight,2.0,0.0,25.1511,73,456899117,144,74355,24575,156952,4
baseline_off,fight,0.0,0.0,fight,2.0,0.0,25.1606,74,456909123,145,48912,24576,156964,4
baseline_off,fight,0.0,0.0,fight,2.0,0.0,25.1743,75,456919969,143,166060,24579,156982,36
baseline_off,fight,0.0,0.0,fight,2.0,0.0,25.1848,76,456930649,145,98097,24576,156937,4
baseline_off,fight,0.0,0.0,fight,2.0,0.0,25.1933,77,456941020,142,134141,24585,157022,4
baseline_off,fight,0.0,0.0,fight,2.0,0.0,25.2028,78,456951650,145,57361,24580,156973,4
baseline_off,fight,0.0,0.0,fight,2.0,0.0,25.2176,79,456962485,146,172638,24579,156990,36
baseline_off,fight,0.0,0.0,fight,2.0,0.0,25.2239,80,456973364,145,138356,24573,156959,4
baseline_off,fight,0.0,0.0,fight,2.0,0.0,25.2365,81,456984108,145,81173,24588,156985,4
baseline_off,fight,0.0,0.0,fight,2.0,0.0,25.2533,82,456994979,144,45806,24570,156938,4
baseline_off,fight,0.0,0.0,fight,2.0,0.0,25.2544,83,457003780,151,129643,24574,156916,4
baseline_off,fight,0.0,0.0,fight,2.0,0.0,25.2681,84,457014103,144,158064,24576,156964,36
baseline_off,fight,0.0,0.0,fight,2.0,0.0,25.2776,85,457025437,145,44514,24574,156959,4
baseline_off,fight,0.0,0.0,fight,2.0,0.0,25.2882,86,457035439,145,175288,24539,156930,36
baseline_off,fight,0.0,0.0,fight,2.0,0.0,25.2976,87,457046305,144,139113,24540,156971,4
baseline_off,fight,0.0,0.0,fight,2.0,0.0,25.3123,88,457057789,145,50715,24587,156978,4
baseline_off,fight,0.0,0.0,fight,2.0,0.0,25.3229,89,457068368,144,122298,24574,156965,4
baseline_off,fight,0.0,0.0,fight,2.0,0.0,25.3324,90,457080168,151,87436,24542,156987,4
baseline_off,fight,0.0,0.0,fight,2.0,0.0,25.3431,91,457090255,142,75804,24577,156940,4
baseline_off,fight,0.0,0.0,fight,2.0,0.0,25.3527,92,457101732,144,143317,24575,156958,4
baseline_off,fight,0.0,0.0,fight,2.0,0.0,25.3633,93,457111736,144,117624,24577,156949,4
baseline_off,fight,0.0,0.0,fight,2.0,0.0,25.3802,94,457122596,145,79987,24545,157004,4
baseline_off,fight,0.0,0.0,fight,2.0,0.0,25.3854,95,457131371,147,158746,24584,156999,36
baseline_off,fight,0.0,0.0,fight,2.0,0.0,25.395,96,457142490,144,165063,24541,156977,36
baseline_off,fight,0.0,0.0,fight,2.0,0.0,25.4044,97,457152643,143,164091,24581,156978,36
baseline_off,fight,0.0,0.0,fight,2.0,0.0,25.4161,98,457162783,144,161141,24540,156969,36
baseline_off,fight,0.0,0.0,fight,2.0,0.0,25.4256,99,457174285,143,75746,24579,156961,4
baseline_off,fight,0.0,0.0,fight,2.0,0.0,25.4382,100,457185122,145,34325,24576,156969,4
baseline_off,fight,0.0,0.0,fight,2.0,0.0,25.4477,101,457193901,146,114101,24578,156958,4
baseline_off,fight,0.0,0.0,fight,2.0,0.0,25.4582,102,457204573,144,44764,24581,156971,4
baseline_off,fight,0.0,0.0,fight,2.0,0.0,25.4677,103,457215007,144,91621,24577,156972,4
baseline_off,fight,0.0,0.0,fight,2.0,0.0,25.4782,104,457225655,144,175311,24613,156963,36
baseline_off,fight,0.0,0.0,fight,2.0,0.0,25.4898,105,457236436,145,124359,24580,156977,4
baseline_off,fight,0.0,0.0,fight,2.0,0.0,25.5004,106,457247088,145,51524,24580,156991,4
baseline_off,fight,0.0,0.0,fight,2.0,0.0,25.5089,107,457257637,145,118044,24540,156975,4
baseline_off,fight,0.0,0.0,fight,2.0,0.0,25.5247,108,457269276,147,56273,24580,156967,4
baseline_off,fight,0.0,0.0,fight,2.0,0.0,25.5374,109,457281848,146,152576,24579,156966,4
baseline_off,fight,0.0,0.0,fight,2.0,0.0,25.5438,110,457290604,152,71238,24587,157017,4
baseline_off,fight,0.0,0.0,fight,2.0,0.0,25.5491,111,457299471,145,165451,24547,157022,36
baseline_off,fight,0.0,0.0,fight,2.0,0.0,25.5732,112,457309938,143,60685,24586,157011,4
baseline_off,fight,0.0,0.0,fight,2.0,0.0,25.5901,113,457332217,145,80224,24579,156946,4
baseline_off,fight,0.0,0.0,fight,2.0,0.0,25.5922,114,457333170,145,85345,24536,156976,0
baseline_off,fight,0.0,0.0,fight,2.0,0.0,25.6143,115,457350021,145,124114,24546,156983,4
baseline_off,fight,0.0,0.0,fight,2.0,0.0,25.6143,116,457350975,145,129287,24619,157001,0
baseline_off,fight,0.0,0.0,fight,2.0,0.0,25.6143,117,457351925,143,133943,24543,156978,0
baseline_off,fight,0.0,0.0,fight,2.0,0.0,25.6165,118,457352875,144,138347,24539,156983,0
baseline_off,fight,0.0,0.0,fight,2.0,0.0,25.6228,119,457369992,145,65657,24540,156972,4
baseline_off,fight,0.0,0.0,fight,2.0,0.0,25.626,120,457370946,145,70858,24580,156974,0
baseline_off,fight,0.0,0.0,fight,2.0,0.0,25.6386,121,457379697,153,145652,24550,157005,4
baseline_off,fight,0.0,0.0,fight,2.0,0.0,25.6418,122,457380649,145,150457,24580,157006,0
baseline_off,fight,0.0,0.0,fight,2.0,0.0,25.644,123,457381599,144,154934,24584,156998,0
baseline_off,fight,0.0,0.0,fight,2.0,0.0,25.6461,124,457384119,144,112320,24508,156995,4
baseline_off,fight,0.0,0.0,fight,2.0,0.0,25.6524,125,457399152,145,156181,24579,156987,4
baseline_off,fight,0.0,0.0,fight,2.0,0.0,25.6577,126,457404535,144,129250,24586,157003,4
baseline_off,fight,0.0,0.0,fight,2.0,0.0,25.6682,127,457415816,145,163110,24543,157000,36
baseline_off,fight,0.0,0.0,fight,2.0,0.0,25.6809,0,457426886,145,161165,24537,156950,36
baseline_off,fight,0.0,0.0,fight,2.0,0.0,25.6914,1,457439459,151,100975,24577,156954,4
baseline_off,fight,0.0,0.0,fight,2.0,0.0,25.7093,2,457451049,143,30908,24571,156943,4
baseline_off,fight,0.0,0.0,fight,2.0,0.0,25.7156,3,457460252,145,25883,24573,156972,4
baseline_off,fight,0.0,0.0,fight,2.0,0.0,25.7262,4,457471244,144,167976,24541,156965,36
baseline_off,fight,0.0,0.0,fight,2.0,0.0,25.7293,5,457480429,151,160050,24533,156936,36
baseline_off,fight,0.0,0.0,fight,2.0,0.0,25.7431,6,457489596,144,148751,24579,156949,4
baseline_off,fight,0.0,0.0,fight,2.0,0.0,25.7494,7,457499909,145,175018,24583,157016,36
baseline_off,fight,0.0,0.0,fight,2.0,0.0,25.7652,8,457510690,142,123581,24514,157011,4
baseline_off,fight,0.0,0.0,fight,2.0,0.0,25.7748,9,457523260,140,62118,24547,157016,4
baseline_off,fight,0.0,0.0,fight,2.0,0.0,25.7916,10,457534094,143,176628,24545,157016,36
baseline_off,fight,0.0,0.0,fight,2.0,0.0,25.798,11,457542889,145,101859,24578,156951,4
baseline_off,fight,0.0,0.0,fight,2.0,0.0,25.8043,12,457553344,146,152640,24577,156995,4
baseline_off,fight,0.0,0.0,fight,2.0,0.0,25.8148,13,457564468,152,160248,24574,156934,36
baseline_off,fight,0.0,0.0,fight,2.0,0.0,25.8253,14,457574137,138,77264,24583,156984,4
baseline_off,fight,0.0,0.0,fight,2.0,0.0,25.8401,15,457585730,144,164655,24537,156949,36
baseline_off,fight,0.0,0.0,fight,2.0,0.0,25.8507,16,457596388,145,92894,24584,156983,4
baseline_off,fight,0.0,0.0,fight,2.0,0.0,25.8591,17,457606612,145,104055,24579,156981,4
baseline_off,fight,0.0,0.0,fight,2.0,0.0,25.8675,18,457616290,145,179583,24579,156981,36
baseline_off,fight,0.0,0.0,fight,2.0,0.0,25.8812,19,457627013,145,118527,24581,156995,4
baseline_off,fight,0.0,0.0,fight,2.0,0.0,25.8887,20,457637955,144,95021,24576,156966,4
baseline_off,fight,0.0,0.0,fight,2.0,0.0,25.9034,21,457649518,145,177038,24577,156942,36
baseline_off,fight,0.0,0.0,fight,2.0,0.0,25.9161,22,457659144,152,86954,24580,156934,4
baseline_off,fight,0.0,0.0,fight,2.0,0.0,25.9224,23,457668003,143,180277,24543,156977,36
baseline_off,fight,0.0,0.0,fight,2.0,0.0,25.9329,24,457680843,145,165478,24585,156993,36
baseline_off,fight,0.0,0.0,fight,2.0,0.0,25.9425,25,457690437,145,69816,24577,156960,4
baseline_off,fight,0.0,0.0,fight,2.0,0.0,25.953,26,457701810,146,119797,24577,156938,4
baseline_off,fight,0.0,0.0,fight,2.0,0.0,25.9625,27,457712257,144,169320,24541,156955,36
baseline_off,fight,0.0,0.0,fight,2.0,0.0,25.9762,28,457722989,144,110209,24573,156928,4
baseline_off,fight,0.0,0.0,fight,2.0,0.0,25.9879,29,457733172,150,114763,24579,156972,4
baseline_off,fight,0.0,0.0,fight,2.0,0.0,25.9974,30,457745875,145,77054,24573,156934,4
baseline_off,fight,0.0,0.0,fight,2.0,0.0,26.0048,31,457755819,145,40930,24580,157012,4
baseline_off,fight,0.0,0.0,fight,2.0,0.0,26.0175,32,457764628,144,125700,24575,156948,4
baseline_off,fight,0.0,0.0,fight,2.0,0.0,26.028,33,457774332,145,48831,24584,157000,4
baseline_off,fight,0.0,0.0,fight,2.0,0.0,26.0501,34,457785880,145,128265,24580,156987,4
baseline_off,fight,0.0,0.0,fight,2.0,0.0,26.067,35,457810395,146,57594,24579,156954,4
baseline_off,fight,0.0,0.0,fight,2.0,0.0,26.0818,36,457811351,144,63076,24542,156969,0
baseline_off,fight,0.0,0.0,fight,2.0,0.0,26.1008,37,457826456,145,119076,24541,156981,4
baseline_off,fight,0.0,0.0,fight,2.0,0.0,26.1008,38,457827399,149,122455,24577,156970,0
baseline_off,fight,0.0,0.0,fight,2.0,0.0,26.1093,39,457843369,144,168746,24540,156974,36
baseline_off,fight,0.0,0.0,fight,2.0,0.0,26.1093,40,457844321,145,173601,24580,156993,32
baseline_off,fight,0.0,0.0,fight,2.0,0.0,26.1125,41,457845272,142,178305,24578,156969,32
baseline_off,fight,0.0,0.0,fight,2.0,0.0,26.1125,42,457846222,143,25884,24538,156945,0
baseline_off,fight,0.0,0.0,fight,2.0,0.0,26.1284,43,457866116,143,111371,24578,156984,4
baseline_off,fight,0.0,0.0,fight,2.0,0.0,26.1284,44,457867066,143,115998,24579,156969,0
baseline_off,fight,0.0,0.0,fight,2.0,0.0,26.1284,45,457868016,138,120554,24544,156973,0
baseline_off,fight,0.0,0.0,fight,2.0,0.0,26.1326,46,457868966,145,125044,24580,156992,0
baseline_off,fight,0.0,0.0,fight,2.0,0.0,26.1358,47,457871732,143,124244,24535,156970,4
baseline_off,fight,0.0,0.0,fight,2.0,0.0,26.139,48,457887725,145,174606,24614,156957,36
baseline_off,fight,0.0,0.0,fight,2.0,0.0,26.1485,49,457893590,146,73129,24543,156946,4
baseline_off,fight,0.0,0.0,fight,2.0,0.0,26.1548,50,457900892,144,58658,24576,156940,4
baseline_off,fight,0.0,0.0,fight,2.0,0.0,26.1632,51,457911803,145,29868,24575,156981,4
baseline_off,fight,0.0,0.0,fight,2.0,0.0,26.177,52,457923292,144,99488,24571,156935,4
baseline_off,fight,0.0,0.0,fight,2.0,0.0,26.1843,53,457933832,144,164754,24575,156958,36
baseline_off,fight,0.0,0.0,fight,2.0,0.0,26.1939,54,457943479,145,78381,24530,156931,4
baseline_off,fight,0.0,0.0,fight,2.0,0.0,26.2129,55,457954682,145,99038,24577,156985,4
baseline_off,fight,0.0,0.0,fight,2.0,0.0,26.2224,56,457968954,147,170711,24575,156957,36
baseline_off,fight,0.0,0.0,fight,2.0,0.0,26.2277,57,457974904,144,83591,24563,156934,4
baseline_off,fight,0.0,0.0,fight,2.0,0.0,26.2382,58,457986991,144,98008,24539,156956,4
baseline_off,fight,0.0,0.0,fight,2.0,0.0,26.2477,59,457997708,144,36455,24577,156974,4
baseline_off,fight,0.0,0.0,fight,2.0,0.0,26.2625,60,458008453,145,136818,24533,156938,4
baseline_off,fight,0.0,0.0,fight,2.0,0.0,26.2709,61,458019105,145,64496,24572,156936,4
baseline_off,fight,0.0,0.0,fight,2.0,0.0,26.2804,62,458029770,143,150936,24541,156967,4
baseline_off,fight,0.0,0.0,fight,2.0,0.0,26.2909,63,458040610,145,110511,24575,156928,4
baseline_off,fight,0.0,0.0,fight,2.0,0.0,26.3026,64,458050132,145,159872,24575,156933,36
baseline_off,fight,0.0,0.0,fight,2.0,0.0,26.3152,65,458060966,146,117930,24582,157000,4
baseline_off,fight,0.0,0.0,fight,2.0,0.0,26.3227,66,458071618,143,45085,24539,156957,4
baseline_off,fight,0.0,0.0,fight,2.0,0.0,26.3332,67,458082292,145,132813,24536,156978,4
baseline_off,fight,0.0,0.0,fight,2.0,0.0,26.3501,68,458093142,144,93683,24545,156987,4
baseline_off,fight,0.0,0.0,fight,2.0,0.0,26.3532,69,458101915,145,172228,24586,156980,36
baseline_off,fight,0.0,0.0,fight,2.0,0.0,26.3648,70,458113166,144,44249,24536,156959,4
baseline_off,fight,0.0,0.0,fight,2.0,0.0,26.3745,71,458123685,139,105980,24542,156981,4
baseline_off,fight,0.0,0.0,fight,2.0,0.0,26.384,72,458133690,145,80178,24583,156966,4
baseline_off,fight,0.0,0.0,fight,2.0,0.0,26.3977,73,458144759,145,78493,24577,156963,4
baseline_off,fight,0.0,0.0,fight,2.0,0.0,26.4073,74,458157333,146,175699,24530,156919,36
baseline_off,fight,0.0,0.0,fight,2.0,0.0,26.4179,75,458168179,145,136168,24579,156935,4
baseline_off,fight,0.0,0.0,fight,2.0,0.0,26.4327,76,458178533,145,169833,24580,156966,36
baseline_off,fight,0.0,0.0,fight,2.0,0.0,26.4412,77,458189200,144,99487,24542,156975,4
baseline_off,fight,0.0,0.0,fight,2.0,0.0,26.4507,78,458199863,150,28710,24548,156991,4
baseline_off,fight,0.0,0.0,fight,2.0,0.0,26.4675,79,458210704,151,144631,24586,157003,4
baseline_off,fight,0.0,0.0,fight,2.0,0.0,26.4749,80,458219480,144,66773,24545,156993,4
baseline_off,fight,0.0,0.0,fight,2.0,0.0,26.4791,81,458230018,145,131209,24544,157000,4
baseline_off,fight,0.0,0.0,fight,2.0,0.0,26.4949,82,458239826,151,71710,24539,156997,4
baseline_off,fight,0.0,0.0,fight,2.0,0.0,26.4992,83,458249897,149,56902,24542,156978,4
baseline_off,fight,0.0,0.0,fight,2.0,0.0,26.5129,84,458260477,146,128674,24542,156991,4
baseline_off,fight,0.0,0.0,fight,2.0,0.0,26.5223,85,458270853,145,166049,24538,156951,36
baseline_off,fight,0.0,0.0,fight,2.0,0.0,26.5318,86,458281280,145,55116,24577,156954,4
baseline_off,fight,0.0,0.0,fight,2.0,0.0,26.5456,87,458292339,144,51512,24537,156950,4
baseline_off,fight,0.0,0.0,fight,2.0,0.0,26.5603,88,458304966,145,157827,24574,156962,36
baseline_off,fight,0.0,0.0,fight,2.0,0.0,26.5635,89,458314622,144,72591,24583,156995,4
baseline_off,fight,0.0,0.0,fight,2.0,0.0,26.5814,90,458324880,145,89688,24576,156948,4
baseline_off,fight,0.0,0.0,fight,2.0,0.0,26.5962,91,458337040,147,116457,24540,156953,4
baseline_off,fight,0.0,0.0,fight,2.0,0.0,26.6099,92,458348047,145,103617,24581,157004,4
baseline_off,fight,0.0,0.0,fight,2.0,0.0,26.6099,93,458348991,146,107224,24545,156996,0
baseline_off,fight,0.0,0.0,fight,2.0,0.0,26.6141,94,458349941,142,111704,24547,157008,0
baseline_off,fight,0.0,0.0,fight,2.0,0.0,26.6173,95,458350899,145,117519,24624,157004,0
baseline_off,fight,0.0,0.0,fight,2.0,0.0,26.6173,96,458353572,145,100903,24544,156991,4
baseline_off,fight,0.0,0.0,fight,2.0,0.0,26.6205,97,458355486,145,112364,24578,156976,4
baseline_off,fight,0.0,0.0,fight,2.0,0.0,26.6226,98,458360969,144,102488,24580,157004,4
baseline_off,fight,0.0,0.0,fight,2.0,0.0,26.6279,99,458375290,144,181493,24585,157000,36
baseline_off,fight,0.0,0.0,fight,2.0,0.0,26.6363,100,458377227,145,40692,24578,156974,4
baseline_off,fight,0.0,0.0,fight,2.0,0.0,26.6447,101,458389031,147,163661,24544,156985,36
baseline_off,fight,0.0,0.0,fight,2.0,0.0,26.6521,102,458398408,144,30760,24548,157026,4
baseline_off,fight,0.0,0.0,fight,2.0,0.0,26.6658,103,458411105,140,148599,24539,156945,4
baseline_off,fight,0.0,0.0,fight,2.0,0.0,26.6722,104,458418319,145,119145,24545,156997,4
baseline_off,fight,0.0,0.0,fight,2.0,0.0,26.6848,105,458429103,143,68567,24578,156987,4
baseline_off,fight,0.0,0.0,fight,2.0,0.0,26.6922,106,458440955,152,42210,24543,157015,4
baseline_off,fight,0.0,0.0,fight,2.0,0.0,26.7038,107,458451201,145,57250,24578,156969,4
baseline_off,fight,0.0,0.0,fight,2.0,0.0,26.7143,108,458463779,145,154806,24507,156979,4
baseline_off,fight,0.0,0.0,fight,2.0,0.0,26.7249,109,458472578,144,80721,24582,156965,4
baseline_off,fight,0.0,0.0,fight,2.0,0.0,26.7364,110,458483770,146,99527,24543,157003,4
baseline_off,fight,0.0,0.0,fight,2.0,0.0,26.746,111,458495037,144,131245,24545,156968,4
baseline_off,fight,0.0,0.0,fight,2.0,0.0,26.7565,112,458505885,144,91432,24542,157018,4
baseline_off,fight,0.0,0.0,fight,2.0,0.0,26.7702,113,458515871,141,62344,24583,156988,4
baseline_off,fight,0.0,0.0,fight,2.0,0.0,26.7776,114,458524661,144,143636,24579,156985,4
baseline_off,fight,0.0,0.0,fight,2.0,0.0,26.7882,115,458537436,145,117489,24535,156940,4
baseline_off,fight,0.0,0.0,fight,2.0,0.0,26.8029,116,458547937,145,176142,24540,156976,36
baseline_off,fight,0.0,0.0,fight,2.0,0.0,26.8082,117,458556363,145,38689,24588,157011,4
baseline_off,fight,0.0,0.0,fight,2.0,0.0,26.8176,118,458565965,150,101141,24581,156967,4
baseline_off,fight,0.0,0.0,fight,2.0,0.0,26.8302,119,458577444,145,168774,24545,157003,36
baseline_off,fight,0.0,0.0,fight,2.0,0.0,26.8408,120,458588052,145,88122,24584,157020,4
baseline_off,fight,0.0,0.0,fight,2.0,0.0,26.8503,121,458598456,148,129893,24578,156964,4
baseline_off,fight,0.0,0.0,fight,2.0,0.0,26.8619,122,458608980,146,35279,24543,156969,4
baseline_off,fight,0.0,0.0,fight,2.0,0.0,26.8735,123,458621323,145,92788,24580,156989,4
baseline_off,fight,0.0,0.0,fight,2.0,0.0,26.8935,124,458631389,138,77213,24585,157009,4
baseline_off,fight,0.0,0.0,fight,2.0,0.0,26.904,125,458648598,144,177000,24545,156966,36
baseline_off,fight,0.0,0.0,fight,2.0,0.0,26.904,126,458651687,145,74188,24619,156961,4
baseline_off,fight,0.0,0.0,fight,2.0,0.0,26.9251,127,458663915,144,112371,24538,156984,4
baseline_off,fight,0.0,0.0,fight,2.0,0.0,26.9335,0,458680724,149,144416,24570,156928,4
baseline_off,fight,0.0,0.0,fight,2.0,0.0,26.9398,1,458683749,145,30937,24572,156948,4
baseline_off,fight,0.0,0.0,fight,2.0,0.0,26.9462,2,458693687,145,150877,24571,156946,4
baseline_off,fight,0.0,0.0,fight,2.0,0.0,26.9546,3,458703390,143,73800,24573,156940,4
baseline_off,fight,0.0,0.0,fight,2.0,0.0,26.9662,4,458713659,145,92929,24576,156964,4
baseline_off,fight,0.0,0.0,fight,2.0,0.0,26.9799,5,458726130,145,172249,24538,156977,36
baseline_off,fight,0.0,0.0,fight,2.0,0.0,26.9906,6,458737399,139,47306,24579,156952,4
baseline_off,fight,0.0,0.0,fight,2.0,0.0,26.999,7,458746116,147,116477,24580,156988,4
baseline_off,fight,0.0,0.0,fight,2.0,0.0,27.0117,8,458757401,144,151139,24578,156980,4
baseline_off,fight,0.0,0.0,fight,2.0,0.0,27.0275,9,458769917,144,81433,24542,156976,4
baseline_off,fight,0.0,0.0,fight,2.0,0.0,27.0297,10,458778621,145,148386,24612,156973,4
baseline_off,fight,0.0,0.0,fight,2.0,0.0,27.0423,11,458789065,144,40353,24577,156947,4
baseline_off,fight,0.0,0.0,fight,2.0,0.0,27.0571,12,458801418,145,99764,24582,156978,4
baseline_off,fight,0.0,0.0,fight,2.0,0.0,27.0613,13,458811599,145,103688,24579,156965,4
baseline_off,fight,0.0,0.0,fight,2.0,0.0,27.0708,14,458821119,144,152196,24575,156979,4
baseline_off,fight,0.0,0.0,fight,2.0,0.0,27.0824,15,458831348,145,164288,24543,157006,36
baseline_off,fight,0.0,0.0,fight,2.0,0.0,27.1077,16,458846755,147,114937,24571,156935,4
baseline_off,fight,0.0,0.0,fight,2.0,0.0,27.1077,17,458847710,142,120377,24571,156940,0
baseline_off,fight,0.0,0.0,fight,2.0,0.0,27.1099,18,458848659,144,124786,24537,156928,0
baseline_off,fight,0.0,0.0,fight,2.0,0.0,27.1152,19,458849605,145,128647,24571,156918,0
baseline_off,fight,0.0,0.0,fight,2.0,0.0,27.1152,20,458852280,144,112710,24533,156940,4
baseline_off,fight,0.0,0.0,fight,2.0,0.0,27.1205,21,458854547,145,27192,24571,156929,4
baseline_off,fight,0.0,0.0,fight,2.0,0.0,27.1205,22,458860026,144,174002,24536,156953,36
baseline_off,fight,0.0,0.0,fight,2.0,0.0,27.1226,23,458872762,145,142005,24573,156916,4
baseline_off,fight,0.0,0.0,fight,2.0,0.0,27.1279,24,458875135,143,74541,24537,156945,4
baseline_off,fight,0.0,0.0,fight,2.0,0.0,27.1365,25,458884807,142,149177,24580,156953,4
baseline_off,fight,0.0,0.0,fight,2.0,0.0,27.1481,26,458896460,142,89750,24576,156952,4
baseline_off,fight,0.0,0.0,fight,2.0,0.0,27.1608,27,458907652,145,108518,24576,156988,4
baseline_off,fight,0.0,0.0,fight,2.0,0.0,27.1703,28,458916342,147,173154,24536,156927,36
baseline_off,fight,0.0,0.0,fight,2.0,0.0,27.1777,29,458926513,145,175760,24572,156943,36
baseline_off,fight,0.0,0.0,fight,2.0,0.0,27.1882,30,458936233,145,101651,24576,156971,4
baseline_off,fight,0.0,0.0,fight,2.0,0.0,27.203,31,458947864,145,38367,24580,156951,4
baseline_off,fight,0.0,0.0,fight,2.0,0.0,27.2125,32,458958610,144,138437,24543,156965,4
baseline_off,fight,0.0,0.0,fight,2.0,0.0,27.2189,33,458967461,144,73598,24539,156971,4
baseline_off,fight,0.0,0.0,fight,2.0,0.0,27.2357,34,458980194,146,40953,24573,156931,4
baseline_off,fight,0.0,0.0,fight,2.0,0.0,27.241,35,458988826,146,95824,24618,156999,4
baseline_off,fight,0.0,0.0,fight,2.0,0.0,27.2515,36,459000187,145,143694,24572,156968,4
baseline_off,fight,0.0,0.0,fight,2.0,0.0,27.2652,37,459011589,152,41753,24610,156920,4
baseline_off,fight,0.0,0.0,fight,2.0,0.0,27.2778,38,459021878,143,64852,24575,156930,4
baseline_off,fight,0.0,0.0,fight,2.0,0.0,27.2862,39,459034654,144,39625,24610,156942,4
baseline_off,fight,0.0,0.0,fight,2.0,0.0,27.2926,40,459041424,146,92067,24534,156921,4
baseline_off,fight,0.0,0.0,fight,2.0,0.0,27.3052,41,459054043,144,40277,24577,156944,4
baseline_off,fight,0.0,0.0,fight,2.0,0.0,27.3232,42,459064833,141,148447,24528,156915,4
baseline_off,fight,0.0,0.0,fight,2.0,0.0,27.3337,43,459075317,143,47535,24534,156938,4
baseline_off,fight,0.0,0.0,fight,2.0,0.0,27.3432,44,459084927,145,111999,24569,156905,4
baseline_off,fight,0.0,0.0,fight,2.0,0.0,27.3474,45,459095798,137,77190,24528,156896,4
baseline_off,fight,0.0,0.0,fight,2.0,0.0,27.3832,46,459105621,145,177756,24616,156954,36
baseline_off,fight,0.0,0.0,fight,2.0,0.0,27.4002,47,459124685,145,122599,24570,156928,4
baseline_off,fight,0.0,0.0,fight,2.0,0.0,27.4149,48,459127334,145,102169,24571,156940,4
baseline_off,fight,0.0,0.0,fight,2.0,0.0,27.4202,49,459141321,144,125985,24534,156942,4
baseline_off,fight,0.0,0.0,fight,2.0,0.0,27.4223,50,459161106,144,36655,24576,156944,4
baseline_off,fight,0.0,0.0,fight,2.0,0.0,27.4223,51,459162058,146,41453,24538,156972,0
baseline_off,fight,0.0,0.0,fight,2.0,0.0,27.4286,52,459175069,146,55885,24540,156957,4
baseline_off,fight,0.0,0.0,fight,2.0,0.0,27.436,53,459182576,141,76450,24574,156927,4
baseline_off,fight,0.0,0.0,fight,2.0,0.0,27.4413,54,459189949,145,74221,24534,156934,4
baseline_off,fight,0.0,0.0,fight,2.0,0.0,27.4518,55,459201269,144,115028,24578,156958,4
baseline_off,fight,0.0,0.0,fight,2.0,0.0,27.4656,56,459211781,145,175633,24582,156964,36
baseline_off,fight,0.0,0.0,fight,2.0,0.0,27.4719,57,459221803,144,153162,24530,156937,4
baseline_off,fight,0.0,0.0,fight,2.0,0.0,27.4813,58,459231527,145,79855,24583,156969,4
baseline_off,fight,0.0,0.0,fight,2.0,0.0,27.4929,59,459242400,143,44590,24542,156960,4
baseline_off,fight,0.0,0.0,fight,2.0,0.0,27.5045,60,459253676,145,77962,24580,156963,4
baseline_off,fight,0.0,0.0,fight,2.0,0.0,27.5172,61,459265100,145,136669,24543,156961,4
baseline_off,fight,0.0,0.0,fight,2.0,0.0,27.5277,62,459275573,145,33454,24580,156960,4
baseline_off,fight,0.0,0.0,fight,2.0,0.0,27.5372,63,459285599,142,167962,24581,156974,36
baseline_off,fight,0.0,0.0,fight,2.0,0.0,27.5488,64,459296689,145,169682,24578,156966,36
baseline_off,fight,0.0,0.0,fight,2.0,0.0,27.5593,65,459307043,138,46588,24540,156977,4
baseline_off,fight,0.0,0.0,fight,2.0,0.0,27.5688,66,459317529,145,102770,24576,156927,4
baseline_off,fight,0.0,0.0,fight,2.0,0.0,27.5783,67,459327596,144,87564,24573,156942,4
baseline_off,fight,0.0,0.0,fight,2.0,0.0,27.5952,68,459337854,144,104955,24583,156986,4
baseline_off,fight,0.0,0.0,fight,2.0,0.0,27.6036,69,459345606,144,166830,24582,157010,36
baseline_off,fight,0.0,0.0,fight,2.0,0.0,27.6078,70,459346567,145,173126,24580,156987,32
baseline_off,fight,0.0,0.0,fight,2.0,0.0,27.6099,71,459347515,144,177422,24582,156996,32
baseline_off,fight,0.0,0.0,fight,2.0,0.0,27.6099,72,459348461,145,181250,24584,156998,32
baseline_off,fight,0.0,0.0,fight,2.0,0.0,27.6162,73,459351395,144,52072,24543,156996,4
baseline_off,fight,0.0,0.0,fight,2.0,0.0,27.6162,74,459356879,144,42342,24580,156991,4
baseline_off,fight,0.0,0.0,fight,2.0,0.0,27.6257,75,459370406,144,144254,24541,156978,4
baseline_off,fight,0.0,0.0,fight,2.0,0.0,27.6257,76,459371400,142,156244,24579,156976,0
baseline_off,fight,0.0,0.0,fight,2.0,0.0,27.631,77,459381062,150,72092,24543,156957,4
baseline_off,fight,0.0,0.0,fight,2.0,0.0,27.6395,78,459390162,145,49708,24580,156999,4
baseline_off,fight,0.0,0.0,fight,2.0,0.0,27.6552,79,459401638,143,116792,24575,156982,4
baseline_off,fight,0.0,0.0,fight,2.0,0.0,27.6616,80,459410361,145,30423,24540,156951,4
baseline_off,fight,0.0,0.0,fight,2.0,0.0,27.6732,81,459421638,144,64017,24570,156937,4
baseline_off,fight,0.0,0.0,fight,2.0,0.0,27.6858,82,459432729,145,66111,24576,156945,4
baseline_off,fight,0.0,0.0,fight,2.0,0.0,27.6953,83,459442780,144,48194,24539,156982,4
baseline_off,fight,0.0,0.0,fight,2.0,0.0,27.7048,84,459453485,145,141641,24535,156922,4
baseline_off,fight,0.0,0.0,fight,2.0,0.0,27.7143,85,459463919,140,32147,24539,156947,4
baseline_off,fight,0.0,0.0,fight,2.0,0.0,27.7281,86,459474435,144,93598,24534,156942,4
baseline_off,fight,0.0,0.0,fight,2.0,0.0,27.7386,87,459484411,144,63318,24490,156929,4
baseline_off,fight,0.0,0.0,fight,2.0,0.0,27.7492,88,459496502,145,78708,24616,156947,4
baseline_off,fight,0.0,0.0,fight,2.0,0.0,27.7607,89,459508055,151,159287,24610,156948,36
baseline_off,fight,0.0,0.0,fight,2.0,0.0,27.7681,90,459518152,139,149342,24575,156930,4
baseline_off,fight,0.0,0.0,fight,2.0,0.0,27.7807,91,459529200,144,144248,24535,156961,4
baseline_off,fight,0.0,0.0,fight,2.0,0.0,27.7892,92,459539533,150,174421,24580,156956,36
baseline_off,fight,0.0,0.0,fight,2.0,0.0,27.7997,93,459547767,144,161446,24577,156962,36
baseline_off,fight,0.0,0.0,fight,2.0,0.0,27.8073,94,459559330,149,86885,24574,156921,4
baseline_off,fight,0.0,0.0,fight,2.0,0.0,27.819,95,459569212,145,40607,24535,156958,4
baseline_off,fight,0.0,0.0,fight,2.0,0.0,27.8316,96,459580467,145,70758,24537,156933,4
baseline_off,fight,0.0,0.0,fight,2.0,0.0,27.8453,97,459591735,144,102916,24578,156983,4
baseline_off,fight,0.0,0.0,fight,2.0,0.0,27.8537,98,459604354,146,50856,24574,156930,4
baseline_off,fight,0.0,0.0,fight,2.0,0.0,27.8695,99,459614243,145,162491,24573,156930,36
baseline_off,fight,0.0,0.0,fight,2.0,0.0,27.8737,100,459622868,145,59603,24576,156950,4
baseline_off,fight,0.0,0.0,fight,2.0,0.0,27.8842,101,459634231,143,107944,24573,156965,4
baseline_off,fight,0.0,0.0,fight,2.0,0.0,27.9043,102,459645489,144,138329,24541,156968,4
baseline_off,fight,0.0,0.0,fight,2.0,0.0,27.9085,103,459654088,145,30524,24609,156941,4
baseline_off,fight,0.0,0.0,fight,2.0,0.0,27.9149,104,459666842,144,158315,24613,156940,36
baseline_off,fight,0.0,0.0,fight,2.0,0.0,27.9254,105,459675643,145,85105,24572,156964,4
baseline_off,fight,0.0,0.0,fight,2.0,0.0,27.938,106,459686484,145,44721,24611,156933,4
baseline_off,fight,0.0,0.0,fight,2.0,0.0,27.9464,107,459695243,144,121173,24572,156928,4
baseline_off,fight,0.0,0.0,fight,2.0,0.0,27.9602,108,459706759,144,38426,24574,156969,4
baseline_off,fight,0.0,0.0,fight,2.0,0.0,27.9749,109,459719130,151,101552,24530,156918,4
baseline_off,fight,0.0,0.0,fight,2.0,0.0,27.9802,110,459727848,144,171057,24577,156961,36
baseline_off,fight,0.0,0.0,fight,2.0,0.0,27.9896,111,459738746,144,140089,24577,156950,4
baseline_off,fight,0.0,0.0,fight,2.0,0.0,28.0012,112,459749417,151,70753,24576,156921,4
baseline_off,fight,0.0,0.0,fight,2.0,0.0,28.0108,113,459759748,151,100683,24495,156971,4
baseline_off,fight,0.0,0.0,fight,2.0,0.0,28.0203,114,459770672,144,74615,24574,156937,4
baseline_off,fight,0.0,0.0,fight,2.0,0.0,28.034,115,459780572,143,31611,24572,156913,4
baseline_off,fight,0.0,0.0,fight,2.0,0.0,28.0425,116,459791153,146,104272,24568,156917,4
baseline_off,fight,0.0,0.0,fight,2.0,0.0,28.0583,117,459803023,146,82069,24573,156922,4
baseline_off,fight,0.0,0.0,fight,2.0,0.0,28.0636,118,459811657,146,137226,24577,156954,4
baseline_off,fight,0.0,0.0,fight,2.0,0.0,28.0741,119,459822526,144,101764,24533,156943,4
baseline_off,fight,0.0,0.0,fight,2.0,0.0,28.0826,120,459833200,144,33050,24567,156916,4
baseline_off,fight,0.0,0.0,fight,2.0,0.0,28.1027,121,459845686,145,115397,24574,156930,4
baseline_off,fight,0.0,0.0,fight,2.0,0.0,28.1027,122,459846648,137,122083,24577,156943,0
baseline_off,fight,0.0,0.0,fight,2.0,0.0,28.1122,123,459847587,145,124676,24574,156943,0
baseline_off,fight,0.0,0.0,fight,2.0,0.0,28.1122,124,459849737,147,176263,24576,156939,36
baseline_off,fight,0.0,0.0,fight,2.0,0.0,28.1133,125,459851822,146,59939,24538,156953,4
baseline_off,fight,0.0,0.0,fight,2.0,0.0,28.1165,126,459857311,144,51397,24533,156933,4
baseline_off,fight,0.0,0.0,fight,2.0,0.0,28.1228,127,459858011,144,170348,24533,156956,32
baseline_off,fight,0.0,0.0,fight,2.0,0.0,28.125,0,459872991,145,49009,24533,156921,4
baseline_off,fight,0.0,0.0,fight,2.0,0.0,28.125,1,459875696,145,38039,24573,156951,4
baseline_off,fight,0.0,0.0,fight,2.0,0.0,28.1366,2,459885700,143,169323,24534,156914,36
baseline_off,fight,0.0,0.0,fight,2.0,0.0,28.1492,3,459896970,145,44858,24577,156941,4
baseline_off,fight,0.0,0.0,fight,2.0,0.0,28.1577,4,459907063,144,34112,24576,156931,4
baseline_off,fight,0.0,0.0,fight,2.0,0.0,28.1692,5,459918123,145,30659,24613,156937,4
baseline_off,fight,0.0,0.0,fight,2.0,0.0,28.1777,6,459928357,147,43919,24577,156935,4
baseline_off,fight,0.0,0.0,fight,2.0,0.0,28.1956,7,459939397,145,37172,24573,156929,4
baseline_off,fight,0.0,0.0,fight,2.0,0.0,28.1998,8,459950081,143,127245,24575,156945,4
baseline_off,fight,0.0,0.0,fight,2.0,0.0,28.2156,9,459959603,144,176486,24576,156959,36
baseline_off,fight,0.0,0.0,fight,2.0,0.0,28.2262,10,459972999,145,98996,24576,156978,4
baseline_off,fight,0.0,0.0,fight,2.0,0.0,28.2452,11,459984382,145,150464,24579,156981,4
baseline_off,fight,0.0,0.0,fight,2.0,0.0,28.2632,12,459992981,145,42826,24543,156958,4
baseline_off,fight,0.0,0.0,fight,2.0,0.0,28.2652,13,460005498,144,130318,24579,156961,4
baseline_off,fight,0.0,0.0,fight,2.0,0.0,28.2821,14,460023099,145,139815,24581,156990,4
baseline_off,fight,0.0,0.0,fight,2.0,0.0,28.2821,15,460024044,145,143578,24581,156993,0
baseline_off,fight,0.0,0.0,fight,2.0,0.0,28.2884,16,460034555,145,46636,24581,156990,4
baseline_off,fight,0.0,0.0,fight,2.0,0.0,28.2969,17,460045343,144,153866,24584,156982,4
baseline_off,fight,0.0,0.0,fight,2.0,0.0,28.3127,18,460056973,139,90463,24576,156952,4
baseline_off,fight,0.0,0.0,fight,2.0,0.0,28.3179,19,460065555,145,136915,24533,156931,4
baseline_off,fight,0.0,0.0,fight,2.0,0.0,28.3264,20,460076455,144,106707,24577,156932,4
baseline_off,fight,0.0,0.0,fight,2.0,0.0,28.338,21,460087098,141,32431,24581,156975,4
baseline_off,fight,0.0,0.0,fight,2.0,0.0,28.3538,22,460098227,142,41019,24577,156951,4
baseline_off,fight,0.0,0.0,fight,2.0,0.0,28.357,23,460106818,144,88804,24576,156951,4
baseline_off,fight,0.0,0.0,fight,2.0,0.0,28.3728,24,460118212,146,142416,24575,156979,4
baseline_off,fight,0.0,0.0,fight,2.0,0.0,28.3791,25,460127987,144,77586,24577,156944,4
baseline_off,fight,0.0,0.0,fight,2.0,0.0,28.3928,26,460139370,144,129108,24540,156966,4
baseline_off,fight,0.0,0.0,fight,2.0,0.0,28.3992,27,460150072,142,64968,24574,156957,4
baseline_off,fight,0.0,0.0,fight,2.0,0.0,28.4128,28,460160783,144,158994,24580,156976,36
baseline_off,fight,0.0,0.0,fight,2.0,0.0,28.4223,29,460171355,144,72609,24572,156972,4
baseline_off,fight,0.0,0.0,fight,2.0,0.0,28.4318,30,460181770,143,116794,24536,156951,4
baseline_off,fight,0.0,0.0,fight,2.0,0.0,28.4423,31,460192271,145,175174,24542,156986,36
baseline_off,fight,0.0,0.0,fight,2.0,0.0,28.4539,32,460203052,145,124400,24580,156992,4
baseline_off,fight,0.0,0.0,fight,2.0,0.0,28.4697,33,460214547,144,37520,24544,156972,4
baseline_off,fight,0.0,0.0,fight,2.0,0.0,28.475,34,460223169,138,90352,24583,156998,4
baseline_off,fight,0.0,0.0,fight,2.0,0.0,28.4834,35,460234552,145,141827,24618,156988,4
baseline_off,fight,0.0,0.0,fight,2.0,0.0,28.5023,36,460245832,144,175766,24539,156958,36
baseline_off,fight,0.0,0.0,fight,2.0,0.0,28.5066,37,460254448,151,70774,24575,156980,4
baseline_off,fight,0.0,0.0,fight,2.0,0.0,28.5171,38,460265811,142,118615,24546,157003,4
baseline_off,fight,0.0,0.0,fight,2.0,0.0,28.5266,39,460277218,152,174061,24537,156965,36
baseline_off,fight,0.0,0.0,fight,2.0,0.0,28.5392,40,460288085,145,137952,24580,156960,4
baseline_off,fight,0.0,0.0,fight,2.0,0.0,28.5487,41,460296858,145,59539,24542,156985,4
baseline_off,fight,0.0,0.0,fight,2.0,0.0,28.5593,42,460309445,144,158907,24539,156973,36
baseline_off,fight,0.0,0.0,fight,2.0,0.0,28.573,43,460320282,145,117639,24537,156951,4
baseline_off,fight,0.0,0.0,fight,2.0,0.0,28.5804,44,460330804,145,179856,24534,156944,36
baseline_off,fight,0.0,0.0,fight,2.0,0.0,28.6078,45,460347290,144,156698,24547,156944,4
baseline_off,fight,0.0,0.0,fight,2.0,0.0,28.6078,46,460348234,144,161018,24542,156981,36
baseline_off,fight,0.0,0.0,fight,2.0,0.0,28.6121,47,460349178,145,164561,24621,156995,32
baseline_off,fight,0.0,0.0,fight,2.0,0.0,28.6142,48,460352040,144,180002,24538,156980,36
baseline_off,fight,0.0,0.0,fight,2.0,0.0,28.6205,49,460352077,144,29365,24506,156980,0
baseline_off,fight,0.0,0.0,fight,2.0,0.0,28.6205,50,460353781,144,162155,24579,156980,36
baseline_off,fight,0.0,0.0,fight,2.0,0.0,28.6205,51,460359265,145,152418,24539,156977,4
baseline_off,fight,0.0,0.0,fight,2.0,0.0,28.629,52,460374222,145,26520,24616,156971,4
baseline_off,fight,0.0,0.0,fight,2.0,0.0,28.6311,53,460375168,144,30347,24578,156967,0
baseline_off,fight,0.0,0.0,fight,2.0,0.0,28.6396,54,460385187,146,163702,24587,156999,36
baseline_off,fight,0.0,0.0,fight,2.0,0.0,28.6438,55,460393536,145,170096,24547,157019,36
baseline_off,fight,0.0,0.0,fight,2.0,0.0,28.6617,56,460405923,144,77864,24541,156981,4
baseline_off,fight,0.0,0.0,fight,2.0,0.0,28.6659,57,460414515,145,125675,24569,156953,4
baseline_off,fight,0.0,0.0,fight,2.0,0.0,28.689,58,460424889,144,162859,24539,156971,36
baseline_off,fight,0.0,0.0,fight,2.0,0.0,28.7132,59,460444067,145,126532,24579,156978,4
baseline_off,fight,0.0,0.0,fight,2.0,0.0,28.7132,60,460445012,148,130284,24580,156977,0
baseline_off,fight,0.0,0.0,fight,2.0,0.0,28.7196,61,460467791,145,78488,24540,156964,4
baseline_off,fight,0.0,0.0,fight,2.0,0.0,28.727,62,460474373,144,98606,24582,156983,4
baseline_off,fight,0.0,0.0,fight,2.0,0.0,28.7333,63,460481996,145,138730,24578,156954,4
baseline_off,fight,0.0,0.0,fight,2.0,0.0,28.7428,64,460488483,143,142678,24579,156969,4
baseline_off,fight,0.0,0.0,fight,2.0,0.0,28.7491,65,460498333,138,90329,24540,156975,4
baseline_off,fight,0.0,0.0,fight,2.0,0.0,28.767,66,460510985,145,43402,24584,156987,4
baseline_off,fight,0.0,0.0,fight,2.0,0.0,28.7712,67,460519585,145,92692,24581,156961,4
baseline_off,fight,0.0,0.0,fight,2.0,0.0,28.7786,68,460530519,145,67859,24574,156960,4
baseline_off,fight,0.0,0.0,fight,2.0,0.0,28.7923,69,460541018,145,126192,24579,156968,4
baseline_off,fight,0.0,0.0,fight,2.0,0.0,28.8018,70,460551585,145,38511,24547,157016,4
baseline_off,fight,0.0,0.0,fight,2.0,0.0,28.8123,71,460562094,146,97925,24541,156996,4
baseline_off,fight,0.0,0.0,fight,2.0,0.0,28.8229,72,460573670,144,181310,24585,157002,36
baseline_off,fight,0.0,0.0,fight,2.0,0.0,28.8397,73,460584783,144,30589,24577,156966,4
baseline_off,fight,0.0,0.0,fight,2.0,0.0,28.845,74,460593426,152,87217,24611,156969,4
baseline_off,fight,0.0,0.0,fight,2.0,0.0,28.8534,75,460604788,146,135275,24574,156977,4
baseline_off,fight,0.0,0.0,fight,2.0,0.0,28.8713,76,460616071,144,169636,24541,156972,36
baseline_off,fight,0.0,0.0,fight,2.0,0.0,28.8755,77,460624664,146,61004,24538,156948,4
baseline_off,fight,0.0,0.0,fight,2.0,0.0,28.8871,78,460635557,144,29493,24572,156949,4
baseline_off,fight,0.0,0.0,fight,2.0,0.0,28.8966,79,460647443,144,166658,24577,156971,36
baseline_off,fight,0.0,0.0,fight,2.0,0.0,28.9135,80,460658258,145,121572,24579,156970,4
baseline_off,fight,0.0,0.0,fight,2.0,0.0,28.9187,81,460667065,144,48924,24584,156965,4
baseline_off,fight,0.0,0.0,fight,2.0,0.0,28.9282,82,460677921,144,167573,24583,156982,36
baseline_off,fight,0.0,0.0,fight,2.0,0.0,28.9377,83,460688610,150,100986,24544,156983,4
baseline_off,fight,0.0,0.0,fight,2.0,0.0,28.9546,84,460699844,144,126913,24583,156985,4
baseline_off,fight,0.0,0.0,fight,2.0,0.0,28.9598,85,460708486,144,26378,24581,156960,4
baseline_off,fight,0.0,0.0,fight,2.0,0.0,28.9704,86,460719868,145,77890,24573,156961,4
baseline_off,fight,0.0,0.0,fight,2.0,0.0,28.9809,87,460731262,144,131512,24574,156953,4
baseline_off,fight,0.0,0.0,fight,2.0,0.0,28.9905,88,460741269,139,106116,24535,156948,4
baseline_off,fight,0.0,0.0,fight,2.0,0.0,29.0052,89,460752107,145,64871,24578,156972,4
baseline_off,fight,0.0,0.0,fight,2.0,0.0,29.0116,90,460760886,145,144750,24575,156954,4
baseline_off,fight,0.0,0.0,fight,2.0,0.0,29.0242,91,460772255,145,37002,24617,156991,4
baseline_off,fight,0.0,0.0,fight,2.0,0.0,29.0327,92,460783004,145,137550,24581,156976,4
baseline_off,fight,0.0,0.0,fight,2.0,0.0,29.0475,93,460794882,145,116035,24577,156979,4
baseline_off,fight,0.0,0.0,fight,2.0,0.0,29.0548,94,460803530,145,173268,24541,156950,36
baseline_off,fight,0.0,0.0,fight,2.0,0.0,29.0717,95,460816177,144,125792,24578,156964,4
baseline_off,fight,0.0,0.0,fight,2.0,0.0,29.0759,96,460824792,145,177809,24578,156981,36
baseline_off,fight,0.0,0.0,fight,2.0,0.0,29.0833,97,460835790,145,163760,24537,156972,36
baseline_off,fight,0.0,0.0,fight,2.0,0.0,29.1129,98,460851755,145,52183,24577,156960,4
baseline_off,fight,0.0,0.0,fight,2.0,0.0,29.1129,99,460852718,145,58969,24542,156976,0
baseline_off,fight,0.0,0.0,fight,2.0,0.0,29.115,100,460853659,144,61872,24538,156970,0
baseline_off,fight,0.0,0.0,fight,2.0,0.0,29.1172,101,460854618,143,67917,24540,156980,0
baseline_off,fight,0.0,0.0,fight,2.0,0.0,29.1215,102,460856330,144,45126,24540,156969,4
baseline_off,fight,0.0,0.0,fight,2.0,0.0,29.1215,103,460859630,145,135187,24614,156972,4
baseline_off,fight,0.0,0.0,fight,2.0,0.0,29.1215,104,460861805,143,34041,24540,156976,4
baseline_off,fight,0.0,0.0,fight,2.0,0.0,29.1363,105,460879224,145,170024,24533,156921,36
baseline_off,fight,0.0,0.0,fight,2.0,0.0,29.1374,106,460880178,145,175152,24572,156932,32
baseline_off,fight,0.0,0.0,fight,2.0,0.0,29.1395,107,460889366,144,167491,24582,156981,36
baseline_off,fight,0.0,0.0,fight,2.0,0.0,29.1543,108,460900138,144,115040,24585,156981,4
baseline_off,fight,0.0,0.0,fight,2.0,0.0,29.1648,109,460912250,145,133131,24539,156967,4
baseline_off,fight,0.0,0.0,fight,2.0,0.0,29.1732,110,460921265,146,95859,24581,156982,4
baseline_off,fight,0.0,0.0,fight,2.0,0.0,29.1806,111,460931491,145,107450,24536,156974,4
baseline_off,fight,0.0,0.0,fight,2.0,0.0,29.1975,112,460942246,144,52409,24577,156950,4
baseline_off,fight,0.0,0.0,fight,2.0,0.0,29.2039,113,460951026,143,132340,24581,156982,4
baseline_off,fight,0.0,0.0,fight,2.0,0.0,29.2092,114,460962308,144,166502,24575,156971,36
baseline_off,fight,0.0,0.0,fight,2.0,0.0,29.2229,115,460972018,139,90336,24540,156988,4
baseline_off,fight,0.0,0.0,fight,2.0,0.0,29.2335,116,460983919,144,72563,24586,157022,4
baseline_off,fight,0.0,0.0,fight,2.0,0.0,29.2462,117,460994790,144,36485,24501,156963,4
baseline_off,fight,0.0,0.0,fight,2.0,0.0,29.2578,118,461005507,145,131685,24585,156997,4
baseline_off,fight,0.0,0.0,fight,2.0,0.0,29.2662,119,461015821,145,158393,24544,156964,36
baseline_off,fight,0.0,0.0,fight,2.0,0.0,29.2778,120,461026458,145,83239,24572,156949,4
baseline_off,fight,0.0,0.0,fight,2.0,0.0,29.2883,121,461036738,141,104399,24536,156935,4
baseline_off,fight,0.0,0.0,fight,2.0,0.0,29.2968,122,461047702,145,84490,24544,156982,4
baseline_off,fight,0.0,0.0,fight,2.0,0.0,29.3094,123,461058522,144,40169,24577,156976,4
baseline_off,fight,0.0,0.0,fight,2.0,0.0,29.3189,124,461068767,145,55144,24573,156949,4
baseline_off,fight,0.0,0.0,fight,2.0,0.0,29.3294,125,461078785,142,31708,24538,156992,4
baseline_off,fight,0.0,0.0,fight,2.0,0.0,29.3421,126,461090232,146,94175,24573,156936,4
baseline_off,fight,0.0,0.0,fight,2.0,0.0,29.3516,127,461101207,145,76545,24579,156967,4
baseline_off,fight,0.0,0.0,fight,2.0,0.0,29.3642,0,461112747,145,154725,24541,156962,4
baseline_off,fight,0.0,0.0,fight,2.0,0.0,29.3737,1,461122834,144,143070,24578,156968,4
baseline_off,fight,0.0,0.0,fight,2.0,0.0,29.3885,2,461133905,144,141830,24572,156934,4
baseline_off,fight,0.0,0.0,fight,2.0,0.0,29.3927,3,461142527,144,38255,24574,156935,4
baseline_off,fight,0.0,0.0,fight,2.0,0.0,29.4043,4,461153888,145,86408,24580,156952,4
baseline_off,fight,0.0,0.0,fight,2.0,0.0,29.4201,5,461165167,139,120364,24578,156962,4
baseline_off,fight,0.0,0.0,fight,2.0,0.0,29.4243,6,461173793,147,174021,24534,156952,36
baseline_off,fight,0.0,0.0,fight,2.0,0.0,29.437,7,461185159,145,65804,24578,156984,4
baseline_off,fight,0.0,0.0,fight,2.0,0.0,29.4454,8,461196560,143,120275,24539,156964,4
baseline_off,fight,0.0,0.0,fight,2.0,0.0,29.4633,9,461207348,146,70812,24577,156964,4
baseline_off,fight,0.0,0.0,fight,2.0,0.0,29.4665,10,461216181,144,159851,24572,156944,36
baseline_off,fight,0.0,0.0,fight,2.0,0.0,29.4784,11,461226682,141,61566,24504,156960,4
baseline_off,fight,0.0,0.0,fight,2.0,0.0,29.4942,12,461238962,144,108887,24536,156954,4
baseline_off,fight,0.0,0.0,fight,2.0,0.0,29.4974,13,461247556,142,156669,24575,156939,4
baseline_off,fight,0.0,0.0,fight,2.0,0.0,29.508,14,461258942,145,53140,24573,156926,4
baseline_off,fight,0.0,0.0,fight,2.0,0.0,29.5304,15,461270209,144,85374,24534,156937,4
baseline_off,fight,0.0,0.0,fight,2.0,0.0,29.5483,16,461278520,149,85675,24577,156951,4
baseline_off,fight,0.0,0.0,fight,2.0,0.0,29.5642,17,461291316,144,63873,24531,156891,4
baseline_off,fight,0.0,0.0,fight,2.0,0.0,29.5812,18,461307281,145,110209,24576,156923,4
baseline_off,fight,0.0,0.0,fight,2.0,0.0,29.5823,19,461312684,146,86975,24533,156926,4
baseline_off,fight,0.0,0.0,fight,2.0,0.0,29.5866,20,461323814,143,95974,24570,156934,4
baseline_off,fight,0.0,0.0,fight,2.0,0.0,29.5994,21,461340079,144,36299,24534,156951,4
baseline_off,fight,0.0,0.0,fight,2.0,0.0,29.6027,22,461342724,144,172022,24572,156926,36
baseline_off,fight,0.0,0.0,fight,2.0,0.0,29.6133,23,461352964,145,29752,24535,156953,4
baseline_off,fight,0.0,0.0,fight,2.0,0.0,29.6144,24,461353907,146,33048,24576,156965,0
baseline_off,fight,0.0,0.0,fight,2.0,0.0,29.6144,25,461354858,142,37712,24538,156960,0
baseline_off,fight,0.0,0.0,fight,2.0,0.0,29.6176,26,461355812,149,42976,24575,156955,0
baseline_off,fight,0.0,0.0,fight,2.0,0.0,29.6176,27,461360058,143,136934,24536,156953,4
baseline_off,fight,0.0,0.0,fight,2.0,0.0,29.623,28,461360091,143,142595,24536,156953,8
baseline_off,fight,0.0,0.0,fight,2.0,0.0,29.623,29,461374918,145,152303,24569,156904,4
baseline_off,fight,0.0,0.0,fight,2.0,0.0,29.6335,30,461380293,144,124523,24573,156914,4
baseline_off,fight,0.0,0.0,fight,2.0,0.0,29.641,31,461388759,145,151465,24569,156924,4
baseline_off,fight,0.0,0.0,fight,2.0,0.0,29.6474,32,461397786,145,116916,24570,156908,4
baseline_off,fight,0.0,0.0,fight,2.0,0.0,29.6654,33,461410250,144,39112,24570,156915,4
baseline_off,fight,0.0,0.0,fight,2.0,0.0,29.6707,34,461418892,145,96014,24573,156927,4
baseline_off,fight,0.0,0.0,fight,2.0,0.0,29.6792,35,461429129,145,110133,24575,156940,4
baseline_off,fight,0.0,0.0,fight,2.0,0.0,29.6898,36,461438789,144,26105,24571,156930,4
baseline_off,fight,0.0,0.0,fight,2.0,0.0,29.6993,37,461449142,145,59742,24572,156896,4
baseline_off,fight,0.0,0.0,fight,2.0,0.0,29.7162,38,461461547,145,128669,24537,156942,4
baseline_off,fight,0.0,0.0,fight,2.0,0.0,29.7205,39,461470152,146,179130,24532,156901,36
baseline_off,fight,0.0,0.0,fight,2.0,0.0,29.7322,40,461481528,147,73191,24531,156942,4
baseline_off,fight,0.0,0.0,fight,2.0,0.0,29.7449,41,461493215,145,176792,24571,156917,36
baseline_off,fight,0.0,0.0,fight,2.0,0.0,29.7534,42,461505436,145,57473,24535,156926,4
baseline_off,fight,0.0,0.0,fight,2.0,0.0,29.765,43,461515422,145,29137,24576,156931,4
baseline_off,fight,0.0,0.0,fight,2.0,0.0,29.7819,44,461526232,145,140429,24571,156916,4
baseline_off,fight,0.0,0.0,fight,2.0,0.0,29.7862,45,461535060,142,72145,24569,156923,4
baseline_off,fight,0.0,0.0,fight,2.0,0.0,29.7957,46,461545909,144,33086,24534,156926,4
baseline_off,fight,0.0,0.0,fight,2.0,0.0,29.8063,47,461556699,143,140925,24579,156967,4
baseline_off,fight,0.0,0.0,fight,2.0,0.0,29.8211,48,461567537,148,99785,24576,156953,4
baseline_off,fight,0.0,0.0,fight,2.0,0.0,29.8296,49,461577825,145,122281,24580,156979,4
baseline_off,fight,0.0,0.0,fight,2.0,0.0,29.8412,50,461590457,144,72115,24534,156944,4
baseline_off,fight,0.0,0.0,fight,2.0,0.0,29.8582,51,461602072,145,163153,24571,156936,36
baseline_off,fight,0.0,0.0,fight,2.0,0.0,29.8635,52,461611254,143,154663,24537,156944,4
baseline_off,fight,0.0,0.0,fight,2.0,0.0,29.873,53,461622247,145,140115,24571,156930,4
baseline_off,fight,0.0,0.0,fight,2.0,0.0,29.8825,54,461632971,145,79842,24576,156945,4
baseline_off,fight,0.0,0.0,fight,2.0,0.0,29.8984,55,461643796,144,36541,24545,156980,4
baseline_off,fight,0.0,0.0,fight,2.0,0.0,29.9048,56,461652629,143,125253,24577,156975,4
baseline_off,fight,0.0,0.0,fight,2.0,0.0,29.9123,57,461663636,145,112679,24541,156965,4
baseline_off,fight,0.0,0.0,fight,2.0,0.0,29.9229,58,461674267,144,36211,24543,156982,4
baseline_off,fight,0.0,0.0,fight,2.0,0.0,29.9398,59,461685088,143,149205,24572,156923,4
baseline_off,fight,0.0,0.0,fight,2.0,0.0,29.9451,60,461693915,144,80037,24540,156992,4
baseline_off,fight,0.0,0.0,fight,2.0,0.0,29.9536,61,461704839,144,53406,24575,156944,4
baseline_off,fight,0.0,0.0,fight,2.0,0.0,29.9652,62,461715535,145,145448,24578,156975,4
baseline_off,fight,0.0,0.0,fight,2.0,0.0,29.9811,63,461726366,145,103201,24572,156953,4
baseline_off,fight,0.0,0.0,fight,2.0,0.0,29.9981,64,461736791,144,148654,24580,156996,4
baseline_off,fight,0.0,0.0,fight,2.0,0.0,30.0151,65,461761085,144,40379,24541,156949,4
baseline_off,fight,0.0,0.0,fight,2.0,0.0,30.0151,66,461762038,144,45358,24536,156948,0
baseline_off,fight,0.0,0.0,fight,2.0,0.0,30.0331,67,461775192,145,84285,24582,156965,4
baseline_off,fight,0.0,0.0,fight,2.0,0.0,30.0458,68,461777331,143,134002,24580,156979,4
baseline_off,fight,0.0,0.0,fight,2.0,0.0,30.05,69,461790283,144,138207,24536,156947,4
