label,mode,volt,spin,ack_mode_name,ack_volt,ack_spin,t_host,seq,t_us,isr_high,cap_age,cap_high,cap_period,flags
spin_slow,spin,2.0,0.15,spin,2.0,0.15,0.066,9,366783479,675,200758,114781,156970,36
spin_slow,spin,2.0,0.15,spin,2.0,0.15,0.0808,10,366795543,674,210916,114706,156970,36
spin_slow,spin,2.0,0.15,spin,2.0,0.15,0.0903,11,366808219,675,167909,114773,157014,36
spin_slow,spin,2.0,0.15,spin,2.0,0.15,0.1008,12,366819456,676,194088,114785,156968,36
spin_slow,spin,2.0,0.15,spin,2.0,0.15,0.1177,13,366830260,675,146975,114874,156968,4
spin_slow,spin,2.0,0.15,spin,2.0,0.15,0.1262,14,366840563,677,171687,114950,156993,36
spin_slow,spin,2.0,0.15,spin,2.0,0.15,0.1346,15,366849381,677,257626,115039,157005,36
spin_slow,spin,2.0,0.15,spin,2.0,0.15,0.1421,16,366859783,677,141763,115079,157023,4
spin_slow,spin,2.0,0.15,spin,2.0,0.15,0.1591,17,366871865,677,154511,115196,157008,4
spin_slow,spin,2.0,0.15,spin,2.0,0.15,0.1644,18,366880532,678,214780,115249,157027,36
spin_slow,spin,2.0,0.15,spin,2.0,0.15,0.1761,19,366891389,678,176300,115213,156989,36
spin_slow,spin,2.0,0.15,spin,2.0,0.15,0.1824,20,366902040,677,260217,115225,157001,36
spin_slow,spin,2.0,0.15,spin,2.0,0.15,0.193,21,366911904,678,209975,115198,157013,36
spin_slow,spin,2.0,0.15,spin,2.0,0.15,0.2024,22,366921897,677,182030,115193,156953,36
spin_slow,spin,2.0,0.15,spin,2.0,0.15,0.2151,23,366933166,678,214097,115171,156977,36
spin_slow,spin,2.0,0.15,spin,2.0,0.15,0.2246,24,366943797,676,137550,115247,156991,4
spin_slow,spin,2.0,0.15,spin,2.0,0.15,0.2394,25,366955658,679,269898,115274,157015,36
spin_slow,spin,2.0,0.15,spin,2.0,0.15,0.2479,26,366964294,680,168042,115265,157002,36
spin_slow,spin,2.0,0.15,spin,2.0,0.15,0.2638,27,366976963,677,123954,115323,156976,4
spin_slow,spin,2.0,0.15,spin,2.0,0.15,0.2691,28,366985565,678,173280,115400,156971,36
spin_slow,spin,2.0,0.15,spin,2.0,0.15,0.2786,29,366996368,679,126039,115459,156984,4
spin_slow,spin,2.0,0.15,spin,2.0,0.15,0.2901,30,367006699,680,155507,115554,156981,4
spin_slow,spin,2.0,0.15,spin,2.0,0.15,0.2986,31,367018314,680,246003,115640,156986,36
spin_slow,spin,2.0,0.15,spin,2.0,0.15,0.3122,32,367029122,681,199308,115712,156990,36
spin_slow,spin,2.0,0.15,spin,2.0,0.15,0.3207,33,367039461,681,229883,115815,157022,36
spin_slow,spin,2.0,0.15,spin,2.0,0.15,0.3333,34,367050072,681,149500,115849,157009,4
spin_slow,spin,2.0,0.15,spin,2.0,0.15,0.3429,35,367060332,681,166743,115822,156979,36
spin_slow,spin,2.0,0.15,spin,2.0,0.15,0.3524,36,367070863,682,229917,115828,156998,36
spin_slow,spin,2.0,0.15,spin,2.0,0.15,0.3693,37,367083237,683,135506,115841,157002,4
spin_slow,spin,2.0,0.15,spin,2.0,0.15,0.3736,38,367091880,688,191756,115879,157007,36
spin_slow,spin,2.0,0.15,spin,2.0,0.15,0.3852,39,367102746,681,154839,115925,157025,4
spin_slow,spin,2.0,0.15,spin,2.0,0.15,0.3957,40,367114628,683,133459,115951,157014,4
spin_slow,spin,2.0,0.15,spin,2.0,0.15,0.4084,41,367125421,683,241276,115986,156998,36
spin_slow,spin,2.0,0.15,spin,2.0,0.15,0.4179,42,367135787,683,119605,116056,156983,4
spin_slow,spin,2.0,0.15,spin,2.0,0.15,0.4295,43,367146578,683,227101,116108,157004,36
spin_slow,spin,2.0,0.15,spin,2.0,0.15,0.4379,44,367157019,684,118002,116241,157013,4
spin_slow,spin,2.0,0.15,spin,2.0,0.15,0.4495,45,367167419,684,158572,116261,157009,36
spin_slow,spin,2.0,0.15,spin,2.0,0.15,0.459,46,367177705,684,180030,116298,157008,36
spin_slow,spin,2.0,0.15,spin,2.0,0.15,0.4685,47,367188437,685,120323,116337,157019,4
spin_slow,spin,2.0,0.15,spin,2.0,0.15,0.4854,48,367199233,684,228294,116354,157028,36
spin_slow,spin,2.0,0.15,spin,2.0,0.15,0.4931,49,367209536,685,252480,116430,157033,36
spin_slow,spin,2.0,0.15,spin,2.0,0.15,0.4995,50,367218602,685,223372,116440,157045,36
spin_slow,spin,2.0,0.15,spin,2.0,0.15,0.5177,51,367230862,684,266398,116422,156972,36
spin_slow,spin,2.0,0.15,spin,2.0,0.15,0.523,52,367239494,685,164140,116442,157001,36
spin_slow,spin,2.0,0.15,spin,2.0,0.15,0.5326,53,367250593,685,167018,116473,157039,36
spin_slow,spin,2.0,0.15,spin,2.0,0.15,0.5434,54,367261039,685,215603,116483,157005,36
spin_slow,spin,2.0,0.15,spin,2.0,0.15,0.5541,55,367272120,686,215107,116517,156996,36
spin_slow,spin,2.0,0.15,spin,2.0,0.15,0.57,56,367282644,685,120281,116515,157009,4
spin_slow,spin,2.0,0.15,spin,2.0,0.15,0.5722,57,367289874,686,250412,116535,156967,36
spin_slow,spin,2.0,0.15,spin,2.0,0.15,0.5807,58,367290831,686,256105,116576,156977,32
spin_slow,spin,2.0,0.15,spin,2.0,0.15,0.5828,59,367291788,686,261790,116583,156980,32
spin_slow,spin,2.0,0.15,spin,2.0,0.15,0.585,60,367294620,686,272273,116614,156979,36
spin_slow,spin,2.0,0.15,spin,2.0,0.15,0.5882,61,367294657,685,121639,116589,156979,0
spin_slow,spin,2.0,0.15,spin,2.0,0.15,0.5903,62,367296709,687,156454,116615,156977,4
spin_slow,spin,2.0,0.15,spin,2.0,0.15,0.5935,63,367312045,686,251525,116663,156992,36
spin_slow,spin,2.0,0.15,spin,2.0,0.15,0.5999,64,367317432,688,225362,116730,157026,36
spin_slow,spin,2.0,0.15,spin,2.0,0.15,0.6073,65,367324686,686,202359,116767,157020,36
spin_slow,spin,2.0,0.15,spin,2.0,0.15,0.6232,66,367337182,687,128843,116850,157016,4
spin_slow,spin,2.0,0.15,spin,2.0,0.15,0.6285,67,367345812,688,182724,116895,156993,36
spin_slow,spin,2.0,0.15,spin,2.0,0.15,0.637,68,367356857,688,176149,116935,157042,36
spin_slow,spin,2.0,0.15,spin,2.0,0.15,0.6476,69,367367355,688,233414,116959,157026,36
spin_slow,spin,2.0,0.15,spin,2.0,0.15,0.6604,70,367378450,688,235182,116959,157024,36
spin_slow,spin,2.0,0.15,spin,2.0,0.15,0.671,71,367389043,688,151726,117035,157032,4
spin_slow,spin,2.0,0.15,spin,2.0,0.15,0.6805,72,367399538,690,208709,116997,157029,36
spin_slow,spin,2.0,0.15,spin,2.0,0.15,0.6901,73,367409962,689,253328,117073,157071,36
spin_slow,spin,2.0,0.15,spin,2.0,0.15,0.7028,74,367421005,689,245921,117097,157057,36
spin_slow,spin,2.0,0.15,spin,2.0,0.15,0.7134,75,367431785,689,194021,117135,157000,36
spin_slow,spin,2.0,0.15,spin,2.0,0.15,0.723,76,367442176,690,233127,117201,157046,36
spin_slow,spin,2.0,0.15,spin,2.0,0.15,0.7326,77,367452534,690,266593,117181,157018,36
spin_slow,spin,2.0,0.15,spin,2.0,0.15,0.7454,78,367463520,689,249934,117252,157008,36
spin_slow,spin,2.0,0.15,spin,2.0,0.15,0.7559,79,367474136,691,170205,117305,157028,36
spin_slow,spin,2.0,0.15,spin,2.0,0.15,0.7655,80,367484596,690,221429,117324,157010,36
spin_slow,spin,2.0,0.15,spin,2.0,0.15,0.7772,81,367495044,698,269949,117391,157037,36
spin_slow,spin,2.0,0.15,spin,2.0,0.15,0.7899,82,367506736,691,216183,117458,157026,36
spin_slow,spin,2.0,0.15,spin,2.0,0.15,0.7995,83,367518666,691,203218,117478,157004,36
spin_slow,spin,2.0,0.15,spin,2.0,0.15,0.8153,84,367529485,692,158405,117546,156989,36
spin_slow,spin,2.0,0.15,spin,2.0,0.15,0.8237,85,367539764,696,178762,117569,157022,36
spin_slow,spin,2.0,0.15,spin,2.0,0.15,0.8322,86,367550618,692,139524,117576,157056,4
spin_slow,spin,2.0,0.15,spin,2.0,0.15,0.8427,87,367561210,692,212807,117617,157035,36
spin_slow,spin,2.0,0.15,spin,2.0,0.15,0.8817,88,367572006,692,163667,117647,157025,36
spin_slow,spin,2.0,0.15,spin,2.0,0.15,0.8975,89,367595590,692,247523,117605,156974,36
spin_slow,spin,2.0,0.15,spin,2.0,0.15,0.9028,90,367612029,692,215911,117663,157003,36
spin_slow,spin,2.0,0.15,spin,2.0,0.15,0.9028,91,367612994,692,222951,117665,157006,32
spin_slow,spin,2.0,0.15,spin,2.0,0.15,0.9154,92,367628887,699,255647,117725,156982,36
spin_slow,spin,2.0,0.15,spin,2.0,0.15,0.9186,93,367629825,694,258066,117692,156986,32
spin_slow,spin,2.0,0.15,spin,2.0,0.15,0.9228,94,367632424,693,229026,117739,156995,36
spin_slow,spin,2.0,0.15,spin,2.0,0.15,0.9439,95,367647398,693,262465,117819,156998,36
spin_slow,spin,2.0,0.15,spin,2.0,0.15,0.9597,96,367654369,693,191685,117811,156994,36
spin_slow,spin,2.0,0.15,spin,2.0,0.15,0.9755,97,367672302,693,257027,117910,157027,36
spin_slow,spin,2.0,0.15,spin,2.0,0.15,0.9776,98,367674901,693,227799,117883,156987,36
spin_slow,spin,2.0,0.15,spin,2.0,0.15,0.983,99,367688556,693,194322,117923,156991,36
spin_slow,spin,2.0,0.15,spin,2.0,0.15,0.9935,100,367706322,694,231336,117953,156986,36
spin_slow,spin,2.0,0.15,spin,2.0,0.15,0.9935,101,367707263,695,234378,117980,157017,32
spin_slow,spin,2.0,0.15,spin,2.0,0.15,0.9988,102,367718343,694,233905,117999,156987,36
spin_slow,spin,2.0,0.15,spin,2.0,0.15,1.0083,103,367727327,694,191103,118003,156994,36
spin_slow,spin,2.0,0.15,spin,2.0,0.15,1.02,104,367738710,695,242595,118051,157010,36
spin_slow,spin,2.0,0.15,spin,2.0,0.15,1.0327,105,367749318,695,161746,118098,157014,36
spin_slow,spin,2.0,0.15,spin,2.0,0.15,1.0401,106,367759600,695,182530,118091,157012,36
spin_slow,spin,2.0,0.15,spin,2.0,0.15,1.057,107,367771196,697,269804,118103,156975,36
spin_slow,spin,2.0,0.15,spin,2.0,0.15,1.0707,108,367779844,695,169949,118212,157016,36
spin_slow,spin,2.0,0.15,spin,2.0,0.15,1.0792,109,367795642,695,186373,118201,157015,36
spin_slow,spin,2.0,0.15,spin,2.0,0.15,1.0823,110,367796608,695,193584,118258,157029,32
spin_slow,spin,2.0,0.15,spin,2.0,0.15,1.0908,111,367797547,702,196130,118272,156994,32
spin_slow,spin,2.0,0.15,spin,2.0,0.15,1.0929,112,367798509,689,202578,118243,157015,32
spin_slow,spin,2.0,0.15,spin,2.0,0.15,1.0961,113,367800393,693,208989,118244,157011,36
spin_slow,spin,2.0,0.15,spin,2.0,0.15,1.0961,114,367802822,695,150851,118232,156983,4
spin_slow,spin,2.0,0.15,spin,2.0,0.15,1.0982,115,367808304,696,140810,118306,157037,4
spin_slow,spin,2.0,0.15,spin,2.0,0.15,1.1004,116,367812578,697,239329,118251,156974,36
spin_slow,spin,2.0,0.15,spin,2.0,0.15,1.1057,117,367824629,697,247292,118318,156958,36
spin_slow,spin,2.0,0.15,spin,2.0,0.15,1.1141,118,367833821,697,240208,118389,156997,36
spin_slow,spin,2.0,0.15,spin,2.0,0.15,1.1258,119,367844609,697,189942,118383,156999,36
spin_slow,spin,2.0,0.15,spin,2.0,0.15,1.1353,120,367855031,697,234624,118426,157004,36
spin_slow,spin,2.0,0.15,spin,2.0,0.15,1.1469,121,367865830,697,186466,118419,156992,36
spin_slow,spin,2.0,0.15,spin,2.0,0.15,1.1574,122,367876420,698,259632,118515,157010,36
spin_slow,spin,2.0,0.15,spin,2.0,0.15,1.1669,123,367887202,698,208806,118526,156978,36
spin_slow,spin,2.0,0.15,spin,2.0,0.15,1.1775,124,367896521,701,223335,118512,156957,36
spin_slow,spin,2.0,0.15,spin,2.0,0.15,1.1883,125,367907564,697,216714,118539,156947,36
spin_slow,spin,2.0,0.15,spin,2.0,0.15,1.1999,126,367918813,698,245480,118595,156972,36
spin_slow,spin,2.0,0.15,spin,2.0,0.15,1.2104,127,367929663,698,206077,118617,156940,36
spin_slow,spin,2.0,0.15,spin,2.0,0.15,1.221,0,367940202,705,271270,118726,156988,36
spin_slow,spin,2.0,0.15,spin,2.0,0.15,1.2378,1,367950990,699,221064,118740,157009,36
spin_slow,spin,2.0,0.15,spin,2.0,0.15,1.2442,2,367961297,698,246259,118803,156996,36
spin_slow,spin,2.0,0.15,spin,2.0,0.15,1.2526,3,367972569,699,121592,118815,157009,4
spin_slow,spin,2.0,0.15,spin,2.0,0.15,1.2695,4,367983845,699,154655,118828,156962,4
spin_slow,spin,2.0,0.15,spin,2.0,0.15,1.2748,5,367992496,704,212577,118884,157001,36
spin_slow,spin,2.0,0.15,spin,2.0,0.15,1.2843,6,368003286,701,162787,118946,157032,36
spin_slow,spin,2.0,0.15,spin,2.0,0.15,1.2949,7,368013972,700,252145,118975,157017,36
spin_slow,spin,2.0,0.15,spin,2.0,0.15,1.3043,8,368024796,701,208383,119001,157004,36
spin_slow,spin,2.0,0.15,spin,2.0,0.15,1.3159,9,368033950,699,194573,119012,156976,36
spin_slow,spin,2.0,0.15,spin,2.0,0.15,1.3243,10,368045131,708,211351,119075,156999,36
spin_slow,spin,2.0,0.15,spin,2.0,0.15,1.338,11,368056397,701,242522,119143,157033,36
spin_slow,spin,2.0,0.15,spin,2.0,0.15,1.3538,12,368067642,701,269960,119160,157013,36
spin_slow,spin,2.0,0.15,spin,2.0,0.15,1.3591,13,368076262,703,165099,119216,157035,36
spin_slow,spin,2.0,0.15,spin,2.0,0.15,1.3697,14,368088289,702,168323,119209,156976,36
spin_slow,spin,2.0,0.15,spin,2.0,0.15,1.3791,15,368099032,702,267693,119266,157005,36
spin_slow,spin,2.0,0.15,spin,2.0,0.15,1.396,16,368109835,702,220332,119349,157006,36
spin_slow,spin,2.0,0.15,spin,2.0,0.15,1.4044,17,368120150,702,246803,119393,156972,36
spin_slow,spin,2.0,0.15,spin,2.0,0.15,1.4097,18,368129178,700,211914,119372,156986,36
spin_slow,spin,2.0,0.15,spin,2.0,0.15,1.4223,19,368141452,709,257634,119484,157038,36
spin_slow,spin,2.0,0.15,spin,2.0,0.15,1.4329,20,368151733,703,121056,119495,157013,4
spin_slow,spin,2.0,0.15,spin,2.0,0.15,1.4486,21,368162470,703,219324,119538,157003,36
spin_slow,spin,2.0,0.15,spin,2.0,0.15,1.4539,22,368171243,704,140679,119569,157020,4
spin_slow,spin,2.0,0.15,spin,2.0,0.15,1.4624,23,368181933,704,230883,119569,156993,36
spin_slow,spin,2.0,0.15,spin,2.0,0.15,1.473,24,368192832,705,199910,119625,157019,36
spin_slow,spin,2.0,0.15,spin,2.0,0.15,1.4856,25,368203618,704,149519,119579,157005,4
spin_slow,spin,2.0,0.15,spin,2.0,0.15,1.4941,26,368214035,704,193246,119570,157003,36
spin_slow,spin,2.0,0.15,spin,2.0,0.15,1.5057,27,368225372,703,236423,119629,156983,36
spin_slow,spin,2.0,0.15,spin,2.0,0.15,1.5173,28,368236167,704,187308,119667,157022,36
spin_slow,spin,2.0,0.15,spin,2.0,0.15,1.5289,29,368246649,704,242131,119684,156994,36
spin_slow,spin,2.0,0.15,spin,2.0,0.15,1.5394,30,368256674,704,219454,119743,156976,36
spin_slow,spin,2.0,0.15,spin,2.0,0.15,1.55,31,368269140,705,140996,119834,157004,4
spin_slow,spin,2.0,0.15,spin,2.0,0.15,1.5658,32,368279945,705,250784,119870,156991,36
spin_slow,spin,2.0,0.15,spin,2.0,0.15,1.588,33,368295216,706,178203,119981,156989,36
spin_slow,spin,2.0,0.15,spin,2.0,0.15,1.588,34,368296154,706,180615,119970,156976,32
spin_slow,spin,2.0,0.15,spin,2.0,0.15,1.588,35,368297114,706,186757,119971,156975,32
spin_slow,spin,2.0,0.15,spin,2.0,0.15,1.5954,36,368298060,707,190711,119968,156964,32
spin_slow,spin,2.0,0.15,spin,2.0,0.15,1.5954,37,368300742,706,175689,119996,156954,36
spin_slow,spin,2.0,0.15,spin,2.0,0.15,1.5986,38,368302743,706,201935,120000,156963,36
spin_slow,spin,2.0,0.15,spin,2.0,0.15,1.5986,39,368308226,706,191926,120070,157005,36
spin_slow,spin,2.0,0.15,spin,2.0,0.15,1.6081,40,368323001,707,191414,120142,156997,36
spin_slow,spin,2.0,0.15,spin,2.0,0.15,1.6091,41,368323968,706,198961,120126,156980,32
spin_slow,spin,2.0,0.15,spin,2.0,0.15,1.6176,42,368333300,707,215381,120187,157011,36
spin_slow,spin,2.0,0.15,spin,2.0,0.15,1.625,43,368341686,708,228073,120212,156991,36
spin_slow,spin,2.0,0.15,spin,2.0,0.15,1.6323,44,368350991,707,239912,120207,156989,36
spin_slow,spin,2.0,0.15,spin,2.0,0.15,1.6481,45,368362861,709,216700,120218,157003,36
spin_slow,spin,2.0,0.15,spin,2.0,0.15,1.6534,46,368371473,707,267525,120226,157014,36
spin_slow,spin,2.0,0.15,spin,2.0,0.15,1.6629,47,368382571,707,270206,120202,156979,36
spin_slow,spin,2.0,0.15,spin,2.0,0.15,1.6724,48,368393055,709,168707,120254,157002,36
spin_slow,spin,2.0,0.15,spin,2.0,0.15,1.685,49,368404110,708,164229,120334,157010,36
spin_slow,spin,2.0,0.15,spin,2.0,0.15,1.6945,50,368414714,708,240274,120281,156942,36
spin_slow,spin,2.0,0.15,spin,2.0,0.15,1.7124,51,368426647,709,228141,120403,156995,36
spin_slow,spin,2.0,0.15,spin,2.0,0.15,1.7188,52,368435273,709,124382,120502,157014,4
spin_slow,spin,2.0,0.15,spin,2.0,0.15,1.7272,53,368446143,710,245020,120533,157012,36
spin_slow,spin,2.0,0.15,spin,2.0,0.15,1.7378,54,368456733,709,161271,120635,156996,36
spin_slow,spin,2.0,0.15,spin,2.0,0.15,1.7472,55,368467518,710,267724,120671,156996,36
spin_slow,spin,2.0,0.15,spin,2.0,0.15,1.7641,56,368479138,710,202049,120796,157008,36
spin_slow,spin,2.0,0.15,spin,2.0,0.15,1.7683,57,368487787,718,259319,120872,157010,36
spin_slow,spin,2.0,0.15,spin,2.0,0.15,1.781,58,368499223,710,162255,120888,156976,36
spin_slow,spin,2.0,0.15,spin,2.0,0.15,1.7904,59,368510535,713,201448,120894,156987,36
spin_slow,spin,2.0,0.15,spin,2.0,0.15,1.8041,60,368521334,712,153344,120999,156974,4
spin_slow,spin,2.0,0.15,spin,2.0,0.15,1.8126,61,368531654,712,180733,120999,157020,36
spin_slow,spin,2.0,0.15,spin,2.0,0.15,1.8231,62,368543047,712,233430,121067,157013,36
spin_slow,spin,2.0,0.15,spin,2.0,0.15,1.84,63,368553834,719,183111,121033,157015,36
spin_slow,spin,2.0,0.15,spin,2.0,0.15,1.8473,64,368564164,710,212020,121051,156999,36
spin_slow,spin,2.0,0.15,spin,2.0,0.15,1.8537,65,368573342,712,202170,121090,156994,36
spin_slow,spin,2.0,0.15,spin,2.0,0.15,1.8705,66,368585483,713,225146,121155,156989,36
spin_slow,spin,2.0,0.15,spin,2.0,0.15,1.8779,67,368594123,715,123910,121231,157017,4
spin_slow,spin,2.0,0.15,spin,2.0,0.15,1.8853,68,368604992,713,244409,121282,157048,36
spin_slow,spin,2.0,0.15,spin,2.0,0.15,1.8959,69,368615597,713,163229,121324,157001,36
spin_slow,spin,2.0,0.15,spin,2.0,0.15,1.9128,70,368626403,716,273359,121396,156992,36
spin_slow,spin,2.0,0.15,spin,2.0,0.15,1.9171,71,368636698,714,139708,121470,156969,4
spin_slow,spin,2.0,0.15,spin,2.0,0.15,1.935,72,368649150,715,215645,121480,156964,36
spin_slow,spin,2.0,0.15,spin,2.0,0.15,1.9392,73,368657901,716,133531,121588,156975,4
spin_slow,spin,2.0,0.15,spin,2.0,0.15,1.95,74,368668703,718,242842,121624,156991,36
spin_slow,spin,2.0,0.15,spin,2.0,0.15,1.9595,75,368679404,716,177843,121675,157007,36
spin_slow,spin,2.0,0.15,spin,2.0,0.15,1.9753,76,368690185,716,126543,121709,156987,4
spin_slow,spin,2.0,0.15,spin,2.0,0.15,1.9837,77,368700512,716,155012,121795,157004,4
spin_slow,spin,2.0,0.15,spin,2.0,0.15,1.9901,78,368709653,719,138860,121820,156999,4
spin_slow,spin,2.0,0.15,spin,2.0,0.15,2.008,79,368721826,717,166991,121898,157056,36
spin_slow,spin,2.0,0.15,spin,2.0,0.15,2.0091,80,368730448,717,219261,121855,157000,36
spin_slow,spin,2.0,0.15,spin,2.0,0.15,2.0229,81,368741805,717,265922,121913,157029,36
spin_slow,spin,2.0,0.15,spin,2.0,0.15,2.0327,82,368751776,717,233845,121966,156997,36
spin_slow,spin,2.0,0.15,spin,2.0,0.15,2.0456,83,368764343,719,172192,122018,157013,36
spin_slow,spin,2.0,0.15,spin,2.0,0.15,2.054,84,368774960,718,250119,122043,156993,36
spin_slow,spin,2.0,0.15,spin,2.0,0.15,2.073,85,368785708,718,193410,122073,156985,36
spin_slow,spin,2.0,0.15,spin,2.0,0.15,2.0793,86,368790738,720,263509,122172,157016,36
spin_slow,spin,2.0,0.15,spin,2.0,0.15,2.0825,87,368791674,718,265644,122170,157008,32
spin_slow,spin,2.0,0.15,spin,2.0,0.15,2.0847,88,368792635,719,271920,122137,157014,32
spin_slow,spin,2.0,0.15,spin,2.0,0.15,2.0847,89,368793591,718,277508,122119,156998,32
spin_slow,spin,2.0,0.15,spin,2.0,0.15,2.0878,90,368796261,718,260386,122167,157006,36
spin_slow,spin,2.0,0.15,spin,2.0,0.15,2.0931,91,368801744,719,250479,122196,156997,36
spin_slow,spin,2.0,0.15,spin,2.0,0.15,2.1037,92,368814822,719,275642,122279,157002,36
spin_slow,spin,2.0,0.15,spin,2.0,0.15,2.1037,93,368817004,719,175638,122267,156983,36
spin_slow,spin,2.0,0.15,spin,2.0,0.15,2.1111,94,368828248,719,203387,122286,156962,36
spin_slow,spin,2.0,0.15,spin,2.0,0.15,2.1184,95,368837327,719,176992,122312,156997,36
spin_slow,spin,2.0,0.15,spin,2.0,0.15,2.129,96,368849259,720,164589,122379,156989,36
spin_slow,spin,2.0,0.15,spin,2.0,0.15,2.1427,97,368859649,720,203768,122441,157020,36
spin_slow,spin,2.0,0.15,spin,2.0,0.15,2.1649,98,368869488,721,149275,122499,156993,4
spin_slow,spin,2.0,0.15,spin,2.0,0.15,2.1828,99,368880647,719,162364,122563,157025,36
spin_slow,spin,2.0,0.15,spin,2.0,0.15,2.1912,100,368895566,721,186315,122609,157036,36
spin_slow,spin,2.0,0.15,spin,2.0,0.15,2.2049,101,368911848,722,127820,122641,157010,4
spin_slow,spin,2.0,0.15,spin,2.0,0.15,2.207,102,368914052,728,188413,122638,157022,36
spin_slow,spin,2.0,0.15,spin,2.0,0.15,2.2102,103,368922683,722,242335,122689,157037,36
spin_slow,spin,2.0,0.15,spin,2.0,0.15,2.2155,104,368934413,722,195127,122717,157030,36
spin_slow,spin,2.0,0.15,spin,2.0,0.15,2.2271,105,368944328,723,153349,122779,157019,4
spin_slow,spin,2.0,0.15,spin,2.0,0.15,2.246,106,368952823,722,184221,122811,157000,36
spin_slow,spin,2.0,0.15,spin,2.0,0.15,2.2671,107,368976936,723,201252,122865,157018,36
spin_slow,spin,2.0,0.15,spin,2.0,0.15,2.2831,108,368977880,722,204688,122861,157017,32
spin_slow,spin,2.0,0.15,spin,2.0,0.15,2.2873,109,368991703,729,199614,122920,156992,36
spin_slow,spin,2.0,0.15,spin,2.0,0.15,2.2894,110,368998375,723,234880,122924,156998,36
spin_slow,spin,2.0,0.15,spin,2.0,0.15,2.2947,111,369013145,723,233972,122989,156990,36
spin_slow,spin,2.0,0.15,spin,2.0,0.15,2.3,112,369020742,723,269604,123024,156983,36
spin_slow,spin,2.0,0.15,spin,2.0,0.15,2.3074,113,369027021,725,238107,123036,156995,36
spin_slow,spin,2.0,0.15,spin,2.0,0.15,2.318,114,369038087,724,235304,123066,156985,36
spin_slow,spin,2.0,0.15,spin,2.0,0.15,2.3296,115,369049023,724,210338,123123,157016,36
spin_slow,spin,2.0,0.15,spin,2.0,0.15,2.3391,116,369059665,724,135125,123196,157057,4
spin_slow,spin,2.0,0.15,spin,2.0,0.15,2.3497,117,369068872,725,129926,123202,157041,4
spin_slow,spin,2.0,0.15,spin,2.0,0.15,2.3623,118,369080772,725,268592,123196,157001,36
spin_slow,spin,2.0,0.15,spin,2.0,0.15,2.3708,119,369090929,726,268495,123209,156972,36
spin_slow,spin,2.0,0.15,spin,2.0,0.15,2.3824,120,369101920,725,252747,123221,156986,36
spin_slow,spin,2.0,0.15,spin,2.0,0.15,2.393,121,369113443,726,170752,123344,157044,36
spin_slow,spin,2.0,0.15,spin,2.0,0.15,2.4098,122,369124237,725,278577,123362,156980,36
spin_slow,spin,2.0,0.15,spin,2.0,0.15,2.4161,123,369134556,726,148501,123453,157040,4
spin_slow,spin,2.0,0.15,spin,2.0,0.15,2.4235,124,369143723,726,136782,123422,156998,4
spin_slow,spin,2.0,0.15,spin,2.0,0.15,2.4383,125,369155887,727,163138,123502,157053,36
spin_slow,spin,2.0,0.15,spin,2.0,0.15,2.4478,126,369166565,727,251020,123570,157041,36
spin_slow,spin,2.0,0.15,spin,2.0,0.15,2.4573,127,369177220,727,178118,123562,156988,36
spin_slow,spin,2.0,0.15,spin,2.0,0.15,2.4731,0,369188041,727,133634,123627,157035,4
spin_slow,spin,2.0,0.15,spin,2.0,0.15,2.4847,1,369198371,728,162104,123679,157037,36
spin_slow,spin,2.0,0.15,spin,2.0,0.15,2.4879,2,369207522,727,147452,123725,157045,4
spin_slow,spin,2.0,0.15,spin,2.0,0.15,2.4995,3,369218265,735,246475,123813,157068,36
spin_slow,spin,2.0,0.15,spin,2.0,0.15,2.5101,4,369229791,728,164222,123844,157059,36
spin_slow,spin,2.0,0.15,spin,2.0,0.15,2.5227,5,369239784,726,135506,123865,157040,4
spin_slow,spin,2.0,0.15,spin,2.0,0.15,2.5322,6,369252294,728,220724,123893,157022,36
spin_slow,spin,2.0,0.15,spin,2.0,0.15,2.5449,7,369263080,728,169698,123963,157062,36
spin_slow,spin,2.0,0.15,spin,2.0,0.15,2.5523,8,369273418,729,199472,123991,157052,36
spin_slow,spin,2.0,0.15,spin,2.0,0.15,2.5723,9,369283893,729,252471,124005,157020,36
spin_slow,spin,2.0,0.15,spin,2.0,0.15,2.5892,10,369295713,730,220674,124093,157034,36
spin_slow,spin,2.0,0.15,spin,2.0,0.15,2.5892,11,369296659,731,224381,124096,157036,32
spin_slow,spin,2.0,0.15,spin,2.0,0.15,2.5924,12,369297621,728,230956,124083,157014,32
spin_slow,spin,2.0,0.15,spin,2.0,0.15,2.5924,13,369298580,731,236915,124083,157019,32
spin_slow,spin,2.0,0.15,spin,2.0,0.15,2.5945,14,369301589,730,277441,124147,157051,36
spin_slow,spin,2.0,0.15,spin,2.0,0.15,2.5945,15,369307072,730,267088,124166,157025,36
spin_slow,spin,2.0,0.15,spin,2.0,0.15,2.5988,16,369307105,730,272709,124166,157025,40
spin_slow,spin,2.0,0.15,spin,2.0,0.15,2.603,17,369321853,731,267251,124229,157060,36
spin_slow,spin,2.0,0.15,spin,2.0,0.15,2.6082,18,369327931,732,201187,124249,157080,36
spin_slow,spin,2.0,0.15,spin,2.0,0.15,2.6146,19,369334787,731,267211,124214,157038,36
spin_slow,spin,2.0,0.15,spin,2.0,0.15,2.6251,20,369344394,731,173159,124235,157019,36
spin_slow,spin,2.0,0.15,spin,2.0,0.15,2.6346,21,369355998,731,261328,124318,157030,36
spin_slow,spin,2.0,0.15,spin,2.0,0.15,2.6526,22,369367283,725,138275,124364,157067,4
spin_slow,spin,2.0,0.15,spin,2.0,0.15,2.6579,23,369375929,731,194422,124312,157068,36
spin_slow,spin,2.0,0.15,spin,2.0,0.15,2.6674,24,369387142,732,216208,124349,157014,36
spin_slow,spin,2.0,0.15,spin,2.0,0.15,2.6779,25,369398687,732,137247,124416,157047,4
spin_slow,spin,2.0,0.15,spin,2.0,0.15,2.6948,26,369409484,733,245417,124493,157008,36
spin_slow,spin,2.0,0.15,spin,2.0,0.15,2.7054,27,369419780,733,268603,124486,156998,36
spin_slow,spin,2.0,0.15,spin,2.0,0.15,2.7107,28,369429665,731,221624,124513,157030,36
spin_slow,spin,2.0,0.15,spin,2.0,0.15,2.7202,29,369440486,733,176971,124610,157054,36
spin_slow,spin,2.0,0.15,spin,2.0,0.15,2.7308,30,369451206,734,271948,124642,157006,36
spin_slow,spin,2.0,0.15,spin,2.0,0.15,2.7424,31,369462009,734,224047,124660,157025,36
spin_slow,spin,2.0,0.15,spin,2.0,0.15,2.753,32,369472590,735,138260,124733,157065,4
spin_slow,spin,2.0,0.15,spin,2.0,0.15,2.7688,33,369483379,733,244476,124714,157050,36
spin_slow,spin,2.0,0.15,spin,2.0,0.15,2.7741,34,369492185,733,171022,124692,157018,36
spin_slow,spin,2.0,0.15,spin,2.0,0.15,2.7826,35,369503053,732,134111,124730,157054,4
spin_slow,spin,2.0,0.15,spin,2.0,0.15,2.7921,36,369513767,733,227938,124708,157034,36
spin_slow,spin,2.0,0.15,spin,2.0,0.15,2.8058,37,369524577,734,181257,124754,157044,36
spin_slow,spin,2.0,0.15,spin,2.0,0.15,2.8142,38,369535769,734,199471,124765,157053,36
spin_slow,spin,2.0,0.15,spin,2.0,0.15,2.8259,39,369546300,734,262262,124791,157045,36
spin_slow,spin,2.0,0.15,spin,2.0,0.15,2.8375,40,369557094,735,212855,124791,157040,36
spin_slow,spin,2.0,0.15,spin,2.0,0.15,2.847,41,369567317,735,223346,124882,157021,36
spin_slow,spin,2.0,0.15,spin,2.0,0.15,2.8576,42,369578824,735,138238,124943,157035,4
spin_slow,spin,2.0,0.15,spin,2.0,0.15,2.8671,43,369588800,736,263877,124968,157024,36
spin_slow,spin,2.0,0.15,spin,2.0,0.15,2.8808,44,369599601,742,215977,124974,156988,36
spin_slow,spin,2.0,0.15,spin,2.0,0.15,2.8892,45,369609923,736,243389,125051,157043,36
spin_slow,spin,2.0,0.15,spin,2.0,0.15,2.9029,46,369620839,736,214690,125085,157032,36
spin_slow,spin,2.0,0.15,spin,2.0,0.15,2.9103,47,369631227,736,253348,125145,157057,36
spin_slow,spin,2.0,0.15,spin,2.0,0.15,2.925,48,369642649,736,153374,125185,157043,4
spin_slow,spin,2.0,0.15,spin,2.0,0.15,2.9324,49,369651436,739,233820,125168,157049,36
spin_slow,spin,2.0,0.15,spin,2.0,0.15,2.9482,50,369663784,734,134443,125169,157027,4
spin_slow,spin,2.0,0.15,spin,2.0,0.15,2.9546,51,369672435,737,191712,125230,157067,36
spin_slow,spin,2.0,0.15,spin,2.0,0.15,2.963,52,369683277,730,150216,125219,157052,4
spin_slow,spin,2.0,0.15,spin,2.0,0.15,2.9736,53,369693908,739,229806,125263,157061,36
spin_slow,spin,2.0,0.15,spin,2.0,0.15,2.9904,54,369704711,737,181722,125266,157024,36
spin_slow,spin,2.0,0.15,spin,2.0,0.15,2.9978,55,369715019,737,206473,125341,157069,36
spin_slow,spin,2.0,0.15,spin,2.0,0.15,3.0052,56,369726284,738,236892,125354,157039,36
spin_slow,spin,2.0,0.15,spin,2.0,0.15,3.0189,57,369737194,738,207541,125372,157008,36
spin_slow,spin,2.0,0.15,spin,2.0,0.15,3.0273,58,369747540,738,238967,125417,157016,36
spin_slow,spin,2.0,0.15,spin,2.0,0.15,3.0389,59,369758460,737,211348,125439,157007,36
spin_slow,spin,2.0,0.15,spin,2.0,0.15,3.0473,60,369767860,737,238985,125481,157001,36
spin_slow,spin,2.0,0.15,spin,2.0,0.15,3.0622,61,369778617,738,183170,125560,157055,36
spin_slow,spin,2.0,0.15,spin,2.0,0.15,3.0685,62,369787406,739,263787,125607,157061,36
spin_slow,spin,2.0,0.15,spin,2.0,0.15,3.0885,63,369795414,739,211843,125582,157041,36
spin_slow,spin,2.0,0.15,spin,2.0,0.15,3.0885,64,369796377,743,218635,125538,157031,32
spin_slow,spin,2.0,0.15,spin,2.0,0.15,3.0885,65,369797312,739,220513,125598,157059,32
spin_slow,spin,2.0,0.15,spin,2.0,0.15,3.0906,66,369798273,739,226768,125612,157070,32
spin_slow,spin,2.0,0.15,spin,2.0,0.15,3.0927,67,369799381,739,258045,125596,157050,32
spin_slow,spin,2.0,0.15,spin,2.0,0.15,3.0959,68,369803290,738,137364,125630,157042,4
spin_slow,spin,2.0,0.15,spin,2.0,0.15,3.098,69,369819350,739,197924,125605,157019,36
spin_slow,spin,2.0,0.15,spin,2.0,0.15,3.1075,70,369822648,745,130546,125604,157010,4
spin_slow,spin,2.0,0.15,spin,2.0,0.15,3.1096,71,369831013,740,139507,125662,157033,4
spin_slow,spin,2.0,0.15,spin,2.0,0.15,3.1223,72,369842352,738,182264,125650,157032,36
spin_slow,spin,2.0,0.15,spin,2.0,0.15,3.1328,73,369852831,738,236163,125683,157057,36
spin_slow,spin,2.0,0.15,spin,2.0,0.15,3.1476,74,369865217,740,143284,125717,157009,4
spin_slow,spin,2.0,0.15,spin,2.0,0.15,3.1528,75,369873859,739,199210,125718,157014,36
spin_slow,spin,2.0,0.15,spin,2.0,0.15,3.1623,76,369882959,747,176145,125781,156998,36
spin_slow,spin,2.0,0.15,spin,2.0,0.15,3.1729,77,369893981,740,165756,125823,157002,36
spin_slow,spin,2.0,0.15,spin,2.0,0.15,3.1855,78,369905267,742,199949,125907,157064,36
spin_slow,spin,2.0,0.15,spin,2.0,0.15,3.195,79,369915853,741,272036,125936,157046,36
spin_slow,spin,2.0,0.15,spin,2.0,0.15,3.2055,80,369926634,741,220439,125904,157011,36
spin_slow,spin,2.0,0.15,spin,2.0,0.15,3.2223,81,369937442,741,173393,125928,157037,36
spin_slow,spin,2.0,0.15,spin,2.0,0.15,3.2297,82,369947748,742,197920,125978,157048,36
spin_slow,spin,2.0,0.15,spin,2.0,0.15,3.2371,83,369956914,741,185699,126020,157055,36
spin_slow,spin,2.0,0.15,spin,2.0,0.15,3.2476,84,369969063,741,209678,126022,157013,36
spin_slow,spin,2.0,0.15,spin,2.0,0.15,3.2645,85,369980322,742,239551,126052,157048,36
spin_slow,spin,2.0,0.15,spin,2.0,0.15,3.2708,86,369988956,742,136943,126136,157034,4
spin_slow,spin,2.0,0.15,spin,2.0,0.15,3.2792,87,369999839,742,259478,126155,157031,36
spin_slow,spin,2.0,0.15,spin,2.0,0.15,3.2898,88,370010441,743,177618,126181,157019,36
spin_slow,spin,2.0,0.15,spin,2.0,0.15,3.3056,89,370021264,742,133106,126224,157033,4
spin_slow,spin,2.0,0.15,spin,2.0,0.15,3.314,90,370031552,743,155034,126300,157006,4
spin_slow,spin,2.0,0.15,spin,2.0,0.15,3.3225,91,370042816,744,185652,126342,157030,36
spin_slow,spin,2.0,0.15,spin,2.0,0.15,3.3341,92,370053706,744,152401,126372,157029,4
spin_slow,spin,2.0,0.15,spin,2.0,0.15,3.3425,93,370064099,743,191774,126468,157043,36
spin_slow,spin,2.0,0.15,spin,2.0,0.15,3.3551,94,370074972,744,155728,126475,157036,4
spin_slow,spin,2.0,0.15,spin,2.0,0.15,3.3646,95,370085352,745,192787,126559,157076,36
spin_slow,spin,2.0,0.15,spin,2.0,0.15,3.3783,96,370096267,751,163641,126587,157056,36
spin_slow,spin,2.0,0.15,spin,2.0,0.15,3.3857,97,370106606,745,193634,126613,157041,36
spin_slow,spin,2.0,0.15,spin,2.0,0.15,3.3983,98,370117505,744,161821,126623,157050,36
spin_slow,spin,2.0,0.15,spin,2.0,0.15,3.4078,99,370127923,748,205241,126654,157040,36
spin_slow,spin,2.0,0.15,spin,2.0,0.15,3.4194,100,370138799,745,169664,126690,157034,36
spin_slow,spin,2.0,0.15,spin,2.0,0.15,3.4278,101,370149152,746,202168,126746,157019,36
spin_slow,spin,2.0,0.15,spin,2.0,0.15,3.4394,102,370159556,745,243473,126732,156999,36
spin_slow,spin,2.0,0.15,spin,2.0,0.15,3.4499,103,370169694,746,239759,126815,157006,36
spin_slow,spin,2.0,0.15,spin,2.0,0.15,3.4594,104,370180588,746,207622,126877,157032,36
spin_slow,spin,2.0,0.15,spin,2.0,0.15,3.4773,105,370190779,746,212755,126876,157034,36
spin_slow,spin,2.0,0.15,spin,2.0,0.15,3.5079,106,370206736,747,255908,127001,157050,36
spin_slow,spin,2.0,0.15,spin,2.0,0.15,3.51,107,370225165,747,247869,127023,157028,36
spin_slow,spin,2.0,0.15,spin,2.0,0.15,3.5131,108,370226107,748,251061,127022,157025,32
spin_slow,spin,2.0,0.15,spin,2.0,0.15,3.5174,109,370239269,748,133094,127067,157041,4
spin_slow,spin,2.0,0.15,spin,2.0,0.15,3.5237,110,370241887,748,264166,127040,157002,36
spin_slow,spin,2.0,0.15,spin,2.0,0.15,3.5321,111,370252659,746,211232,127114,157039,36
spin_slow,spin,2.0,0.15,spin,2.0,0.15,3.5585,112,370264422,748,169858,127154,156997,36
spin_slow,spin,2.0,0.15,spin,2.0,0.15,3.5743,113,370285003,749,214746,127194,157003,36
spin_slow,spin,2.0,0.15,spin,2.0,0.15,3.5774,114,370285966,748,221408,127207,157010,32
spin_slow,spin,2.0,0.15,spin,2.0,0.15,3.5943,115,370295081,748,200917,127290,157029,36
spin_slow,spin,2.0,0.15,spin,2.0,0.15,3.5975,116,370296015,748,202667,127301,157040,32
spin_slow,spin,2.0,0.15,spin,2.0,0.15,3.5996,117,370309881,749,204389,127317,157013,36
spin_slow,spin,2.0,0.15,spin,2.0,0.15,3.5996,118,370310814,750,205995,127354,157010,32
spin_slow,spin,2.0,0.15,spin,2.0,0.15,3.6133,119,370330422,750,242054,127452,157037,36
spin_slow,spin,2.0,0.15,spin,2.0,0.15,3.6154,120,370331386,755,248894,127450,157029,32
spin_slow,spin,2.0,0.15,spin,2.0,0.15,3.6207,121,370332339,747,253849,127485,157027,32
spin_slow,spin,2.0,0.15,spin,2.0,0.15,3.6228,122,370333280,751,256722,127442,157025,32
spin_slow,spin,2.0,0.15,spin,2.0,0.15,3.6249,123,370336386,750,156595,127496,157047,4
spin_slow,spin,2.0,0.15,spin,2.0,0.15,3.6249,124,370341868,750,146468,127533,157032,4
spin_slow,spin,2.0,0.15,spin,2.0,0.15,3.6333,125,370352341,750,199678,127541,157003,36
spin_slow,spin,2.0,0.15,spin,2.0,0.15,3.6407,126,370359576,751,173462,127613,157001,36
spin_slow,spin,2.0,0.15,spin,2.0,0.15,3.6481,127,370368994,750,204363,127634,157025,36
spin_slow,spin,2.0,0.15,spin,2.0,0.15,3.6597,0,370379206,752,213108,127772,157055,36
spin_slow,spin,2.0,0.15,spin,2.0,0.15,3.6691,1,370390770,751,137275,127806,157069,4
spin_slow,spin,2.0,0.15,spin,2.0,0.15,3.686,2,370401567,752,245349,127810,157006,36
spin_slow,spin,2.0,0.15,spin,2.0,0.15,3.6934,3,370411878,751,271028,127837,157038,36
spin_slow,spin,2.0,0.15,spin,2.0,0.15,3.6997,4,370420978,752,247704,127903,157072,36
spin_slow,spin,2.0,0.15,spin,2.0,0.15,3.7145,5,370433179,752,280343,127901,157026,36
spin_slow,spin,2.0,0.15,spin,2.0,0.15,3.7229,6,370443843,753,208762,127922,157054,36
spin_slow,spin,2.0,0.15,spin,2.0,0.15,3.7324,7,370454579,752,149368,127949,157049,4
spin_slow,spin,2.0,0.15,spin,2.0,0.15,3.7451,8,370465376,753,257268,127979,157029,36
spin_slow,spin,2.0,0.15,spin,2.0,0.15,3.7546,9,370475658,754,277814,128043,157059,36
spin_slow,spin,2.0,0.15,spin,2.0,0.15,3.7672,10,370486555,753,245750,128046,157017,36
spin_slow,spin,2.0,0.15,spin,2.0,0.15,3.7756,11,370496972,754,132159,128134,157046,4
spin_slow,spin,2.0,0.15,spin,2.0,0.15,3.7883,12,370507826,758,250226,128177,157045,36
spin_slow,spin,2.0,0.15,spin,2.0,0.15,3.7978,13,370518221,753,132672,128255,157054,4
spin_slow,spin,2.0,0.15,spin,2.0,0.15,3.8073,14,370528398,761,135349,128263,157023,4
spin_slow,spin,2.0,0.15,spin,2.0,0.15,3.8178,15,370539181,754,241294,128279,156977,36
spin_slow,spin,2.0,0.15,spin,2.0,0.15,3.8347,16,370550774,755,171303,128328,156991,36
spin_slow,spin,2.0,0.15,spin,2.0,0.15,3.8399,17,370559386,755,222604,128338,156962,36
spin_slow,spin,2.0,0.15,spin,2.0,0.15,3.8515,18,370569780,755,262571,128428,157016,36
spin_slow,spin,2.0,0.15,spin,2.0,0.15,3.8621,19,370582151,756,167529,128492,157053,36
spin_slow,spin,2.0,0.15,spin,2.0,0.15,3.8779,20,370592957,757,277080,128533,157007,36
spin_slow,spin,2.0,0.15,spin,2.0,0.15,3.8873,21,370603275,758,146919,128618,157008,4
spin_slow,spin,2.0,0.15,spin,2.0,0.15,3.8947,22,370612078,756,230421,128630,156990,36
spin_slow,spin,2.0,0.15,spin,2.0,0.15,3.8999,23,370621535,757,267989,128722,157002,36
spin_slow,spin,2.0,0.15,spin,2.0,0.15,3.9126,24,370631954,757,154858,128780,157027,4
spin_slow,spin,2.0,0.15,spin,2.0,0.15,3.9231,25,370643454,758,225694,128895,157030,36
spin_slow,spin,2.0,0.15,spin,2.0,0.15,3.9347,26,370653450,759,197569,128945,157043,36
spin_slow,spin,2.0,0.15,spin,2.0,0.15,3.9442,27,370665971,758,284715,128952,157007,36
spin_slow,spin,2.0,0.15,spin,2.0,0.15,3.961,28,370676762,759,234949,129101,157052,36
spin_slow,spin,2.0,0.15,spin,2.0,0.15,3.9694,29,370687095,760,263950,129118,157068,36
spin_slow,spin,2.0,0.15,spin,2.0,0.15,3.9789,30,370695894,760,189445,129123,157030,36
spin_slow,spin,2.0,0.15,spin,2.0,0.15,3.9874,31,370707288,759,241902,129117,157030,36
spin_slow,spin,2.0,0.15,spin,2.0,0.15,3.998,32,370718535,760,269261,129187,157055,36
spin_slow,spin,2.0,0.15,spin,2.0,0.15,4.0138,33,370729343,764,222153,129223,157058,36
spin_slow,spin,2.0,0.15,spin,2.0,0.15,4.0201,34,370739651,760,247082,129180,157007,36
spin_slow,spin,2.0,0.15,spin,2.0,0.15,4.0275,35,370748794,760,231056,129228,157023,36
spin_slow,spin,2.0,0.15,spin,2.0,0.15,4.0401,36,370760951,762,256887,129202,156990,36
spin_slow,spin,2.0,0.15,spin,2.0,0.15,4.0528,37,370771798,760,216865,129228,156973,36
spin_slow,spin,2.0,0.15,spin,2.0,0.15,4.0613,38,370782195,761,257403,129362,157047,36
spin_slow,spin,2.0,0.15,spin,2.0,0.15,4.0771,39,370797889,761,256170,129393,156992,36
spin_slow,spin,2.0,0.15,spin,2.0,0.15,4.0844,40,370798845,762,261636,129424,157024,32
spin_slow,spin,2.0,0.15,spin,2.0,0.15,4.0876,41,370799798,762,266639,129410,157007,32
spin_slow,spin,2.0,0.15,spin,2.0,0.15,4.0876,42,370800739,762,269582,129445,157005,32
spin_slow,spin,2.0,0.15,spin,2.0,0.15,4.0898,43,370802551,760,263630,129403,156997,36
spin_slow,spin,2.0,0.15,spin,2.0,0.15,4.0961,44,370805770,762,182815,129441,156998,36
spin_slow,spin,2.0,0.15,spin,2.0,0.15,4.0971,45,370808031,762,253295,129488,157006,36
spin_slow,spin,2.0,0.15,spin,2.0,0.15,4.0971,46,370814969,762,176613,129460,157021,36
spin_slow,spin,2.0,0.15,spin,2.0,0.15,4.1045,47,370823882,762,278732,129529,157011,36
spin_slow,spin,2.0,0.15,spin,2.0,0.15,4.1098,48,370833619,766,207150,129531,156972,36
spin_slow,spin,2.0,0.15,spin,2.0,0.15,4.1235,49,370843504,760,160546,129611,157021,36
spin_slow,spin,2.0,0.15,spin,2.0,0.15,4.1351,50,370854081,763,231215,129613,157022,36
spin_slow,spin,2.0,0.15,spin,2.0,0.15,4.1435,51,370864448,765,266429,129664,157034,36
spin_slow,spin,2.0,0.15,spin,2.0,0.15,4.1551,52,370873998,763,162618,129697,157025,36
spin_slow,spin,2.0,0.15,spin,2.0,0.15,4.1625,53,370884588,762,235938,129664,156991,36
spin_slow,spin,2.0,0.15,spin,2.0,0.15,4.1751,54,370896005,756,135855,129697,157008,4
spin_slow,spin,2.0,0.15,spin,2.0,0.15,4.1846,55,370906637,764,216161,129766,157020,36
spin_slow,spin,2.0,0.15,spin,2.0,0.15,4.2024,56,370918538,765,198334,129789,157003,36
spin_slow,spin,2.0,0.15,spin,2.0,0.15,4.2088,57,370927207,764,258872,129859,157041,36
spin_slow,spin,2.0,0.15,spin,2.0,0.15,4.2172,58,370938100,764,226283,129893,156998,36
spin_slow,spin,2.0,0.15,spin,2.0,0.15,4.2277,59,370948677,765,140088,130007,156999,4
spin_slow,spin,2.0,0.15,spin,2.0,0.15,4.2372,60,370959490,765,251130,130029,157027,36
spin_slow,spin,2.0,0.15,spin,2.0,0.15,4.2478,61,370971085,766,181030,130082,156989,36
spin_slow,spin,2.0,0.15,spin,2.0,0.15,4.2583,62,370979959,766,276757,130128,157001,36
spin_slow,spin,2.0,0.15,spin,2.0,0.15,4.271,63,370991055,771,278880,130179,157013,36
spin_slow,spin,2.0,0.15,spin,2.0,0.15,4.2795,64,371001705,766,205236,130245,157005,36
spin_slow,spin,2.0,0.15,spin,2.0,0.15,4.29,65,371011240,766,255778,130327,157055,36
spin_slow,spin,2.0,0.15,spin,2.0,0.15,4.2995,66,371022366,767,262524,130386,157039,36
spin_slow,spin,2.0,0.15,spin,2.0,0.15,4.3123,67,371033353,767,245718,130394,157037,36
spin_slow,spin,2.0,0.15,spin,2.0,0.15,4.3229,68,371043783,768,134560,130404,157021,4
spin_slow,spin,2.0,0.15,spin,2.0,0.15,4.3323,69,371054575,768,242056,130456,157033,36
spin_slow,spin,2.0,0.15,spin,2.0,0.15,4.3449,70,371065229,768,168737,130493,157027,36
spin_slow,spin,2.0,0.15,spin,2.0,0.15,4.3534,71,371075394,768,169500,130486,157018,36
spin_slow,spin,2.0,0.15,spin,2.0,0.15,4.365,72,371087426,768,173535,130514,157008,36
spin_slow,spin,2.0,0.15,spin,2.0,0.15,4.3787,73,371097865,772,220814,130556,157010,36
spin_slow,spin,2.0,0.15,spin,2.0,0.15,4.384,74,371108166,768,244827,130579,156994,36
spin_slow,spin,2.0,0.15,spin,2.0,0.15,4.3988,75,371118738,769,156908,130700,157041,4
spin_slow,spin,2.0,0.15,spin,2.0,0.15,4.4083,76,371129895,769,169854,130701,157048,36
spin_slow,spin,2.0,0.15,spin,2.0,0.15,4.4178,77,371138789,769,268430,130759,157029,36
spin_slow,spin,2.0,0.15,spin,2.0,0.15,4.4273,78,371148839,769,249565,130739,157001,36
spin_slow,spin,2.0,0.15,spin,2.0,0.15,4.4378,79,371159960,770,256056,130836,157021,36
spin_slow,spin,2.0,0.15,spin,2.0,0.15,4.4484,80,371169999,771,235271,130934,157053,36
spin_slow,spin,2.0,0.15,spin,2.0,0.15,4.46,81,371180681,770,166735,130907,157022,36
spin_slow,spin,2.0,0.15,spin,2.0,0.15,4.4673,82,371190414,770,251219,130944,157021,36
spin_slow,spin,2.0,0.15,spin,2.0,0.15,4.4779,83,371201250,772,208936,131041,157043,36
spin_slow,spin,2.0,0.15,spin,2.0,0.15,4.4906,84,371211979,771,148262,131058,157042,4
spin_slow,spin,2.0,0.15,spin,2.0,0.15,4.5001,85,371221704,771,231017,131104,157077,36
spin_slow,spin,2.0,0.15,spin,2.0,0.15,4.5148,86,371233604,772,212527,131137,157067,36
spin_slow,spin,2.0,0.15,spin,2.0,0.15,4.5222,87,371244215,771,288169,131178,157027,36
spin_slow,spin,2.0,0.15,spin,2.0,0.15,4.536,88,371256299,773,144847,131215,156987,4
spin_slow,spin,2.0,0.15,spin,2.0,0.15,4.5476,89,371266912,772,221461,131222,157032,36
spin_slow,spin,2.0,0.15,spin,2.0,0.15,4.555,90,371277408,772,278258,131263,157035,36
spin_slow,spin,2.0,0.15,spin,2.0,0.15,4.5729,91,371287837,773,166618,131263,157041,36
spin_slow,spin,2.0,0.15,spin,2.0,0.15,4.5855,92,371298932,773,168337,131342,157039,36
spin_slow,spin,2.0,0.15,spin,2.0,0.15,4.5898,93,371299896,772,175220,131334,157028,32
spin_slow,spin,2.0,0.15,spin,2.0,0.15,4.593,94,371300829,773,176690,131335,157034,32
spin_slow,spin,2.0,0.15,spin,2.0,0.15,4.593,95,371301770,772,179688,131293,157026,32
spin_slow,spin,2.0,0.15,spin,2.0,0.15,4.594,96,371306026,773,275008,131338,157035,36
spin_slow,spin,2.0,0.15,spin,2.0,0.15,4.5972,97,371306059,773,280671,131338,157035,40
spin_slow,spin,2.0,0.15,spin,2.0,0.15,4.6004,98,371312554,773,285528,131360,157015,36
spin_slow,spin,2.0,0.15,spin,2.0,0.15,4.6047,99,371325767,774,176258,131404,157020,36
spin_slow,spin,2.0,0.15,spin,2.0,0.15,4.6078,100,371328761,772,214143,131425,157048,36
spin_slow,spin,2.0,0.15,spin,2.0,0.15,4.6174,101,371338741,774,183251,131505,157050,36
spin_slow,spin,2.0,0.15,spin,2.0,0.15,4.63,102,371350154,774,238886,131545,157053,36
spin_slow,spin,2.0,0.15,spin,2.0,0.15,4.6406,103,371360755,775,156405,131547,157063,4
spin_slow,spin,2.0,0.15,spin,2.0,0.15,4.6501,104,371371269,774,216208,131619,157051,36
spin_slow,spin,2.0,0.15,spin,2.0,0.15,4.6596,105,371381818,774,281854,131674,157069,36
spin_slow,spin,2.0,0.15,spin,2.0,0.15,4.6691,106,371391545,775,208162,131640,157029,36
spin_slow,spin,2.0,0.15,spin,2.0,0.15,4.6797,107,371402697,775,219445,131684,157039,36
spin_slow,spin,2.0,0.15,spin,2.0,0.15,4.6923,108,371414623,775,205183,131718,157078,36
spin_slow,spin,2.0,0.15,spin,2.0,0.15,4.7028,109,371425206,775,276567,131692,157048,36
spin_slow,spin,2.0,0.15,spin,2.0,0.15,4.7197,110,371436081,775,240995,131725,157045,36
spin_slow,spin,2.0,0.15,spin,2.0,0.15,4.7271,111,371446445,775,275344,131725,157042,36
spin_slow,spin,2.0,0.15,spin,2.0,0.15,4.7356,112,371457770,775,159057,131751,157025,36
spin_slow,spin,2.0,0.15,spin,2.0,0.15,4.7451,113,371467895,768,152784,131800,156995,4
spin_slow,spin,2.0,0.15,spin,2.0,0.15,4.7567,114,371478695,774,261452,131759,156991,36
spin_slow,spin,2.0,0.15,spin,2.0,0.15,4.7672,115,371487900,773,256006,131841,157038,36
spin_slow,spin,2.0,0.15,spin,2.0,0.15,4.783,116,371499120,776,279131,131845,157005,36
spin_slow,spin,2.0,0.15,spin,2.0,0.15,4.7925,117,371513963,776,133389,131892,157010,4
spin_slow,spin,2.0,0.15,spin,2.0,0.15,4.8041,118,371523966,776,263750,131953,156995,36
spin_slow,spin,2.0,0.15,spin,2.0,0.15,4.821,119,371529615,776,281988,131983,157028,36
spin_slow,spin,2.0,0.15,spin,2.0,0.15,4.8379,120,371540109,783,181634,132022,157029,36
spin_slow,spin,2.0,0.15,spin,2.0,0.15,4.84,121,371552704,776,281170,132041,157006,36
spin_slow,spin,2.0,0.15,spin,2.0,0.15,4.8442,122,371568956,779,217566,132040,157011,36
spin_slow,spin,2.0,0.15,spin,2.0,0.15,4.8622,123,371571660,777,206156,132146,157042,36
spin_slow,spin,2.0,0.15,spin,2.0,0.15,4.8779,124,371594116,778,255442,132139,156987,36
spin_slow,spin,2.0,0.15,spin,2.0,0.15,4.8801,125,371595083,779,262882,132123,156970,32
spin_slow,spin,2.0,0.15,spin,2.0,0.15,4.8896,126,371609021,779,277401,132191,157013,36
spin_slow,spin,2.0,0.15,spin,2.0,0.15,4.898,127,371618959,778,239717,132232,157003,36
spin_slow,spin,2.0,0.15,spin,2.0,0.15,4.9022,0,371624988,782,165573,132232,157007,36
spin_slow,spin,2.0,0.15,spin,2.0,0.15,4.9149,1,371635253,779,183315,132287,157030,36
spin_slow,spin,2.0,0.15,spin,2.0,0.15,4.9223,2,371645986,779,280691,132262,157006,36
spin_slow,spin,2.0,0.15,spin,2.0,0.15,4.9371,3,371656674,779,213227,132344,157006,36
spin_slow,spin,2.0,0.15,spin,2.0,0.15,4.9477,4,371669291,778,159752,132375,157045,36
spin_slow,spin,2.0,0.15,spin,2.0,0.15,4.9635,5,371680092,779,268469,132443,157028,36
spin_slow,spin,2.0,0.15,spin,2.0,0.15,4.973,6,371690471,779,148681,132475,157054,4
spin_slow,spin,2.0,0.15,spin,2.0,0.15,4.9815,7,371699383,780,250416,132494,157008,36
spin_slow,spin,2.0,0.15,spin,2.0,0.15,4.9878,8,371709050,780,166777,132496,157002,36
spin_slow,spin,2.0,0.15,spin,2.0,0.15,5.0047,9,371721696,780,275378,132575,157053,36
spin_slow,spin,2.0,0.15,spin,2.0,0.15,5.01,10,371730338,781,174215,132591,157030,36
spin_slow,spin,2.0,0.15,spin,2.0,0.15,5.0195,11,371741390,779,168907,132576,157014,36
spin_slow,spin,2.0,0.15,spin,2.0,0.15,5.029,12,371751929,780,233373,132641,156997,36
spin_slow,spin,2.0,0.15,spin,2.0,0.15,5.0427,13,371762984,780,228539,132637,157034,36
spin_slow,spin,2.0,0.15,spin,2.0,0.15,5.0554,14,371775587,781,172596,132676,157035,36
spin_slow,spin,2.0,0.15,spin,2.0,0.15,5.0628,15,371784317,780,243505,132673,156991,36
spin_slow,spin,2.0,0.15,spin,2.0,0.15,5.0871,16,371802025,787,270768,132746,156984,36
spin_slow,spin,2.0,0.15,spin,2.0,0.15,5.0924,17,371803269,781,168294,132741,156979,36
spin_slow,spin,2.0,0.15,spin,2.0,0.15,5.0924,18,371804231,781,174799,132762,157004,32
spin_slow,spin,2.0,0.15,spin,2.0,0.15,5.0924,19,371805184,781,179834,132738,156979,32
spin_slow,spin,2.0,0.15,spin,2.0,0.15,5.1008,20,371809117,781,220602,132773,157017,36
spin_slow,spin,2.0,0.15,spin,2.0,0.15,5.104,21,371809150,781,226265,132773,157017,40
spin_slow,spin,2.0,0.15,spin,2.0,0.15,5.104,22,371815996,782,133953,132761,157019,4
spin_slow,spin,2.0,0.15,spin,2.0,0.15,5.104,23,371816030,782,139777,132761,157019,8
spin_slow,spin,2.0,0.15,spin,2.0,0.15,5.1093,24,371830278,782,206623,132865,157039,36
spin_slow,spin,2.0,0.15,spin,2.0,0.15,5.1135,25,371838110,781,281841,132868,157040,36
spin_slow,spin,2.0,0.15,spin,2.0,0.15,5.1282,26,371847699,781,185016,132816,156978,36
spin_slow,spin,2.0,0.15,spin,2.0,0.15,5.1356,27,371858103,781,226493,132875,157000,36
spin_slow,spin,2.0,0.15,spin,2.0,0.15,5.1525,28,371868914,782,180240,132913,157000,36
spin_slow,spin,2.0,0.15,spin,2.0,0.15,5.1632,29,371879292,782,217564,132951,157003,36
spin_slow,spin,2.0,0.15,spin,2.0,0.15,5.1674,30,371888453,782,204871,132991,157007,36
spin_slow,spin,2.0,0.15,spin,2.0,0.15,5.178,31,371899434,783,187519,133042,157019,36
spin_slow,spin,2.0,0.15,spin,2.0,0.15,5.1875,32,371910695,782,217844,133084,157025,36
spin_slow,spin,2.0,0.15,spin,2.0,0.15,5.2044,33,371921482,783,167609,133096,157040,36
spin_slow,spin,2.0,0.15,spin,2.0,0.15,5.2129,34,371931854,783,203495,133128,156990,36
spin_slow,spin,2.0,0.15,spin,2.0,0.15,5.2202,35,371943090,784,229250,133137,156999,36
spin_slow,spin,2.0,0.15,spin,2.0,0.15,5.2371,36,371953951,785,191462,133176,156998,36
spin_slow,spin,2.0,0.15,spin,2.0,0.15,5.2445,37,371964290,782,221729,133212,157047,36
spin_slow,spin,2.0,0.15,spin,2.0,0.15,5.2529,38,371973459,784,209916,133282,157078,36
spin_slow,spin,2.0,0.15,spin,2.0,0.15,5.2688,39,371985652,783,241110,133316,157029,36
spin_slow,spin,2.0,0.15,spin,2.0,0.15,5.2729,40,371994323,785,144586,133359,157073,4
spin_slow,spin,2.0,0.15,spin,2.0,0.15,5.2846,41,372005863,784,221999,133332,156999,36
spin_slow,spin,2.0,0.15,spin,2.0,0.15,5.2941,42,372017020,785,234206,133443,157047,36
spin_slow,spin,2.0,0.15,spin,2.0,0.15,5.3109,43,372027843,785,189619,133468,157031,36
spin_slow,spin,2.0,0.15,spin,2.0,0.15,5.3183,44,372038218,786,226145,133491,157009,36
spin_slow,spin,2.0,0.15,spin,2.0,0.15,5.3257,45,372047383,788,213997,133550,156991,36
spin_slow,spin,2.0,0.15,spin,2.0,0.15,5.3352,46,372057504,786,207740,133617,156979,36
spin_slow,spin,2.0,0.15,spin,2.0,0.15,5.3458,47,372068033,787,270998,133655,156982,36
spin_slow,spin,2.0,0.15,spin,2.0,0.15,5.3553,48,372078489,786,164316,133733,157027,36
spin_slow,spin,2.0,0.15,spin,2.0,0.15,5.369,49,372089458,788,144986,133808,157011,4
spin_slow,spin,2.0,0.15,spin,2.0,0.15,5.3785,50,372100059,787,219881,133821,156999,36
spin_slow,spin,2.0,0.15,spin,2.0,0.15,5.387,51,372110604,788,285384,133895,157037,36
spin_slow,spin,2.0,0.15,spin,2.0,0.15,5.4007,52,372121574,787,266126,133883,157024,36
spin_slow,spin,2.0,0.15,spin,2.0,0.15,5.4092,53,372132062,788,164785,133946,157009,36
spin_slow,spin,2.0,0.15,spin,2.0,0.15,5.4198,54,372142884,788,277680,133969,156988,36
spin_slow,spin,2.0,0.15,spin,2.0,0.15,5.4304,55,372153522,789,202074,134031,157014,36
spin_slow,spin,2.0,0.15,spin,2.0,0.15,5.443,56,372164514,787,186728,134101,157009,36
spin_slow,spin,2.0,0.15,spin,2.0,0.15,5.4547,57,372175083,787,256411,134128,157043,36
spin_slow,spin,2.0,0.15,spin,2.0,0.15,5.4621,58,372185601,791,159889,134193,157075,36
spin_slow,spin,2.0,0.15,spin,2.0,0.15,5.4726,59,372196046,790,208039,134177,157009,36
spin_slow,spin,2.0,0.15,spin,2.0,0.15,5.4842,60,372206791,784,150044,134274,157044,4
spin_slow,spin,2.0,0.15,spin,2.0,0.15,5.4948,61,372217276,790,205053,134305,157027,36
spin_slow,spin,2.0,0.15,spin,2.0,0.15,5.5075,62,372228434,791,217521,134352,157031,36
spin_slow,spin,2.0,0.15,spin,2.0,0.15,5.517,63,372239669,790,243268,134368,157011,36
spin_slow,spin,2.0,0.15,spin,2.0,0.15,5.5339,64,372250473,797,195708,134476,157047,36
spin_slow,spin,2.0,0.15,spin,2.0,0.15,5.5402,65,372260827,791,228515,134464,157030,36
spin_slow,spin,2.0,0.15,spin,2.0,0.15,5.5498,66,372271725,798,196806,134521,157055,36
spin_slow,spin,2.0,0.15,spin,2.0,0.15,5.5594,67,372282287,791,265134,134544,156992,36
spin_slow,spin,2.0,0.15,spin,2.0,0.15,5.5773,68,372297348,792,156364,134647,157024,4
spin_slow,spin,2.0,0.15,spin,2.0,0.15,5.5857,69,372298620,792,215574,134654,157037,36
spin_slow,spin,2.0,0.15,spin,2.0,0.15,5.5889,70,372299556,791,217584,134646,157025,32
spin_slow,spin,2.0,0.15,spin,2.0,0.15,5.5942,71,372300511,791,222999,134650,157030,32
spin_slow,spin,2.0,0.15,spin,2.0,0.15,5.5942,72,372305226,792,239453,134642,157018,36
spin_slow,spin,2.0,0.15,spin,2.0,0.15,5.5963,73,372305259,792,245024,134642,157018,40
spin_slow,spin,2.0,0.15,spin,2.0,0.15,5.5963,74,372306186,793,245628,134645,157020,32
spin_slow,spin,2.0,0.15,spin,2.0,0.15,5.6006,75,372311669,792,235730,134660,156991,36
spin_slow,spin,2.0,0.15,spin,2.0,0.15,5.6037,76,372326023,793,163712,134756,157021,36
spin_slow,spin,2.0,0.15,spin,2.0,0.15,5.609,77,372332207,793,273052,134749,157013,36
spin_slow,spin,2.0,0.15,spin,2.0,0.15,5.628,78,372344636,793,187767,134833,157022,36
spin_slow,spin,2.0,0.15,spin,2.0,0.15,5.6323,79,372353294,793,246395,134888,157038,36
spin_slow,spin,2.0,0.15,spin,2.0,0.15,5.6428,80,372364408,794,251555,134928,156999,36
spin_slow,spin,2.0,0.15,spin,2.0,0.15,5.6523,81,372374876,794,147094,134986,157002,4
spin_slow,spin,2.0,0.15,spin,2.0,0.15,5.6649,82,372385909,794,138591,134991,156993,4
spin_slow,spin,2.0,0.15,spin,2.0,0.15,5.6744,83,372396506,795,213092,135040,156995,36
spin_slow,spin,2.0,0.15,spin,2.0,0.15,5.685,84,372407021,795,273594,135121,157000,36
spin_slow,spin,2.0,0.15,spin,2.0,0.15,5.6955,85,372418539,796,190629,135198,157002,36
spin_slow,spin,2.0,0.15,spin,2.0,0.15,5.7124,86,372429360,795,146077,135211,157004,4
spin_slow,spin,2.0,0.15,spin,2.0,0.15,5.7198,87,372439800,796,193860,135326,157058,36
spin_slow,spin,2.0,0.15,spin,2.0,0.15,5.7272,88,372448992,796,186204,135330,157019,36
spin_slow,spin,2.0,0.15,spin,2.0,0.15,5.7409,89,372460982,797,183379,135370,157023,36
spin_slow,spin,2.0,0.15,spin,2.0,0.15,5.7493,90,372471665,797,272277,135427,157002,36
spin_slow,spin,2.0,0.15,spin,2.0,0.15,5.7599,91,372482317,801,199121,135449,156984,36
spin_slow,spin,2.0,0.15,spin,2.0,0.15,5.7757,92,372493137,799,154420,135496,157015,4
spin_slow,spin,2.0,0.15,spin,2.0,0.15,5.7831,93,372503458,804,181808,135611,157033,36
spin_slow,spin,2.0,0.15,spin,2.0,0.15,5.7895,94,372512656,798,175147,135647,157034,36
spin_slow,spin,2.0,0.15,spin,2.0,0.15,5.8074,95,372524753,798,190133,135696,157001,36
spin_slow,spin,2.0,0.15,spin,2.0,0.15,5.8138,96,372533385,798,244450,135792,157022,36
spin_slow,spin,2.0,0.15,spin,2.0,0.15,5.8243,97,372545238,799,217798,135862,157061,36
spin_slow,spin,2.0,0.15,spin,2.0,0.15,5.8327,98,372555649,799,260134,135899,157016,36
spin_slow,spin,2.0,0.15,spin,2.0,0.15,5.8422,99,372566179,799,165777,135960,157047,36
spin_slow,spin,2.0,0.15,spin,2.0,0.15,5.8591,100,372576975,800,273616,135982,157023,36
spin_slow,spin,2.0,0.15,spin,2.0,0.15,5.8676,101,372587318,800,147531,136033,157024,4
spin_slow,spin,2.0,0.15,spin,2.0,0.15,5.876,102,372598569,800,175771,136037,157004,36
spin_slow,spin,2.0,0.15,spin,2.0,0.15,5.8929,103,372609453,800,141864,136065,157014,4
spin_slow,spin,2.0,0.15,spin,2.0,0.15,5.8992,104,372619802,801,173703,136104,157035,36
spin_slow,spin,2.0,0.15,spin,2.0,0.15,5.9077,105,372628975,801,162518,136167,157061,36
spin_slow,spin,2.0,0.15,spin,2.0,0.15,5.9246,106,372641100,801,181921,136171,157065,36
spin_slow,spin,2.0,0.15,spin,2.0,0.15,5.9309,107,372649751,801,239048,136169,157021,36
spin_slow,spin,2.0,0.15,spin,2.0,0.15,5.9394,108,372661633,801,217469,136215,157031,36
spin_slow,spin,2.0,0.15,spin,2.0,0.15,5.95,109,372672483,801,177522,136325,157066,36
spin_slow,spin,2.0,0.15,spin,2.0,0.15,5.9658,110,372683275,806,284623,136369,157028,36
spin_slow,spin,2.0,0.15,spin,2.0,0.15,5.9732,111,372693620,802,158689,136390,157054,36
spin_slow,spin,2.0,0.15,spin,2.0,0.15,5.9806,112,372702741,803,138804,136455,157036,4
spin_slow,spin,2.0,0.15,spin,2.0,0.15,5.9901,113,372712521,803,231069,136449,156991,36
spin_slow,spin,2.0,0.15,spin,2.0,0.15,6.0049,114,372723677,803,243548,136495,157002,36
spin_slow,spin,2.0,0.15,spin,2.0,0.15,6.0122,115,372736260,804,184739,136530,156998,36
spin_slow,spin,2.0,0.15,spin,2.0,0.15,6.028,116,372747089,804,141493,136622,157027,4
spin_slow,spin,2.0,0.15,spin,2.0,0.15,6.0354,117,372757434,804,172797,136616,157013,36
spin_slow,spin,2.0,0.15,spin,2.0,0.15,6.0459,118,372768794,803,219972,136645,157000,36
spin_slow,spin,2.0,0.15,spin,2.0,0.15,6.0629,119,372779605,805,173571,136675,157034,36
spin_slow,spin,2.0,0.15,spin,2.0,0.15,6.0778,120,372789962,804,206932,136681,156997,36
spin_slow,spin,2.0,0.15,spin,2.0,0.15,6.0946,121,372803991,804,236985,136690,156966,36
spin_slow,spin,2.0,0.15,spin,2.0,0.15,6.0968,122,372804931,798,239752,136729,157006,32
spin_slow,spin,2.0,0.15,spin,2.0,0.15,6.0968,123,372805868,812,242096,136772,157011,32
spin_slow,spin,2.0,0.15,spin,2.0,0.15,6.0968,124,372808735,805,258444,136787,157031,36
spin_slow,spin,2.0,0.15,spin,2.0,0.15,6.1126,125,372808768,805,264015,136787,157031,40
spin_slow,spin,2.0,0.15,spin,2.0,0.15,6.1126,126,372810825,807,142631,136801,157048,4
spin_slow,spin,2.0,0.15,spin,2.0,0.15,6.1126,127,372816307,805,289456,136836,157041,36
spin_slow,spin,2.0,0.15,spin,2.0,0.15,6.1442,0,372831608,805,221205,136852,157015,36
spin_slow,spin,2.0,0.15,spin,2.0,0.15,6.1442,1,372832546,803,223717,136829,156996,32
spin_slow,spin,2.0,0.15,spin,2.0,0.15,6.1632,2,372845224,805,180706,136871,156996,36
spin_slow,spin,2.0,0.15,spin,2.0,0.15,6.1791,3,372864351,806,292431,137001,157010,36
spin_slow,spin,2.0,0.15,spin,2.0,0.15,6.1791,4,372865301,806,139801,136996,156997,0
spin_slow,spin,2.0,0.15,spin,2.0,0.15,6.197,5,372878615,806,205078,137050,156983,36
spin_slow,spin,2.0,0.15,spin,2.0,0.15,6.2129,6,372881886,806,290119,137078,157015,36
spin_slow,spin,2.0,0.15,spin,2.0,0.15,6.2171,7,372896663,810,289893,137119,157019,36
spin_slow,spin,2.0,0.15,spin,2.0,0.15,6.2224,8,372915865,807,256492,137226,157054,36
spin_slow,spin,2.0,0.15,spin,2.0,0.15,6.2245,9,372916803,807,258930,137221,157047,32
spin_slow,spin,2.0,0.15,spin,2.0,0.15,6.233,10,372929278,807,181257,137238,157019,36
spin_slow,spin,2.0,0.15,spin,2.0,0.15,6.234,11,372949147,807,261660,137264,157013,36
spin_slow,spin,2.0,0.15,spin,2.0,0.15,6.234,12,372950173,808,279105,137284,157033,32
spin_slow,spin,2.0,0.15,spin,2.0,0.15,6.2414,13,372959166,808,237677,137328,157037,36
spin_slow,spin,2.0,0.15,spin,2.0,0.15,6.2488,14,372968808,808,149336,137331,157036,4
spin_slow,spin,2.0,0.15,spin,2.0,0.15,6.2531,15,372978016,815,144581,137363,157008,4
spin_slow,spin,2.0,0.15,spin,2.0,0.15,6.2647,16,372988453,808,191607,137371,157001,36
spin_slow,spin,2.0,0.15,spin,2.0,0.15,6.2826,17,373000104,809,288059,137424,157013,36
spin_slow,spin,2.0,0.15,spin,2.0,0.15,6.2889,18,373008743,816,186532,137499,157017,36
spin_slow,spin,2.0,0.15,spin,2.0,0.15,6.2974,19,373019698,809,164321,137562,157047,36
spin_slow,spin,2.0,0.15,spin,2.0,0.15,6.308,20,373030316,809,241975,137576,157018,36
spin_slow,spin,2.0,0.15,spin,2.0,0.15,6.3175,21,373041085,816,188329,137616,157020,36
spin_slow,spin,2.0,0.15,spin,2.0,0.15,6.3302,22,373052254,809,202718,137654,157018,36
spin_slow,spin,2.0,0.15,spin,2.0,0.15,6.3408,23,373062613,811,236400,137748,157042,36
spin_slow,spin,2.0,0.15,spin,2.0,0.15,6.3503,24,373074001,817,287945,137747,157039,36
spin_slow,spin,2.0,0.15,spin,2.0,0.15,6.3598,25,373084824,814,243379,137799,157009,36
spin_slow,spin,2.0,0.15,spin,2.0,0.15,6.3788,26,373095198,810,279646,137769,157019,36
spin_slow,spin,2.0,0.15,spin,2.0,0.15,6.383,27,373103822,810,175639,137824,156998,36
spin_slow,spin,2.0,0.15,spin,2.0,0.15,6.3946,28,373115303,810,243333,137846,156979,36
spin_slow,spin,2.0,0.15,spin,2.0,0.15,6.4041,29,373127792,811,168399,137905,157003,36
spin_slow,spin,2.0,0.15,spin,2.0,0.15,6.422,30,373138626,812,283071,137957,157018,36
spin_slow,spin,2.0,0.15,spin,2.0,0.15,6.4295,31,373149011,812,164321,138036,157019,36
spin_slow,spin,2.0,0.15,spin,2.0,0.15,6.439,32,373157948,812,270416,138084,157031,36
spin_slow,spin,2.0,0.15,spin,2.0,0.15,6.4444,33,373167621,811,187615,138118,157024,36
spin_slow,spin,2.0,0.15,spin,2.0,0.15,6.4592,34,373180255,812,294252,138164,157032,36
spin_slow,spin,2.0,0.15,spin,2.0,0.15,6.4676,35,373190969,818,231385,138155,156987,36
spin_slow,spin,2.0,0.15,spin,2.0,0.15,6.4771,36,373201597,813,154096,138234,156980,4
spin_slow,spin,2.0,0.15,spin,2.0,0.15,6.494,37,373212758,813,167356,138319,157041,36
spin_slow,spin,2.0,0.15,spin,2.0,0.15,6.4994,38,373221405,814,224258,138308,157027,36
spin_slow,spin,2.0,0.15,spin,2.0,0.15,6.511,39,373232841,814,283891,138344,157022,36
spin_slow,spin,2.0,0.15,spin,2.0,0.15,6.5215,40,373244150,814,165176,138360,157003,36
spin_slow,spin,2.0,0.15,spin,2.0,0.15,6.5373,41,373254982,814,279554,138357,156994,36
spin_slow,spin,2.0,0.15,spin,2.0,0.15,6.5458,42,373265678,820,213952,138406,157009,36
spin_slow,spin,2.0,0.15,spin,2.0,0.15,6.55,43,373272913,814,187801,138367,157009,36
spin_slow,spin,2.0,0.15,spin,2.0,0.15,6.5607,44,373283886,815,169006,138436,156998,36
spin_slow,spin,2.0,0.15,spin,2.0,0.15,6.5828,45,373297480,815,281764,138464,156988,36
spin_slow,spin,2.0,0.15,spin,2.0,0.15,6.587,46,373299323,815,281104,138508,157034,36
spin_slow,spin,2.0,0.15,spin,2.0,0.15,6.5891,47,373300536,821,173375,138496,157025,36
spin_slow,spin,2.0,0.15,spin,2.0,0.15,6.5891,48,373301495,815,179303,138477,157002,32
spin_slow,spin,2.0,0.15,spin,2.0,0.15,6.5913,49,373302433,815,181806,138540,157031,32
spin_slow,spin,2.0,0.15,spin,2.0,0.15,6.5955,50,373304752,815,262017,138490,157015,36
spin_slow,spin,2.0,0.15,spin,2.0,0.15,6.5987,51,373307711,815,293991,138519,157005,36
spin_slow,spin,2.0,0.15,spin,2.0,0.15,6.6008,52,373324542,815,171748,138606,157019,36
spin_slow,spin,2.0,0.15,spin,2.0,0.15,6.6093,53,373329719,816,266591,138625,157039,36
spin_slow,spin,2.0,0.15,spin,2.0,0.15,6.6146,54,373336837,816,220532,138627,156997,36
spin_slow,spin,2.0,0.15,spin,2.0,0.15,6.6241,55,373347719,816,186695,138663,157000,36
spin_slow,spin,2.0,0.15,spin,2.0,0.15,6.6389,56,373359087,817,235075,138693,156990,36
spin_slow,spin,2.0,0.15,spin,2.0,0.15,6.6473,57,373369216,822,230104,138711,157009,36
spin_slow,spin,2.0,0.15,spin,2.0,0.15,6.6579,58,373380464,817,257784,138814,157038,36
spin_slow,spin,2.0,0.15,spin,2.0,0.15,6.6684,59,373391313,819,217922,138836,157017,36
spin_slow,spin,2.0,0.15,spin,2.0,0.15,6.68,60,373401754,817,265450,138811,156990,36
spin_slow,spin,2.0,0.15,spin,2.0,0.15,6.6895,61,373412981,817,289739,138838,156982,36
spin_slow,spin,2.0,0.15,spin,2.0,0.15,6.7011,62,373423813,817,247288,138856,156999,36
spin_slow,spin,2.0,0.15,spin,2.0,0.15,6.7106,63,373434237,824,292314,138911,157018,36
spin_slow,spin,2.0,0.15,spin,2.0,0.15,6.7275,64,373445078,817,251183,138932,157000,36
spin_slow,spin,2.0,0.15,spin,2.0,0.15,6.7339,65,373455462,818,289250,138981,157012,36
spin_slow,spin,2.0,0.15,spin,2.0,0.15,6.7381,66,373464576,817,268417,139048,157046,36
spin_slow,spin,2.0,0.15,spin,2.0,0.15,6.7529,67,373474190,818,175513,139068,157026,36
spin_slow,spin,2.0,0.15,spin,2.0,0.15,6.7624,68,373486811,819,279788,139083,156997,36
spin_slow,spin,2.0,0.15,spin,2.0,0.15,6.7792,69,373497617,819,232456,139134,157011,36
spin_slow,spin,2.0,0.15,spin,2.0,0.15,6.7877,70,373507994,819,269670,139203,157001,36
spin_slow,spin,2.0,0.15,spin,2.0,0.15,6.794,71,373517171,826,259675,139210,157011,36
spin_slow,spin,2.0,0.15,spin,2.0,0.15,6.8088,72,373529230,819,268683,139281,157005,36
spin_slow,spin,2.0,0.15,spin,2.0,0.15,6.813,73,373538043,818,196597,139326,157058,36
spin_slow,spin,2.0,0.15,spin,2.0,0.15,6.8257,74,373547839,822,291758,139320,157006,36
spin_slow,spin,2.0,0.15,spin,2.0,0.15,6.8362,75,373559355,819,208605,139324,157011,36
spin_slow,spin,2.0,0.15,spin,2.0,0.15,6.8531,76,373570174,820,163780,139366,157012,36
spin_slow,spin,2.0,0.15,spin,2.0,0.15,6.8595,77,373580527,820,196824,139392,157000,36
spin_slow,spin,2.0,0.15,spin,2.0,0.15,6.8672,78,373591608,819,196641,139444,157017,36
spin_slow,spin,2.0,0.15,spin,2.0,0.15,6.88,79,373602483,820,161286,139426,156997,36
spin_slow,spin,2.0,0.15,spin,2.0,0.15,6.8907,80,373612956,820,214860,139404,156974,36
spin_slow,spin,2.0,0.15,spin,2.0,0.15,6.8992,81,373623908,821,192245,139500,156995,36
spin_slow,spin,2.0,0.15,spin,2.0,0.15,6.914,82,373634911,821,178860,139528,156987,36
spin_slow,spin,2.0,0.15,spin,2.0,0.15,6.9257,83,373645374,821,230518,139578,156994,36
spin_slow,spin,2.0,0.15,spin,2.0,0.15,6.93,84,373654988,821,294693,139634,157021,36
spin_slow,spin,2.0,0.15,spin,2.0,0.15,6.9438,85,373665385,822,177994,139688,157032,36
spin_slow,spin,2.0,0.15,spin,2.0,0.15,6.9525,86,373675945,822,245997,139703,157007,36
spin_slow,spin,2.0,0.15,spin,2.0,0.15,6.9653,87,373686895,821,223343,139715,157020,36
spin_slow,spin,2.0,0.15,spin,2.0,0.15,6.9759,88,373699429,823,155764,139767,157044,4
spin_slow,spin,2.0,0.15,spin,2.0,0.15,6.9877,89,373710265,823,270474,139811,157044,36
spin_slow,spin,2.0,0.15,spin,2.0,0.15,6.9972,90,373720780,822,173643,139795,157029,36
spin_slow,spin,2.0,0.15,spin,2.0,0.15,7.0131,91,373731524,822,272566,139853,157051,36
spin_slow,spin,2.0,0.15,spin,2.0,0.15,7.0194,92,373741889,820,150014,139883,157025,4
spin_slow,spin,2.0,0.15,spin,2.0,0.15,7.0279,93,373751355,829,188783,139907,157026,36
spin_slow,spin,2.0,0.15,spin,2.0,0.15,7.0374,94,373761972,824,266514,139890,157006,36
spin_slow,spin,2.0,0.15,spin,2.0,0.15,7.0521,95,373773142,823,281328,139962,156999,36
spin_slow,spin,2.0,0.15,spin,2.0,0.15,7.0584,96,373781961,823,210417,139964,157004,36
spin_slow,spin,2.0,0.15,spin,2.0,0.15,7.0776,97,373794400,824,283690,140064,157028,36
spin_slow,spin,2.0,0.15,spin,2.0,0.15,7.0881,98,373799751,824,251267,140084,157010,36
spin_slow,spin,2.0,0.15,spin,2.0,0.15,7.0913,99,373800892,824,288234,140104,157033,32
spin_slow,spin,2.0,0.15,spin,2.0,0.15,7.0913,100,373802135,825,185516,140109,157038,36
spin_slow,spin,2.0,0.15,spin,2.0,0.15,7.0934,101,373803213,824,211668,140096,157023,32
spin_slow,spin,2.0,0.15,spin,2.0,0.15,7.0934,102,373804495,825,272516,140113,156996,32
spin_slow,spin,2.0,0.15,spin,2.0,0.15,7.0987,103,373809978,825,262668,140133,157022,36
spin_slow,spin,2.0,0.15,spin,2.0,0.15,7.0987,104,373823782,824,254145,140204,157017,36
spin_slow,spin,2.0,0.15,spin,2.0,0.15,7.1051,105,373827146,825,198078,140243,157014,36
spin_slow,spin,2.0,0.15,spin,2.0,0.15,7.1124,106,373835664,828,232910,140249,157024,36
spin_slow,spin,2.0,0.15,spin,2.0,0.15,7.1293,107,373848175,826,161247,140322,157015,36
spin_slow,spin,2.0,0.15,spin,2.0,0.15,7.1356,108,373856838,828,220704,140358,157019,36
spin_slow,spin,2.0,0.15,spin,2.0,0.15,7.1451,109,373867796,826,199484,140401,157022,36
spin_slow,spin,2.0,0.15,spin,2.0,0.15,7.1546,110,373879531,826,153546,140409,156984,4
spin_slow,spin,2.0,0.15,spin,2.0,0.15,7.1725,111,373890706,826,169209,140434,156972,36
spin_slow,spin,2.0,0.15,spin,2.0,0.15,7.1778,112,373899337,826,223688,140472,156973,36
spin_slow,spin,2.0,0.15,spin,2.0,0.15,7.1872,113,373910791,826,286754,140543,157012,36
spin_slow,spin,2.0,0.15,spin,2.0,0.15,7.1978,114,373922070,827,163423,140556,156985,36
spin_slow,spin,2.0,0.15,spin,2.0,0.15,7.2146,115,373932915,827,280107,140628,157017,36
spin_slow,spin,2.0,0.15,spin,2.0,0.15,7.2241,116,373943300,827,161124,140659,157012,36
spin_slow,spin,2.0,0.15,spin,2.0,0.15,7.2325,117,373952180,828,257475,140682,157042,36
spin_slow,spin,2.0,0.15,spin,2.0,0.15,7.2388,118,373961870,828,177187,140709,157025,36
spin_slow,spin,2.0,0.15,spin,2.0,0.15,7.2525,119,373974512,828,284821,140729,157049,36
spin_slow,spin,2.0,0.15,spin,2.0,0.15,7.2641,120,373985647,827,293123,140793,157035,36
spin_slow,spin,2.0,0.15,spin,2.0,0.15,7.2747,121,373994442,829,217804,140851,157055,36
spin_slow,spin,2.0,0.15,spin,2.0,0.15,7.2831,122,374004507,829,201356,140850,157055,36
spin_slow,spin,2.0,0.15,spin,2.0,0.15,7.2957,123,374017046,829,291470,140955,157086,36
spin_slow,spin,2.0,0.15,spin,2.0,0.15,7.3021,124,374025834,829,215079,140925,157012,36
spin_slow,spin,2.0,0.15,spin,2.0,0.15,7.32,125,374038308,829,293967,140990,157038,36
spin_slow,spin,2.0,0.15,spin,2.0,0.15,7.3242,126,374046952,830,193405,140977,156988,36
spin_slow,spin,2.0,0.15,spin,2.0,0.15,7.3358,127,374058397,830,254884,141118,157055,36
spin_slow,spin,2.0,0.15,spin,2.0,0.15,7.3474,0,374069658,831,284445,141113,157049,36
spin_slow,spin,2.0,0.15,spin,2.0,0.15,7.3579,1,374079627,830,251706,141136,157033,36
spin_slow,spin,2.0,0.15,spin,2.0,0.15,7.3684,2,374090928,830,288255,141195,157058,36
spin_slow,spin,2.0,0.15,spin,2.0,0.15,7.3779,3,374100292,831,152766,141225,157015,4
spin_slow,spin,2.0,0.15,spin,2.0,0.15,7.3874,4,374110936,831,234885,141254,157037,36
spin_slow,spin,2.0,0.15,spin,2.0,0.15,7.3979,5,374121789,831,195594,141280,157023,36
spin_slow,spin,2.0,0.15,spin,2.0,0.15,7.4127,6,374132114,831,223886,141274,157019,36
spin_slow,spin,2.0,0.15,spin,2.0,0.15,7.4221,7,374142831,836,161337,141372,157044,36
spin_slow,spin,2.0,0.15,spin,2.0,0.15,7.4286,8,374152019,832,153086,141379,157030,4
spin_slow,spin,2.0,0.15,spin,2.0,0.15,7.4383,9,374161767,833,239730,141444,157033,36
spin_slow,spin,2.0,0.15,spin,2.0,0.15,7.4478,10,374172322,834,150091,141439,156981,4
spin_slow,spin,2.0,0.15,spin,2.0,0.15,7.4878,11,374183329,832,294405,141525,157000,36
spin_slow,spin,2.0,0.15,spin,2.0,0.15,7.5152,12,374216629,834,145359,141813,157049,4
spin_slow,spin,2.0,0.15,spin,2.0,0.15,7.5174,13,374217557,840,146039,141803,157067,0
spin_slow,spin,2.0,0.15,spin,2.0,0.15,7.5311,14,374220775,836,221937,141793,157047,36
spin_slow,spin,2.0,0.15,spin,2.0,0.15,7.5342,15,374250990,835,176170,141950,157007,36
spin_slow,spin,2.0,0.15,spin,2.0,0.15,7.5385,16,374251946,835,181681,141951,157009,32
spin_slow,spin,2.0,0.15,spin,2.0,0.15,7.5385,17,374252900,836,186967,141942,156996,32
spin_slow,spin,2.0,0.15,spin,2.0,0.15,7.5438,18,374267817,836,210291,142022,157045,36
spin_slow,spin,2.0,0.15,spin,2.0,0.15,7.5543,19,374268743,835,210660,142025,157048,32
spin_slow,spin,2.0,0.15,spin,2.0,0.15,7.5574,20,374279766,835,200179,142060,157042,36
spin_slow,spin,2.0,0.15,spin,2.0,0.15,7.5638,21,374290179,838,243086,142069,157011,36
spin_slow,spin,2.0,0.15,spin,2.0,0.15,7.5902,22,374304345,836,295776,142080,157022,36
spin_slow,spin,2.0,0.15,spin,2.0,0.15,7.5923,23,374305303,837,144556,142075,157025,0
spin_slow,spin,2.0,0.15,spin,2.0,0.15,7.5923,24,374306255,836,149382,142123,157018,0
spin_slow,spin,2.0,0.15,spin,2.0,0.15,7.5955,25,374307206,836,153996,142074,157030,0
spin_slow,spin,2.0,0.15,spin,2.0,0.15,7.5986,26,374309873,842,293358,142061,157005,36
spin_slow,spin,2.0,0.15,spin,2.0,0.15,7.606,27,374315355,836,283347,142130,157037,36
spin_slow,spin,2.0,0.15,spin,2.0,0.15,7.606,28,374315388,836,288969,142130,157037,40
spin_slow,spin,2.0,0.15,spin,2.0,0.15,7.6134,29,374331447,843,192406,142146,157013,36
spin_slow,spin,2.0,0.15,spin,2.0,0.15,7.6134,30,374332381,831,194272,142153,157022,32
spin_slow,spin,2.0,0.15,spin,2.0,0.15,7.6198,31,374343189,837,147474,142211,157008,4
spin_slow,spin,2.0,0.15,spin,2.0,0.15,7.6271,32,374352162,837,259970,142184,156973,36
spin_slow,spin,2.0,0.15,spin,2.0,0.15,7.6408,33,374363134,836,241454,142251,157003,36
spin_slow,spin,2.0,0.15,spin,2.0,0.15,7.6503,34,374373644,837,144177,142322,156994,4
spin_slow,spin,2.0,0.15,spin,2.0,0.15,7.6608,35,374384889,838,171849,142386,156984,36
spin_slow,spin,2.0,0.15,spin,2.0,0.15,7.6777,36,374395719,839,286032,142446,157007,36
spin_slow,spin,2.0,0.15,spin,2.0,0.15,7.683,37,374406460,839,227722,142547,157031,36
spin_slow,spin,2.0,0.15,spin,2.0,0.15,7.6925,38,374415712,838,230429,142553,157000,36
spin_slow,spin,2.0,0.15,spin,2.0,0.15,7.7083,39,374426920,839,251837,142616,157025,36
spin_slow,spin,2.0,0.15,spin,2.0,0.15,7.7157,40,374437268,839,283801,142661,157032,36
spin_slow,spin,2.0,0.15,spin,2.0,0.15,7.723,41,374446695,839,159219,142702,156995,36
spin_slow,spin,2.0,0.15,spin,2.0,0.15,7.7378,42,374458596,840,298258,142752,157008,36
spin_slow,spin,2.0,0.15,spin,2.0,0.15,7.7473,43,374471197,840,242131,142786,157006,36
spin_slow,spin,2.0,0.15,spin,2.0,0.15,7.7631,44,374482032,840,199940,142860,157040,36
spin_slow,spin,2.0,0.15,spin,2.0,0.15,7.7726,45,374492387,840,232928,142938,157045,36
spin_slow,spin,2.0,0.15,spin,2.0,0.15,7.7821,46,374502245,841,181344,142975,157040,36
spin_slow,spin,2.0,0.15,spin,2.0,0.15,7.7873,47,374511539,841,190930,142990,157019,36
spin_slow,spin,2.0,0.15,spin,2.0,0.15,7.7979,48,374520775,841,190624,143032,157023,36
spin_slow,spin,2.0,0.15,spin,2.0,0.15,7.8095,49,374531961,842,207843,143148,157024,36
spin_slow,spin,2.0,0.15,spin,2.0,0.15,7.8179,50,374542462,842,265837,143103,157019,36
spin_slow,spin,2.0,0.15,spin,2.0,0.15,7.8305,51,374553634,848,280808,143213,157012,36
spin_slow,spin,2.0,0.15,spin,2.0,0.15,7.8421,52,374564268,843,204475,143200,156999,36
spin_slow,spin,2.0,0.15,spin,2.0,0.15,7.8506,53,374574789,844,265797,143294,157056,36
spin_slow,spin,2.0,0.15,spin,2.0,0.15,7.8643,54,374585811,844,255044,143339,157022,36
spin_slow,spin,2.0,0.15,spin,2.0,0.15,7.8727,55,374596289,839,152055,143343,157053,4
spin_slow,spin,2.0,0.15,spin,2.0,0.15,7.8822,56,374607533,843,179345,143369,157013,36
spin_slow,spin,2.0,0.15,spin,2.0,0.15,7.8991,57,374618691,843,192261,143396,157005,36
spin_slow,spin,2.0,0.15,spin,2.0,0.15,7.9043,58,374627323,844,246912,143418,156990,36
spin_slow,spin,2.0,0.15,spin,2.0,0.15,7.9159,59,374638766,839,151382,143443,156984,4
spin_slow,spin,2.0,0.15,spin,2.0,0.15,7.9255,60,374650054,844,186260,143498,156991,36
spin_slow,spin,2.0,0.15,spin,2.0,0.15,7.9425,61,374660889,844,300407,143519,157013,36
spin_slow,spin,2.0,0.15,spin,2.0,0.15,7.9499,62,374671238,852,176309,143552,157009,36
spin_slow,spin,2.0,0.15,spin,2.0,0.15,7.9573,63,374682166,845,149849,143640,157011,4
spin_slow,spin,2.0,0.15,spin,2.0,0.15,7.9774,64,374692480,846,176012,143671,157013,36
spin_slow,spin,2.0,0.15,spin,2.0,0.15,7.9795,65,374701149,845,236489,143680,157020,36
spin_slow,spin,2.0,0.15,spin,2.0,0.15,7.989,66,374713869,845,200773,143753,157017,36
spin_slow,spin,2.0,0.15,spin,2.0,0.15,7.9985,67,374722595,845,271218,143752,156978,36
spin_slow,spin,2.0,0.15,spin,2.0,0.15,8.0133,68,374735019,846,185169,143843,156993,36
spin_slow,spin,2.0,0.15,spin,2.0,0.15,8.0196,69,374743846,845,272774,143878,157029,36
spin_slow,spin,2.0,0.15,spin,2.0,0.15,8.0343,70,374756291,853,190413,143923,157042,36
spin_slow,spin,2.0,0.15,spin,2.0,0.15,8.0428,71,374766990,850,282069,143930,157003,36
spin_slow,spin,2.0,0.15,spin,2.0,0.15,8.0522,72,374777650,847,210341,143982,156979,36
spin_slow,spin,2.0,0.15,spin,2.0,0.15,8.0723,73,374788472,847,166191,143965,156957,36
spin_slow,spin,2.0,0.15,spin,2.0,0.15,8.087,74,374804063,847,147855,144128,157017,4
spin_slow,spin,2.0,0.15,spin,2.0,0.15,8.0891,75,374805323,846,204932,144118,157003,36
spin_slow,spin,2.0,0.15,spin,2.0,0.15,8.0934,76,374806272,848,209385,144132,157018,32
spin_slow,spin,2.0,0.15,spin,2.0,0.15,8.0997,77,374807247,848,217988,144095,157020,32
spin_slow,spin,2.0,0.15,spin,2.0,0.15,8.1029,78,374809940,847,204799,144130,157015,36
spin_slow,spin,2.0,0.15,spin,2.0,0.15,8.1029,79,374815422,848,194556,144147,156991,36
spin_slow,spin,2.0,0.15,spin,2.0,0.15,8.1029,80,374815455,848,200220,144147,156991,40
spin_slow,spin,2.0,0.15,spin,2.0,0.15,8.1113,81,374830857,849,149802,144179,156988,4
spin_slow,spin,2.0,0.15,spin,2.0,0.15,8.1135,82,374831792,842,151677,144184,156986,0
spin_slow,spin,2.0,0.15,spin,2.0,0.15,8.124,83,374841691,848,264550,144221,156988,36
spin_slow,spin,2.0,0.15,spin,2.0,0.15,8.1271,84,374850133,849,286574,144288,157021,36
spin_slow,spin,2.0,0.15,spin,2.0,0.15,8.1377,85,374860509,849,166311,144347,157001,36
spin_slow,spin,2.0,0.15,spin,2.0,0.15,8.1535,86,374872592,850,179128,144398,157017,36
spin_slow,spin,2.0,0.15,spin,2.0,0.15,8.1577,87,374881223,850,233295,144454,157035,36
spin_slow,spin,2.0,0.15,spin,2.0,0.15,8.1693,88,374891641,850,277016,144483,157030,36
spin_slow,spin,2.0,0.15,spin,2.0,0.15,8.1798,89,374903963,850,173234,144500,157003,36
spin_slow,spin,2.0,0.15,spin,2.0,0.15,8.1893,90,374914824,848,292351,144546,157011,36
spin_slow,spin,2.0,0.15,spin,2.0,0.15,8.1999,91,374924070,851,293893,144591,157017,36
spin_slow,spin,2.0,0.15,spin,2.0,0.15,8.2093,92,374934820,851,237010,144639,157027,36
spin_slow,spin,2.0,0.15,spin,2.0,0.15,8.2251,93,374944715,855,191745,144701,157056,36
spin_slow,spin,2.0,0.15,spin,2.0,0.15,8.2378,94,374955086,851,227201,144720,157034,36
spin_slow,spin,2.0,0.15,spin,2.0,0.15,8.2431,95,374965038,851,191705,144726,157039,36
spin_slow,spin,2.0,0.15,spin,2.0,0.15,8.2526,96,374976005,852,171757,144791,157031,36
spin_slow,spin,2.0,0.15,spin,2.0,0.15,8.262,97,374986603,852,246045,144838,157038,36
spin_slow,spin,2.0,0.15,spin,2.0,0.15,8.2789,98,374997364,856,190952,144871,157033,36
spin_slow,spin,2.0,0.15,spin,2.0,0.15,8.2852,99,375007754,852,229796,144907,157029,36
spin_slow,spin,2.0,0.15,spin,2.0,0.15,8.2925,100,375017008,853,232852,144932,157017,36
spin_slow,spin,2.0,0.15,spin,2.0,0.15,8.3073,101,375028968,853,224819,144972,156977,36
spin_slow,spin,2.0,0.15,spin,2.0,0.15,8.3147,102,375039690,852,163791,144983,156989,36
spin_slow,spin,2.0,0.15,spin,2.0,0.15,8.3252,103,375050326,854,244943,145045,157016,36
spin_slow,spin,2.0,0.15,spin,2.0,0.15,8.34,104,375061172,853,204619,145106,156999,36
spin_slow,spin,2.0,0.15,spin,2.0,0.15,8.3473,105,375071598,854,249694,145193,157051,36
spin_slow,spin,2.0,0.15,spin,2.0,0.15,8.3579,106,375082854,854,278837,145172,157031,36
spin_slow,spin,2.0,0.15,spin,2.0,0.15,8.3748,107,375093693,855,237077,145260,157041,36
spin_slow,spin,2.0,0.15,spin,2.0,0.15,8.3832,108,375104211,856,297560,145285,157068,36
spin_slow,spin,2.0,0.15,spin,2.0,0.15,8.3927,109,375113047,855,229106,145304,157048,36
spin_slow,spin,2.0,0.15,spin,2.0,0.15,8.399,110,375122741,855,149448,145343,157043,4
spin_slow,spin,2.0,0.15,spin,2.0,0.15,8.4158,111,375135284,855,240107,145391,157061,36
spin_slow,spin,2.0,0.15,spin,2.0,0.15,8.4222,112,375143960,855,301481,145447,157079,36
spin_slow,spin,2.0,0.15,spin,2.0,0.15,8.4317,113,375154927,856,280950,145470,157063,36
spin_slow,spin,2.0,0.15,spin,2.0,0.15,8.4403,114,375165537,856,199965,145511,157062,36
spin_slow,spin,2.0,0.15,spin,2.0,0.15,8.4498,115,375176293,855,300870,145539,157053,36
spin_slow,spin,2.0,0.15,spin,2.0,0.15,8.4636,116,375186599,857,168382,145565,157043,36
spin_slow,spin,2.0,0.15,spin,2.0,0.15,8.4742,117,375199226,856,273646,145636,157037,36
spin_slow,spin,2.0,0.15,spin,2.0,0.15,8.49,118,375210048,856,228979,145610,157007,36
spin_slow,spin,2.0,0.15,spin,2.0,0.15,8.5017,119,375220560,856,289073,145646,157005,36
spin_slow,spin,2.0,0.15,spin,2.0,0.15,8.508,120,375229383,857,218850,145719,156999,36
spin_slow,spin,2.0,0.15,spin,2.0,0.15,8.5143,121,375239048,857,291823,145721,157047,36
spin_slow,spin,2.0,0.15,spin,2.0,0.15,8.5323,122,375251655,859,236461,145778,157024,36
spin_slow,spin,2.0,0.15,spin,2.0,0.15,8.5386,123,375260279,858,289395,145796,157043,36
spin_slow,spin,2.0,0.15,spin,2.0,0.15,8.5471,124,375271221,858,265355,145753,156997,36
spin_slow,spin,2.0,0.15,spin,2.0,0.15,8.5576,125,375281827,858,184252,145777,156986,36
spin_slow,spin,2.0,0.15,spin,2.0,0.15,8.5787,126,375293452,858,276233,145862,157032,36
spin_slow,spin,2.0,0.15,spin,2.0,0.15,8.5977,127,375307589,858,167315,145890,156982,36
spin_slow,spin,2.0,0.15,spin,2.0,0.15,8.5977,0,375308554,858,174276,145899,156989,32
spin_slow,spin,2.0,0.15,spin,2.0,0.15,8.5977,1,375309486,858,175762,145862,156989,32
spin_slow,spin,2.0,0.15,spin,2.0,0.15,8.5998,2,375310425,861,178374,145850,156980,32
spin_slow,spin,2.0,0.15,spin,2.0,0.15,8.5998,3,375311556,858,213809,145860,156987,32
spin_slow,spin,2.0,0.15,spin,2.0,0.15,8.6051,4,375315472,858,251486,145913,157005,36
spin_slow,spin,2.0,0.15,spin,2.0,0.15,8.6051,5,375317038,858,203647,145857,156988,36
spin_slow,spin,2.0,0.15,spin,2.0,0.15,8.6156,6,375334778,861,235816,146016,157037,36
spin_slow,spin,2.0,0.15,spin,2.0,0.15,8.6188,7,375335739,859,242208,145989,157047,32
spin_slow,spin,2.0,0.15,spin,2.0,0.15,8.623,8,375345121,860,266638,146024,157043,36
spin_slow,spin,2.0,0.15,spin,2.0,0.15,8.6336,9,375356436,859,148860,146090,157026,4
spin_slow,spin,2.0,0.15,spin,2.0,0.15,8.6452,10,375367969,860,225052,146131,157034,36
spin_slow,spin,2.0,0.15,spin,2.0,0.15,8.6557,11,375378693,863,164004,146103,157006,36
spin_slow,spin,2.0,0.15,spin,2.0,0.15,8.6652,12,375389330,859,245359,146118,156981,36
spin_slow,spin,2.0,0.15,spin,2.0,0.15,8.6789,13,375400180,859,205846,146140,157003,36
spin_slow,spin,2.0,0.15,spin,2.0,0.15,8.6852,14,375410603,860,250675,146253,157042,36
spin_slow,spin,2.0,0.15,spin,2.0,0.15,8.6947,15,375419324,860,162882,146264,157013,36
spin_slow,spin,2.0,0.15,spin,2.0,0.15,8.7042,16,375430174,865,280189,146263,157012,36
spin_slow,spin,2.0,0.15,spin,2.0,0.15,8.7158,17,375440715,861,187961,146310,157024,36
spin_slow,spin,2.0,0.15,spin,2.0,0.15,8.7327,18,375451471,861,289068,146322,157037,36
spin_slow,spin,2.0,0.15,spin,2.0,0.15,8.7379,19,375462196,860,228185,146399,157034,36
spin_slow,spin,2.0,0.15,spin,2.0,0.15,8.7475,20,375471427,861,227317,146377,157012,36
spin_slow,spin,2.0,0.15,spin,2.0,0.15,8.7633,21,375482635,861,248485,146421,157019,36
spin_slow,spin,2.0,0.15,spin,2.0,0.15,8.7834,22,375493020,860,286594,146483,157002,36
spin_slow,spin,2.0,0.15,spin,2.0,0.15,8.7992,23,375502444,861,161731,146491,157013,36
spin_slow,spin,2.0,0.15,spin,2.0,0.15,8.8161,24,375517940,861,284389,146488,156966,36
spin_slow,spin,2.0,0.15,spin,2.0,0.15,8.834,25,375535671,863,158826,146596,157003,36
spin_slow,spin,2.0,0.15,spin,2.0,0.15,8.834,26,375536607,862,160916,146617,157024,32
spin_slow,spin,2.0,0.15,spin,2.0,0.15,8.852,27,375551886,862,246400,146641,157008,36
spin_slow,spin,2.0,0.15,spin,2.0,0.15,8.8678,28,375570177,862,215726,146690,157019,36
spin_slow,spin,2.0,0.15,spin,2.0,0.15,8.8805,29,375571139,863,222228,146703,156994,32
spin_slow,spin,2.0,0.15,spin,2.0,0.15,8.8847,30,375584219,863,247701,146738,157029,36
spin_slow,spin,2.0,0.15,spin,2.0,0.15,8.8847,31,375586294,863,286453,146720,156971,36
spin_slow,spin,2.0,0.15,spin,2.0,0.15,8.89,32,375599315,863,302136,146796,157014,36
spin_slow,spin,2.0,0.15,spin,2.0,0.15,8.8921,33,375615503,864,227965,146824,157001,36
spin_slow,spin,2.0,0.15,spin,2.0,0.15,8.8985,34,375621826,864,203904,146845,156983,36
spin_slow,spin,2.0,0.15,spin,2.0,0.15,8.9027,35,375629460,865,245524,146863,157001,36
spin_slow,spin,2.0,0.15,spin,2.0,0.15,8.9174,36,375640069,870,164906,146964,157029,36
spin_slow,spin,2.0,0.15,spin,2.0,0.15,8.928,37,375651997,861,151718,146964,156997,4
spin_slow,spin,2.0,0.15,spin,2.0,0.15,8.9397,38,375662117,866,302000,147047,157037,36
spin_slow,spin,2.0,0.15,spin,2.0,0.15,8.9492,39,375674522,865,212390,147132,157045,36
spin_slow,spin,2.0,0.15,spin,2.0,0.15,8.9597,40,375685374,865,173090,147076,156985,36
spin_slow,spin,2.0,0.15,spin,2.0,0.15,8.9724,41,375695633,865,189906,147198,157034,36
spin_slow,spin,2.0,0.15,spin,2.0,0.15,8.9787,42,375703440,865,260969,147166,157041,36
spin_slow,spin,2.0,0.15,spin,2.0,0.15,8.9935,43,375715694,866,302774,147193,156989,36
spin_slow,spin,2.0,0.15,spin,2.0,0.15,8.9998,44,375724532,866,235196,147212,157009,36
spin_slow,spin,2.0,0.15,spin,2.0,0.15,9.0146,45,375736980,862,153130,147339,156994,4
spin_slow,spin,2.0,0.15,spin,2.0,0.15,9.023,46,375745779,867,235786,147294,156976,36
spin_slow,spin,2.0,0.15,spin,2.0,0.15,9.0357,47,375758232,867,155061,147367,157002,4
spin_slow,spin,2.0,0.15,spin,2.0,0.15,9.042,48,375767043,871,239986,147432,157000,36
spin_slow,spin,2.0,0.15,spin,2.0,0.15,9.0536,49,375777673,867,163197,147466,156997,36
spin_slow,spin,2.0,0.15,spin,2.0,0.15,9.0631,50,375788144,868,216153,147489,157020,36
spin_slow,spin,2.0,0.15,spin,2.0,0.15,9.0873,51,375804123,868,263007,147566,157021,36
spin_slow,spin,2.0,0.15,spin,2.0,0.15,9.0937,52,375805086,863,269626,147536,157027,32
spin_slow,spin,2.0,0.15,spin,2.0,0.15,9.0937,53,375806018,868,271031,147484,157016,32
spin_slow,spin,2.0,0.15,spin,2.0,0.15,9.0937,54,375806977,868,277067,147573,157027,32
spin_slow,spin,2.0,0.15,spin,2.0,0.15,9.0959,55,375808438,868,211467,147524,157017,36
spin_slow,spin,2.0,0.15,spin,2.0,0.15,9.1001,56,375811997,868,188437,147504,156996,36
spin_slow,spin,2.0,0.15,spin,2.0,0.15,9.1022,57,375813912,869,199865,147546,156998,36
spin_slow,spin,2.0,0.15,spin,2.0,0.15,9.1096,58,375831854,868,266872,147599,157014,36
spin_slow,spin,2.0,0.15,spin,2.0,0.15,9.1127,59,375832791,869,269104,147623,157040,32
spin_slow,spin,2.0,0.15,spin,2.0,0.15,9.118,60,375842018,869,267438,147636,157015,36
spin_slow,spin,2.0,0.15,spin,2.0,0.15,9.1275,61,375851762,870,196324,147706,157046,36
spin_slow,spin,2.0,0.15,spin,2.0,0.15,9.1371,62,375862141,871,233369,147750,157011,36
spin_slow,spin,2.0,0.15,spin,2.0,0.15,9.1476,63,375872989,869,192972,147754,157020,36
spin_slow,spin,2.0,0.15,spin,2.0,0.15,9.1592,64,375884207,870,215638,147809,157034,36
spin_slow,spin,2.0,0.15,spin,2.0,0.15,9.1698,65,375894767,876,283353,147844,157031,36
spin_slow,spin,2.0,0.15,spin,2.0,0.15,9.1876,66,375905513,870,225912,147880,157032,36
spin_slow,spin,2.0,0.15,spin,2.0,0.15,9.194,67,375916019,877,284603,147953,157025,36
spin_slow,spin,2.0,0.15,spin,2.0,0.15,9.2024,68,375926957,871,259658,148007,157045,36
spin_slow,spin,2.0,0.15,spin,2.0,0.15,9.2182,69,375937971,870,247687,148012,157008,36
spin_slow,spin,2.0,0.15,spin,2.0,0.15,9.2256,70,375948373,872,288587,148126,157008,36
spin_slow,spin,2.0,0.15,spin,2.0,0.15,9.2329,71,375957642,872,294058,148177,157022,36
spin_slow,spin,2.0,0.15,spin,2.0,0.15,9.2477,72,375969629,872,290361,148228,157035,36
spin_slow,spin,2.0,0.15,spin,2.0,0.15,9.253,73,375978463,870,221661,148296,157028,36
spin_slow,spin,2.0,0.15,spin,2.0,0.15,9.2688,74,375990912,872,296406,148319,157009,36
spin_slow,spin,2.0,0.15,spin,2.0,0.15,9.2741,75,375999734,879,225791,148389,157083,36
spin_slow,spin,2.0,0.15,spin,2.0,0.15,9.2899,76,376012162,874,296795,148437,157054,36
spin_slow,spin,2.0,0.15,spin,2.0,0.15,9.2931,77,376021004,873,229521,148384,157039,36
spin_slow,spin,2.0,0.15,spin,2.0,0.15,9.3078,78,376030923,874,188435,148432,157046,36
spin_slow,spin,2.0,0.15,spin,2.0,0.15,9.3173,79,376043539,873,291708,148412,156989,36
spin_slow,spin,2.0,0.15,spin,2.0,0.15,9.3342,80,376054378,875,250286,148506,157006,36
spin_slow,spin,2.0,0.15,spin,2.0,0.15,9.3427,81,376064744,874,285249,148554,157018,36
spin_slow,spin,2.0,0.15,spin,2.0,0.15,9.349,82,376074017,874,291441,148553,157015,36
spin_slow,spin,2.0,0.15,spin,2.0,0.15,9.3638,83,376085969,874,282017,148666,157012,36
spin_slow,spin,2.0,0.15,spin,2.0,0.15,9.369,84,376094798,872,212456,148689,157040,36
spin_slow,spin,2.0,0.15,spin,2.0,0.15,9.3806,85,376107249,875,287822,148735,157005,36
spin_slow,spin,2.0,0.15,spin,2.0,0.15,9.3922,86,376116909,875,203013,148828,157024,36
spin_slow,spin,2.0,0.15,spin,2.0,0.15,9.4027,87,376127444,876,266828,148909,157030,36
spin_slow,spin,2.0,0.15,spin,2.0,0.15,9.4185,88,376138183,876,208172,148929,157009,36
spin_slow,spin,2.0,0.15,spin,2.0,0.15,9.4259,89,376148627,876,256434,148988,157032,36
spin_slow,spin,2.0,0.15,spin,2.0,0.15,9.4323,90,376157881,877,259298,149070,157039,36
spin_slow,spin,2.0,0.15,spin,2.0,0.15,9.4471,91,376169784,877,241115,149080,157048,36
spin_slow,spin,2.0,0.15,spin,2.0,0.15,9.4535,92,376178616,878,172310,149054,157022,36
spin_slow,spin,2.0,0.15,spin,2.0,0.15,9.4682,93,376191041,878,243258,149099,157029,36
spin_slow,spin,2.0,0.15,spin,2.0,0.15,9.4746,94,376199840,878,168715,149130,157062,36
spin_slow,spin,2.0,0.15,spin,2.0,0.15,9.4893,95,376212306,877,246441,149183,157036,36
spin_slow,spin,2.0,0.15,spin,2.0,0.15,9.4978,96,376221155,880,180252,149207,157023,36
spin_slow,spin,2.0,0.15,spin,2.0,0.15,9.5104,97,376233601,878,254477,149271,157047,36
spin_slow,spin,2.0,0.15,spin,2.0,0.15,9.5178,98,376242416,878,182807,149269,157008,36
spin_slow,spin,2.0,0.15,spin,2.0,0.15,9.5326,99,376254877,878,259567,149381,157044,36
spin_slow,spin,2.0,0.15,spin,2.0,0.15,9.5389,100,376263698,879,188750,149353,157017,36
spin_slow,spin,2.0,0.15,spin,2.0,0.15,9.5537,101,376276113,879,258137,149415,157001,36
spin_slow,spin,2.0,0.15,spin,2.0,0.15,9.559,102,376284950,880,190152,149548,157058,36
spin_slow,spin,2.0,0.15,spin,2.0,0.15,9.5791,103,376297405,879,265895,149561,157032,36
spin_slow,spin,2.0,0.15,spin,2.0,0.15,9.5875,104,376302764,880,234787,149582,157017,36
spin_slow,spin,2.0,0.15,spin,2.0,0.15,9.5907,105,376303849,880,262162,149602,157036,32
spin_slow,spin,2.0,0.15,spin,2.0,0.15,9.5907,106,376304810,879,268502,149633,157029,32
spin_slow,spin,2.0,0.15,spin,2.0,0.15,9.5949,107,376305769,880,274547,149640,157036,32
spin_slow,spin,2.0,0.15,spin,2.0,0.15,9.5971,108,376308295,882,232885,149630,157027,36
spin_slow,spin,2.0,0.15,spin,2.0,0.15,9.5971,109,376310557,882,303339,149649,157044,36
spin_slow,spin,2.0,0.15,spin,2.0,0.15,9.6076,110,376328834,880,269761,149710,157029,36
spin_slow,spin,2.0,0.15,spin,2.0,0.15,9.6076,111,376329773,888,272261,149764,157047,32
spin_slow,spin,2.0,0.15,spin,2.0,0.15,9.614,112,376338885,881,250827,149744,157025,36
spin_slow,spin,2.0,0.15,spin,2.0,0.15,9.6224,113,376348490,882,156385,149834,157019,4
spin_slow,spin,2.0,0.15,spin,2.0,0.15,9.6329,114,376359056,883,225269,149885,157012,36
spin_slow,spin,2.0,0.15,spin,2.0,0.15,9.6478,115,376369935,882,190408,149971,157025,36
spin_slow,spin,2.0,0.15,spin,2.0,0.15,9.6574,116,376382577,883,298270,150039,157016,36
spin_slow,spin,2.0,0.15,spin,2.0,0.15,9.6732,117,376393406,883,255135,150099,156997,36
spin_slow,spin,2.0,0.15,spin,2.0,0.15,9.6827,118,376403825,890,299410,150132,156992,36
spin_slow,spin,2.0,0.15,spin,2.0,0.15,9.688,119,376412718,891,241134,150218,157003,36
spin_slow,spin,2.0,0.15,spin,2.0,0.15,9.6986,120,376422290,884,298316,150272,157017,36
spin_slow,spin,2.0,0.15,spin,2.0,0.15,9.7092,121,376433053,884,243762,150251,156996,36
spin_slow,spin,2.0,0.15,spin,2.0,0.15,9.7229,122,376444856,885,208855,150350,157021,36
spin_slow,spin,2.0,0.15,spin,2.0,0.15,9.7282,123,376453850,885,167378,150432,157065,36
spin_slow,spin,2.0,0.15,spin,2.0,0.15,9.744,124,376466248,885,233390,150435,157072,36
spin_slow,spin,2.0,0.15,spin,2.0,0.15,9.7493,125,376475084,886,164931,150482,157079,36
spin_slow,spin,2.0,0.15,spin,2.0,0.15,9.7673,126,376487539,891,240588,150434,157030,36
spin_slow,spin,2.0,0.15,spin,2.0,0.15,9.7736,127,376496184,884,296815,150440,157037,36
spin_slow,spin,2.0,0.15,spin,2.0,0.15,9.7821,0,376507126,885,272518,150472,157028,36
spin_slow,spin,2.0,0.15,spin,2.0,0.15,9.7926,1,376517744,885,193402,150518,156998,36
spin_slow,spin,2.0,0.15,spin,2.0,0.15,9.8021,2,376528512,886,296528,150573,157016,36
spin_slow,spin,2.0,0.15,spin,2.0,0.15,9.82,3,376539737,887,163238,150700,157070,36
spin_slow,spin,2.0,0.15,spin,2.0,0.15,9.8274,4,376550165,886,208453,150659,157026,36
spin_slow,spin,2.0,0.15,spin,2.0,0.15,9.8338,5,376559441,887,215148,150739,157028,36
spin_slow,spin,2.0,0.15,spin,2.0,0.15,9.8485,6,376571348,894,198127,150805,157019,36
spin_slow,spin,2.0,0.15,spin,2.0,0.15,9.8548,7,376580174,890,285082,150872,157089,36
spin_slow,spin,2.0,0.15,spin,2.0,0.15,9.8695,8,376592640,888,205455,150873,157051,36
spin_slow,spin,2.0,0.15,spin,2.0,0.15,9.878,9,376601466,888,292475,150968,157070,36
spin_slow,spin,2.0,0.15,spin,2.0,0.15,9.8907,10,376613884,888,204852,150971,157033,36
spin_slow,spin,2.0,0.15,spin,2.0,0.15,9.8981,11,376622731,887,295904,150947,157006,36
spin_slow,spin,2.0,0.15,spin,2.0,0.15,9.9107,12,376635144,888,207947,151002,157024,36
spin_slow,spin,2.0,0.15,spin,2.0,0.15,9.9202,13,376645655,888,267699,151004,156988,36
spin_slow,spin,2.0,0.15,spin,2.0,0.15,9.932,14,376656522,894,231142,151058,157003,36
spin_slow,spin,2.0,0.15,spin,2.0,0.15,9.9405,15,376667344,889,186879,151158,157028,36
spin_slow,spin,2.0,0.15,spin,2.0,0.15,9.9501,16,376676486,889,171022,151200,156995,36
spin_slow,spin,2.0,0.15,spin,2.0,0.15,9.967,17,376687384,889,296376,151257,157014,36
spin_slow,spin,2.0,0.15,spin,2.0,0.15,9.9723,18,376698118,892,236842,151315,157034,36
spin_slow,spin,2.0,0.15,spin,2.0,0.15,9.983,19,376707331,890,233040,151298,157016,36
spin_slow,spin,2.0,0.15,spin,2.0,0.15,9.9947,20,376718551,893,256228,151338,156979,36
spin_slow,spin,2.0,0.15,spin,2.0,0.15,10.0021,21,376729045,891,156294,151381,156999,4
spin_slow,spin,2.0,0.15,spin,2.0,0.15,10.0138,22,376739893,894,273222,151440,157004,36
spin_slow,spin,2.0,0.15,spin,2.0,0.15,10.0244,23,376751096,891,293387,151515,157042,36
spin_slow,spin,2.0,0.15,spin,2.0,0.15,10.036,24,376761671,890,207177,151494,157023,36
spin_slow,spin,2.0,0.15,spin,2.0,0.15,10.053,25,376772417,891,306736,151562,157013,36
spin_slow,spin,2.0,0.15,spin,2.0,0.15,10.0636,26,376782962,896,215237,151544,156995,36
spin_slow,spin,2.0,0.15,spin,2.0,0.15,10.0774,27,376794028,891,212389,151631,157006,36
spin_slow,spin,2.0,0.15,spin,2.0,0.15,10.0922,28,376807910,891,217097,151662,156998,36
spin_slow,spin,2.0,0.15,spin,2.0,0.15,10.0945,29,376808847,892,219477,151663,157000,32
spin_slow,spin,2.0,0.15,spin,2.0,0.15,10.1093,30,376809812,886,226461,151719,157017,32
spin_slow,spin,2.0,0.15,spin,2.0,0.15,10.1115,31,376810748,894,228638,151687,157024,32
spin_slow,spin,2.0,0.15,spin,2.0,0.15,10.1253,32,376815004,894,167030,151738,157038,36
spin_slow,spin,2.0,0.15,spin,2.0,0.15,10.1275,33,376815037,894,172692,151738,157038,40
spin_slow,spin,2.0,0.15,spin,2.0,0.15,10.1422,34,376821531,893,177254,151763,157064,36
spin_slow,spin,2.0,0.15,spin,2.0,0.15,10.1581,35,376835054,893,277546,151785,157047,36
spin_slow,spin,2.0,0.15,spin,2.0,0.15,10.176,36,376847252,890,151806,151791,157013,4
spin_slow,spin,2.0,0.15,spin,2.0,0.15,10.2077,37,376864620,893,278372,151850,156996,36
spin_slow,spin,2.0,0.15,spin,2.0,0.15,10.2098,38,376865558,889,280904,151864,157009,32
spin_slow,spin,2.0,0.15,spin,2.0,0.15,10.214,39,376880120,893,243952,151956,157026,36
spin_slow,spin,2.0,0.15,spin,2.0,0.15,10.2172,40,376881058,896,246325,152010,157043,32
spin_slow,spin,2.0,0.15,spin,2.0,0.15,10.2225,41,376895351,895,163377,152053,157008,36
spin_slow,spin,2.0,0.15,spin,2.0,0.15,10.2278,42,376912117,899,187190,152090,157008,36
spin_slow,spin,2.0,0.15,spin,2.0,0.15,10.23,43,376913055,895,189673,152094,157011,32
spin_slow,spin,2.0,0.15,spin,2.0,0.15,10.2343,44,376926775,895,166892,152231,157034,36
spin_slow,spin,2.0,0.15,spin,2.0,0.15,10.2374,45,376955474,896,178419,152237,157002,36
spin_slow,spin,2.0,0.15,spin,2.0,0.15,10.2395,46,376956442,896,185935,152264,156991,32
spin_slow,spin,2.0,0.15,spin,2.0,0.15,10.2427,47,376957379,896,188325,152282,157009,32
spin_slow,spin,2.0,0.15,spin,2.0,0.15,10.2459,48,376970086,897,307652,152320,156969,36
spin_slow,spin,2.0,0.15,spin,2.0,0.15,10.2523,49,376975490,896,284364,152315,156964,36
spin_slow,spin,2.0,0.15,spin,2.0,0.15,10.2576,50,376984368,897,223696,152381,156993,36
spin_slow,spin,2.0,0.15,spin,2.0,0.15,10.2703,51,376994160,896,161231,152374,156986,36
spin_slow,spin,2.0,0.15,spin,2.0,0.15,10.2809,52,377006782,898,265751,152478,157015,36
spin_slow,spin,2.0,0.15,spin,2.0,0.15,10.2979,53,377017597,897,220241,152529,157027,36
spin_slow,spin,2.0,0.15,spin,2.0,0.15,10.3042,54,377028057,897,271151,152533,157032,36
spin_slow,spin,2.0,0.15,spin,2.0,0.15,10.3126,55,377037309,897,273749,152553,157012,36
spin_slow,spin,2.0,0.15,spin,2.0,0.15,10.3221,56,377047286,897,242610,152587,157047,36
spin_slow,spin,2.0,0.15,spin,2.0,0.15,10.3328,57,377057823,899,306297,152684,157031,36
spin_slow,spin,2.0,0.15,spin,2.0,0.15,10.3456,58,377069195,898,198333,152670,157016,36
spin_slow,spin,2.0,0.15,spin,2.0,0.15,10.3551,59,377081843,899,307201,152671,157017,36
spin_slow,spin,2.0,0.15,spin,2.0,0.15,10.373,60,377092671,898,263503,152676,156983,36
spin_slow,spin,2.0,0.15,spin,2.0,0.15,10.3835,61,377103109,899,153634,152754,157059,4
spin_slow,spin,2.0,0.15,spin,2.0,0.15,10.3898,62,377112659,898,206712,152746,157017,36
spin_slow,spin,2.0,0.15,spin,2.0,0.15,10.3972,63,377123647,899,190322,152795,157027,36
spin_slow,spin,2.0,0.15,spin,2.0,0.15,10.4109,64,377134270,900,268837,152886,157042,36
spin_slow,spin,2.0,0.15,spin,2.0,0.15,10.4173,65,377143096,899,198903,152885,157040,36
spin_slow,spin,2.0,0.15,spin,2.0,0.15,10.43,66,377155527,899,270611,152956,157036,36
spin_slow,spin,2.0,0.15,spin,2.0,0.15,10.447,67,377166407,900,235788,152948,157028,36
spin_slow,spin,2.0,0.15,spin,2.0,0.15,10.4565,68,377176807,900,276544,152959,157000,36
spin_slow,spin,2.0,0.15,spin,2.0,0.15,10.4639,69,377185762,900,228677,152987,156987,36
spin_slow,spin,2.0,0.15,spin,2.0,0.15,10.4692,70,377195453,900,306075,153052,157017,36
spin_slow,spin,2.0,0.15,spin,2.0,0.15,10.485,71,377208094,901,256628,153128,157056,36
spin_slow,spin,2.0,0.15,spin,2.0,0.15,10.4924,72,377216897,901,182807,153089,156977,36
spin_slow,spin,2.0,0.15,spin,2.0,0.15,10.5061,73,377229325,901,254214,153129,157018,36
spin_slow,spin,2.0,0.15,spin,2.0,0.15,10.5124,74,377238135,900,181700,153176,157027,36
spin_slow,spin,2.0,0.15,spin,2.0,0.15,10.5271,75,377250585,901,256475,153174,157024,36
spin_slow,spin,2.0,0.15,spin,2.0,0.15,10.5335,76,377259430,902,190124,153159,157009,36
spin_slow,spin,2.0,0.15,spin,2.0,0.15,10.5482,77,377271870,901,263676,153181,156993,36
spin_slow,spin,2.0,0.15,spin,2.0,0.15,10.5546,78,377280664,901,188529,153219,157031,36
spin_slow,spin,2.0,0.15,spin,2.0,0.15,10.5789,79,377293150,902,269636,153229,157003,36
spin_slow,spin,2.0,0.15,spin,2.0,0.15,10.5894,80,377307593,902,212566,153334,157033,36
spin_slow,spin,2.0,0.15,spin,2.0,0.15,10.5926,81,377308554,902,218901,153340,157039,32
spin_slow,spin,2.0,0.15,spin,2.0,0.15,10.5947,82,377309515,905,225214,153391,157051,32
spin_slow,spin,2.0,0.15,spin,2.0,0.15,10.599,83,377310456,902,228173,153344,157043,32
spin_slow,spin,2.0,0.15,spin,2.0,0.15,10.6032,84,377315467,904,294857,153376,157036,36
spin_slow,spin,2.0,0.15,spin,2.0,0.15,10.6032,85,377315500,904,300428,153376,157036,40
spin_slow,spin,2.0,0.15,spin,2.0,0.15,10.6053,86,377321559,904,231164,153399,157021,36
spin_slow,spin,2.0,0.15,spin,2.0,0.15,10.6127,87,377334532,902,238071,153448,157031,36
spin_slow,spin,2.0,0.15,spin,2.0,0.15,10.6127,88,377335496,904,244910,153513,157021,32
spin_slow,spin,2.0,0.15,spin,2.0,0.15,10.6233,89,377345303,903,184950,153542,157050,36
spin_slow,spin,2.0,0.15,spin,2.0,0.15,10.6275,90,377352873,904,215542,153586,157055,36
spin_slow,spin,2.0,0.15,spin,2.0,0.15,10.637,91,377364443,903,297861,153540,157009,36
spin_slow,spin,2.0,0.15,spin,2.0,0.15,10.6486,92,377375330,904,264543,153636,157030,36
spin_slow,spin,2.0,0.15,spin,2.0,0.15,10.6592,93,377385945,906,184556,153689,157044,36
spin_slow,spin,2.0,0.15,spin,2.0,0.15,10.6687,94,377396649,904,276787,153639,157033,36
spin_slow,spin,2.0,0.15,spin,2.0,0.15,10.6824,95,377406967,909,303503,153684,157000,36
spin_slow,spin,2.0,0.15,spin,2.0,0.15,10.6921,96,377419597,904,252328,153689,157005,36
spin_slow,spin,2.0,0.15,spin,2.0,0.15,10.7091,97,377430432,904,210151,153756,156997,36
spin_slow,spin,2.0,0.15,spin,2.0,0.15,10.7187,98,377441227,908,160843,153762,157040,36
spin_slow,spin,2.0,0.15,spin,2.0,0.15,10.724,99,377450575,905,179699,153789,157030,36
spin_slow,spin,2.0,0.15,spin,2.0,0.15,10.7399,100,377463268,905,295970,153816,157018,36
spin_slow,spin,2.0,0.15,spin,2.0,0.15,10.7453,101,377472059,905,220122,153853,157017,36
spin_slow,spin,2.0,0.15,spin,2.0,0.15,10.7548,102,377481100,904,186840,153865,157030,36
spin_slow,spin,2.0,0.15,spin,2.0,0.15,10.7729,103,377493261,906,212528,153929,157017,36
spin_slow,spin,2.0,0.15,spin,2.0,0.15,10.7771,104,377501914,904,270418,153974,157024,36
spin_slow,spin,2.0,0.15,spin,2.0,0.15,10.7877,105,377513376,906,177665,153970,157020,36
spin_slow,spin,2.0,0.15,spin,2.0,0.15,10.7973,106,377524672,906,213609,154022,157034,36
spin_slow,spin,2.0,0.15,spin,2.0,0.15,10.8142,107,377535504,908,170418,154087,157062,36
spin_slow,spin,2.0,0.15,spin,2.0,0.15,10.8227,108,377546046,907,234961,154070,157044,36
spin_slow,spin,2.0,0.15,spin,2.0,0.15,10.8301,109,377557115,907,231923,154067,157043,36
spin_slow,spin,2.0,0.15,spin,2.0,0.15,10.8471,110,377568004,906,198589,154006,157017,36
spin_slow,spin,2.0,0.15,spin,2.0,0.15,10.8545,111,377578438,906,245270,154010,157022,36
spin_slow,spin,2.0,0.15,spin,2.0,0.15,10.863,112,377587725,906,253944,154054,157027,36
spin_slow,spin,2.0,0.15,spin,2.0,0.15,10.8757,113,377599620,906,234929,154036,157010,36
spin_slow,spin,2.0,0.15,spin,2.0,0.15,10.8821,114,377608462,906,167838,154074,157010,36
spin_slow,spin,2.0,0.15,spin,2.0,0.15,10.898,115,377620894,909,239753,154187,157046,36
spin_slow,spin,2.0,0.15,spin,2.0,0.15,10.9033,116,377629690,906,164600,154213,157034,36
spin_slow,spin,2.0,0.15,spin,2.0,0.15,10.9224,117,377642838,908,201417,154335,157042,36
spin_slow,spin,2.0,0.15,spin,2.0,0.15,10.9278,118,377651584,908,274785,154350,157019,36
spin_slow,spin,2.0,0.15,spin,2.0,0.15,10.9374,119,377662276,909,208095,154494,157049,36
spin_slow,spin,2.0,0.15,spin,2.0,0.15,10.9501,120,377674696,916,278273,154492,157008,36
spin_slow,spin,2.0,0.15,spin,2.0,0.15,10.9576,121,377683520,908,208258,154516,156994,36
spin_slow,spin,2.0,0.15,spin,2.0,0.15,10.9682,122,377693254,910,292755,154649,157051,36
spin_slow,spin,2.0,0.15,spin,2.0,0.15,10.9799,123,377704247,910,276975,154682,157046,36
spin_slow,spin,2.0,0.15,spin,2.0,0.15,10.9873,124,377714797,911,186056,154694,157058,36
spin_slow,spin,2.0,0.15,spin,2.0,0.15,10.999,125,377725654,910,304270,154735,157023,36
spin_slow,spin,2.0,0.15,spin,2.0,0.15,11.0139,126,377736877,911,170781,154743,157031,36
spin_slow,spin,2.0,0.15,spin,2.0,0.15,11.0192,127,377747289,911,213394,154784,157034,36
spin_slow,spin,2.0,0.15,spin,2.0,0.15,11.0342,0,377758518,911,237790,154855,157029,36
spin_slow,spin,2.0,0.15,spin,2.0,0.15,11.0448,1,377771129,912,183039,154921,157057,36
spin_slow,spin,2.0,0.15,spin,2.0,0.15,11.0544,2,377781072,911,302925,154987,157046,36
spin_slow,spin,2.0,0.15,spin,2.0,0.15,11.0682,3,377791964,912,270354,155044,157026,36
spin_slow,spin,2.0,0.15,spin,2.0,0.15,11.0883,4,377808114,912,189008,155116,157023,36
spin_slow,spin,2.0,0.15,spin,2.0,0.15,11.0904,5,377809078,911,195898,155129,157035,32
spin_slow,spin,2.0,0.15,spin,2.0,0.15,11.0947,6,377810011,913,197389,155183,157051,32
spin_slow,spin,2.0,0.15,spin,2.0,0.15,11.0947,7,377810974,917,204151,155158,157064,32
spin_slow,spin,2.0,0.15,spin,2.0,0.15,11.1032,8,377815988,914,271121,155176,157045,36
spin_slow,spin,2.0,0.15,spin,2.0,0.15,11.1032,9,377816022,914,276834,155176,157045,40
spin_slow,spin,2.0,0.15,spin,2.0,0.15,11.1054,10,377816948,915,277230,155179,157048,32
spin_slow,spin,2.0,0.15,spin,2.0,0.15,11.1149,11,377834258,912,235899,155225,157055,36
spin_slow,spin,2.0,0.15,spin,2.0,0.15,11.1149,12,377835219,913,242359,155230,157022,32
spin_slow,spin,2.0,0.15,spin,2.0,0.15,11.1224,13,377845012,913,179767,155298,157051,36
spin_slow,spin,2.0,0.15,spin,2.0,0.15,11.1277,14,377853957,915,286882,155350,157066,36
spin_slow,spin,2.0,0.15,spin,2.0,0.15,11.1373,15,377863228,913,292313,155317,157033,36
spin_slow,spin,2.0,0.15,spin,2.0,0.15,11.1479,16,377874726,915,205391,155318,157033,36
spin_slow,spin,2.0,0.15,spin,2.0,0.15,11.1627,17,377886152,914,263304,155365,157043,36
spin_slow,spin,2.0,0.15,spin,2.0,0.15,11.1722,18,377898753,915,206876,155474,157075,36
spin_slow,spin,2.0,0.15,spin,2.0,0.15,11.1881,19,377909585,916,163290,155476,157078,36
spin_slow,spin,2.0,0.15,spin,2.0,0.15,11.1977,20,377920021,915,209548,155478,157041,36
spin_slow,spin,2.0,0.15,spin,2.0,0.15,11.2041,21,377928960,915,158411,155596,157083,36
spin_slow,spin,2.0,0.15,spin,2.0,0.15,11.2147,22,377938538,915,215960,155561,157047,36
spin_slow,spin,2.0,0.15,spin,2.0,0.15,11.2242,23,377951278,916,183444,155613,157023,36
spin_slow,spin,2.0,0.15,spin,2.0,0.15,11.2413,24,377962130,917,300909,155666,157038,36
spin_slow,spin,2.0,0.15,spin,2.0,0.15,11.2498,25,377972880,916,244209,155716,157012,36
spin_slow,spin,2.0,0.15,spin,2.0,0.15,11.2541,26,377980083,916,212410,155755,157013,36
spin_slow,spin,2.0,0.15,spin,2.0,0.15,11.2679,27,377992420,916,268154,155815,157035,36
spin_slow,spin,2.0,0.15,spin,2.0,0.15,11.2774,28,378005091,918,223512,155920,157064,36
spin_slow,spin,2.0,0.15,spin,2.0,0.15,11.2944,29,378015912,918,178332,155949,157055,36
spin_slow,spin,2.0,0.15,spin,2.0,0.15,11.3039,30,378026363,919,227484,156005,157074,36
spin_slow,spin,2.0,0.15,spin,2.0,0.15,11.3103,31,378034896,919,264783,155983,157013,36
spin_slow,spin,2.0,0.15,spin,2.0,0.15,11.3177,32,378044029,919,247320,155991,156982,36
spin_slow,spin,2.0,0.15,spin,2.0,0.15,11.3305,33,378055006,920,229431,156012,157003,38
spin_slow,spin,2.0,0.15,spin,2.0,0.15,11.3411,34,378067633,920,177695,156157,157034,38
spin_slow,spin,2.0,0.15,spin,2.0,0.15,11.3571,35,378078468,917,292018,156180,157057,36
spin_slow,spin,2.0,0.15,spin,2.0,0.15,11.3635,36,378088992,920,196556,156208,157008,38
spin_slow,spin,2.0,0.15,spin,2.0,0.15,11.3698,37,378098521,920,246136,156263,157026,38
spin_slow,spin,2.0,0.15,spin,2.0,0.15,11.3848,38,378108826,921,270783,156278,157003,38
spin_slow,spin,2.0,0.15,spin,2.0,0.15,11.3954,39,378121429,921,214861,156399,157048,38
spin_slow,spin,2.0,0.15,spin,2.0,0.15,11.4124,40,378132556,920,222340,156412,157023,38
spin_slow,spin,2.0,0.15,spin,2.0,0.15,11.4293,41,378147453,920,242247,156539,157035,38
spin_slow,spin,2.0,0.15,spin,2.0,0.15,11.4431,42,378150734,920,171848,156580,157038,38
spin_slow,spin,2.0,0.15,spin,2.0,0.15,11.4486,43,378163797,920,194142,156620,157040,38
spin_slow,spin,2.0,0.15,spin,2.0,0.15,11.4529,44,378180019,920,282123,156678,157021,38
spin_slow,spin,2.0,0.15,spin,2.0,0.15,11.455,45,378182659,920,259784,156663,157006,38
spin_slow,spin,2.0,0.15,spin,2.0,0.15,11.4762,46,378193330,920,189521,156739,157044,38
spin_slow,spin,2.0,0.15,spin,2.0,0.15,11.4921,47,378212534,3,156032,608,157033,4
spin_slow,spin,2.0,0.15,spin,2.0,0.15,11.5081,48,378215066,3,115208,608,157075,4
spin_slow,spin,2.0,0.15,spin,2.0,0.15,11.5124,49,378228804,3,94308,684,157096,4
spin_slow,spin,2.0,0.15,spin,2.0,0.15,11.5274,50,378247661,3,2020,760,157018,4
spin_slow,spin,2.0,0.15,spin,2.0,0.15,11.5274,51,378248618,11,7640,799,157026,0
spin_slow,spin,2.0,0.15,spin,2.0,0.15,11.536,52,378258794,4,10316,837,157026,4
spin_slow,spin,2.0,0.15,spin,2.0,0.15,11.5402,53,378268311,4,57760,913,157025,4
spin_slow,spin,2.0,0.15,spin,2.0,0.15,11.5521,54,378278820,4,116884,989,157070,4
spin_slow,spin,2.0,0.15,spin,2.0,0.15,11.567,55,378290240,5,16582,1027,157022,4
spin_slow,spin,2.0,0.15,spin,2.0,0.15,11.5882,56,378308383,6,116885,1142,157066,4
spin_slow,spin,2.0,0.15,spin,2.0,0.15,11.5903,57,378309333,924,121217,1180,157063,2
spin_slow,spin,2.0,0.15,spin,2.0,0.15,11.5946,58,378310285,8,126098,1180,157066,0
spin_slow,spin,2.0,0.15,spin,2.0,0.15,11.5946,59,378311234,5,130250,1180,157065,0
spin_slow,spin,2.0,0.15,spin,2.0,0.15,11.6031,60,378316257,6,41965,1180,157025,4
spin_slow,spin,2.0,0.15,spin,2.0,0.15,11.6031,61,378316290,6,47536,1180,157025,8
spin_slow,spin,2.0,0.15,spin,2.0,0.15,11.6053,62,378317564,6,107213,1218,157014,0
spin_slow,spin,2.0,0.15,spin,2.0,0.15,11.6139,63,378334480,8,156235,1257,157039,4
spin_slow,spin,2.0,0.15,spin,2.0,0.15,11.6139,64,378335442,10,5698,1294,157037,4
spin_slow,spin,2.0,0.15,spin,2.0,0.15,11.6225,65,378346127,8,94367,1332,157060,4
spin_slow,spin,2.0,0.15,spin,2.0,0.15,11.6278,66,378353656,7,117820,1371,157048,4
spin_slow,spin,2.0,0.15,spin,2.0,0.15,11.6406,67,378365823,7,144918,1332,157012,4
spin_slow,spin,2.0,0.15,spin,2.0,0.15,11.6492,68,378376376,8,54600,1409,157019,4
spin_slow,spin,2.0,0.15,spin,2.0,0.15,11.6598,69,378386797,9,98783,1446,157039,4
spin_slow,spin,2.0,0.15,spin,2.0,0.15,11.6768,70,378397509,5,35178,1484,157027,4
spin_slow,spin,2.0,0.15,spin,2.0,0.15,11.6886,71,378407950,9,82762,1523,157011,4
spin_slow,spin,2.0,0.15,spin,2.0,0.15,11.6908,72,378417382,8,115872,1560,157043,4
spin_slow,spin,2.0,0.15,spin,2.0,0.15,11.7025,73,378428773,9,10878,1637,157044,4
spin_slow,spin,2.0,0.15,spin,2.0,0.15,11.7121,74,378439313,9,75319,1675,157015,4
spin_slow,spin,2.0,0.15,spin,2.0,0.15,11.7227,75,378450043,9,14958,1713,157050,4
spin_slow,spin,2.0,0.15,spin,2.0,0.15,11.7376,76,378461257,10,36520,1753,157076,4
spin_slow,spin,2.0,0.15,spin,2.0,0.15,11.7461,77,378471664,10,78278,1789,157021,4
spin_slow,spin,2.0,0.15,spin,2.0,0.15,11.7556,78,378482988,10,119078,1828,157069,4
spin_slow,spin,2.0,0.15,spin,2.0,0.15,11.7724,79,378493834,9,78062,1865,157030,4
spin_slow,spin,2.0,0.15,spin,2.0,0.15,11.7798,80,378504285,10,127601,1942,157011,4
spin_slow,spin,2.0,0.15,spin,2.0,0.15,11.7872,81,378513536,11,129891,1942,157032,4
spin_slow,spin,2.0,0.15,spin,2.0,0.15,11.8009,82,378525416,13,108129,1942,157025,4
spin_slow,spin,2.0,0.15,spin,2.0,0.15,11.8072,83,378534265,11,41912,1980,157009,4
spin_slow,spin,2.0,0.15,spin,2.0,0.15,11.823,84,378546706,12,115652,2019,157035,4
spin_slow,spin,2.0,0.15,spin,2.0,0.15,11.8283,85,378555512,11,42197,2019,157064,4
spin_slow,spin,2.0,0.15,spin,2.0,0.15,11.8431,86,378567969,12,118325,2095,157025,4
spin_slow,spin,2.0,0.15,spin,2.0,0.15,11.8494,87,378576762,13,42681,2095,157035,4
spin_slow,spin,2.0,0.15,spin,2.0,0.15,11.8643,88,378589242,13,122685,2170,157062,4
spin_slow,spin,2.0,0.15,spin,2.0,0.15,11.8738,89,378598095,14,57077,2209,157064,4
spin_slow,spin,2.0,0.15,spin,2.0,0.15,11.8854,90,378610494,19,122936,2285,157040,4
spin_slow,spin,2.0,0.15,spin,2.0,0.15,11.8928,91,378619307,14,50701,2324,157065,4
spin_slow,spin,2.0,0.15,spin,2.0,0.15,11.9075,92,378631775,15,128737,2400,157020,4
spin_slow,spin,2.0,0.15,spin,2.0,0.15,11.9139,93,378640570,15,53623,2476,157019,4
spin_slow,spin,2.0,0.15,spin,2.0,0.15,11.9297,94,378653059,15,135369,2551,157021,4
spin_slow,spin,2.0,0.15,spin,2.0,0.15,11.935,95,378661840,13,57561,2553,157063,4
spin_slow,spin,2.0,0.15,spin,2.0,0.15,11.9498,96,378674307,15,135408,2590,157013,4
spin_slow,spin,2.0,0.15,spin,2.0,0.15,11.9572,97,378683142,15,67110,2667,157023,4
spin_slow,spin,2.0,0.15,spin,2.0,0.15,11.9709,98,378695569,23,137901,2668,157051,4
spin_slow,spin,2.0,0.15,spin,2.0,0.15,11.9773,99,378704394,17,67438,2704,157055,4
spin_slow,spin,2.0,0.15,spin,2.0,0.15,11.9899,100,378716842,16,141847,2706,157059,4
spin_slow,spin,2.0,0.15,spin,2.0,0.15,12.0069,101,378727746,16,110859,2781,157038,4
spin_slow,spin,2.0,0.15,spin,2.0,0.15,12.0164,102,378738173,23,156053,2782,157064,4
spin_slow,spin,2.0,0.15,spin,2.0,0.15,12.0238,103,378747104,16,103626,2782,157072,4
spin_slow,spin,2.0,0.15,spin,2.0,0.15,12.0291,104,378756772,17,19606,2820,157055,4
spin_slow,spin,2.0,0.15,spin,2.0,0.15,12.0449,105,378769378,10,120936,2895,157064,4
spin_slow,spin,2.0,0.15,spin,2.0,0.15,12.0533,106,378778195,24,49282,2895,157026,4
spin_slow,spin,2.0,0.15,spin,2.0,0.15,12.063,107,378790364,18,76381,3011,157046,4
spin_slow,spin,2.0,0.15,spin,2.0,0.15,12.0822,108,378800880,18,136508,3010,157059,4
spin_slow,spin,2.0,0.15,spin,2.0,0.15,12.0929,109,378811529,13,62319,3085,157013,4
spin_slow,spin,2.0,0.15,spin,2.0,0.15,12.0993,110,378812487,18,68060,3049,157003,0
spin_slow,spin,2.0,0.15,spin,2.0,0.15,12.0993,111,378813446,20,74190,3085,157016,0
spin_slow,spin,2.0,0.15,spin,2.0,0.15,12.1014,112,378814399,19,79099,3086,157027,0
spin_slow,spin,2.0,0.15,spin,2.0,0.15,12.1014,113,378816280,17,84877,3086,157029,4
spin_slow,spin,2.0,0.15,spin,2.0,0.15,12.1047,114,378818709,17,26612,3048,157041,4
spin_slow,spin,2.0,0.15,spin,2.0,0.15,12.1079,115,378824192,17,16582,3125,157038,4
spin_slow,spin,2.0,0.15,spin,2.0,0.15,12.11,116,378838107,19,26283,3200,157042,4
spin_slow,spin,2.0,0.15,spin,2.0,0.15,12.1197,117,378843664,18,28731,3162,157038,4
spin_slow,spin,2.0,0.15,spin,2.0,0.15,12.126,118,378852959,19,38370,3238,157040,4
spin_slow,spin,2.0,0.15,spin,2.0,0.15,12.143,119,378865746,20,13703,3276,157043,4
spin_slow,spin,2.0,0.15,spin,2.0,0.15,12.1483,120,378874571,20,100649,3314,157020,4
spin_slow,spin,2.0,0.15,spin,2.0,0.15,12.1558,121,378883880,19,112790,3313,157005,4
spin_slow,spin,2.0,0.15,spin,2.0,0.15,12.1675,122,378894245,20,147722,3390,157032,4
spin_slow,spin,2.0,0.15,spin,2.0,0.15,12.1812,123,378905781,20,67422,3391,157031,4
spin_slow,spin,2.0,0.15,spin,2.0,0.15,12.1907,124,378918396,21,13175,3467,157058,4
spin_slow,spin,2.0,0.15,spin,2.0,0.15,12.2075,125,378929235,21,128094,3506,157042,4
spin_slow,spin,2.0,0.15,spin,2.0,0.15,12.217,126,378939749,20,30906,3543,157046,4
spin_slow,spin,2.0,0.15,spin,2.0,0.15,12.2287,127,378948727,21,143844,3581,157018,4
spin_slow,spin,2.0,0.15,spin,2.0,0.15,12.2329,0,378958260,21,37346,3581,157018,4
spin_slow,spin,2.0,0.15,spin,2.0,0.15,12.2424,1,378968547,21,58799,3659,157050,4
spin_slow,spin,2.0,0.15,spin,2.0,0.15,12.253,2,378980939,16,123668,3696,157073,4
spin_slow,spin,2.0,0.15,spin,2.0,0.15,12.2698,3,378991793,22,84576,3734,157003,4
spin_slow,spin,2.0,0.15,spin,2.0,0.15,12.2751,4,379002546,22,28246,3772,157066,4
spin_slow,spin,2.0,0.15,spin,2.0,0.15,12.2835,5,379011758,24,23722,3773,157039,4
spin_slow,spin,2.0,0.15,spin,2.0,0.15,12.2975,6,379022957,24,42854,3848,157086,4
spin_slow,spin,2.0,0.15,spin,2.0,0.15,12.3059,7,379033465,23,101618,3887,157056,4
spin_slow,spin,2.0,0.15,spin,2.0,0.15,12.3229,8,379044317,25,61459,3926,157078,4
spin_slow,spin,2.0,0.15,spin,2.0,0.15,12.3335,9,379054788,30,113646,3965,157091,4
spin_slow,spin,2.0,0.15,spin,2.0,0.15,12.3399,10,379064117,30,128738,3962,157053,4
spin_slow,spin,2.0,0.15,spin,2.0,0.15,12.3472,11,379075663,25,50231,4039,157014,4
spin_slow,spin,2.0,0.15,spin,2.0,0.15,12.3588,12,379086145,18,104858,4077,157058,4
spin_slow,spin,2.0,0.15,spin,2.0,0.15,12.3746,13,379096878,24,44832,4116,157063,4
spin_slow,spin,2.0,0.15,spin,2.0,0.15,12.3852,14,379107430,24,110912,4116,157054,4
spin_slow,spin,2.0,0.15,spin,2.0,0.15,12.3936,15,379118474,24,103717,4114,157017,4
spin_slow,spin,2.0,0.15,spin,2.0,0.15,12.3999,16,379127774,25,114354,4076,157006,4
spin_slow,spin,2.0,0.15,spin,2.0,0.15,12.4147,17,379139739,20,106767,4154,157045,4
spin_slow,spin,2.0,0.15,spin,2.0,0.15,12.4221,18,379148594,23,41656,4153,157037,4
spin_slow,spin,2.0,0.15,spin,2.0,0.15,12.4358,19,379160983,21,106256,4192,157048,4
spin_slow,spin,2.0,0.15,spin,2.0,0.15,12.4422,20,379169793,25,33356,4231,157075,4
spin_slow,spin,2.0,0.15,spin,2.0,0.15,12.4548,21,379182262,28,111458,4266,157025,4
spin_slow,spin,2.0,0.15,spin,2.0,0.15,12.4706,22,379193181,25,83173,4308,157051,4
spin_slow,spin,2.0,0.15,spin,2.0,0.15,12.479,23,379203606,32,127875,4344,157031,4
spin_slow,spin,2.0,0.15,spin,2.0,0.15,12.4843,24,379212891,20,136118,4382,157006,4
spin_slow,spin,2.0,0.15,spin,2.0,0.15,12.4991,25,379224829,20,124468,4420,157008,4
spin_slow,spin,2.0,0.15,spin,2.0,0.15,12.5075,26,379233600,27,45187,4458,157021,4
spin_slow,spin,2.0,0.15,spin,2.0,0.15,12.5201,27,379246053,26,120686,4460,157056,4
spin_slow,spin,2.0,0.15,spin,2.0,0.15,12.5275,28,379254909,26,55932,4459,157037,4
spin_slow,spin,2.0,0.15,spin,2.0,0.15,12.5423,29,379267333,33,126672,4535,157012,4
spin_slow,spin,2.0,0.15,spin,2.0,0.15,12.5487,30,379276189,27,61598,4496,157044,4
spin_slow,spin,2.0,0.15,spin,2.0,0.15,12.5637,31,379288592,27,128799,4572,157033,4
spin_slow,spin,2.0,0.15,spin,2.0,0.15,12.57,32,379297404,27,56333,4574,157016,4
spin_slow,spin,2.0,0.15,spin,2.0,0.15,12.5953,33,379313027,28,42740,4612,157052,4
spin_slow,spin,2.0,0.15,spin,2.0,0.15,12.5953,34,379313992,28,49726,4650,157065,0
spin_slow,spin,2.0,0.15,spin,2.0,0.15,12.5985,35,379314923,28,50937,4650,157052,0
spin_slow,spin,2.0,0.15,spin,2.0,0.15,12.6006,36,379315872,29,55249,4648,157038,0
spin_slow,spin,2.0,0.15,spin,2.0,0.15,12.608,37,379318554,26,40119,4688,157023,4
spin_slow,spin,2.0,0.15,spin,2.0,0.15,12.608,38,379320555,28,66210,4612,157049,4
spin_slow,spin,2.0,0.15,spin,2.0,0.15,12.6101,39,379326038,26,56045,4650,157036,4
spin_slow,spin,2.0,0.15,spin,2.0,0.15,12.6186,40,379339929,30,62025,4688,157032,4
spin_slow,spin,2.0,0.15,spin,2.0,0.15,12.6186,41,379340867,28,64416,4686,157036,0
spin_slow,spin,2.0,0.15,spin,2.0,0.15,12.625,42,379351763,28,32248,4763,157020,4
spin_slow,spin,2.0,0.15,spin,2.0,0.15,12.6324,43,379361178,25,62384,4765,157049,4
spin_slow,spin,2.0,0.15,spin,2.0,0.15,12.6493,44,379372102,23,35171,4840,157025,4
spin_slow,spin,2.0,0.15,spin,2.0,0.15,12.6546,45,379382497,29,75203,4837,156980,4
spin_slow,spin,2.0,0.15,spin,2.0,0.15,12.6651,46,379393868,28,124488,4914,156959,4
spin_slow,spin,2.0,0.15,spin,2.0,0.15,12.682,47,379404621,36,68655,4952,157016,4
spin_slow,spin,2.0,0.15,spin,2.0,0.15,12.6926,48,379415074,30,118350,4991,156989,4
spin_slow,spin,2.0,0.15,spin,2.0,0.15,12.6979,49,379424364,31,127709,5028,157000,4
spin_slow,spin,2.0,0.15,spin,2.0,0.15,12.7211,50,379434527,31,128312,5028,156973,4
spin_slow,spin,2.0,0.15,spin,2.0,0.15,12.739,51,379460824,30,45315,5068,157046,4
spin_slow,spin,2.0,0.15,spin,2.0,0.15,12.7527,52,379461760,31,47430,5069,157023,0
spin_slow,spin,2.0,0.15,spin,2.0,0.15,12.7684,53,379476248,31,154903,5107,157028,4
spin_slow,spin,2.0,0.15,spin,2.0,0.15,12.7684,54,379477222,30,6472,5107,157049,4
spin_slow,spin,2.0,0.15,spin,2.0,0.15,12.7843,55,379489875,30,116082,5144,157036,4
spin_slow,spin,2.0,0.15,spin,2.0,0.15,12.8022,56,379507474,31,124218,5221,157063,4
spin_slow,spin,2.0,0.15,spin,2.0,0.15,12.8022,57,379508437,30,130827,5221,157050,0
spin_slow,spin,2.0,0.15,spin,2.0,0.15,12.8191,58,379522374,31,144766,5258,156998,4
spin_slow,spin,2.0,0.15,spin,2.0,0.15,12.8359,59,379540034,28,6427,5335,157047,4
spin_slow,spin,2.0,0.15,spin,2.0,0.15,12.8381,60,379540972,32,8871,5335,157021,0
spin_slow,spin,2.0,0.15,spin,2.0,0.15,12.8402,61,379554827,32,8699,5412,157038,4
spin_slow,spin,2.0,0.15,spin,2.0,0.15,12.8434,62,379571237,34,128807,5449,157038,4
spin_slow,spin,2.0,0.15,spin,2.0,0.15,12.8487,63,379573890,30,108634,5449,157027,4
spin_slow,spin,2.0,0.15,spin,2.0,0.15,12.8529,64,379582503,33,159823,5487,157018,36
spin_slow,spin,2.0,0.15,spin,2.0,0.15,12.8676,65,379592569,32,143787,5488,157046,4
spin_slow,spin,2.0,0.15,spin,2.0,0.15,12.8771,66,379605198,32,92241,5489,157058,4
spin_slow,spin,2.0,0.15,spin,2.0,0.15,12.8877,67,379615310,33,83719,5487,157007,4
spin_slow,spin,2.0,0.15,spin,2.0,0.15,12.8971,68,379626482,32,98727,5526,157026,4
spin_slow,spin,2.0,0.15,spin,2.0,0.15,12.915,69,379637322,32,57099,5562,157020,4
spin_slow,spin,2.0,0.15,spin,2.0,0.15,12.9266,70,379647827,33,115945,5640,156991,4
spin_slow,spin,2.0,0.15,spin,2.0,0.15,12.9308,71,379657038,34,111558,5717,157007,4
spin_slow,spin,2.0,0.15,spin,2.0,0.15,12.9382,72,379667965,34,84616,5794,157055,4
spin_slow,spin,2.0,0.15,spin,2.0,0.15,12.9541,73,379678894,35,58119,5868,157029,4
spin_slow,spin,2.0,0.15,spin,2.0,0.15,12.9594,74,379687760,33,151930,5947,157047,4
spin_slow,spin,2.0,0.15,spin,2.0,0.15,12.9741,75,379700168,29,63154,6059,157003,4
spin_slow,spin,2.0,0.15,spin,2.0,0.15,12.9826,76,379708990,36,149729,6096,157001,4
spin_slow,spin,2.0,0.15,spin,2.0,0.15,12.9952,77,379721449,36,69882,6133,156990,4
spin_slow,spin,2.0,0.15,spin,2.0,0.15,13.0026,78,379730276,43,157806,6134,156984,36
spin_slow,spin,2.0,0.15,spin,2.0,0.15,13.0174,79,379742676,42,67871,6175,156991,4
spin_slow,spin,2.0,0.15,spin,2.0,0.15,13.0237,80,379751517,37,157842,6171,156972,36
spin_slow,spin,2.0,0.15,spin,2.0,0.15,13.0385,81,379763948,37,73355,6172,156991,4
spin_slow,spin,2.0,0.15,spin,2.0,0.15,13.0448,82,379772754,38,157781,6170,156913,36
spin_slow,spin,2.0,0.15,spin,2.0,0.15,13.0596,83,379785201,36,76047,6212,156996,4
spin_slow,spin,2.0,0.15,spin,2.0,0.15,13.067,84,379794055,37,11213,6288,157016,4
spin_slow,spin,2.0,0.15,spin,2.0,0.15,13.0944,85,379811731,38,32851,6364,157005,4
spin_slow,spin,2.0,0.15,spin,2.0,0.15,13.0944,86,379812962,40,85135,6402,157007,0
spin_slow,spin,2.0,0.15,spin,2.0,0.15,13.0987,87,379813892,37,86302,6325,156989,0
spin_slow,spin,2.0,0.15,spin,2.0,0.15,13.1009,88,379814854,35,92820,6364,156983,0
spin_slow,spin,2.0,0.15,spin,2.0,0.15,13.1009,89,379817262,36,31276,6365,156980,4
spin_slow,spin,2.0,0.15,spin,2.0,0.15,13.104,90,379819603,36,115284,6363,156997,4
spin_slow,spin,2.0,0.15,spin,2.0,0.15,13.1051,91,379825086,37,105322,6441,157011,4
spin_slow,spin,2.0,0.15,spin,2.0,0.15,13.1125,92,379839028,38,119967,6481,157006,4
spin_slow,spin,2.0,0.15,spin,2.0,0.15,13.1146,93,379839990,38,126467,6479,157032,0
spin_slow,spin,2.0,0.15,spin,2.0,0.15,13.1241,94,379849124,39,108894,6515,157026,4
spin_slow,spin,2.0,0.15,spin,2.0,0.15,13.1284,95,379856382,39,86455,6595,157031,4
spin_slow,spin,2.0,0.15,spin,2.0,0.15,13.14,96,379866610,39,98154,6668,157006,4
spin_slow,spin,2.0,0.15,spin,2.0,0.15,13.1495,97,379877862,42,126849,6708,157000,4
spin_slow,spin,2.0,0.15,spin,2.0,0.15,13.16,98,379888729,37,89927,6784,157037,4
spin_slow,spin,2.0,0.15,spin,2.0,0.15,13.1779,99,379899923,34,108781,6861,157043,4
spin_slow,spin,2.0,0.15,spin,2.0,0.15,13.1842,100,379910321,40,149018,6900,157037,4
spin_slow,spin,2.0,0.15,spin,2.0,0.15,13.1927,101,379919668,48,10411,6900,157042,4
spin_slow,spin,2.0,0.15,spin,2.0,0.15,13.2021,102,379931550,41,146370,6933,156972,4
spin_slow,spin,2.0,0.15,spin,2.0,0.15,13.2179,103,379942818,42,20842,7010,157016,4
spin_slow,spin,2.0,0.15,spin,2.0,0.15,13.2232,104,379951629,42,105399,7012,157032,4
spin_slow,spin,2.0,0.15,spin,2.0,0.15,13.239,105,379964080,41,24011,7049,157019,4
spin_slow,spin,2.0,0.15,spin,2.0,0.15,13.2443,106,379972908,41,111844,7088,157005,4
spin_slow,spin,2.0,0.15,spin,2.0,0.15,13.2591,107,379985363,42,30867,7127,157005,4
spin_slow,spin,2.0,0.15,spin,2.0,0.15,13.2675,108,379994167,43,114487,7162,156972,4
spin_slow,spin,2.0,0.15,spin,2.0,0.15,13.2822,109,380006614,43,32720,7203,157001,4
spin_slow,spin,2.0,0.15,spin,2.0,0.15,13.2938,110,380015462,43,123719,7278,156982,4
spin_slow,spin,2.0,0.15,spin,2.0,0.15,13.2981,111,380024776,41,137177,7356,157033,4
spin_slow,spin,2.0,0.15,spin,2.0,0.15,13.3087,112,380035670,43,104904,7357,157031,4
spin_slow,spin,2.0,0.15,spin,2.0,0.15,13.3193,113,380046746,43,103767,7431,156980,4
spin_slow,spin,2.0,0.15,spin,2.0,0.15,13.3288,114,380057584,44,62137,7471,157032,4
spin_slow,spin,2.0,0.15,spin,2.0,0.15,13.3457,115,380068825,44,88965,7507,156995,4
spin_slow,spin,2.0,0.15,spin,2.0,0.15,13.3584,116,380079288,45,140522,7585,156987,4
spin_slow,spin,2.0,0.15,spin,2.0,0.15,13.3605,117,380088605,44,154456,7618,156975,4
spin_slow,spin,2.0,0.15,spin,2.0,0.15,13.3721,118,380100408,47,120085,7622,157035,4
spin_slow,spin,2.0,0.15,spin,2.0,0.15,13.389,119,380111245,45,78407,7734,156977,4
spin_slow,spin,2.0,0.15,spin,2.0,0.15,13.3942,120,380121679,46,125699,7734,156969,4
spin_slow,spin,2.0,0.15,spin,2.0,0.15,13.4027,121,380130941,52,130487,7735,156971,4
spin_slow,spin,2.0,0.15,spin,2.0,0.15,13.4122,122,380141447,46,32415,7853,157028,4
spin_slow,spin,2.0,0.15,spin,2.0,0.15,13.428,123,380152960,42,105705,7889,156997,4
spin_slow,spin,2.0,0.15,spin,2.0,0.15,13.4375,124,380165600,50,56857,7964,156988,4
spin_slow,spin,2.0,0.15,spin,2.0,0.15,13.4502,125,380177256,47,154459,8040,157002,4
spin_slow,spin,2.0,0.15,spin,2.0,0.15,13.466,126,380186052,48,79659,8115,156992,4
spin_slow,spin,2.0,0.15,spin,2.0,0.15,13.4724,127,380195231,48,69867,8234,157023,4
spin_slow,spin,2.0,0.15,spin,2.0,0.15,13.4787,0,380206935,42,18121,8271,157024,4
spin_slow,spin,2.0,0.15,spin,2.0,0.15,13.4871,1,380216128,49,10661,8348,157007,4
spin_slow,spin,2.0,0.15,spin,2.0,0.15,13.4988,2,380226861,50,108511,8422,157000,4
spin_slow,spin,2.0,0.15,spin,2.0,0.15,13.5146,3,380237704,50,67780,8422,157009,4
spin_slow,spin,2.0,0.15,spin,2.0,0.15,13.5251,4,380248238,50,131491,8502,157046,4
spin_slow,spin,2.0,0.15,spin,2.0,0.15,13.5336,5,380259263,50,121501,8459,157005,4
spin_slow,spin,2.0,0.15,spin,2.0,0.15,13.5399,6,380268489,49,119787,8458,156989,4
spin_slow,spin,2.0,0.15,spin,2.0,0.15,13.5546,7,380280555,51,130387,8497,156965,4
spin_slow,spin,2.0,0.15,spin,2.0,0.15,13.5631,8,380289402,50,64454,8500,157004,4
spin_slow,spin,2.0,0.15,spin,2.0,0.15,13.579,9,380301832,50,136420,8534,156968,4
spin_slow,spin,2.0,0.15,spin,2.0,0.15,13.5938,10,380312835,50,123013,8576,156991,4
spin_slow,spin,2.0,0.15,spin,2.0,0.15,13.598,11,380313780,51,126739,8613,157015,0
spin_slow,spin,2.0,0.15,spin,2.0,0.15,13.5991,12,380314713,53,128295,8575,157017,0
spin_slow,spin,2.0,0.15,spin,2.0,0.15,13.5991,13,380318501,52,144124,8615,157033,4
spin_slow,spin,2.0,0.15,spin,2.0,0.15,13.6023,14,380319444,50,147420,8614,157026,0
spin_slow,spin,2.0,0.15,spin,2.0,0.15,13.6023,15,380322288,50,159997,8613,157015,36
spin_slow,spin,2.0,0.15,spin,2.0,0.15,13.6107,16,380322326,51,9412,8612,157015,0
spin_slow,spin,2.0,0.15,spin,2.0,0.15,13.6128,17,380339818,50,156728,8726,157025,4
spin_slow,spin,2.0,0.15,spin,2.0,0.15,13.6181,18,380345215,51,132191,8766,157007,4
spin_slow,spin,2.0,0.15,spin,2.0,0.15,13.6297,19,380355197,57,102127,8804,156994,4
spin_slow,spin,2.0,0.15,spin,2.0,0.15,13.6351,20,380364098,53,45162,8808,157071,4
spin_slow,spin,2.0,0.15,spin,2.0,0.15,13.6457,21,380373690,53,105396,8921,157043,4
spin_slow,spin,2.0,0.15,spin,2.0,0.15,13.6563,22,380384233,52,13361,8958,157034,4
spin_slow,spin,2.0,0.15,spin,2.0,0.15,13.6679,23,380395592,52,59994,8993,156995,4
spin_slow,spin,2.0,0.15,spin,2.0,0.15,13.6806,24,380407569,54,55120,8993,157002,4
spin_slow,spin,2.0,0.15,spin,2.0,0.15,13.6902,25,380419513,55,44280,9071,157012,4
spin_slow,spin,2.0,0.15,spin,2.0,0.15,13.7029,26,380430422,53,14870,9068,156978,4
spin_slow,spin,2.0,0.15,spin,2.0,0.15,13.7124,27,380442007,53,100405,9070,157023,4
spin_slow,spin,2.0,0.15,spin,2.0,0.15,13.7293,28,380452872,54,63459,9147,157020,4
spin_slow,spin,2.0,0.15,spin,2.0,0.15,13.7388,29,380463405,54,126845,9146,157026,4
spin_slow,spin,2.0,0.15,spin,2.0,0.15,13.7472,30,380472339,54,75525,9183,156993,4
spin_slow,spin,2.0,0.15,spin,2.0,0.15,13.7525,31,380481625,54,84066,9224,157017,4
spin_slow,spin,2.0,0.15,spin,2.0,0.15,13.7631,32,380490773,55,68979,9297,156999,4
spin_slow,spin,2.0,0.15,spin,2.0,0.15,13.7736,33,380501624,57,29355,9301,157029,4
spin_slow,spin,2.0,0.15,spin,2.0,0.15,13.7863,34,380512135,55,89099,9335,156981,4
spin_slow,spin,2.0,0.15,spin,2.0,0.15,13.7959,35,380523292,63,101677,9490,157007,4
spin_slow,spin,2.0,0.15,spin,2.0,0.15,13.8033,36,380533685,56,141094,9490,157029,4
spin_slow,spin,2.0,0.15,spin,2.0,0.15,13.8191,37,380544487,56,92932,9565,157041,4
spin_slow,spin,2.0,0.15,spin,2.0,0.15,13.8275,38,380557111,56,40616,9565,157001,4
spin_slow,spin,2.0,0.15,spin,2.0,0.15,13.8444,39,380567920,57,150811,9569,157041,4
spin_slow,spin,2.0,0.15,spin,2.0,0.15,13.8539,40,380578377,56,44089,9603,157009,4
spin_slow,spin,2.0,0.15,spin,2.0,0.15,13.8644,41,380587239,57,137511,9642,157024,4
spin_slow,spin,2.0,0.15,spin,2.0,0.15,13.8707,42,380598350,56,142230,9605,157022,4
spin_slow,spin,2.0,0.15,spin,2.0,0.15,13.8791,43,380607996,57,54747,9682,157035,4
spin_slow,spin,2.0,0.15,spin,2.0,0.15,13.8949,44,380619525,57,130470,9679,157014,4
spin_slow,spin,2.0,0.15,spin,2.0,0.15,13.8992,45,380628334,58,58011,9758,157006,4
spin_slow,spin,2.0,0.15,spin,2.0,0.15,13.9087,46,380637934,58,119746,9759,157017,4
spin_slow,spin,2.0,0.15,spin,2.0,0.15,13.9224,47,380649564,57,55629,9832,156984,4
spin_slow,spin,2.0,0.15,spin,2.0,0.15,13.933,48,380662181,64,159511,9908,157006,36
spin_slow,spin,2.0,0.15,spin,2.0,0.15,13.9499,49,380673036,59,120544,9950,157041,4
spin_slow,spin,2.0,0.15,spin,2.0,0.15,13.9583,50,380683705,59,50011,9987,157017,4
spin_slow,spin,2.0,0.15,spin,2.0,0.15,13.9636,51,380690898,59,16463,10065,157067,4
spin_slow,spin,2.0,0.15,spin,2.0,0.15,13.9731,52,380701933,59,165157,10103,157027,36
spin_slow,spin,2.0,0.15,spin,2.0,0.15,13.9836,53,380712924,60,149248,10101,157038,4
spin_slow,spin,2.0,0.15,spin,2.0,0.15,14.0005,54,380724573,59,88324,10098,157019,4
spin_slow,spin,2.0,0.15,spin,2.0,0.15,14.0058,55,380733238,60,148034,10141,157067,4
spin_slow,spin,2.0,0.15,spin,2.0,0.15,14.0153,56,380744625,60,42223,10176,157007,4
spin_slow,spin,2.0,0.15,spin,2.0,0.15,14.0406,57,380755552,61,15411,10215,157028,4
spin_slow,spin,2.0,0.15,spin,2.0,0.15,14.0574,58,380779739,60,43870,10293,157063,4
spin_slow,spin,2.0,0.15,spin,2.0,0.15,14.0722,59,380780676,61,46036,10331,157061,0
spin_slow,spin,2.0,0.15,spin,2.0,0.15,14.0754,60,380793458,62,20255,10366,157024,4
spin_slow,spin,2.0,0.15,spin,2.0,0.15,14.0912,61,380813621,62,150089,10447,157046,4
spin_slow,spin,2.0,0.15,spin,2.0,0.15,14.0912,62,380814590,62,157835,10522,157046,36
spin_slow,spin,2.0,0.15,spin,2.0,0.15,14.1091,63,380824550,62,123266,10521,157043,4
spin_slow,spin,2.0,0.15,spin,2.0,0.15,14.1239,64,380825487,61,125495,10482,157046,0
spin_slow,spin,2.0,0.15,spin,2.0,0.15,14.1239,65,380826452,61,132471,10521,157060,0
spin_slow,spin,2.0,0.15,spin,2.0,0.15,14.1429,66,380827400,63,136706,10556,157037,0
spin_slow,spin,2.0,0.15,spin,2.0,0.15,14.1429,67,380828517,62,12435,10524,157060,4
spin_slow,spin,2.0,0.15,spin,2.0,0.15,14.1429,68,380832427,61,49020,10558,157051,4
spin_slow,spin,2.0,0.15,spin,2.0,0.15,14.1577,69,380833998,62,158935,10559,157038,36
spin_slow,spin,2.0,0.15,spin,2.0,0.15,14.1619,70,380852407,63,147633,10634,157042,4
spin_slow,spin,2.0,0.15,spin,2.0,0.15,14.164,71,380853341,57,149419,10636,157027,0
spin_slow,spin,2.0,0.15,spin,2.0,0.15,14.1682,72,380865165,70,117620,10637,157082,4
spin_slow,spin,2.0,0.15,spin,2.0,0.15,14.1735,73,380880068,63,138241,10710,157025,4
spin_slow,spin,2.0,0.15,spin,2.0,0.15,14.1767,74,380881457,62,60224,10672,157023,4
spin_slow,spin,2.0,0.15,spin,2.0,0.15,14.1767,75,380896882,64,13169,10707,157003,4
spin_slow,spin,2.0,0.15,spin,2.0,0.15,14.1788,76,380905724,68,102990,10751,157053,4
spin_slow,spin,2.0,0.15,spin,2.0,0.15,14.1872,77,380915992,64,120934,10788,157032,4
spin_slow,spin,2.0,0.15,spin,2.0,0.15,14.1946,78,380924777,63,44028,10788,157053,4
spin_slow,spin,2.0,0.15,spin,2.0,0.15,14.2125,79,380936054,57,76712,10827,157007,4
spin_slow,spin,2.0,0.15,spin,2.0,0.15,14.2188,80,380944682,64,130342,10861,156997,4
spin_slow,spin,2.0,0.15,spin,2.0,0.15,14.2293,81,380956148,65,38412,10939,157006,4
spin_slow,spin,2.0,0.15,spin,2.0,0.15,14.2378,82,380967095,64,15070,10935,157009,4
spin_slow,spin,2.0,0.15,spin,2.0,0.15,14.2526,83,380978583,64,84111,11011,156991,4
spin_slow,spin,2.0,0.15,spin,2.0,0.15,14.259,84,380987369,65,164576,11015,157025,36
spin_slow,spin,2.0,0.15,spin,2.0,0.15,14.2737,85,380999841,70,86480,11016,157010,4
spin_slow,spin,2.0,0.15,spin,2.0,0.15,14.2801,86,381008619,66,165494,11093,157024,36
spin_slow,spin,2.0,0.15,spin,2.0,0.15,14.2948,87,381021113,64,91060,11093,157028,4
spin_slow,spin,2.0,0.15,spin,2.0,0.15,14.3022,88,381029873,65,166930,11129,157029,36
spin_slow,spin,2.0,0.15,spin,2.0,0.15,14.3171,89,381042368,66,92809,11129,157024,4
spin_slow,spin,2.0,0.15,spin,2.0,0.15,14.3225,90,381051149,71,15414,11205,157017,4
spin_slow,spin,2.0,0.15,spin,2.0,0.15,14.3375,91,381063653,67,99888,11246,157056,4
spin_slow,spin,2.0,0.15,spin,2.0,0.15,14.3439,92,381072440,66,23281,11244,157012,4
spin_slow,spin,2.0,0.15,spin,2.0,0.15,14.3587,93,381084929,71,105116,11282,157026,4
spin_slow,spin,2.0,0.15,spin,2.0,0.15,14.3651,94,381093704,67,26685,11359,157016,4
spin_slow,spin,2.0,0.15,spin,2.0,0.15,14.3799,95,381106183,60,106602,11358,157029,4
spin_slow,spin,2.0,0.15,spin,2.0,0.15,14.3873,96,381114972,67,30491,11399,157044,4
spin_slow,spin,2.0,0.15,spin,2.0,0.15,14.401,97,381127471,67,113710,11432,157017,4
spin_slow,spin,2.0,0.15,spin,2.0,0.15,14.4073,98,381136214,67,29829,11474,157020,4
spin_slow,spin,2.0,0.15,spin,2.0,0.15,14.4221,99,381148733,68,116642,11514,157046,4
spin_slow,spin,2.0,0.15,spin,2.0,0.15,14.4284,100,381157498,69,36295,11590,157035,4
spin_slow,spin,2.0,0.15,spin,2.0,0.15,14.4434,101,381169981,68,116953,11623,157028,4
spin_slow,spin,2.0,0.15,spin,2.0,0.15,14.4498,102,381178761,69,39557,11662,157002,4
spin_slow,spin,2.0,0.15,spin,2.0,0.15,14.4646,103,381191244,68,120419,11700,157025,4
spin_slow,spin,2.0,0.15,spin,2.0,0.15,14.4711,104,381200010,69,40670,11738,156991,4
spin_slow,spin,2.0,0.15,spin,2.0,0.15,14.4828,105,381212507,69,124157,11775,156943,4
spin_slow,spin,2.0,0.15,spin,2.0,0.15,14.4988,106,381222209,76,46596,11814,156999,4
spin_slow,spin,2.0,0.15,spin,2.0,0.15,14.5073,107,381232715,64,105420,11853,156997,4
spin_slow,spin,2.0,0.15,spin,2.0,0.15,14.5137,108,381242794,79,91582,11854,157026,4
spin_slow,spin,2.0,0.15,spin,2.0,0.15,14.5285,109,381255042,70,132486,11926,157021,4
spin_slow,spin,2.0,0.15,spin,2.0,0.15,14.5349,110,381263872,65,63510,11932,157046,4
spin_slow,spin,2.0,0.15,spin,2.0,0.15,14.5498,111,381276305,70,136108,12004,156999,4
spin_slow,spin,2.0,0.15,spin,2.0,0.15,14.5572,112,381285092,71,59862,12002,156971,4
spin_slow,spin,2.0,0.15,spin,2.0,0.15,14.5711,113,381297569,73,140317,12077,156951,4
spin_slow,spin,2.0,0.15,spin,2.0,0.15,14.5828,114,381306351,71,63555,12079,156965,4
spin_slow,spin,2.0,0.15,spin,2.0,0.15,14.5965,115,381315926,71,121475,12116,156979,4
spin_slow,spin,2.0,0.15,spin,2.0,0.15,14.5987,116,381316888,71,128085,12114,156963,0
spin_slow,spin,2.0,0.15,spin,2.0,0.15,14.6008,117,381317849,72,134504,12115,156963,0
spin_slow,spin,2.0,0.15,spin,2.0,0.15,14.604,118,381318780,69,135655,12156,156972,0
spin_slow,spin,2.0,0.15,spin,2.0,0.15,14.6062,119,381320241,71,70190,12120,156990,4
spin_slow,spin,2.0,0.15,spin,2.0,0.15,14.6062,120,381323801,70,47481,12156,156971,4
spin_slow,spin,2.0,0.15,spin,2.0,0.15,14.6083,121,381325715,71,58870,12156,156972,4
spin_slow,spin,2.0,0.15,spin,2.0,0.15,14.6126,122,381343059,72,24465,12156,157011,4
spin_slow,spin,2.0,0.15,spin,2.0,0.15,14.6179,123,381348425,64,151420,12196,157049,4
spin_slow,spin,2.0,0.15,spin,2.0,0.15,14.6295,124,381358858,72,41110,12231,156995,4
spin_slow,spin,2.0,0.15,spin,2.0,0.15,14.6391,125,381369781,72,14144,12234,156996,4
spin_slow,spin,2.0,0.15,spin,2.0,0.15,14.6571,126,381380922,72,23909,12277,157032,4
spin_slow,spin,2.0,0.15,spin,2.0,0.15,14.6687,127,381391365,72,71668,12352,157041,4
spin_slow,spin,2.0,0.15,spin,2.0,0.15,14.673,0,381400768,73,100076,12310,156997,4
spin_slow,spin,2.0,0.15,spin,2.0,0.15,14.6826,1,381412195,73,158694,12425,156989,36
spin_slow,spin,2.0,0.15,spin,2.0,0.15,14.6933,2,381422733,73,66086,12465,157008,4
spin_slow,spin,2.0,0.15,spin,2.0,0.15,14.7039,3,381433577,73,25377,12466,157030,4
spin_slow,spin,2.0,0.15,spin,2.0,0.15,14.7208,4,381444724,73,36013,12539,157040,4
spin_slow,spin,2.0,0.15,spin,2.0,0.15,14.7325,5,381455159,74,82595,12621,157066,4
spin_slow,spin,2.0,0.15,spin,2.0,0.15,14.7368,6,381464535,74,106038,12580,157027,4
spin_slow,spin,2.0,0.15,spin,2.0,0.15,14.7474,7,381477596,75,127808,12655,157023,4
spin_slow,spin,2.0,0.15,spin,2.0,0.15,14.7643,8,381488490,74,95456,12650,156988,4
spin_slow,spin,2.0,0.15,spin,2.0,0.15,14.7728,9,381498923,75,141844,12732,157057,4
spin_slow,spin,2.0,0.15,spin,2.0,0.15,14.7781,10,381508101,75,131688,12730,157013,4
spin_slow,spin,2.0,0.15,spin,2.0,0.15,14.794,11,381520217,76,150434,12806,157013,4
spin_slow,spin,2.0,0.15,spin,2.0,0.15,14.7993,12,381528968,75,68139,12841,156994,4
spin_slow,spin,2.0,0.15,spin,2.0,0.15,14.8141,13,381541475,76,153391,12922,156997,4
spin_slow,spin,2.0,0.15,spin,2.0,0.15,14.8226,14,381550227,76,71166,12961,157052,4
spin_slow,spin,2.0,0.15,spin,2.0,0.15,14.8321,15,381562404,77,100215,12993,157004,4
spin_slow,spin,2.0,0.15,spin,2.0,0.15,14.8449,16,381572932,77,162724,13077,157019,36
spin_slow,spin,2.0,0.15,spin,2.0,0.15,14.8533,17,381582976,77,143079,13108,156988,4
spin_slow,spin,2.0,0.15,spin,2.0,0.15,14.865,18,381594105,75,150806,13112,157014,4
spin_slow,spin,2.0,0.15,spin,2.0,0.15,14.8767,19,381605026,71,123105,13147,157003,4
spin_slow,spin,2.0,0.15,spin,2.0,0.15,14.8851,20,381614965,76,85460,13152,157026,4
spin_slow,spin,2.0,0.15,spin,2.0,0.15,14.8967,21,381625456,77,142082,13184,156982,4
spin_slow,spin,2.0,0.15,spin,2.0,0.15,14.9126,22,381636222,78,88443,13223,156984,4
spin_slow,spin,2.0,0.15,spin,2.0,0.15,14.92,23,381646586,72,123365,13300,157000,4
spin_slow,spin,2.0,0.15,spin,2.0,0.15,14.9274,24,381655718,81,105708,13263,156999,4
spin_slow,spin,2.0,0.15,spin,2.0,0.15,14.9422,25,381667815,79,120884,13302,157011,4
spin_slow,spin,2.0,0.15,spin,2.0,0.15,14.955,26,381680104,79,168481,13379,157037,36
spin_slow,spin,2.0,0.15,spin,2.0,0.15,14.9592,27,381688813,79,78894,13455,157027,4
spin_slow,spin,2.0,0.15,spin,2.0,0.15,14.9676,28,381698191,79,102906,13418,157021,4
spin_slow,spin,2.0,0.15,spin,2.0,0.15,14.9824,29,381709088,82,71037,13488,156985,4
spin_slow,spin,2.0,0.15,spin,2.0,0.15,14.993,30,381721719,78,20493,13530,156989,4
spin_slow,spin,2.0,0.15,spin,2.0,0.15,15.0099,31,381732516,78,129170,13603,156981,4
spin_slow,spin,2.0,0.15,spin,2.0,0.15,15.0152,32,381742905,80,168285,13641,156985,36
spin_slow,spin,2.0,0.15,spin,2.0,0.15,15.0215,33,381751580,80,73199,13643,156980,4
spin_slow,spin,2.0,0.15,spin,2.0,0.15,15.0352,34,381761640,81,56450,13681,156986,4
spin_slow,spin,2.0,0.15,spin,2.0,0.15,15.0437,35,381773908,81,100889,13723,157011,4
spin_slow,spin,2.0,0.15,spin,2.0,0.15,15.0553,36,381785388,82,168443,13799,157002,36
spin_slow,spin,2.0,0.15,spin,2.0,0.15,15.0701,37,381796263,81,132971,13796,157007,4
spin_slow,spin,2.0,0.15,spin,2.0,0.15,15.0869,38,381806712,81,25157,13833,157006,4
spin_slow,spin,2.0,0.15,spin,2.0,0.15,15.0964,39,381816933,82,35902,13908,156957,4
spin_slow,spin,2.0,0.15,spin,2.0,0.15,15.1027,40,381817889,82,41338,13948,156971,0
spin_slow,spin,2.0,0.15,spin,2.0,0.15,15.1048,41,381818845,82,46916,13910,156983,0
spin_slow,spin,2.0,0.15,spin,2.0,0.15,15.1048,42,381819792,81,50897,13907,156969,0
spin_slow,spin,2.0,0.15,spin,2.0,0.15,15.1069,43,381821596,81,43638,13909,156989,4
spin_slow,spin,2.0,0.15,spin,2.0,0.15,15.1069,44,381824808,82,118775,13986,156989,4
spin_slow,spin,2.0,0.15,spin,2.0,0.15,15.1123,45,381827070,82,32422,13944,156951,4
spin_slow,spin,2.0,0.15,spin,2.0,0.15,15.1123,46,381843064,83,83018,13981,156935,4
spin_slow,spin,2.0,0.15,spin,2.0,0.15,15.1197,47,381848440,82,55121,14024,156961,4
spin_slow,spin,2.0,0.15,spin,2.0,0.15,15.1303,48,381858040,84,117268,14061,156974,4
spin_slow,spin,2.0,0.15,spin,2.0,0.15,15.1398,49,381867886,83,64271,14098,156973,4
spin_slow,spin,2.0,0.15,spin,2.0,0.15,15.1493,50,381877692,84,161544,14136,156971,36
spin_slow,spin,2.0,0.15,spin,2.0,0.15,15.1599,51,381888135,84,53027,14179,157013,4
spin_slow,spin,2.0,0.15,spin,2.0,0.15,15.1694,52,381899288,85,65082,14287,156964,4
spin_slow,spin,2.0,0.15,spin,2.0,0.15,15.1799,53,381909318,84,43208,14333,157019,4
spin_slow,spin,2.0,0.15,spin,2.0,0.15,15.1926,54,381920464,85,53820,14371,157022,4
spin_slow,spin,2.0,0.15,spin,2.0,0.15,15.2021,55,381933093,85,159604,14444,156980,36
spin_slow,spin,2.0,0.15,spin,2.0,0.15,15.2179,56,381944234,85,169702,14479,156993,36
spin_slow,spin,2.0,0.15,spin,2.0,0.15,15.2232,57,381952979,85,86490,14520,157007,4
spin_slow,spin,2.0,0.15,spin,2.0,0.15,15.2382,58,381965507,86,18311,14558,157004,4
spin_slow,spin,2.0,0.15,spin,2.0,0.15,15.2446,59,381974228,88,87698,14598,157039,4
spin_slow,spin,2.0,0.15,spin,2.0,0.15,15.2572,60,381986753,84,18546,14639,157031,4
spin_slow,spin,2.0,0.15,spin,2.0,0.15,15.2741,61,381997629,86,140476,14671,156972,4
spin_slow,spin,2.0,0.15,spin,2.0,0.15,15.2825,62,382008038,87,25789,14715,157034,4
spin_slow,spin,2.0,0.15,spin,2.0,0.15,15.2888,63,382017016,85,139024,14754,157039,4
spin_slow,spin,2.0,0.15,spin,2.0,0.15,15.2994,64,382026522,87,27782,14789,156989,4
spin_slow,spin,2.0,0.15,spin,2.0,0.15,15.3089,65,382037144,87,106378,14824,156992,4
spin_slow,spin,2.0,0.15,spin,2.0,0.15,15.3184,66,382047471,88,134722,14940,157030,4
spin_slow,spin,2.0,0.15,spin,2.0,0.15,15.3415,67,382057134,88,50312,15020,156999,4
spin_slow,spin,2.0,0.15,spin,2.0,0.15,15.3628,68,382082581,85,137183,15131,156987,4
spin_slow,spin,2.0,0.15,spin,2.0,0.15,15.3628,69,382083537,89,142755,15171,157000,0
spin_slow,spin,2.0,0.15,spin,2.0,0.15,15.3712,70,382096516,86,151009,15205,157027,4
spin_slow,spin,2.0,0.15,spin,2.0,0.15,15.3776,71,382103911,86,151991,15279,157003,4
spin_slow,spin,2.0,0.15,spin,2.0,0.15,15.387,72,382113292,90,19716,15317,156986,4
spin_slow,spin,2.0,0.15,spin,2.0,0.15,15.3891,73,382120498,90,145672,15327,157042,4
spin_slow,spin,2.0,0.15,spin,2.0,0.15,15.4029,74,382131836,91,31695,15437,157027,4
spin_slow,spin,2.0,0.15,spin,2.0,0.15,15.4281,75,382142675,90,147124,15441,157024,4
spin_slow,spin,2.0,0.15,spin,2.0,0.15,15.445,76,382168884,92,49205,15510,156964,4
spin_slow,spin,2.0,0.15,spin,2.0,0.15,15.445,77,382169842,91,55096,15513,156987,0
spin_slow,spin,2.0,0.15,spin,2.0,0.15,15.463,78,382184359,92,168061,15511,157002,36
spin_slow,spin,2.0,0.15,spin,2.0,0.15,15.463,79,382185288,91,169130,15513,156987,32
spin_slow,spin,2.0,0.15,spin,2.0,0.15,15.4705,80,382199120,92,165630,15589,157019,36
spin_slow,spin,2.0,0.15,spin,2.0,0.15,15.4758,81,382206500,92,164171,15664,157005,36
spin_slow,spin,2.0,0.15,spin,2.0,0.15,15.4843,82,382215439,93,113768,15665,156995,4
spin_slow,spin,2.0,0.15,spin,2.0,0.15,15.5002,83,382226912,92,23376,15700,156974,4
spin_slow,spin,2.0,0.15,spin,2.0,0.15,15.5097,84,382239515,93,125291,15773,156954,4
spin_slow,spin,2.0,0.15,spin,2.0,0.15,15.5266,85,382250352,93,83867,15807,156940,4
spin_slow,spin,2.0,0.15,spin,2.0,0.15,15.5351,86,382260720,93,119653,15860,157028,4
spin_slow,spin,2.0,0.15,spin,2.0,0.15,15.5404,87,382269816,91,95856,15929,156982,4
spin_slow,spin,2.0,0.15,spin,2.0,0.15,15.552,88,382280576,95,41046,15978,157006,4
spin_slow,spin,2.0,0.15,spin,2.0,0.15,15.5646,89,382291939,94,88712,15970,157034,4
spin_slow,spin,2.0,0.15,spin,2.0,0.15,15.5721,90,382300714,94,167219,15973,157021,36
spin_slow,spin,2.0,0.15,spin,2.0,0.15,15.5911,91,382319428,95,51029,16049,157028,4
spin_slow,spin,2.0,0.15,spin,2.0,0.15,15.5985,92,382320383,96,56349,16047,157033,0
spin_slow,spin,2.0,0.15,spin,2.0,0.15,15.6038,93,382321334,94,60874,16013,157033,0
spin_slow,spin,2.0,0.15,spin,2.0,0.15,15.608,94,382322287,99,65941,16008,157036,0
spin_slow,spin,2.0,0.15,spin,2.0,0.15,15.608,95,382324438,95,117467,16085,157023,4
spin_slow,spin,2.0,0.15,spin,2.0,0.15,15.6101,96,382327310,94,134714,16009,157008,4
spin_slow,spin,2.0,0.15,spin,2.0,0.15,15.6122,97,382329918,94,107143,16045,157000,4
spin_slow,spin,2.0,0.15,spin,2.0,0.15,15.6122,98,382335401,95,97155,16042,156978,4
spin_slow,spin,2.0,0.15,spin,2.0,0.15,15.6196,99,382348541,93,132836,16087,157021,4
spin_slow,spin,2.0,0.15,spin,2.0,0.15,15.6291,100,382356140,95,168448,16084,157003,36
spin_slow,spin,2.0,0.15,spin,2.0,0.15,15.6344,101,382365244,95,146108,16163,157032,4
spin_slow,spin,2.0,0.15,spin,2.0,0.15,15.6439,102,382374253,92,107521,16199,157035,4
spin_slow,spin,2.0,0.15,spin,2.0,0.15,15.6576,103,382385738,96,18669,16239,157008,4
spin_slow,spin,2.0,0.15,spin,2.0,0.15,15.6672,104,382398387,94,127919,16312,157014,4
spin_slow,spin,2.0,0.15,spin,2.0,0.15,15.6853,105,382409191,97,80917,16389,156988,4
spin_slow,spin,2.0,0.15,spin,2.0,0.15,15.6928,106,382419575,97,119330,16427,157004,4
spin_slow,spin,2.0,0.15,spin,2.0,0.15,15.6981,107,382428669,98,95031,16504,157013,4
spin_slow,spin,2.0,0.15,spin,2.0,0.15,15.714,108,382440790,97,114660,16542,156989,4
spin_slow,spin,2.0,0.15,spin,2.0,0.15,15.7214,109,382449538,98,31695,16503,156992,4
spin_slow,spin,2.0,0.15,spin,2.0,0.15,15.7341,110,382462055,98,118548,16576,156987,4
spin_slow,spin,2.0,0.15,spin,2.0,0.15,15.7425,111,382470790,92,33146,16617,157034,4
spin_slow,spin,2.0,0.15,spin,2.0,0.15,15.7551,112,382483316,95,121520,16620,157016,4
spin_slow,spin,2.0,0.15,spin,2.0,0.15,15.7625,113,382492072,98,39793,16656,156998,4
spin_slow,spin,2.0,0.15,spin,2.0,0.15,15.7772,114,382504584,98,125840,16697,157002,4
spin_slow,spin,2.0,0.15,spin,2.0,0.15,15.7836,115,382513350,99,46019,16734,156997,4
spin_slow,spin,2.0,0.15,spin,2.0,0.15,15.7983,116,382525859,99,131612,16766,156977,4
spin_slow,spin,2.0,0.15,spin,2.0,0.15,15.8067,117,382534600,99,47755,16806,156992,4
spin_slow,spin,2.0,0.15,spin,2.0,0.15,15.8152,118,382547094,99,130960,16843,156981,4
spin_slow,spin,2.0,0.15,spin,2.0,0.15,15.8257,119,382556074,99,87706,16884,156989,4
spin_slow,spin,2.0,0.15,spin,2.0,0.15,15.8426,120,382566776,100,22861,16960,157002,4
spin_slow,spin,2.0,0.15,spin,2.0,0.15,15.85,121,382577160,100,61058,16999,157019,4
spin_slow,spin,2.0,0.15,spin,2.0,0.15,15.8573,122,382586306,100,46148,17069,156965,4
spin_slow,spin,2.0,0.15,spin,2.0,0.15,15.871,123,382598380,103,57793,17116,157019,4
spin_slow,spin,2.0,0.15,spin,2.0,0.15,15.8773,124,382607128,101,132012,17186,157001,4
spin_slow,spin,2.0,0.15,spin,2.0,0.15,15.8921,125,382619651,102,62762,17184,156970,4
spin_slow,spin,2.0,0.15,spin,2.0,0.15,15.8984,126,382628419,101,140448,17221,156979,4
spin_slow,spin,2.0,0.15,spin,2.0,0.15,15.9131,127,382640913,108,66863,17262,156983,4
spin_slow,spin,2.0,0.15,spin,2.0,0.15,15.9195,0,382649671,101,142755,17261,156979,4
spin_slow,spin,2.0,0.15,spin,2.0,0.15,15.9321,1,382661807,102,164951,17306,157019,36
spin_slow,spin,2.0,0.15,spin,2.0,0.15,15.949,2,382673510,101,113534,17336,156980,4
spin_slow,spin,2.0,0.15,spin,2.0,0.15,15.9542,3,382682402,102,55034,17343,157036,4
spin_slow,spin,2.0,0.15,spin,2.0,0.15,15.9627,4,382693370,109,35878,17412,156964,4
spin_slow,spin,2.0,0.15,spin,2.0,0.15,15.9795,5,382704255,103,159420,17454,157009,36
spin_slow,spin,2.0,0.15,spin,2.0,0.15,15.988,6,382714682,101,47895,17494,156996,4
spin_slow,spin,2.0,0.15,spin,2.0,0.15,15.9934,7,382723811,103,29818,17530,156994,4
spin_slow,spin,2.0,0.15,spin,2.0,0.15,16.0083,8,382735962,103,54500,17609,157009,4
spin_slow,spin,2.0,0.15,spin,2.0,0.15,16.0147,9,382744727,105,131577,17686,157005,4
spin_slow,spin,2.0,0.15,spin,2.0,0.15,16.0296,10,382757242,104,60980,17726,156988,4
spin_slow,spin,2.0,0.15,spin,2.0,0.15,16.0371,11,382765999,98,136401,17722,157007,4
spin_slow,spin,2.0,0.15,spin,2.0,0.15,16.0509,12,382778480,105,60347,17721,156997,4
spin_slow,spin,2.0,0.15,spin,2.0,0.15,16.0573,13,382787236,99,135961,17795,156978,4
spin_slow,spin,2.0,0.15,spin,2.0,0.15,16.0701,14,382799749,105,65213,17800,156995,4
spin_slow,spin,2.0,0.15,spin,2.0,0.15,16.085,15,382809834,104,52356,17762,157008,4
spin_slow,spin,2.0,0.15,spin,2.0,0.15,16.0934,16,382816249,105,43884,17797,157023,4
spin_slow,spin,2.0,0.15,spin,2.0,0.15,16.0956,17,382817214,105,50802,17837,157017,0
spin_slow,spin,2.0,0.15,spin,2.0,0.15,16.0999,18,382818148,105,52693,17800,157000,0
spin_slow,spin,2.0,0.15,spin,2.0,0.15,16.102,19,382819112,103,59575,17798,157013,0
spin_slow,spin,2.0,0.15,spin,2.0,0.15,16.1083,20,382824123,105,126448,17795,157002,4
spin_slow,spin,2.0,0.15,spin,2.0,0.15,16.1083,21,382824156,105,132111,17795,157002,8
spin_slow,spin,2.0,0.15,spin,2.0,0.15,16.1147,22,382839955,105,149046,17910,156968,4
spin_slow,spin,2.0,0.15,spin,2.0,0.15,16.1179,23,382842191,106,58256,17947,156986,4
spin_slow,spin,2.0,0.15,spin,2.0,0.15,16.1222,24,382853296,105,62032,17988,157008,4
spin_slow,spin,2.0,0.15,spin,2.0,0.15,16.1328,25,382862382,112,36629,18028,157015,4
spin_slow,spin,2.0,0.15,spin,2.0,0.15,16.1423,26,382873640,106,66486,18061,156960,4
spin_slow,spin,2.0,0.15,spin,2.0,0.15,16.1593,27,382884448,107,20115,18098,156989,4
spin_slow,spin,2.0,0.15,spin,2.0,0.15,16.171,28,382894830,107,58048,18183,157010,4
spin_slow,spin,2.0,0.15,spin,2.0,0.15,16.1742,29,382904178,104,77066,18217,157013,4
spin_slow,spin,2.0,0.15,spin,2.0,0.15,16.1858,30,382915025,108,37256,18257,156993,4
spin_slow,spin,2.0,0.15,spin,2.0,0.15,16.1954,31,382926156,108,45511,18215,156985,4
spin_slow,spin,2.0,0.15,spin,2.0,0.15,16.2123,32,382936983,108,158970,18256,157025,36
spin_slow,spin,2.0,0.15,spin,2.0,0.15,16.224,33,382947376,107,41558,18258,157000,4
spin_slow,spin,2.0,0.15,spin,2.0,0.15,16.2261,34,382956742,100,63932,18294,156983,4
spin_slow,spin,2.0,0.15,spin,2.0,0.15,16.2388,35,382967584,107,23059,18297,157006,4
spin_slow,spin,2.0,0.15,spin,2.0,0.15,16.2484,36,382978690,109,26796,18335,157016,4
spin_slow,spin,2.0,0.15,spin,2.0,0.15,16.26,37,382989529,111,142296,18370,157001,4
spin_slow,spin,2.0,0.15,spin,2.0,0.15,16.2685,38,382999709,109,145783,18374,157030,4
spin_slow,spin,2.0,0.15,spin,2.0,0.15,16.2823,39,383011113,109,43161,18406,156995,4
spin_slow,spin,2.0,0.15,spin,2.0,0.15,16.2971,40,383023721,107,145051,18524,157002,4
spin_slow,spin,2.0,0.15,spin,2.0,0.15,16.3046,41,383032604,109,85006,18486,157008,4
spin_slow,spin,2.0,0.15,spin,2.0,0.15,16.3131,42,383043646,109,77898,18558,157003,4
spin_slow,spin,2.0,0.15,spin,2.0,0.15,16.33,43,383054524,109,43069,18602,157020,4
spin_slow,spin,2.0,0.15,spin,2.0,0.15,16.3374,44,383064946,110,87666,18638,157012,4
spin_slow,spin,2.0,0.15,spin,2.0,0.15,16.3438,45,383074074,116,69268,18636,156989,4
spin_slow,spin,2.0,0.15,spin,2.0,0.15,16.3576,46,383086132,111,78472,18710,156981,4
spin_slow,spin,2.0,0.15,spin,2.0,0.15,16.3629,47,383094503,110,88776,18673,156997,4
spin_slow,spin,2.0,0.15,spin,2.0,0.15,16.3767,48,383105577,110,87382,18719,157029,4
spin_slow,spin,2.0,0.15,spin,2.0,0.15,16.3894,49,383117438,110,62703,18677,157001,4
spin_slow,spin,2.0,0.15,spin,2.0,0.15,16.3991,50,383130030,111,162054,18715,156998,36
spin_slow,spin,2.0,0.15,spin,2.0,0.15,16.414,51,383140834,110,114880,18749,156969,4
spin_slow,spin,2.0,0.15,spin,2.0,0.15,16.4215,52,383151228,111,154932,18753,156996,4
spin_slow,spin,2.0,0.15,spin,2.0,0.15,16.4342,53,383162462,110,23884,18826,156977,4
spin_slow,spin,2.0,0.15,spin,2.0,0.15,16.4384,54,383171213,113,98880,18860,156967,4
spin_slow,spin,2.0,0.15,spin,2.0,0.15,16.4501,55,383180865,111,169983,18942,156990,36
spin_slow,spin,2.0,0.15,spin,2.0,0.15,16.4628,56,383191204,111,43978,18904,156986,4
spin_slow,spin,2.0,0.15,spin,2.0,0.15,16.4723,57,383203814,112,146478,19022,157012,4
spin_slow,spin,2.0,0.15,spin,2.0,0.15,16.4893,58,383214634,112,101563,19021,157040,4
spin_slow,spin,2.0,0.15,spin,2.0,0.15,16.4978,59,383225031,119,141721,19059,157022,4
spin_slow,spin,2.0,0.15,spin,2.0,0.15,16.5032,60,383234148,111,121553,19090,156982,4
spin_slow,spin,2.0,0.15,spin,2.0,0.15,16.518,61,383246218,112,132551,19064,157028,4
spin_slow,spin,2.0,0.15,spin,2.0,0.15,16.5265,62,383255007,112,56500,19136,157006,4
spin_slow,spin,2.0,0.15,spin,2.0,0.15,16.5361,63,383267494,113,137929,19132,157008,4
spin_slow,spin,2.0,0.15,spin,2.0,0.15,16.551,64,383278776,119,171717,19135,157019,36
spin_slow,spin,2.0,0.15,spin,2.0,0.15,16.5574,65,383287536,112,90773,19174,157006,4
spin_slow,spin,2.0,0.15,spin,2.0,0.15,16.5702,66,383300037,113,174686,19174,157009,36
spin_slow,spin,2.0,0.15,spin,2.0,0.15,16.5966,67,383312075,117,23228,19248,156988,4
spin_slow,spin,2.0,0.15,spin,2.0,0.15,16.5966,68,383313019,111,26640,19244,156995,0
spin_slow,spin,2.0,0.15,spin,2.0,0.15,16.5989,69,383315701,113,168679,19247,157029,36
spin_slow,spin,2.0,0.15,spin,2.0,0.15,16.5989,70,383316661,113,174856,19252,157030,32
spin_slow,spin,2.0,0.15,spin,2.0,0.15,16.6011,71,383317781,115,51074,19290,157029,0
spin_slow,spin,2.0,0.15,spin,2.0,0.15,16.6022,72,383321525,114,59482,19329,157035,4
spin_slow,spin,2.0,0.15,spin,2.0,0.15,16.6043,73,383321558,114,65146,19329,157035,8
spin_slow,spin,2.0,0.15,spin,2.0,0.15,16.6075,74,383338397,114,101284,19365,157038,4
spin_slow,spin,2.0,0.15,spin,2.0,0.15,16.6138,75,383343870,115,89705,19398,156998,4
spin_slow,spin,2.0,0.15,spin,2.0,0.15,16.6212,76,383350073,114,45114,19407,157030,4
spin_slow,spin,2.0,0.15,spin,2.0,0.15,16.6381,77,383362580,115,129959,19477,157011,4
spin_slow,spin,2.0,0.15,spin,2.0,0.15,16.6539,78,383371354,115,51340,19519,157020,4
spin_slow,spin,2.0,0.15,spin,2.0,0.15,16.6571,79,383382006,115,134983,19593,156991,4
spin_slow,spin,2.0,0.15,spin,2.0,0.15,16.6676,80,383394897,116,128195,19592,157021,4
spin_slow,spin,2.0,0.15,spin,2.0,0.15,16.6876,81,383404944,116,108901,19589,156990,4
spin_slow,spin,2.0,0.15,spin,2.0,0.15,16.7035,82,383413775,115,40216,19590,156991,4
spin_slow,spin,2.0,0.15,spin,2.0,0.15,16.7078,83,383427398,122,158332,19626,156994,36
spin_slow,spin,2.0,0.15,spin,2.0,0.15,16.7183,84,383445198,115,44009,19710,157038,4
spin_slow,spin,2.0,0.15,spin,2.0,0.15,16.7183,85,383446161,118,50561,19711,157052,0
spin_slow,spin,2.0,0.15,spin,2.0,0.15,16.7363,86,383456909,117,150577,19781,157030,4
spin_slow,spin,2.0,0.15,spin,2.0,0.15,16.7531,87,383477547,112,47364,19856,156996,4
spin_slow,spin,2.0,0.15,spin,2.0,0.15,16.7531,88,383478510,115,54048,19855,156998,0
spin_slow,spin,2.0,0.15,spin,2.0,0.15,16.771,89,383492410,117,62029,19932,157004,4
spin_slow,spin,2.0,0.15,spin,2.0,0.15,16.7868,90,383510218,117,105599,20051,157052,4
spin_slow,spin,2.0,0.15,spin,2.0,0.15,16.789,91,383511154,117,107780,20054,157044,0
spin_slow,spin,2.0,0.15,spin,2.0,0.15,16.7953,92,383525048,124,113914,20168,157059,4
spin_slow,spin,2.0,0.15,spin,2.0,0.15,16.8027,93,383532396,116,106641,20126,157028,4
spin_slow,spin,2.0,0.15,spin,2.0,0.15,16.8111,94,383541496,119,83374,20164,157024,4
spin_slow,spin,2.0,0.15,spin,2.0,0.15,16.828,95,383552327,120,40161,20167,157034,4
spin_slow,spin,2.0,0.15,spin,2.0,0.15,16.8385,96,383562715,118,78792,20239,157021,4
spin_slow,spin,2.0,0.15,spin,2.0,0.15,16.8417,97,383572111,119,105928,20277,157011,4
spin_slow,spin,2.0,0.15,spin,2.0,0.15,16.8522,98,383582959,118,65991,20242,157026,4
spin_slow,spin,2.0,0.15,spin,2.0,0.15,16.8638,99,383594044,122,66364,20354,156992,4
spin_slow,spin,2.0,0.15,spin,2.0,0.15,16.8797,100,383604905,119,28639,20349,156985,4
spin_slow,spin,2.0,0.15,spin,2.0,0.15,16.8902,101,383615297,127,68453,20425,156975,4
spin_slow,spin,2.0,0.15,spin,2.0,0.15,16.8954,102,383624671,121,91975,20429,156998,4
spin_slow,spin,2.0,0.15,spin,2.0,0.15,16.906,103,383635491,118,47447,20463,157000,4
spin_slow,spin,2.0,0.15,spin,2.0,0.15,16.9154,104,383646594,120,50989,20507,156991,4
spin_slow,spin,2.0,0.15,spin,2.0,0.15,16.9271,105,383657420,121,164311,20585,157029,36
spin_slow,spin,2.0,0.15,spin,2.0,0.15,16.9397,106,383668311,122,131192,20661,157030,4
spin_slow,spin,2.0,0.15,spin,2.0,0.15,16.9471,107,383678764,128,24035,20659,157037,4
spin_slow,spin,2.0,0.15,spin,2.0,0.15,16.9598,108,383689224,122,74950,20700,157028,4
spin_slow,spin,2.0,0.15,spin,2.0,0.15,16.9745,109,383699943,127,170053,20812,157015,36
spin_slow,spin,2.0,0.15,spin,2.0,0.15,16.985,110,383710350,124,54656,20853,157035,4
spin_slow,spin,2.0,0.15,spin,2.0,0.15,16.9892,111,383719733,119,79622,20850,156990,4
spin_slow,spin,2.0,0.15,spin,2.0,0.15,17.0011,112,383730550,117,34370,20927,157030,4
spin_slow,spin,2.0,0.15,spin,2.0,0.15,17.0096,113,383741639,123,35441,20961,157016,4
spin_slow,spin,2.0,0.15,spin,2.0,0.15,17.0245,114,383752824,124,52760,21004,157033,4
spin_slow,spin,2.0,0.15,spin,2.0,0.15,17.0351,115,383765458,124,159378,21076,156996,36
spin_slow,spin,2.0,0.15,spin,2.0,0.15,17.052,116,383776245,125,109033,21155,157011,4
spin_slow,spin,2.0,0.15,spin,2.0,0.15,17.0615,117,383786630,125,147266,21195,157032,4
spin_slow,spin,2.0,0.15,spin,2.0,0.15,17.0689,118,383795594,131,100737,21198,157056,4
spin_slow,spin,2.0,0.15,spin,2.0,0.15,17.0721,119,383805106,125,147268,21271,157027,4
spin_slow,spin,2.0,0.15,spin,2.0,0.15,17.0921,120,383816394,125,24781,21273,157036,4
spin_slow,spin,2.0,0.15,spin,2.0,0.15,17.0942,121,383817329,125,26644,21308,157042,0
spin_slow,spin,2.0,0.15,spin,2.0,0.15,17.1026,122,383818293,126,33477,21346,157031,0
spin_slow,spin,2.0,0.15,spin,2.0,0.15,17.1048,123,383819995,125,165868,21270,157005,36
spin_slow,spin,2.0,0.15,spin,2.0,0.15,17.1069,124,383824268,125,107190,21303,157001,4
spin_slow,spin,2.0,0.15,spin,2.0,0.15,17.1069,125,383824301,125,112854,21303,157001,8
spin_slow,spin,2.0,0.15,spin,2.0,0.15,17.1132,126,383841019,125,128182,21353,157051,4
spin_slow,spin,2.0,0.15,spin,2.0,0.15,17.1132,127,383841992,125,136668,21393,157064,0
spin_slow,spin,2.0,0.15,spin,2.0,0.15,17.1227,0,383851499,127,25144,21429,157047,4
spin_slow,spin,2.0,0.15,spin,2.0,0.15,17.1322,1,383859460,127,122151,21463,157035,4
spin_slow,spin,2.0,0.15,spin,2.0,0.15,17.1375,2,383868586,127,103069,21462,157014,4
spin_slow,spin,2.0,0.15,spin,2.0,0.15,17.1492,3,383879885,126,139640,21503,157024,4
spin_slow,spin,2.0,0.15,spin,2.0,0.15,17.1576,4,383889289,127,168023,21537,157027,36
spin_slow,spin,2.0,0.15,spin,2.0,0.15,17.1713,5,383900441,127,22394,21610,157033,4
spin_slow,spin,2.0,0.15,spin,2.0,0.15,17.1819,6,383913061,127,126333,21651,157041,4
spin_slow,spin,2.0,0.15,spin,2.0,0.15,17.1988,7,383923874,127,80293,21688,157017,4
spin_slow,spin,2.0,0.15,spin,2.0,0.15,17.2083,8,383934243,129,115716,21728,157014,4
spin_slow,spin,2.0,0.15,spin,2.0,0.15,17.2157,9,383943225,128,72209,21765,157036,4
spin_slow,spin,2.0,0.15,spin,2.0,0.15,17.222,10,383952883,128,143614,21809,157027,4
spin_slow,spin,2.0,0.15,spin,2.0,0.15,17.2326,11,383963033,135,142013,21877,157023,4
spin_slow,spin,2.0,0.15,spin,2.0,0.15,17.2473,12,383975514,123,65692,21955,156985,4
spin_slow,spin,2.0,0.15,spin,2.0,0.15,17.2537,13,383984265,130,140177,21998,157059,4
spin_slow,spin,2.0,0.15,spin,2.0,0.15,17.2684,14,383996777,131,68819,22110,157038,4
spin_slow,spin,2.0,0.15,spin,2.0,0.15,17.2769,15,384005524,137,142391,22151,157036,4
spin_slow,spin,2.0,0.15,spin,2.0,0.15,17.2895,16,384018053,131,74213,22258,156988,4
spin_slow,spin,2.0,0.15,spin,2.0,0.15,17.298,17,384026804,132,148830,22298,157026,4
spin_slow,spin,2.0,0.15,spin,2.0,0.15,17.3106,18,384039315,131,77483,22295,156996,4
spin_slow,spin,2.0,0.15,spin,2.0,0.15,17.318,19,384048054,132,149850,22381,157047,4
spin_slow,spin,2.0,0.15,spin,2.0,0.15,17.3328,20,384060552,130,75752,22486,157012,4
spin_slow,spin,2.0,0.15,spin,2.0,0.15,17.3381,21,384069354,132,159038,22490,156998,36
spin_slow,spin,2.0,0.15,spin,2.0,0.15,17.3509,22,384081825,131,80789,22453,157017,4
spin_slow,spin,2.0,0.15,spin,2.0,0.15,17.3615,23,384092734,125,50848,22525,157043,4
spin_slow,spin,2.0,0.15,spin,2.0,0.15,17.3711,24,384103279,133,116090,22570,157058,4
spin_slow,spin,2.0,0.15,spin,2.0,0.15,17.3881,25,384114006,133,55661,22561,157019,4
spin_slow,spin,2.0,0.15,spin,2.0,0.15,17.3955,26,384124395,132,94801,22599,157002,4
spin_slow,spin,2.0,0.15,spin,2.0,0.15,17.403,27,384133508,134,73839,22646,157024,4
spin_slow,spin,2.0,0.15,spin,2.0,0.15,17.4178,28,384145626,127,92552,22648,157055,4
spin_slow,spin,2.0,0.15,spin,2.0,0.15,17.4231,29,384154409,132,172461,22722,157032,36
spin_slow,spin,2.0,0.15,spin,2.0,0.15,17.439,30,384166903,135,98088,22793,156999,4
spin_slow,spin,2.0,0.15,spin,2.0,0.15,17.4465,31,384175648,134,171747,22834,157030,36
spin_slow,spin,2.0,0.15,spin,2.0,0.15,17.4592,32,384188135,135,96342,22869,157008,4
spin_slow,spin,2.0,0.15,spin,2.0,0.15,17.4677,33,384196911,135,175162,22910,157031,36
spin_slow,spin,2.0,0.15,spin,2.0,0.15,17.4814,34,384209402,135,100169,22945,157036,4
spin_slow,spin,2.0,0.15,spin,2.0,0.15,17.4868,35,384218147,136,173491,22991,157044,36
spin_slow,spin,2.0,0.15,spin,2.0,0.15,17.4996,36,384228180,134,151769,22978,157003,4
spin_slow,spin,2.0,0.15,spin,2.0,0.15,17.5091,37,384240757,130,91277,23063,157003,4
spin_slow,spin,2.0,0.15,spin,2.0,0.15,17.525,38,384251596,136,49463,23098,157020,4
spin_slow,spin,2.0,0.15,spin,2.0,0.15,17.5335,39,384261982,135,87777,23097,157015,4
spin_slow,spin,2.0,0.15,spin,2.0,0.15,17.541,40,384271095,136,66912,23139,157007,4
spin_slow,spin,2.0,0.15,spin,2.0,0.15,17.554,41,384283210,136,85108,23179,157026,4
spin_slow,spin,2.0,0.15,spin,2.0,0.15,17.5625,42,384291956,137,158323,23220,157048,36
spin_slow,spin,2.0,0.15,spin,2.0,0.15,17.5795,43,384304493,130,91075,23253,157032,4
spin_slow,spin,2.0,0.15,spin,2.0,0.15,17.5933,44,384315467,137,72379,23326,157009,4
spin_slow,spin,2.0,0.15,spin,2.0,0.15,17.5975,45,384316433,138,79578,23328,157022,0
spin_slow,spin,2.0,0.15,spin,2.0,0.15,17.5997,46,384317369,137,81661,23368,157032,0
spin_slow,spin,2.0,0.15,spin,2.0,0.15,17.5997,47,384320514,138,145077,23362,157024,4
spin_slow,spin,2.0,0.15,spin,2.0,0.15,17.6019,48,384321476,132,151751,23325,156978,0
spin_slow,spin,2.0,0.15,spin,2.0,0.15,17.6051,49,384322561,138,179150,23359,156986,36
spin_slow,spin,2.0,0.15,spin,2.0,0.15,17.6104,50,384324996,136,122200,23439,157002,4
spin_slow,spin,2.0,0.15,spin,2.0,0.15,17.6125,51,384342539,138,120751,23481,156994,4
spin_slow,spin,2.0,0.15,spin,2.0,0.15,17.62,52,384347956,138,99709,23520,157035,4
spin_slow,spin,2.0,0.15,spin,2.0,0.15,17.6285,53,384357269,138,112679,23516,157000,4
spin_slow,spin,2.0,0.15,spin,2.0,0.15,17.6369,54,384368306,138,104789,23558,157004,4
spin_slow,spin,2.0,0.15,spin,2.0,0.15,17.6465,55,384378361,139,87022,23594,156992,4
spin_slow,spin,2.0,0.15,spin,2.0,0.15,17.6635,56,384389161,139,38865,23630,157014,4
spin_slow,spin,2.0,0.15,spin,2.0,0.15,17.6741,57,384399590,140,84708,23664,156997,4
spin_slow,spin,2.0,0.15,spin,2.0,0.15,17.6784,58,384408958,139,107182,23670,157013,4
spin_slow,spin,2.0,0.15,spin,2.0,0.15,17.689,59,384419795,133,65310,23709,157025,4
spin_slow,spin,2.0,0.15,spin,2.0,0.15,17.6996,60,384430904,140,69247,23671,157052,4
spin_slow,spin,2.0,0.15,spin,2.0,0.15,17.7114,61,384441692,142,175709,23752,157047,36
spin_slow,spin,2.0,0.15,spin,2.0,0.15,17.7253,62,384453335,138,113237,23824,157019,4
spin_slow,spin,2.0,0.15,spin,2.0,0.15,17.734,63,384465952,145,59466,23829,157046,4
spin_slow,spin,2.0,0.15,spin,2.0,0.15,17.752,64,384476754,140,168300,23862,157034,36
spin_slow,spin,2.0,0.15,spin,2.0,0.15,17.7615,65,384487156,141,52165,23981,157047,4
spin_slow,spin,2.0,0.15,spin,2.0,0.15,17.7688,66,384496118,141,162429,23982,157040,36
spin_slow,spin,2.0,0.15,spin,2.0,0.15,17.7762,67,384505673,142,59254,24057,157055,4
spin_slow,spin,2.0,0.15,spin,2.0,0.15,17.7899,68,384518385,142,178924,24057,157037,36
spin_slow,spin,2.0,0.15,spin,2.0,0.15,17.7931,69,384527128,142,94793,24089,157012,4
spin_slow,spin,2.0,0.15,spin,2.0,0.15,17.8089,70,384537176,142,75759,24088,157001,4
spin_slow,spin,2.0,0.15,spin,2.0,0.15,17.8184,71,384549748,142,171641,24167,157006,36
spin_slow,spin,2.0,0.15,spin,2.0,0.15,17.83,72,384560548,139,123352,24175,157044,4
spin_slow,spin,2.0,0.15,spin,2.0,0.15,17.8395,73,384570989,143,170618,24249,157061,36
spin_slow,spin,2.0,0.15,spin,2.0,0.15,17.8564,74,384581832,143,129523,24239,157000,4
spin_slow,spin,2.0,0.15,spin,2.0,0.15,17.8638,75,384592232,143,170563,24323,157014,36
spin_slow,spin,2.0,0.15,spin,2.0,0.15,17.8711,76,384601326,144,146466,24315,157014,4
spin_slow,spin,2.0,0.15,spin,2.0,0.15,17.8848,77,384613446,143,165506,24357,157017,36
spin_slow,spin,2.0,0.15,spin,2.0,0.15,17.8922,78,384622204,144,83970,24444,157068,4
spin_slow,spin,2.0,0.15,spin,2.0,0.15,17.9059,79,384634741,144,173618,24470,157013,36
spin_slow,spin,2.0,0.15,spin,2.0,0.15,17.9122,80,384643464,145,86493,24554,157025,4
spin_slow,spin,2.0,0.15,spin,2.0,0.15,17.928,81,384656002,145,176600,24588,157027,36
spin_slow,spin,2.0,0.15,spin,2.0,0.15,17.9333,82,384664753,145,93847,24665,157061,4
spin_slow,spin,2.0,0.15,spin,2.0,0.15,17.9481,83,384677282,145,25552,24696,157011,4
spin_slow,spin,2.0,0.15,spin,2.0,0.15,17.9565,84,384686005,146,95328,24782,157041,4
spin_slow,spin,2.0,0.15,spin,2.0,0.15,17.9787,85,384698442,146,168344,24820,157045,36
spin_slow,spin,2.0,0.15,spin,2.0,0.15,17.9998,86,384715465,146,78454,24818,157034,4
spin_slow,spin,2.0,0.15,spin,2.0,0.15,17.9998,87,384716400,146,80413,24821,157047,0
spin_slow,spin,2.0,0.15,spin,2.0,0.15,18.0083,88,384735729,145,69104,24772,157005,4
spin_slow,spin,2.0,0.15,spin,2.0,0.15,18.0146,89,384742670,146,150050,24855,157039,4
spin_slow,spin,2.0,0.15,spin,2.0,0.15,18.021,90,384752081,146,179862,24889,156976,36
spin_slow,spin,2.0,0.15,spin,2.0,0.15,18.0305,91,384761165,146,154178,24886,156993,4
spin_slow,spin,2.0,0.15,spin,2.0,0.15,18.0548,92,384772407,146,180819,24931,157037,36
spin_slow,spin,2.0,0.15,spin,2.0,0.15,18.0727,93,384781979,147,80820,24925,157015,4
spin_slow,spin,2.0,0.15,spin,2.0,0.15,18.0906,94,384795853,148,83851,25010,157059,4
spin_slow,spin,2.0,0.15,spin,2.0,0.15,18.0949,95,384815723,149,163978,25090,157047,36
spin_slow,spin,2.0,0.15,spin,2.0,0.15,18.0981,96,384816661,147,166317,25083,157053,32
spin_slow,spin,2.0,0.15,spin,2.0,0.15,18.116,97,384836161,148,26127,25160,157068,4
spin_slow,spin,2.0,0.15,spin,2.0,0.15,18.117,98,384837097,148,28164,25204,157032,0
spin_slow,spin,2.0,0.15,spin,2.0,0.15,18.117,99,384838057,148,34357,25165,157047,0
spin_slow,spin,2.0,0.15,spin,2.0,0.15,18.1223,100,384838998,147,37196,25206,157052,0
spin_slow,spin,2.0,0.15,spin,2.0,0.15,18.1223,101,384841687,148,180183,25164,157058,36
spin_slow,spin,2.0,0.15,spin,2.0,0.15,18.1244,102,384843688,149,49297,25200,157067,4
spin_slow,spin,2.0,0.15,spin,2.0,0.15,18.1287,103,384849172,148,39134,25166,157065,4
spin_slow,spin,2.0,0.15,spin,2.0,0.15,18.1287,104,384849205,148,44755,25166,157065,8
spin_slow,spin,2.0,0.15,spin,2.0,0.15,18.1371,105,384865726,149,26680,25236,157006,4
spin_slow,spin,2.0,0.15,spin,2.0,0.15,18.1392,106,384866689,149,33384,25267,157008,0
spin_slow,spin,2.0,0.15,spin,2.0,0.15,18.1424,107,384876014,149,48358,25194,157024,4
spin_slow,spin,2.0,0.15,spin,2.0,0.15,18.1561,108,384886148,148,43855,25273,157037,4
spin_slow,spin,2.0,0.15,spin,2.0,0.15,18.1678,109,384898764,152,147164,25276,157034,4
spin_slow,spin,2.0,0.15,spin,2.0,0.15,18.1836,110,384909549,149,96041,25310,157036,4
spin_slow,spin,2.0,0.15,spin,2.0,0.15,18.1931,111,384919927,151,132959,25354,157039,4
spin_slow,spin,2.0,0.15,spin,2.0,0.15,18.2005,112,384928724,149,57998,25430,157052,4
spin_slow,spin,2.0,0.15,spin,2.0,0.15,18.2121,113,384940896,150,85614,25427,157045,4
spin_slow,spin,2.0,0.15,spin,2.0,0.15,18.2184,114,384949821,147,32476,25457,157011,4
spin_slow,spin,2.0,0.15,spin,2.0,0.15,18.229,115,384959363,150,84562,25508,157048,4
spin_slow,spin,2.0,0.15,spin,2.0,0.15,18.2385,116,384969754,144,123789,25536,156988,4
spin_slow,spin,2.0,0.15,spin,2.0,0.15,18.2491,117,384981321,151,48829,25624,157072,4
spin_slow,spin,2.0,0.15,spin,2.0,0.15,18.2659,118,384992104,151,154387,25649,157027,4
spin_slow,spin,2.0,0.15,spin,2.0,0.15,18.2733,119,385002483,151,34483,25689,157005,4
spin_slow,spin,2.0,0.15,spin,2.0,0.15,18.2818,120,385013638,151,46650,25655,157053,4
spin_slow,spin,2.0,0.15,spin,2.0,0.15,18.2912,121,385024028,150,85492,25776,157033,4
spin_slow,spin,2.0,0.15,spin,2.0,0.15,18.307,122,385034702,151,172775,25732,157021,36
spin_slow,spin,2.0,0.15,spin,2.0,0.15,18.3123,123,385045050,152,47514,25737,157030,4
spin_slow,spin,2.0,0.15,spin,2.0,0.15,18.3271,124,385056315,145,78126,25808,157027,4
spin_slow,spin,2.0,0.15,spin,2.0,0.15,18.3334,125,385065038,158,147819,25803,157016,4
spin_slow,spin,2.0,0.15,spin,2.0,0.15,18.3482,126,385077578,153,81313,25884,157014,4
spin_slow,spin,2.0,0.15,spin,2.0,0.15,18.3566,127,385086298,148,150462,25918,157015,4
spin_slow,spin,2.0,0.15,spin,2.0,0.15,18.3693,0,385098852,153,86201,25998,157046,4
spin_slow,spin,2.0,0.15,spin,2.0,0.15,18.3777,1,385107559,153,152966,26001,157036,4
spin_slow,spin,2.0,0.15,spin,2.0,0.15,18.3905,2,385120113,153,88596,26079,157064,4
spin_slow,spin,2.0,0.15,spin,2.0,0.15,18.398,3,385128836,154,158333,26116,157029,36
spin_slow,spin,2.0,0.15,spin,2.0,0.15,18.4106,4,385141376,149,91691,26158,157042,4
spin_slow,spin,2.0,0.15,spin,2.0,0.15,18.4264,5,385152212,154,49221,26190,157017,4
spin_slow,spin,2.0,0.15,spin,2.0,0.15,18.438,6,385162606,154,89058,26223,157000,4
spin_slow,spin,2.0,0.15,spin,2.0,0.15,18.4401,7,385171709,154,66599,26221,156980,4
spin_slow,spin,2.0,0.15,spin,2.0,0.15,18.4517,8,385181785,154,52020,26231,157046,4
spin_slow,spin,2.0,0.15,spin,2.0,0.15,18.4644,9,385193905,155,70938,26301,157046,4
spin_slow,spin,2.0,0.15,spin,2.0,0.15,18.4728,10,385202618,155,138719,26304,157032,4
spin_slow,spin,2.0,0.15,spin,2.0,0.15,18.4854,11,385215178,161,75549,26338,157005,4
spin_slow,spin,2.0,0.15,spin,2.0,0.15,18.4929,12,385223906,155,146317,26337,157022,4
spin_slow,spin,2.0,0.15,spin,2.0,0.15,18.5078,13,385236443,151,79294,26374,157016,4
spin_slow,spin,2.0,0.15,spin,2.0,0.15,18.512,14,385245161,155,148069,26380,157032,4
spin_slow,spin,2.0,0.15,spin,2.0,0.15,18.5236,15,385255209,155,128863,26495,157045,4
spin_slow,spin,2.0,0.15,spin,2.0,0.15,18.5363,16,385266452,156,155645,26533,157022,4
spin_slow,spin,2.0,0.15,spin,2.0,0.15,18.5468,17,385279062,157,101156,26565,157002,4
spin_slow,spin,2.0,0.15,spin,2.0,0.15,18.5573,18,385289832,157,48164,26645,156973,4
spin_slow,spin,2.0,0.15,spin,2.0,0.15,18.5679,19,385300380,157,114315,26717,156995,4
spin_slow,spin,2.0,0.15,spin,2.0,0.15,18.5849,20,385311136,157,58680,26685,157026,4
spin_slow,spin,2.0,0.15,spin,2.0,0.15,18.6081,21,385326422,157,144922,26760,157013,4
spin_slow,spin,2.0,0.15,spin,2.0,0.15,18.6081,22,385327384,151,151374,26716,157003,0
spin_slow,spin,2.0,0.15,spin,2.0,0.15,18.6081,23,385328349,159,158582,26797,157000,36
spin_slow,spin,2.0,0.15,spin,2.0,0.15,18.6113,24,385329281,158,159912,26796,156995,32
spin_slow,spin,2.0,0.15,spin,2.0,0.15,18.6113,25,385331953,158,143219,26753,157004,4
spin_slow,spin,2.0,0.15,spin,2.0,0.15,18.6166,26,385334302,158,71475,26793,157003,4
spin_slow,spin,2.0,0.15,spin,2.0,0.15,18.6166,27,385339784,158,61438,26798,157024,4
spin_slow,spin,2.0,0.15,spin,2.0,0.15,18.625,28,385353328,158,165272,26839,157027,36
spin_slow,spin,2.0,0.15,spin,2.0,0.15,18.6271,29,385354262,160,167146,26841,157046,32
spin_slow,spin,2.0,0.15,spin,2.0,0.15,18.6345,30,385363966,158,89485,26874,157012,4
spin_slow,spin,2.0,0.15,spin,2.0,0.15,18.643,31,385372773,158,173274,26874,157038,36
spin_slow,spin,2.0,0.15,spin,2.0,0.15,18.6514,32,385385253,158,96283,26878,157051,4
spin_slow,spin,2.0,0.15,spin,2.0,0.15,18.6662,33,385394922,159,169667,26917,157020,36
spin_slow,spin,2.0,0.15,spin,2.0,0.15,18.6726,34,385405283,163,46914,26992,157012,4
spin_slow,spin,2.0,0.15,spin,2.0,0.15,18.6873,35,385416544,159,76939,26991,157051,4
spin_slow,spin,2.0,0.15,spin,2.0,0.15,18.6937,36,385425292,166,150947,27028,157031,4
spin_slow,spin,2.0,0.15,spin,2.0,0.15,18.7095,37,385437808,158,80398,27103,157025,4
spin_slow,spin,2.0,0.15,spin,2.0,0.15,18.7169,38,385446550,160,153521,27141,157014,4
spin_slow,spin,2.0,0.15,spin,2.0,0.15,18.7296,39,385459085,160,86149,27179,157016,4
spin_slow,spin,2.0,0.15,spin,2.0,0.15,18.737,40,385467813,159,156617,27262,157059,4
spin_slow,spin,2.0,0.15,spin,2.0,0.15,18.7507,41,385480316,161,83680,27341,157070,4
spin_slow,spin,2.0,0.15,spin,2.0,0.15,18.7592,42,385491031,161,177963,27333,157013,36
spin_slow,spin,2.0,0.15,spin,2.0,0.15,18.7698,43,385501686,157,105083,27368,157015,4
spin_slow,spin,2.0,0.15,spin,2.0,0.15,18.7856,44,385512476,161,54833,27407,157030,4
spin_slow,spin,2.0,0.15,spin,2.0,0.15,18.7962,45,385522851,167,91217,27452,157041,4
spin_slow,spin,2.0,0.15,spin,2.0,0.15,18.8046,46,385532620,162,181700,27479,156996,36
spin_slow,spin,2.0,0.15,spin,2.0,0.15,18.812,47,385541881,162,28906,27515,157000,4
spin_slow,spin,2.0,0.15,spin,2.0,0.15,18.8205,48,385552831,162,162927,27568,157061,36
spin_slow,spin,2.0,0.15,spin,2.0,0.15,18.8331,49,385563375,163,70740,27606,157047,4
spin_slow,spin,2.0,0.15,spin,2.0,0.15,18.8416,50,385573771,162,110644,27680,157035,4
spin_slow,spin,2.0,0.15,spin,2.0,0.15,18.8511,51,385584251,163,164846,27672,157012,36
spin_slow,spin,2.0,0.15,spin,2.0,0.15,18.869,52,385595040,163,114549,27722,157057,4
spin_slow,spin,2.0,0.15,spin,2.0,0.15,18.8753,53,385605412,168,149976,27837,157051,4
spin_slow,spin,2.0,0.15,spin,2.0,0.15,18.8827,54,385614452,163,116389,27828,157012,4
spin_slow,spin,2.0,0.15,spin,2.0,0.15,18.8964,55,385626721,165,160783,27907,157061,36
spin_slow,spin,2.0,0.15,spin,2.0,0.15,18.9038,56,385637109,163,42072,27988,157051,4
spin_slow,spin,2.0,0.15,spin,2.0,0.15,18.9185,57,385647992,164,164588,28024,157059,36
spin_slow,spin,2.0,0.15,spin,2.0,0.15,18.927,58,385658676,165,96289,28017,157023,4
spin_slow,spin,2.0,0.15,spin,2.0,0.15,18.9365,59,385669335,166,181086,28094,157015,36
spin_slow,spin,2.0,0.15,spin,2.0,0.15,18.9533,60,385680116,165,129708,28094,157012,4
spin_slow,spin,2.0,0.15,spin,2.0,0.15,18.9607,61,385690493,165,166250,28137,157039,36
spin_slow,spin,2.0,0.15,spin,2.0,0.15,18.9671,62,385699514,166,129424,28177,157058,4
spin_slow,spin,2.0,0.15,spin,2.0,0.15,18.9829,63,385711774,166,171910,28215,157053,36
spin_slow,spin,2.0,0.15,spin,2.0,0.15,18.9881,64,385720506,167,85643,28294,157079,4
spin_slow,spin,2.0,0.15,spin,2.0,0.15,19.004,65,385733035,167,173706,28326,157038,36
spin_slow,spin,2.0,0.15,spin,2.0,0.15,19.0114,66,385743724,169,106188,28400,157033,4
spin_slow,spin,2.0,0.15,spin,2.0,0.15,19.024,67,385754428,166,41334,28442,157067,4
spin_slow,spin,2.0,0.15,spin,2.0,0.15,19.0325,68,385764506,168,184057,28518,157037,36
spin_slow,spin,2.0,0.15,spin,2.0,0.15,19.0409,69,385773324,168,112880,28552,157026,4
spin_slow,spin,2.0,0.15,spin,2.0,0.15,19.0515,70,385783190,174,62916,28588,157031,4
spin_slow,spin,2.0,0.15,spin,2.0,0.15,19.0642,71,385794341,170,74182,28672,157042,4
spin_slow,spin,2.0,0.15,spin,2.0,0.15,19.0727,72,385805039,168,165226,28711,157041,36
spin_slow,spin,2.0,0.15,spin,2.0,0.15,19.0884,73,385815714,170,95508,28754,157083,4
spin_slow,spin,2.0,0.15,spin,2.0,0.15,19.0937,74,385824096,169,106909,28792,157084,4
spin_slow,spin,2.0,0.15,spin,2.0,0.15,19.0937,75,385825030,170,108503,28751,157085,0
spin_slow,spin,2.0,0.15,spin,2.0,0.15,19.1022,76,385825982,169,113272,28748,157050,0
spin_slow,spin,2.0,0.15,spin,2.0,0.15,19.1022,77,385826950,169,120738,28784,157056,0
spin_slow,spin,2.0,0.15,spin,2.0,0.15,19.1043,78,385829973,169,163661,28823,157044,36
spin_slow,spin,2.0,0.15,spin,2.0,0.15,19.1043,79,385835456,169,153349,28786,157075,4
spin_slow,spin,2.0,0.15,spin,2.0,0.15,19.1128,80,385841029,170,158519,28822,157056,36
spin_slow,spin,2.0,0.15,spin,2.0,0.15,19.1201,81,385849333,170,156547,28862,157041,4
spin_slow,spin,2.0,0.15,spin,2.0,0.15,19.1254,82,385858062,170,70070,28828,157072,4
spin_slow,spin,2.0,0.15,spin,2.0,0.15,19.1381,83,385867730,170,143183,28895,157020,4
spin_slow,spin,2.0,0.15,spin,2.0,0.15,19.1476,84,385879528,163,107497,28935,157032,4
spin_slow,spin,2.0,0.15,spin,2.0,0.15,19.1623,85,385891922,171,173058,29007,157021,36
spin_slow,spin,2.0,0.15,spin,2.0,0.15,19.1687,86,385900678,171,91260,29056,157057,4
spin_slow,spin,2.0,0.15,spin,2.0,0.15,19.1834,87,385913196,171,177565,29088,157038,36
spin_slow,spin,2.0,0.15,spin,2.0,0.15,19.1919,88,385921943,179,94140,29193,157009,4
spin_slow,spin,2.0,0.15,spin,2.0,0.15,19.2046,89,385934455,179,179975,29273,157024,36
spin_slow,spin,2.0,0.15,spin,2.0,0.15,19.213,90,385945168,172,116966,29354,157026,4
spin_slow,spin,2.0,0.15,spin,2.0,0.15,19.2246,91,385955826,173,44639,29386,157014,4
spin_slow,spin,2.0,0.15,spin,2.0,0.15,19.2372,92,385964139,173,44387,29473,157080,4
spin_slow,spin,2.0,0.15,spin,2.0,0.15,19.2415,93,385972879,172,116719,29503,157003,4
spin_slow,spin,2.0,0.15,spin,2.0,0.15,19.252,94,385984481,181,47559,29544,157051,4
spin_slow,spin,2.0,0.15,spin,2.0,0.15,19.2615,95,385994772,174,69835,29581,157011,4
spin_slow,spin,2.0,0.15,spin,2.0,0.15,19.2752,96,386005751,174,52194,29579,156991,4
spin_slow,spin,2.0,0.15,spin,2.0,0.15,19.2921,97,386018372,174,156203,29625,157040,4
spin_slow,spin,2.0,0.15,spin,2.0,0.15,19.3027,98,386033051,173,138878,29630,157059,4
spin_slow,spin,2.0,0.15,spin,2.0,0.15,19.3048,99,386036225,174,50254,29617,157036,4
spin_slow,spin,2.0,0.15,spin,2.0,0.15,19.328,100,386047838,175,139955,29654,157037,4
spin_slow,spin,2.0,0.15,spin,2.0,0.15,19.3364,101,386065512,176,161620,29722,156975,36
spin_slow,spin,2.0,0.15,spin,2.0,0.15,19.3428,102,386072525,175,97928,29764,156984,4
spin_slow,spin,2.0,0.15,spin,2.0,0.15,19.3618,103,386081867,175,115957,29844,157006,4
spin_slow,spin,2.0,0.15,spin,2.0,0.15,19.3754,104,386089220,175,110059,29881,156980,4
spin_slow,spin,2.0,0.15,spin,2.0,0.15,19.3933,105,386103081,177,111433,29954,156991,4
spin_slow,spin,2.0,0.15,spin,2.0,0.15,19.4091,106,386119358,175,52489,30040,157027,4
spin_slow,spin,2.0,0.15,spin,2.0,0.15,19.4123,107,386122065,176,41434,30042,157057,4
spin_slow,spin,2.0,0.15,spin,2.0,0.15,19.4165,108,386135607,177,145028,30117,157043,4
spin_slow,spin,2.0,0.15,spin,2.0,0.15,19.4239,109,386153448,177,37473,30152,156997,4
spin_slow,spin,2.0,0.15,spin,2.0,0.15,19.426,110,386154376,177,38096,30190,157000,0
spin_slow,spin,2.0,0.15,spin,2.0,0.15,19.4313,111,386164547,178,39844,30153,157011,4
spin_slow,spin,2.0,0.15,spin,2.0,0.15,19.445,112,386174636,178,184772,30197,157061,36
spin_slow,spin,2.0,0.15,spin,2.0,0.15,19.4556,113,386187217,179,125287,30230,157021,4
spin_slow,spin,2.0,0.15,spin,2.0,0.15,19.4724,114,386198772,185,48437,30187,157010,4
spin_slow,spin,2.0,0.15,spin,2.0,0.15,19.4777,115,386207989,178,45192,30217,156989,4
spin_slow,spin,2.0,0.15,spin,2.0,0.15,19.4861,116,386218732,178,144310,30272,157044,4
spin_slow,spin,2.0,0.15,spin,2.0,0.15,19.4968,117,386229780,174,138184,30347,157044,4
spin_slow,spin,2.0,0.15,spin,2.0,0.15,19.5096,118,386240525,179,80289,30426,157060,4
spin_slow,spin,2.0,0.15,spin,2.0,0.15,19.518,119,386250969,180,128616,30417,157012,4
spin_slow,spin,2.0,0.15,spin,2.0,0.15,19.5349,120,386261798,179,85381,30460,157020,4
spin_slow,spin,2.0,0.15,spin,2.0,0.15,19.5433,121,386272169,176,121190,30569,157003,4
spin_slow,spin,2.0,0.15,spin,2.0,0.15,19.5529,122,386280981,180,49103,30568,157013,4
spin_slow,spin,2.0,0.15,spin,2.0,0.15,19.5613,123,386292229,181,76921,30645,157013,4
spin_slow,spin,2.0,0.15,spin,2.0,0.15,19.5718,124,386303555,181,117968,30693,157040,4
spin_slow,spin,2.0,0.15,spin,2.0,0.15,19.5898,125,386314324,181,64333,30722,157012,4
spin_slow,spin,2.0,0.15,spin,2.0,0.15,19.5898,126,386319965,180,81264,30722,157035,4
spin_slow,spin,2.0,0.15,spin,2.0,0.15,19.5982,127,386321225,173,138292,30719,157022,0
spin_slow,spin,2.0,0.15,spin,2.0,0.15,19.6013,0,386322483,181,38147,30725,157034,4
spin_slow,spin,2.0,0.15,spin,2.0,0.15,19.6013,1,386323701,181,88171,30753,157001,0
spin_slow,spin,2.0,0.15,spin,2.0,0.15,19.6045,2,386324714,186,103381,30722,157002,0
spin_slow,spin,2.0,0.15,spin,2.0,0.15,19.6077,3,386326282,180,56083,30724,156988,4
spin_slow,spin,2.0,0.15,spin,2.0,0.15,19.6077,4,386334451,180,31632,30762,157003,4
spin_slow,spin,2.0,0.15,spin,2.0,0.15,19.6141,5,386346505,181,39649,30797,157030,4
spin_slow,spin,2.0,0.15,spin,2.0,0.15,19.6225,6,386354106,181,75642,30801,157012,4
spin_slow,spin,2.0,0.15,spin,2.0,0.15,19.6352,7,386366013,181,58587,30874,157018,4
spin_slow,spin,2.0,0.15,spin,2.0,0.15,19.6447,8,386376664,182,142134,30910,157005,4
spin_slow,spin,2.0,0.15,spin,2.0,0.15,19.6553,9,386387388,188,81038,30957,157018,4
spin_slow,spin,2.0,0.15,spin,2.0,0.15,19.6711,10,386398197,183,33953,30991,157033,4
spin_slow,spin,2.0,0.15,spin,2.0,0.15,19.6784,11,386408603,183,75682,31066,157004,4
spin_slow,spin,2.0,0.15,spin,2.0,0.15,19.6869,12,386418499,183,187671,31110,157025,36
spin_slow,spin,2.0,0.15,spin,2.0,0.15,19.7006,13,386431076,184,127172,31190,157052,4
spin_slow,spin,2.0,0.15,spin,2.0,0.15,19.708,14,386439805,183,40880,31226,157035,4
spin_slow,spin,2.0,0.15,spin,2.0,0.15,19.7228,15,386452330,185,128692,31293,157027,4
spin_slow,spin,2.0,0.15,spin,2.0,0.15,19.727,16,386461079,184,45984,31288,156992,4
spin_slow,spin,2.0,0.15,spin,2.0,0.15,19.7376,17,386470727,184,116076,31293,157018,4
spin_slow,spin,2.0,0.15,spin,2.0,0.15,19.7481,18,386481333,185,34663,31409,157015,4
spin_slow,spin,2.0,0.15,spin,2.0,0.15,19.7587,19,386492036,184,126842,31368,157015,4
spin_slow,spin,2.0,0.15,spin,2.0,0.15,19.7703,20,386502746,184,63494,31406,157008,4
spin_slow,spin,2.0,0.15,spin,2.0,0.15,19.7808,21,386512998,185,79175,31408,157005,4
spin_slow,spin,2.0,0.15,spin,2.0,0.15,19.7925,22,386523716,185,173898,31451,157034,36
spin_slow,spin,2.0,0.15,spin,2.0,0.15,19.8051,23,386536137,185,86714,31535,157078,4
spin_slow,spin,2.0,0.15,spin,2.0,0.15,19.8125,24,386544898,186,163066,31556,157029,36
spin_slow,spin,2.0,0.15,spin,2.0,0.15,19.8272,25,386557389,187,88275,31603,157014,4
spin_slow,spin,2.0,0.15,spin,2.0,0.15,19.8336,26,386566133,186,161687,31637,156995,36
spin_slow,spin,2.0,0.15,spin,2.0,0.15,19.8483,27,386578661,188,93354,31675,157006,4
spin_slow,spin,2.0,0.15,spin,2.0,0.15,19.8568,28,386587404,186,166660,31708,157003,36
spin_slow,spin,2.0,0.15,spin,2.0,0.15,19.8695,29,386599921,187,96449,31751,157004,4
spin_slow,spin,2.0,0.15,spin,2.0,0.15,19.8779,30,386608667,187,170102,31785,157001,36
spin_slow,spin,2.0,0.15,spin,2.0,0.15,19.8906,31,386621197,185,101839,31830,157053,4
spin_slow,spin,2.0,0.15,spin,2.0,0.15,19.898,32,386629958,187,177815,31875,157049,36
spin_slow,spin,2.0,0.15,spin,2.0,0.15,19.9148,33,386642441,188,101508,31942,157032,4
spin_slow,spin,2.0,0.15,spin,2.0,0.15,19.9191,34,386650971,188,138466,31944,157019,4
spin_slow,spin,2.0,0.15,spin,2.0,0.15,19.9286,35,386662450,186,49092,31974,156991,4
spin_slow,spin,2.0,0.15,spin,2.0,0.15,19.9434,36,386673719,188,80806,32015,156998,4
spin_slow,spin,2.0,0.15,spin,2.0,0.15,19.9518,37,386682456,195,153217,32050,156994,4
spin_slow,spin,2.0,0.15,spin,2.0,0.15,19.9645,38,386694999,189,87379,32131,157022,4
spin_slow,spin,2.0,0.15,spin,2.0,0.15,19.9729,39,386705669,189,174217,32132,157014,36
spin_slow,spin,2.0,0.15,spin,2.0,0.15,19.9825,40,386716344,189,104738,32138,157023,4
spin_slow,spin,2.0,0.15,spin,2.0,0.15,19.9994,41,386727154,190,58250,32169,157032,4
spin_slow,spin,2.0,0.15,spin,2.0,0.15,20.0089,42,386737537,191,96293,32177,157010,4
spin_slow,spin,2.0,0.15,spin,2.0,0.15,20.0163,43,386746500,186,50066,32206,157014,4
spin_slow,spin,2.0,0.15,spin,2.0,0.15,20.0226,44,386755990,190,93079,32213,157034,4
spin_slow,spin,2.0,0.15,spin,2.0,0.15,20.0353,45,386767151,190,106059,32284,157028,4
spin_slow,spin,2.0,0.15,spin,2.0,0.15,20.0448,46,386777665,190,166328,32328,157019,36
spin_slow,spin,2.0,0.15,spin,2.0,0.15,20.0606,47,386788434,191,112762,32326,157004,4
spin_slow,spin,2.0,0.15,spin,2.0,0.15,20.068,48,386798788,190,145825,32361,156998,4
spin_slow,spin,2.0,0.15,spin,2.0,0.15,20.0765,49,386810051,191,176196,32407,157039,36
spin_slow,spin,2.0,0.15,spin,2.0,0.15,20.1071,50,386825969,191,56246,32435,156991,4
spin_slow,spin,2.0,0.15,spin,2.0,0.15,20.1071,51,386826906,191,58572,32432,157003,0
spin_slow,spin,2.0,0.15,spin,2.0,0.15,20.1071,52,386827871,189,65607,32428,156984,0
spin_slow,spin,2.0,0.15,spin,2.0,0.15,20.1092,53,386830714,187,77824,32437,157006,4
spin_slow,spin,2.0,0.15,spin,2.0,0.15,20.1092,54,386830747,187,83395,32437,157006,8
spin_slow,spin,2.0,0.15,spin,2.0,0.15,20.1145,55,386832542,191,74654,32470,157002,4
spin_slow,spin,2.0,0.15,spin,2.0,0.15,20.1166,56,386838026,191,64838,32484,157013,4
spin_slow,spin,2.0,0.15,spin,2.0,0.15,20.124,57,386853088,191,113019,32513,157020,4
spin_slow,spin,2.0,0.15,spin,2.0,0.15,20.1261,58,386854056,192,120546,32518,157030,0
spin_slow,spin,2.0,0.15,spin,2.0,0.15,20.1325,59,386863616,192,175392,32594,157010,36
spin_slow,spin,2.0,0.15,spin,2.0,0.15,20.1388,60,386871406,192,86585,32597,157017,4
spin_slow,spin,2.0,0.15,spin,2.0,0.15,20.1535,61,386883859,193,161889,32679,157058,36
spin_slow,spin,2.0,0.15,spin,2.0,0.15,20.163,62,386896469,190,107077,32675,157025,4
spin_slow,spin,2.0,0.15,spin,2.0,0.15,20.1736,63,386907307,192,65115,32706,157028,4
spin_slow,spin,2.0,0.15,spin,2.0,0.15,20.1841,64,386916579,193,71289,32750,157046,4
spin_slow,spin,2.0,0.15,spin,2.0,0.15,20.1999,65,386927312,194,168465,32754,157047,36
spin_slow,spin,2.0,0.15,spin,2.0,0.15,20.2084,66,386937713,193,51983,32781,157030,4
spin_slow,spin,2.0,0.15,spin,2.0,0.15,20.2179,67,386946667,193,160691,32820,157022,36
spin_slow,spin,2.0,0.15,spin,2.0,0.15,20.2232,68,386956148,193,45061,32785,157040,4
spin_slow,spin,2.0,0.15,spin,2.0,0.15,20.239,69,386968915,193,173829,32786,157037,36
spin_slow,spin,2.0,0.15,spin,2.0,0.15,20.2464,70,386977723,193,100577,32829,157054,4
spin_slow,spin,2.0,0.15,spin,2.0,0.15,20.2592,71,386990206,193,181261,32857,157014,36
spin_slow,spin,2.0,0.15,spin,2.0,0.15,20.2666,72,386998994,194,104872,32857,157000,4
spin_slow,spin,2.0,0.15,spin,2.0,0.15,20.2814,73,387011456,198,182119,32865,157045,36
spin_slow,spin,2.0,0.15,spin,2.0,0.15,20.2878,74,387020226,194,102764,32892,157007,4
spin_slow,spin,2.0,0.15,spin,2.0,0.15,20.3025,75,387032739,194,188437,32899,157028,36
spin_slow,spin,2.0,0.15,spin,2.0,0.15,20.3088,76,387041532,194,113047,32938,157039,4
spin_slow,spin,2.0,0.15,spin,2.0,0.15,20.3236,77,387053998,194,33980,32935,157029,4
spin_slow,spin,2.0,0.15,spin,2.0,0.15,20.332,78,387062778,193,113232,32941,157056,4
spin_slow,spin,2.0,0.15,spin,2.0,0.15,20.3447,79,387075274,196,38616,32984,157044,4
spin_slow,spin,2.0,0.15,spin,2.0,0.15,20.3523,80,387084022,194,112497,33008,157002,4
spin_slow,spin,2.0,0.15,spin,2.0,0.15,20.366,81,387096512,194,37529,33089,157028,4
spin_slow,spin,2.0,0.15,spin,2.0,0.15,20.3723,82,387105299,195,118015,33131,157044,4
spin_slow,spin,2.0,0.15,spin,2.0,0.15,20.3818,83,387114878,196,175820,33167,157023,36
spin_slow,spin,2.0,0.15,spin,2.0,0.15,20.3903,84,387125312,192,65118,33215,157061,4
spin_slow,spin,2.0,0.15,spin,2.0,0.15,20.4051,85,387135984,189,152042,33199,157018,4
spin_slow,spin,2.0,0.15,spin,2.0,0.15,20.4147,86,387147900,196,136336,33203,157024,4
spin_slow,spin,2.0,0.15,spin,2.0,0.15,20.4307,87,387158704,195,88555,33199,157011,4
spin_slow,spin,2.0,0.15,spin,2.0,0.15,20.4424,88,387169100,195,128401,33206,157043,4
spin_slow,spin,2.0,0.15,spin,2.0,0.15,20.4477,89,387178503,199,156574,33282,157044,4
spin_slow,spin,2.0,0.15,spin,2.0,0.15,20.454,90,387189315,196,110021,33283,157054,4
spin_slow,spin,2.0,0.15,spin,2.0,0.15,20.4667,91,387199773,196,160510,33358,157037,36
spin_slow,spin,2.0,0.15,spin,2.0,0.15,20.4773,92,387210100,197,189072,33387,156991,36
spin_slow,spin,2.0,0.15,spin,2.0,0.15,20.4922,93,387221632,197,108417,33498,156988,4
spin_slow,spin,2.0,0.15,spin,2.0,0.15,20.5019,94,387234214,191,49617,33576,156993,4
spin_slow,spin,2.0,0.15,spin,2.0,0.15,20.5146,95,387245606,199,102078,33698,157007,4
spin_slow,spin,2.0,0.15,spin,2.0,0.15,20.523,96,387254321,204,170393,33732,157022,36
spin_slow,spin,2.0,0.15,spin,2.0,0.15,20.5368,97,387266650,202,68103,33812,157002,4
spin_slow,spin,2.0,0.15,spin,2.0,0.15,20.5421,98,387275425,200,146655,33839,157013,4
spin_slow,spin,2.0,0.15,spin,2.0,0.15,20.5579,99,387287919,201,72908,33969,156993,4
spin_slow,spin,2.0,0.15,spin,2.0,0.15,20.5622,100,387296697,197,151816,33995,157008,4
spin_slow,spin,2.0,0.15,spin,2.0,0.15,20.5718,101,387305781,200,126425,34071,156997,4
spin_slow,spin,2.0,0.15,spin,2.0,0.15,20.5889,102,387316668,198,93065,34040,157020,4
spin_slow,spin,2.0,0.15,spin,2.0,0.15,20.6041,103,387322064,207,68307,34002,157015,4
spin_slow,spin,2.0,0.15,spin,2.0,0.15,20.6041,104,387324109,201,101948,34042,157031,4
spin_slow,spin,2.0,0.15,spin,2.0,0.15,20.6063,105,387325075,188,109186,34007,157034,0
spin_slow,spin,2.0,0.15,spin,2.0,0.15,20.6063,106,387326007,206,110308,34008,157024,0
spin_slow,spin,2.0,0.15,spin,2.0,0.15,20.6212,107,387326955,200,114711,34037,157036,0
spin_slow,spin,2.0,0.15,spin,2.0,0.15,20.6234,108,387329945,200,151892,34043,157027,4
spin_slow,spin,2.0,0.15,spin,2.0,0.15,20.6374,109,387346260,200,99372,34069,156987,4
spin_slow,spin,2.0,0.15,spin,2.0,0.15,20.6534,110,387351646,201,72822,34088,157042,4
spin_slow,spin,2.0,0.15,spin,2.0,0.15,20.6693,111,387363978,200,128095,34111,157014,4
spin_slow,spin,2.0,0.15,spin,2.0,0.15,20.6874,112,387383011,201,66463,34230,157007,4
spin_slow,spin,2.0,0.15,spin,2.0,0.15,20.7035,113,387383954,201,69706,34225,156995,0
spin_slow,spin,2.0,0.15,spin,2.0,0.15,20.7184,114,387397024,202,93690,34266,156991,4
spin_slow,spin,2.0,0.15,spin,2.0,0.15,20.7364,115,387415625,202,115630,34380,157014,4
spin_slow,spin,2.0,0.15,spin,2.0,0.15,20.7397,116,387416587,196,122121,34418,157003,0
spin_slow,spin,2.0,0.15,spin,2.0,0.15,20.7439,117,387429553,203,128097,34422,157021,4
spin_slow,spin,2.0,0.15,spin,2.0,0.15,20.7493,118,387449708,203,99797,34500,157039,4
spin_slow,spin,2.0,0.15,spin,2.0,0.15,20.7536,119,387450675,203,107027,34507,157041,0
spin_slow,spin,2.0,0.15,spin,2.0,0.15,20.7558,120,387464422,204,88505,34544,157036,4
spin_slow,spin,2.0,0.15,spin,2.0,0.15,20.7621,121,387490797,204,175679,34610,157013,36
spin_slow,spin,2.0,0.15,spin,2.0,0.15,20.7643,122,387491764,203,183169,34578,157005,32
spin_slow,spin,2.0,0.15,spin,2.0,0.15,20.7696,123,387492704,212,185955,34608,157001,32
spin_slow,spin,2.0,0.15,spin,2.0,0.15,20.7718,124,387505160,204,105034,34657,157039,4
spin_slow,spin,2.0,0.15,spin,2.0,0.15,20.7781,125,387510548,204,78721,34699,157048,4
spin_slow,spin,2.0,0.15,spin,2.0,0.15,20.7866,126,387520163,210,142574,34764,157059,4
spin_slow,spin,2.0,0.15,spin,2.0,0.15,20.7994,127,387530572,208,184714,34812,157059,36
spin_slow,spin,2.0,0.15,spin,2.0,0.15,20.81,0,387543167,205,127536,34883,157048,4
spin_slow,spin,2.0,0.15,spin,2.0,0.15,20.8269,1,387553993,205,83391,34961,157058,4
spin_slow,spin,2.0,0.15,spin,2.0,0.15,20.8344,2,387564409,205,126450,34994,157049,4
spin_slow,spin,2.0,0.15,spin,2.0,0.15,20.8418,3,387573521,206,104900,35083,157064,4
spin_slow,spin,2.0,0.15,spin,2.0,0.15,20.8546,4,387585608,205,118156,35142,157006,4
spin_slow,spin,2.0,0.15,spin,2.0,0.15,20.8641,5,387597151,206,38644,35156,157069,4
spin_slow,spin,2.0,0.15,spin,2.0,0.15,20.8726,6,387607318,208,39450,35232,157053,4
spin_slow,spin,2.0,0.15,spin,2.0,0.15,20.8875,7,387618159,207,154756,35227,157096,4
spin_slow,spin,2.0,0.15,spin,2.0,0.15,20.8939,8,387626961,199,80577,35231,157056,4
spin_slow,spin,2.0,0.15,spin,2.0,0.15,20.9087,9,387639429,213,158643,35259,157022,36
spin_slow,spin,2.0,0.15,spin,2.0,0.15,20.9161,10,387648201,207,79610,35304,157039,4
spin_slow,spin,2.0,0.15,spin,2.0,0.15,20.9299,11,387660689,208,161284,35335,157015,36
spin_slow,spin,2.0,0.15,spin,2.0,0.15,20.9374,12,387669437,208,78070,35374,157021,4
spin_slow,spin,2.0,0.15,spin,2.0,0.15,20.9512,13,387681950,209,163707,35412,157011,36
spin_slow,spin,2.0,0.15,spin,2.0,0.15,20.9597,14,387692622,209,93565,35459,157060,4
spin_slow,spin,2.0,0.15,spin,2.0,0.15,20.9692,15,387703325,209,185439,35500,157055,36
spin_slow,spin,2.0,0.15,spin,2.0,0.15,20.9862,16,387714155,216,141981,35580,157062,4
spin_slow,spin,2.0,0.15,spin,2.0,0.15,20.9958,17,387724550,212,181416,35651,157064,36
spin_slow,spin,2.0,0.15,spin,2.0,0.15,21.0032,18,387733516,210,135117,35690,157049,4
spin_slow,spin,2.0,0.15,spin,2.0,0.15,21.0117,19,387743014,210,179195,35724,157047,36
spin_slow,spin,2.0,0.15,spin,2.0,0.15,21.0244,20,387755756,211,146825,35824,156986,4
spin_slow,spin,2.0,0.15,spin,2.0,0.15,21.0321,21,387766446,211,79953,35831,157019,4
spin_slow,spin,2.0,0.15,spin,2.0,0.15,21.0438,22,387777130,211,168837,35869,157024,36
spin_slow,spin,2.0,0.15,spin,2.0,0.15,21.0597,23,387787928,209,120502,35898,156987,4
spin_slow,spin,2.0,0.15,spin,2.0,0.15,21.0683,24,387798316,211,159386,35906,157021,36
spin_slow,spin,2.0,0.15,spin,2.0,0.15,21.0736,25,387807400,209,133637,35947,157036,4
spin_slow,spin,2.0,0.15,spin,2.0,0.15,21.1023,26,387824958,212,135432,35976,157002,4
spin_slow,spin,2.0,0.15,spin,2.0,0.15,21.1023,27,387825896,212,137856,36018,156986,0
spin_slow,spin,2.0,0.15,spin,2.0,0.15,21.1044,28,387826863,213,145308,36052,156992,0
spin_slow,spin,2.0,0.15,spin,2.0,0.15,21.1076,29,387827796,212,146848,36015,157001,0
spin_slow,spin,2.0,0.15,spin,2.0,0.15,21.1129,30,387829711,211,158335,35987,157027,36
spin_slow,spin,2.0,0.15,spin,2.0,0.15,21.1129,31,387832228,212,115185,36021,157019,4
spin_slow,spin,2.0,0.15,spin,2.0,0.15,21.1129,32,387837711,212,105165,36070,157026,4
spin_slow,spin,2.0,0.15,spin,2.0,0.15,21.1215,33,387852947,213,182587,36220,157041,36
spin_slow,spin,2.0,0.15,spin,2.0,0.15,21.1237,34,387853916,214,190298,36224,157034,32
spin_slow,spin,2.0,0.15,spin,2.0,0.15,21.13,35,387863038,213,170482,36303,157070,36
spin_slow,spin,2.0,0.15,spin,2.0,0.15,21.1385,36,387871703,213,73253,36363,157002,4
spin_slow,spin,2.0,0.15,spin,2.0,0.15,21.149,37,387882199,215,130252,36449,157034,4
spin_slow,spin,2.0,0.15,spin,2.0,0.15,21.1648,38,387893033,214,87500,36528,157035,4
spin_slow,spin,2.0,0.15,spin,2.0,0.15,21.1764,39,387903459,217,132455,36558,157053,4
spin_slow,spin,2.0,0.15,spin,2.0,0.15,21.1786,40,387912828,215,154900,36598,157026,4
spin_slow,spin,2.0,0.15,spin,2.0,0.15,21.1912,41,387924194,210,46021,36668,157000,4
spin_slow,spin,2.0,0.15,spin,2.0,0.15,21.2018,42,387934742,216,112152,36661,156987,4
spin_slow,spin,2.0,0.15,spin,2.0,0.15,21.2144,43,387946347,216,43888,36706,157017,4
spin_slow,spin,2.0,0.15,spin,2.0,0.15,21.225,44,387958511,216,70521,36670,156993,4
spin_slow,spin,2.0,0.15,spin,2.0,0.15,21.2418,45,387969288,216,175386,36707,157013,36
spin_slow,spin,2.0,0.15,spin,2.0,0.15,21.2523,46,387979708,211,62685,36730,156985,4
spin_slow,spin,2.0,0.15,spin,2.0,0.15,21.2576,47,387988643,217,168815,36738,156985,36
spin_slow,spin,2.0,0.15,spin,2.0,0.15,21.2639,48,387998106,218,50401,36778,157015,4
spin_slow,spin,2.0,0.15,spin,2.0,0.15,21.2819,49,388009328,216,74145,36812,156971,4
spin_slow,spin,2.0,0.15,spin,2.0,0.15,21.2924,50,388019714,223,113165,36857,156970,4
spin_slow,spin,2.0,0.15,spin,2.0,0.15,21.2966,51,388029112,218,140394,36945,157056,4
spin_slow,spin,2.0,0.15,spin,2.0,0.15,21.3061,52,388039947,218,97871,36981,157039,4
spin_slow,spin,2.0,0.15,spin,2.0,0.15,21.3166,53,388051083,218,106615,37051,156999,4
spin_slow,spin,2.0,0.15,spin,2.0,0.15,21.3313,54,388062211,223,114277,37116,156977,4
spin_slow,spin,2.0,0.15,spin,2.0,0.15,21.3377,55,388070984,218,192473,37175,157052,36
spin_slow,spin,2.0,0.15,spin,2.0,0.15,21.3524,56,388083501,220,122358,37194,156994,4
spin_slow,spin,2.0,0.15,spin,2.0,0.15,21.3587,57,388092256,219,40750,37284,156989,4
spin_slow,spin,2.0,0.15,spin,2.0,0.15,21.3734,58,388104761,219,125409,37274,156991,4
spin_slow,spin,2.0,0.15,spin,2.0,0.15,21.3819,59,388113520,219,44298,37325,157015,4
spin_slow,spin,2.0,0.15,spin,2.0,0.15,21.3903,60,388126038,220,130892,37328,157072,4
spin_slow,spin,2.0,0.15,spin,2.0,0.15,21.4029,61,388135135,220,107178,37315,157007,4
spin_slow,spin,2.0,0.15,spin,2.0,0.15,21.4113,62,388145405,220,125775,37402,157017,4
spin_slow,spin,2.0,0.15,spin,2.0,0.15,21.4219,63,388156117,222,62519,37427,156999,4
spin_slow,spin,2.0,0.15,spin,2.0,0.15,21.4366,64,388167266,221,73775,37465,157006,4
spin_slow,spin,2.0,0.15,spin,2.0,0.15,21.4461,65,388179889,221,178365,37546,157026,36
spin_slow,spin,2.0,0.15,spin,2.0,0.15,21.4629,66,388190716,216,134825,37622,157005,4
spin_slow,spin,2.0,0.15,spin,2.0,0.15,21.4713,67,388201110,222,174553,37650,156992,36
spin_slow,spin,2.0,0.15,spin,2.0,0.15,21.4777,68,388210067,222,127258,37774,157005,4
spin_slow,spin,2.0,0.15,spin,2.0,0.15,21.4882,69,388219563,222,171534,37772,157001,36
spin_slow,spin,2.0,0.15,spin,2.0,0.15,21.4977,70,388230183,223,92948,37806,156997,4
spin_slow,spin,2.0,0.15,spin,2.0,0.15,21.5062,71,388240466,223,114014,37843,157014,4
spin_slow,spin,2.0,0.15,spin,2.0,0.15,21.5167,72,388251190,223,52814,37896,157014,4
spin_slow,spin,2.0,0.15,spin,2.0,0.15,21.5337,73,388262022,223,166852,37926,157005,36
spin_slow,spin,2.0,0.15,spin,2.0,0.15,21.5443,74,388272424,223,51039,37882,156975,4
spin_slow,spin,2.0,0.15,spin,2.0,0.15,21.5506,75,388281808,217,76168,37925,156996,4
spin_slow,spin,2.0,0.15,spin,2.0,0.15,21.5591,76,388293357,223,155020,37970,157033,4
spin_slow,spin,2.0,0.15,spin,2.0,0.15,21.5696,77,388303826,217,50569,38002,157003,4
spin_slow,spin,2.0,0.15,spin,2.0,0.15,21.5918,78,388314562,223,148599,38005,157016,4
spin_slow,spin,2.0,0.15,spin,2.0,0.15,21.6075,79,388330357,224,163671,38053,157064,36
spin_slow,spin,2.0,0.15,spin,2.0,0.15,21.6075,80,388331322,226,170644,38098,157057,32
spin_slow,spin,2.0,0.15,spin,2.0,0.15,21.6097,81,388332256,226,172357,38078,157034,32
spin_slow,spin,2.0,0.15,spin,2.0,0.15,21.6118,82,388333217,224,178731,38085,157047,32
spin_slow,spin,2.0,0.15,spin,2.0,0.15,21.616,83,388335706,226,130751,38086,157025,4
spin_slow,spin,2.0,0.15,spin,2.0,0.15,21.616,84,388338231,224,88845,38119,157019,4
spin_slow,spin,2.0,0.15,spin,2.0,0.15,21.616,85,388341187,224,120320,38120,157017,4
spin_slow,spin,2.0,0.15,spin,2.0,0.15,21.6266,86,388357670,225,96267,38198,157031,4
spin_slow,spin,2.0,0.15,spin,2.0,0.15,21.6329,87,388358635,227,103304,38198,157027,0
spin_slow,spin,2.0,0.15,spin,2.0,0.15,21.6362,88,388368767,225,98664,38231,157002,4
spin_slow,spin,2.0,0.15,spin,2.0,0.15,21.6477,89,388379048,225,119307,38299,157007,4
spin_slow,spin,2.0,0.15,spin,2.0,0.15,21.6562,90,388391301,226,160573,38392,157069,36
spin_slow,spin,2.0,0.15,spin,2.0,0.15,21.6741,91,388402897,226,90241,38344,157024,4
spin_slow,spin,2.0,0.15,spin,2.0,0.15,21.6804,92,388412066,226,78607,38393,157044,4
spin_slow,spin,2.0,0.15,spin,2.0,0.15,21.6921,93,388422873,227,188144,38431,157035,36
spin_slow,spin,2.0,0.15,spin,2.0,0.15,21.6953,94,388429740,225,99269,38402,157052,4
spin_slow,spin,2.0,0.15,spin,2.0,0.15,21.707,95,388441223,227,166887,38476,157049,36
spin_slow,spin,2.0,0.15,spin,2.0,0.15,21.7175,96,388452043,227,121792,38515,157044,4
spin_slow,spin,2.0,0.15,spin,2.0,0.15,21.7281,97,388463721,228,65425,38546,157059,4
spin_slow,spin,2.0,0.15,spin,2.0,0.15,21.7407,98,388473310,227,124618,38583,157066,4
spin_slow,spin,2.0,0.15,spin,2.0,0.15,21.7492,99,388483764,227,174214,38621,157044,36
spin_slow,spin,2.0,0.15,spin,2.0,0.15,21.7639,100,388494652,225,140649,38656,157009,4
spin_slow,spin,2.0,0.15,spin,2.0,0.15,21.7713,101,388505055,228,181853,38697,157039,36
spin_slow,spin,2.0,0.15,spin,2.0,0.15,21.785,102,388516321,228,55139,38783,157070,4
spin_slow,spin,2.0,0.15,spin,2.0,0.15,21.7913,103,388525073,227,129184,38825,157088,4
spin_slow,spin,2.0,0.15,spin,2.0,0.15,21.8061,104,388537573,228,55598,38886,157036,4
spin_slow,spin,2.0,0.15,spin,2.0,0.15,21.8124,105,388546356,229,135086,38896,157090,4
spin_slow,spin,2.0,0.15,spin,2.0,0.15,21.8272,106,388558833,229,57499,38923,157022,4
spin_slow,spin,2.0,0.15,spin,2.0,0.15,21.8335,107,388567609,229,135941,38931,157036,4
spin_slow,spin,2.0,0.15,spin,2.0,0.15,21.8483,108,388580117,223,63773,38963,157049,4
spin_slow,spin,2.0,0.15,spin,2.0,0.15,21.8567,109,388588873,229,138755,39001,157070,4
spin_slow,spin,2.0,0.15,spin,2.0,0.15,21.8694,110,388601372,229,64925,38998,157020,4
spin_slow,spin,2.0,0.15,spin,2.0,0.15,21.8768,111,388610145,229,142999,38997,157021,4
spin_slow,spin,2.0,0.15,spin,2.0,0.15,21.8915,112,388622653,230,70865,39083,157056,4
spin_slow,spin,2.0,0.15,spin,2.0,0.15,21.8978,113,388631412,231,146389,39120,157058,4
spin_slow,spin,2.0,0.15,spin,2.0,0.15,21.9125,114,388643941,230,77337,39164,157058,4
spin_slow,spin,2.0,0.15,spin,2.0,0.15,21.9189,115,388652707,230,153893,39199,157055,4
spin_slow,spin,2.0,0.15,spin,2.0,0.15,21.9441,116,388665192,231,77748,39224,157025,4
spin_slow,spin,2.0,0.15,spin,2.0,0.15,21.9662,117,388684627,231,83745,39334,157037,4
spin_slow,spin,2.0,0.15,spin,2.0,0.15,21.9683,118,388685561,231,85535,39310,157030,0
spin_slow,spin,2.0,0.15,spin,2.0,0.15,21.9862,119,388711434,241,86819,39376,157014,4
spin_slow,spin,2.0,0.15,spin,2.0,0.15,21.9862,120,388712380,226,90571,39371,157014,0
spin_slow,spin,2.0,0.15,spin,2.0,0.15,22.0063,121,388730443,232,177841,39414,157008,36
spin_slow,spin,2.0,0.15,spin,2.0,0.15,22.0063,122,388731380,234,180060,39380,157024,32
spin_slow,spin,2.0,0.15,spin,2.0,0.15,22.0231,123,388751554,232,154823,39461,157046,4
spin_slow,spin,2.0,0.15,spin,2.0,0.15,22.0379,124,388752526,232,163044,39427,157078,36
spin_slow,spin,2.0,0.15,spin,2.0,0.15,22.041,125,388765258,232,128327,39506,157069,4
spin_slow,spin,2.0,0.15,spin,2.0,0.15,22.0431,126,388768408,232,192610,39509,157080,36
spin_slow,spin,2.0,0.15,spin,2.0,0.15,22.0495,127,388781283,233,182246,39540,157072,36
spin_slow,spin,2.0,0.15,spin,2.0,0.15,22.0621,0,388791992,234,118014,39582,157058,4
spin_slow,spin,2.0,0.15,spin,2.0,0.15,22.0695,1,388801483,238,161041,39612,157042,36
spin_slow,spin,2.0,0.15,spin,2.0,0.15,22.0769,2,388810614,233,142690,39663,157071,4
spin_slow,spin,2.0,0.15,spin,2.0,0.15,22.1075,3,388828193,234,147406,39725,157027,4
spin_slow,spin,2.0,0.15,spin,2.0,0.15,22.1075,4,388829166,236,155893,39730,157035,0
spin_slow,spin,2.0,0.15,spin,2.0,0.15,22.1075,5,388830103,234,158127,39721,157038,36
spin_slow,spin,2.0,0.15,spin,2.0,0.15,22.1097,6,388831059,234,163651,39763,157028,32
spin_slow,spin,2.0,0.15,spin,2.0,0.15,22.1118,7,388833819,234,161802,39755,156999,36
spin_slow,spin,2.0,0.15,spin,2.0,0.15,22.115,8,388839296,234,150827,39762,157016,4
spin_slow,spin,2.0,0.15,spin,2.0,0.15,22.115,9,388839330,234,156491,39762,157016,8
spin_slow,spin,2.0,0.15,spin,2.0,0.15,22.1234,10,388855527,235,83305,39845,157037,4
spin_slow,spin,2.0,0.15,spin,2.0,0.15,22.1266,11,388856498,234,91320,39795,157049,0
spin_slow,spin,2.0,0.15,spin,2.0,0.15,22.1361,12,388865660,233,78208,39842,157064,4
spin_slow,spin,2.0,0.15,spin,2.0,0.15,22.1434,13,388875278,234,142696,39883,157064,4
spin_slow,spin,2.0,0.15,spin,2.0,0.15,22.1519,14,388884309,234,107318,39921,157050,4
spin_slow,spin,2.0,0.15,spin,2.0,0.15,22.1645,15,388896635,235,160803,39923,157071,36
spin_slow,spin,2.0,0.15,spin,2.0,0.15,22.1719,16,388905411,234,82256,39949,157032,4
spin_slow,spin,2.0,0.15,spin,2.0,0.15,22.1867,17,388917910,235,165423,39952,157034,36
spin_slow,spin,2.0,0.15,spin,2.0,0.15,22.192,18,388926637,235,78505,39990,157027,4
spin_slow,spin,2.0,0.15,spin,2.0,0.15,22.2078,19,388939163,236,166314,40077,157070,36
spin_slow,spin,2.0,0.15,spin,2.0,0.15,22.2131,20,388947929,237,86021,40110,157062,4
spin_slow,spin,2.0,0.15,spin,2.0,0.15,22.2291,21,388960421,237,167845,40151,157059,36
spin_slow,spin,2.0,0.15,spin,2.0,0.15,22.2365,22,388969195,239,89124,40184,157031,4
spin_slow,spin,2.0,0.15,spin,2.0,0.15,22.2492,23,388981698,237,173327,40216,157031,36
spin_slow,spin,2.0,0.15,spin,2.0,0.15,22.2566,24,388990448,237,90671,40298,157028,4
spin_slow,spin,2.0,0.15,spin,2.0,0.15,22.2713,25,389002958,241,175762,40344,157057,36
spin_slow,spin,2.0,0.15,spin,2.0,0.15,22.2777,26,389011703,237,91749,40344,157050,4
spin_slow,spin,2.0,0.15,spin,2.0,0.15,22.2925,27,389024239,238,181162,40375,157052,36
spin_slow,spin,2.0,0.15,spin,2.0,0.15,22.2988,28,389032988,238,98011,40371,157045,4
spin_slow,spin,2.0,0.15,spin,2.0,0.15,22.3136,29,389045491,236,181813,40448,157028,36
spin_slow,spin,2.0,0.15,spin,2.0,0.15,22.322,30,389054257,238,101468,40500,157068,4
spin_slow,spin,2.0,0.15,spin,2.0,0.15,22.3347,31,389066752,238,183771,40491,157063,36
spin_slow,spin,2.0,0.15,spin,2.0,0.15,22.342,32,389075519,238,103623,40529,157073,4
spin_slow,spin,2.0,0.15,spin,2.0,0.15,22.3568,33,389088025,239,188272,40565,157053,36
spin_slow,spin,2.0,0.15,spin,2.0,0.15,22.362,34,389096779,239,106022,40568,157041,4
spin_slow,spin,2.0,0.15,spin,2.0,0.15,22.3778,35,389109290,246,191532,40675,157031,36
spin_slow,spin,2.0,0.15,spin,2.0,0.15,22.3831,36,389118076,240,114816,40718,157033,4
spin_slow,spin,2.0,0.15,spin,2.0,0.15,22.3915,37,389127143,240,85617,40754,157053,4
spin_slow,spin,2.0,0.15,spin,2.0,0.15,22.4062,38,389138047,240,55092,40820,157013,4
spin_slow,spin,2.0,0.15,spin,2.0,0.15,22.4168,39,389150676,240,160746,40864,157020,36
spin_slow,spin,2.0,0.15,spin,2.0,0.15,22.4336,40,389162267,242,89790,40945,157048,4
spin_slow,spin,2.0,0.15,spin,2.0,0.15,22.4399,41,389171474,241,84472,40994,157037,4
spin_slow,spin,2.0,0.15,spin,2.0,0.15,22.4463,42,389182412,241,59490,41015,157020,4
spin_slow,spin,2.0,0.15,spin,2.0,0.15,22.461,43,389193082,248,146106,41051,157009,4
spin_slow,spin,2.0,0.15,spin,2.0,0.15,22.4694,44,389203810,241,85595,41047,157019,4
spin_slow,spin,2.0,0.15,spin,2.0,0.15,22.48,45,389214435,241,164493,41101,157029,36
spin_slow,spin,2.0,0.15,spin,2.0,0.15,22.4968,46,389225274,237,122800,41128,156999,4
spin_slow,spin,2.0,0.15,spin,2.0,0.15,22.5063,47,389235682,244,164753,41143,157058,36
spin_slow,spin,2.0,0.15,spin,2.0,0.15,22.5116,48,389244647,242,118456,41135,157042,4
spin_slow,spin,2.0,0.15,spin,2.0,0.15,22.5211,49,389254153,242,164061,41202,157011,36
spin_slow,spin,2.0,0.15,spin,2.0,0.15,22.5317,50,389264722,236,76575,41253,157060,4
spin_slow,spin,2.0,0.15,spin,2.0,0.15,22.5411,51,389275500,242,181620,41281,157001,36
spin_slow,spin,2.0,0.15,spin,2.0,0.15,22.5517,52,389285864,248,59271,41323,157022,4
spin_slow,spin,2.0,0.15,spin,2.0,0.15,22.5632,53,389296901,243,51082,41365,157052,4
spin_slow,spin,2.0,0.15,spin,2.0,0.15,22.5748,54,389309545,244,159117,41402,157048,36
spin_slow,spin,2.0,0.15,spin,2.0,0.15,22.5919,55,389320354,244,112325,41470,157029,4
spin_slow,spin,2.0,0.15,spin,2.0,0.15,22.6025,56,389324679,247,62406,41484,157030,4
spin_slow,spin,2.0,0.15,spin,2.0,0.15,22.6057,57,389325942,244,119985,41518,157055,0
spin_slow,spin,2.0,0.15,spin,2.0,0.15,22.6057,58,389327179,244,173210,41477,157042,36
spin_slow,spin,2.0,0.15,spin,2.0,0.15,22.6079,59,389328444,243,74230,41521,157045,0
spin_slow,spin,2.0,0.15,spin,2.0,0.15,22.6079,60,389331780,243,170218,41482,157030,36
spin_slow,spin,2.0,0.15,spin,2.0,0.15,22.6121,61,389331813,243,175882,41482,157030,40
spin_slow,spin,2.0,0.15,spin,2.0,0.15,22.6185,62,389350811,245,107598,41595,157056,4
spin_slow,spin,2.0,0.15,spin,2.0,0.15,22.6206,63,389351753,245,110727,41595,157041,0
spin_slow,spin,2.0,0.15,spin,2.0,0.15,22.6269,64,389361138,243,135584,41643,157053,4
spin_slow,spin,2.0,0.15,spin,2.0,0.15,22.6364,65,389370494,245,155501,41679,157061,4
spin_slow,spin,2.0,0.15,spin,2.0,0.15,22.647,66,389380957,244,49616,41665,157011,4
spin_slow,spin,2.0,0.15,spin,2.0,0.15,22.6564,67,389391666,245,142818,41669,157058,4
spin_slow,spin,2.0,0.15,spin,2.0,0.15,22.6733,68,389402828,245,155946,41665,157036,4
spin_slow,spin,2.0,0.15,spin,2.0,0.15,22.6849,69,389413265,246,45708,41761,157072,4
spin_slow,spin,2.0,0.15,spin,2.0,0.15,22.688,70,389422647,246,70095,41795,157072,4
spin_slow,spin,2.0,0.15,spin,2.0,0.15,22.6986,71,389433465,246,181285,41785,157060,36
spin_slow,spin,2.0,0.15,spin,2.0,0.15,22.7102,72,389444627,246,194301,41865,157049,36
spin_slow,spin,2.0,0.15,spin,2.0,0.15,22.7271,73,389455452,244,150027,41858,157063,4
spin_slow,spin,2.0,0.15,spin,2.0,0.15,22.7376,74,389465847,247,189882,41922,157000,36
spin_slow,spin,2.0,0.15,spin,2.0,0.15,22.7419,75,389475207,247,54040,41962,156999,4
spin_slow,spin,2.0,0.15,spin,2.0,0.15,22.7513,76,389486631,248,111896,42045,156990,4
spin_slow,spin,2.0,0.15,spin,2.0,0.15,22.7619,77,389497169,247,176110,42127,157035,36
spin_slow,spin,2.0,0.15,spin,2.0,0.15,22.7724,78,389507974,248,128602,42163,157050,4
spin_slow,spin,2.0,0.15,spin,2.0,0.15,22.7872,79,389519573,248,59088,42245,157035,4
spin_slow,spin,2.0,0.15,spin,2.0,0.15,22.7967,80,389530295,249,154361,42316,157041,4
spin_slow,spin,2.0,0.15,spin,2.0,0.15,22.8062,81,389540950,249,81421,42354,157031,4
spin_slow,spin,2.0,0.15,spin,2.0,0.15,22.823,82,389551782,256,195297,42350,157015,36
spin_slow,spin,2.0,0.15,spin,2.0,0.15,22.8293,83,389562188,250,80394,42425,156976,4
spin_slow,spin,2.0,0.15,spin,2.0,0.15,22.8367,84,389571407,250,77532,42460,156997,4
spin_slow,spin,2.0,0.15,spin,2.0,0.15,22.8515,85,389583404,250,76073,42488,156998,4
spin_slow,spin,2.0,0.15,spin,2.0,0.15,22.858,86,389592160,250,151489,42496,156983,4
spin_slow,spin,2.0,0.15,spin,2.0,0.15,22.877,87,389605316,251,189531,42576,156999,36
spin_slow,spin,2.0,0.15,spin,2.0,0.15,22.8781,88,389614019,251,98865,42574,157015,4
spin_slow,spin,2.0,0.15,spin,2.0,0.15,22.8918,89,389624890,251,62772,42643,156981,4
spin_slow,spin,2.0,0.15,spin,2.0,0.15,22.9013,90,389636014,252,69685,42699,157037,4
spin_slow,spin,2.0,0.15,spin,2.0,0.15,22.9171,91,389646829,251,181317,42721,156985,36
spin_slow,spin,2.0,0.15,spin,2.0,0.15,22.9245,92,389657226,253,64794,42797,156995,4
spin_slow,spin,2.0,0.15,spin,2.0,0.15,22.9318,93,389666335,252,199590,42850,156996,36
spin_slow,spin,2.0,0.15,spin,2.0,0.15,22.9466,94,389678438,256,59593,42920,157033,4
spin_slow,spin,2.0,0.15,spin,2.0,0.15,22.955,95,389689151,252,153529,42968,157056,4
spin_slow,spin,2.0,0.15,spin,2.0,0.15,22.9645,96,389699792,248,78215,43068,156998,4
spin_slow,spin,2.0,0.15,spin,2.0,0.15,22.9814,97,389710611,253,190399,43101,156994,36
spin_slow,spin,2.0,0.15,spin,2.0,0.15,22.9867,98,389721010,254,74101,43144,157017,4
spin_slow,spin,2.0,0.15,spin,2.0,0.15,22.9963,99,389730058,254,198872,43234,157023,36
spin_slow,spin,2.0,0.15,spin,2.0,0.15,23.0069,100,389741102,254,192255,43258,157018,36
spin_slow,spin,2.0,0.15,spin,2.0,0.15,23.0174,101,389751102,254,165035,43306,157018,36
spin_slow,spin,2.0,0.15,spin,2.0,0.15,23.0269,102,389761094,248,136275,43351,157056,4
spin_slow,spin,2.0,0.15,spin,2.0,0.15,23.0364,103,389771897,256,88588,43408,156967,4
spin_slow,spin,2.0,0.15,spin,2.0,0.15,23.0491,104,389783044,256,99448,43418,156967,4
spin_slow,spin,2.0,0.15,spin,2.0,0.15,23.0586,105,389793522,256,153487,43501,157030,4
spin_slow,spin,2.0,0.15,spin,2.0,0.15,23.0722,106,389804388,257,116195,43540,157049,4
spin_slow,spin,2.0,0.15,spin,2.0,0.15,23.0797,107,389814821,257,162773,43609,157028,36
spin_slow,spin,2.0,0.15,spin,2.0,0.15,23.1073,108,389831428,257,159142,43663,157090,36
spin_slow,spin,2.0,0.15,spin,2.0,0.15,23.1073,109,389832382,257,164195,43662,157064,32
spin_slow,spin,2.0,0.15,spin,2.0,0.15,23.1094,110,389833338,259,169657,43654,157038,32
spin_slow,spin,2.0,0.15,spin,2.0,0.15,23.1126,111,389834284,257,173386,43644,157013,32
spin_slow,spin,2.0,0.15,spin,2.0,0.15,23.1168,112,389835483,259,63161,43642,157003,0
spin_slow,spin,2.0,0.15,spin,2.0,0.15,23.1168,113,389839310,256,85778,43645,157021,4
spin_slow,spin,2.0,0.15,spin,2.0,0.15,23.1168,114,389840964,257,52918,43684,157023,4
spin_slow,spin,2.0,0.15,spin,2.0,0.15,23.1263,115,389858927,262,123492,43753,156996,4
spin_slow,spin,2.0,0.15,spin,2.0,0.15,23.1284,116,389859854,256,124171,43757,156990,0
spin_slow,spin,2.0,0.15,spin,2.0,0.15,23.139,117,389868993,264,107741,43760,157008,4
spin_slow,spin,2.0,0.15,spin,2.0,0.15,23.1463,118,389878635,257,176956,43825,156979,36
spin_slow,spin,2.0,0.15,spin,2.0,0.15,23.1527,119,389887706,258,149149,43866,157003,4
spin_slow,spin,2.0,0.15,spin,2.0,0.15,23.1674,120,389899825,259,168465,43909,156990,36
spin_slow,spin,2.0,0.15,spin,2.0,0.15,23.1738,121,389908613,259,92368,43958,157043,4
spin_slow,spin,2.0,0.15,spin,2.0,0.15,23.1885,122,389921087,259,171354,44015,156995,36
spin_slow,spin,2.0,0.15,spin,2.0,0.15,23.1969,123,389929861,259,92744,44056,157014,4
spin_slow,spin,2.0,0.15,spin,2.0,0.15,23.2064,124,389942358,259,176491,44095,156983,36
spin_slow,spin,2.0,0.15,spin,2.0,0.15,23.2212,125,389953612,260,48786,44177,157001,4
spin_slow,spin,2.0,0.15,spin,2.0,0.15,23.2285,126,389962384,260,126885,44223,157025,4
spin_slow,spin,2.0,0.15,spin,2.0,0.15,23.2422,127,389974887,260,53986,44220,157019,4
spin_slow,spin,2.0,0.15,spin,2.0,0.15,23.258,0,389984210,261,68700,44297,157040,4
spin_slow,spin,2.0,0.15,spin,2.0,0.15,23.2843,1,390004725,261,101715,44364,156995,4
spin_slow,spin,2.0,0.15,spin,2.0,0.15,23.2843,2,390005680,261,107069,44363,156998,0
spin_slow,spin,2.0,0.15,spin,2.0,0.15,23.2875,3,390022071,261,67630,44413,157036,4
spin_slow,spin,2.0,0.15,spin,2.0,0.15,23.2981,4,390029004,262,147186,44405,156988,4
spin_slow,spin,2.0,0.15,spin,2.0,0.15,23.3076,5,390036417,262,151216,44447,156995,4
spin_slow,spin,2.0,0.15,spin,2.0,0.15,23.3118,6,390045958,261,46108,44451,157028,4
spin_slow,spin,2.0,0.15,spin,2.0,0.15,23.3423,7,390057112,264,58105,44517,157008,4
spin_slow,spin,2.0,0.15,spin,2.0,0.15,23.3644,8,390088619,262,75743,44591,156991,4
spin_slow,spin,2.0,0.15,spin,2.0,0.15,23.3666,9,390089575,264,81264,44637,156992,0
spin_slow,spin,2.0,0.15,spin,2.0,0.15,23.3666,10,390090528,264,86326,44623,157005,0
spin_slow,spin,2.0,0.15,spin,2.0,0.15,23.3718,11,390104713,262,142763,44672,156988,4
spin_slow,spin,2.0,0.15,spin,2.0,0.15,23.3813,12,390112212,263,161371,44685,157036,36
spin_slow,spin,2.0,0.15,spin,2.0,0.15,23.3929,13,390121397,262,152230,44760,157070,4
spin_slow,spin,2.0,0.15,spin,2.0,0.15,23.3961,14,390130622,264,150166,44797,157044,4
spin_slow,spin,2.0,0.15,spin,2.0,0.15,23.4066,15,390142043,262,50444,44826,157022,4
spin_slow,spin,2.0,0.15,spin,2.0,0.15,23.4161,16,390152570,264,112781,44871,157038,4
spin_slow,spin,2.0,0.15,spin,2.0,0.15,23.434,17,390163408,263,70638,44869,157036,4
spin_slow,spin,2.0,0.15,spin,2.0,0.15,23.4434,18,390173783,270,107283,44900,156992,4
spin_slow,spin,2.0,0.15,spin,2.0,0.15,23.4477,19,390182909,264,88778,44928,156981,4
spin_slow,spin,2.0,0.15,spin,2.0,0.15,23.4624,20,390195024,264,107450,45016,157020,4
spin_slow,spin,2.0,0.15,spin,2.0,0.15,23.4688,21,390203781,265,183293,45003,156967,36
spin_slow,spin,2.0,0.15,spin,2.0,0.15,23.4835,22,390216284,272,110929,45058,156998,4
spin_slow,spin,2.0,0.15,spin,2.0,0.15,23.4941,23,390228865,266,51628,45119,156972,4
spin_slow,spin,2.0,0.15,spin,2.0,0.15,23.511,24,390239697,265,166190,45123,156986,36
spin_slow,spin,2.0,0.15,spin,2.0,0.15,23.5162,25,390248438,266,82280,45207,156965,4
spin_slow,spin,2.0,0.15,spin,2.0,0.15,23.5226,26,390259350,266,53220,45224,157024,4
spin_slow,spin,2.0,0.15,spin,2.0,0.15,23.5373,27,390270063,266,147039,45247,157024,4
spin_slow,spin,2.0,0.15,spin,2.0,0.15,23.5437,28,390278812,262,64222,45327,157034,4
spin_slow,spin,2.0,0.15,spin,2.0,0.15,23.5586,29,390291295,266,144854,45365,157021,4
spin_slow,spin,2.0,0.15,spin,2.0,0.15,23.566,30,390300054,267,63670,45363,157014,4
spin_slow,spin,2.0,0.15,spin,2.0,0.15,23.5808,31,390312562,266,149060,45431,157008,4
spin_slow,spin,2.0,0.15,spin,2.0,0.15,23.5924,32,390321336,267,70376,45484,157059,4
spin_slow,spin,2.0,0.15,spin,2.0,0.15,23.6071,33,390331862,267,132417,45517,157023,4
spin_slow,spin,2.0,0.15,spin,2.0,0.15,23.6071,34,390332820,268,138096,45521,157037,0
spin_slow,spin,2.0,0.15,spin,2.0,0.15,23.6135,35,390333772,268,143003,45559,157043,0
spin_slow,spin,2.0,0.15,spin,2.0,0.15,23.6135,36,390334725,269,147947,45519,157049,0
spin_slow,spin,2.0,0.15,spin,2.0,0.15,23.6177,37,390337387,268,129444,45511,157019,4
spin_slow,spin,2.0,0.15,spin,2.0,0.15,23.6177,38,390339388,268,155627,45554,156998,4
spin_slow,spin,2.0,0.15,spin,2.0,0.15,23.6177,39,390344871,268,145392,45605,157051,4
spin_slow,spin,2.0,0.15,spin,2.0,0.15,23.6229,40,390357921,267,165544,45619,156998,36
spin_slow,spin,2.0,0.15,spin,2.0,0.15,23.6282,41,390363779,267,62367,45621,157001,4
spin_slow,spin,2.0,0.15,spin,2.0,0.15,23.6398,42,390373410,269,129451,45669,157012,4
spin_slow,spin,2.0,0.15,spin,2.0,0.15,23.6493,43,390383941,269,192736,45700,157010,36
spin_slow,spin,2.0,0.15,spin,2.0,0.15,23.6619,44,390394792,269,153431,45739,156982,4
spin_slow,spin,2.0,0.15,spin,2.0,0.15,23.6714,45,390405456,269,82449,45774,157006,4
spin_slow,spin,2.0,0.15,spin,2.0,0.15,23.682,46,390415744,270,103991,45869,157038,4
spin_slow,spin,2.0,0.15,spin,2.0,0.15,23.6915,47,390426477,270,201257,45858,156995,36
spin_slow,spin,2.0,0.15,spin,2.0,0.15,23.7041,48,390438046,269,126829,45898,157016,4
spin_slow,spin,2.0,0.15,spin,2.0,0.15,23.7158,49,390450239,270,158472,45927,157014,36
spin_slow,spin,2.0,0.15,spin,2.0,0.15,23.7315,50,390461073,270,116003,45940,157010,4
spin_slow,spin,2.0,0.15,spin,2.0,0.15,23.7379,51,390469806,271,187663,45966,156983,36
spin_slow,spin,2.0,0.15,spin,2.0,0.15,23.7463,52,390480763,270,166584,45962,156980,36
spin_slow,spin,2.0,0.15,spin,2.0,0.15,23.7569,53,390491510,271,109548,46044,157006,4
spin_slow,spin,2.0,0.15,spin,2.0,0.15,23.7727,54,390502345,271,67502,46053,157000,4
spin_slow,spin,2.0,0.15,spin,2.0,0.15,23.779,55,390511078,272,138929,46095,157029,4
spin_slow,spin,2.0,0.15,spin,2.0,0.15,23.7864,56,390522040,271,118123,46126,157011,4
spin_slow,spin,2.0,0.15,spin,2.0,0.15,23.7969,57,390532795,271,62137,46167,157022,4
spin_slow,spin,2.0,0.15,spin,2.0,0.15,23.8064,58,390543616,271,174431,46198,157013,36
spin_slow,spin,2.0,0.15,spin,2.0,0.15,23.8212,59,390553975,272,51356,46204,157025,4
spin_slow,spin,2.0,0.15,spin,2.0,0.15,23.8275,60,390562721,273,125055,46246,157006,4
spin_slow,spin,2.0,0.15,spin,2.0,0.15,23.8422,61,390575222,273,52146,46266,156986,4
spin_slow,spin,2.0,0.15,spin,2.0,0.15,23.8486,62,390583966,272,125940,46264,156966,4
spin_slow,spin,2.0,0.15,spin,2.0,0.15,23.8622,63,390596492,272,57389,46305,157003,4
spin_slow,spin,2.0,0.15,spin,2.0,0.15,23.8675,64,390605253,272,133589,46302,156995,4
spin_slow,spin,2.0,0.15,spin,2.0,0.15,23.8813,65,390615238,273,103859,46383,157023,4
spin_slow,spin,2.0,0.15,spin,2.0,0.15,23.8929,66,390627837,269,47555,46423,157005,4
spin_slow,spin,2.0,0.15,spin,2.0,0.15,23.9088,67,390638674,273,162618,46463,157000,36
spin_slow,spin,2.0,0.15,spin,2.0,0.15,23.9194,68,390649199,274,67603,46518,157031,4
spin_slow,spin,2.0,0.15,spin,2.0,0.15,23.9236,69,390658393,274,60180,46502,157024,4
spin_slow,spin,2.0,0.15,spin,2.0,0.15,23.9341,70,390669256,273,179994,46542,157027,36
spin_slow,spin,2.0,0.15,spin,2.0,0.15,23.9447,71,390680377,274,186535,46538,156980,36
spin_slow,spin,2.0,0.15,spin,2.0,0.15,23.9615,72,390691209,274,143973,46609,156999,4
spin_slow,spin,2.0,0.15,spin,2.0,0.15,23.9689,73,390701579,275,180018,46649,156981,36
spin_slow,spin,2.0,0.15,spin,2.0,0.15,23.9762,74,390710717,274,163667,46649,156995,36
spin_slow,spin,2.0,0.15,spin,2.0,0.15,23.99,75,390722830,273,181917,46694,157019,36
spin_slow,spin,2.0,0.15,spin,2.0,0.15,23.9964,76,390731600,275,102649,46727,157012,4
spin_slow,spin,2.0,0.15,spin,2.0,0.15,24.0112,77,390744056,275,179496,46763,156989,36
spin_slow,spin,2.0,0.15,spin,2.0,0.15,24.0217,78,390752815,275,98427,46808,156986,4
spin_slow,spin,2.0,0.15,spin,2.0,0.15,24.027,79,390764661,275,71123,46858,157056,4
spin_slow,spin,2.0,0.15,spin,2.0,0.15,24.0418,80,390774087,276,103230,46878,157001,4
spin_slow,spin,2.0,0.15,spin,2.0,0.15,24.0513,81,390786671,277,201178,46972,157054,36
spin_slow,spin,2.0,0.15,spin,2.0,0.15,24.066,82,390799095,277,114935,47038,157008,4
spin_slow,spin,2.0,0.15,spin,2.0,0.15,24.0723,83,390807864,277,192433,46971,157039,36
spin_slow,spin,2.0,0.15,spin,2.0,0.15,24.084,84,390816926,277,162755,47032,156983,36
spin_slow,spin,2.0,0.15,spin,2.0,0.15,24.1061,85,390832635,277,164213,47071,156999,36
spin_slow,spin,2.0,0.15,spin,2.0,0.15,24.1103,86,390833597,277,170808,47071,156997,32
spin_slow,spin,2.0,0.15,spin,2.0,0.15,24.1124,87,390834558,277,177187,47074,157001,32
spin_slow,spin,2.0,0.15,spin,2.0,0.15,24.1124,88,390835493,278,179040,47077,157010,32
spin_slow,spin,2.0,0.15,spin,2.0,0.15,24.1188,89,390838163,277,161957,47108,156989,36
spin_slow,spin,2.0,0.15,spin,2.0,0.15,24.1209,90,390840507,277,89549,47110,157014,4
spin_slow,spin,2.0,0.15,spin,2.0,0.15,24.1209,91,390845990,277,79712,47096,156985,4
spin_slow,spin,2.0,0.15,spin,2.0,0.15,24.1272,92,390860522,277,195220,47149,156980,36
spin_slow,spin,2.0,0.15,spin,2.0,0.15,24.1272,93,390861458,280,197375,47107,157001,32
spin_slow,spin,2.0,0.15,spin,2.0,0.15,24.1325,94,390869974,278,75032,47193,157004,4
spin_slow,spin,2.0,0.15,spin,2.0,0.15,24.1431,95,390880397,278,119550,47203,157044,4
spin_slow,spin,2.0,0.15,spin,2.0,0.15,24.1568,96,390890337,278,81656,47277,157042,4
spin_slow,spin,2.0,0.15,spin,2.0,0.15,24.1641,97,390900729,278,120988,47295,156991,4
spin_slow,spin,2.0,0.15,spin,2.0,0.15,24.1789,98,390912343,279,53940,47354,157061,4
spin_slow,spin,2.0,0.15,spin,2.0,0.15,24.1883,99,390924264,279,196103,47354,157044,36
spin_slow,spin,2.0,0.15,spin,2.0,0.15,24.1999,100,390934250,279,166445,47383,157028,36
spin_slow,spin,2.0,0.15,spin,2.0,0.15,24.2147,101,390945096,278,125986,47415,156976,4
spin_slow,spin,2.0,0.15,spin,2.0,0.15,24.222,102,390955551,280,176282,47496,157008,36
spin_slow,spin,2.0,0.15,spin,2.0,0.15,24.2283,103,390964761,285,171775,47492,157001,36
spin_slow,spin,2.0,0.15,spin,2.0,0.15,24.242,104,390975031,280,190553,47506,157034,36
spin_slow,spin,2.0,0.15,spin,2.0,0.15,24.2515,105,390985638,286,109502,47537,157020,4
spin_slow,spin,2.0,0.15,spin,2.0,0.15,24.262,106,390996776,280,118520,47580,157041,4
spin_slow,spin,2.0,0.15,spin,2.0,0.15,24.2778,107,391007587,280,71900,47648,157037,4
spin_slow,spin,2.0,0.15,spin,2.0,0.15,24.282,108,391018958,280,120544,47687,157042,4
spin_slow,spin,2.0,0.15,spin,2.0,0.15,24.2915,109,391028139,281,110881,47698,157063,4
spin_slow,spin,2.0,0.15,spin,2.0,0.15,24.3084,110,391038922,281,59363,47728,157033,4
spin_slow,spin,2.0,0.15,spin,2.0,0.15,24.3116,111,391047661,281,131834,47767,157012,4
spin_slow,spin,2.0,0.15,spin,2.0,0.15,24.3232,112,391059240,282,58889,47850,157028,4
spin_slow,spin,2.0,0.15,spin,2.0,0.15,24.3369,113,391070082,282,174628,47882,157024,36
spin_slow,spin,2.0,0.15,spin,2.0,0.15,24.3442,114,391080599,284,78078,47961,157055,4
spin_slow,spin,2.0,0.15,spin,2.0,0.15,24.3548,115,391090577,281,203896,47913,157009,36
spin_slow,spin,2.0,0.15,spin,2.0,0.15,24.3663,116,391101409,284,161073,47997,157023,36
spin_slow,spin,2.0,0.15,spin,2.0,0.15,24.3823,117,391112621,283,182900,48033,157024,36
spin_slow,spin,2.0,0.15,spin,2.0,0.15,24.394,118,391123048,283,71283,48063,157012,4
spin_slow,spin,2.0,0.15,spin,2.0,0.15,24.3992,119,391133326,283,91411,48080,157046,4
spin_slow,spin,2.0,0.15,spin,2.0,0.15,24.4087,120,391144120,288,198957,48112,157044,36
spin_slow,spin,2.0,0.15,spin,2.0,0.15,24.4182,121,391154508,281,80467,48140,157031,4
spin_slow,spin,2.0,0.15,spin,2.0,0.15,24.4288,122,391165228,284,175489,48184,157015,36
spin_slow,spin,2.0,0.15,spin,2.0,0.15,24.4478,123,391176395,284,189329,48268,157081,36
spin_slow,spin,2.0,0.15,spin,2.0,0.15,24.4573,124,391186831,285,79021,48303,157022,4
spin_slow,spin,2.0,0.15,spin,2.0,0.15,24.4615,125,391196229,279,106178,48346,157052,4
spin_slow,spin,2.0,0.15,spin,2.0,0.15,24.471,126,391207084,287,66851,48391,157085,4
spin_slow,spin,2.0,0.15,spin,2.0,0.15,24.4816,127,391218215,284,74424,48427,157078,4
spin_slow,spin,2.0,0.15,spin,2.0,0.15,24.4986,0,391229016,289,182925,48424,157063,36
spin_slow,spin,2.0,0.15,spin,2.0,0.15,24.5028,1,391240391,285,74694,48458,157063,4
spin_slow,spin,2.0,0.15,spin,2.0,0.15,24.5134,2,391249526,287,57106,48451,157037,4
spin_slow,spin,2.0,0.15,spin,2.0,0.15,24.5239,3,391259571,285,194278,48536,157055,36
spin_slow,spin,2.0,0.15,spin,2.0,0.15,24.5387,4,391271908,286,92884,48541,157077,4
spin_slow,spin,2.0,0.15,spin,2.0,0.15,24.5461,5,391282589,286,180792,48575,157053,36
spin_slow,spin,2.0,0.15,spin,2.0,0.15,24.5566,6,391293268,286,111619,48617,157053,4
spin_slow,spin,2.0,0.15,spin,2.0,0.15,24.5735,7,391304077,285,64263,48646,157050,4
spin_slow,spin,2.0,0.15,spin,2.0,0.15,24.5872,8,391314508,286,109991,48704,157062,4
spin_slow,spin,2.0,0.15,spin,2.0,0.15,24.6146,9,391329656,287,172023,48771,157061,36
spin_slow,spin,2.0,0.15,spin,2.0,0.15,24.6167,10,391330621,288,178976,48763,157031,32
spin_slow,spin,2.0,0.15,spin,2.0,0.15,24.6304,11,391331555,281,180858,48764,157058,32
spin_slow,spin,2.0,0.15,spin,2.0,0.15,24.6326,12,391332521,285,187955,48801,157035,32
spin_slow,spin,2.0,0.15,spin,2.0,0.15,24.6464,13,391336749,287,121487,48762,157038,4
spin_slow,spin,2.0,0.15,spin,2.0,0.15,24.6464,14,391336781,287,127058,48762,157038,8
spin_slow,spin,2.0,0.15,spin,2.0,0.15,24.6633,15,391343364,288,146686,48852,157081,4
spin_slow,spin,2.0,0.15,spin,2.0,0.15,24.678,16,391362069,288,185402,48882,157055,36
spin_slow,spin,2.0,0.15,spin,2.0,0.15,24.6949,17,391363004,289,187229,48919,157050,32
spin_slow,spin,2.0,0.15,spin,2.0,0.15,24.6971,18,391378816,287,205605,48949,157037,36
spin_slow,spin,2.0,0.15,spin,2.0,0.15,24.6971,19,391379755,287,51155,48965,157079,0
spin_slow,spin,2.0,0.15,spin,2.0,0.15,24.7131,20,391395747,289,99437,49074,157057,4
spin_slow,spin,2.0,0.15,spin,2.0,0.15,24.7194,21,391412540,289,126778,49194,157067,4
spin_slow,spin,2.0,0.15,spin,2.0,0.15,24.7216,22,391413507,290,134005,49199,157078,0
spin_slow,spin,2.0,0.15,spin,2.0,0.15,24.7279,23,391428141,285,108393,49265,157090,4
spin_slow,spin,2.0,0.15,spin,2.0,0.15,24.7301,24,391429078,289,110584,49275,157062,0
spin_slow,spin,2.0,0.15,spin,2.0,0.15,24.7343,25,391443407,290,190325,49341,157053,36
spin_slow,spin,2.0,0.15,spin,2.0,0.15,24.7364,26,391457353,291,205115,49392,157104,36
spin_slow,spin,2.0,0.15,spin,2.0,0.15,24.7385,27,391463614,291,170029,49420,157078,36
spin_slow,spin,2.0,0.15,spin,2.0,0.15,24.7428,28,391474863,292,197477,49498,157077,36
spin_slow,spin,2.0,0.15,spin,2.0,0.15,24.747,29,391484376,290,86741,49479,157068,4
spin_slow,spin,2.0,0.15,spin,2.0,0.15,24.7575,30,391493510,292,69090,49517,157012,4
spin_slow,spin,2.0,0.15,spin,2.0,0.15,24.7725,31,391505853,291,125877,49567,157076,4
spin_slow,spin,2.0,0.15,spin,2.0,0.15,24.7789,32,391516537,291,57740,49602,157049,4
spin_slow,spin,2.0,0.15,spin,2.0,0.15,24.7936,33,391527119,292,129069,49607,157052,4
spin_slow,spin,2.0,0.15,spin,2.0,0.15,24.8021,34,391537789,292,58212,49654,157059,4
spin_slow,spin,2.0,0.15,spin,2.0,0.15,24.8116,35,391548469,294,145946,49720,157070,4
spin_slow,spin,2.0,0.15,spin,2.0,0.15,24.8286,36,391559306,293,103266,49752,157062,4
spin_slow,spin,2.0,0.15,spin,2.0,0.15,24.8381,37,391569721,293,146453,49752,157047,4
spin_slow,spin,2.0,0.15,spin,2.0,0.15,24.8497,38,391578685,293,99750,49826,157034,4
spin_slow,spin,2.0,0.15,spin,2.0,0.15,24.854,39,391589604,293,71428,49919,157061,4
spin_slow,spin,2.0,0.15,spin,2.0,0.15,24.8645,40,391599729,294,65319,49937,157030,4
spin_slow,spin,2.0,0.15,spin,2.0,0.15,24.8751,41,391610978,294,93490,49933,156992,4
spin_slow,spin,2.0,0.15,spin,2.0,0.15,24.892,42,391621849,294,57164,50011,157013,4
spin_slow,spin,2.0,0.15,spin,2.0,0.15,24.8984,43,391632254,295,98630,50096,157047,4
spin_slow,spin,2.0,0.15,spin,2.0,0.15,24.9069,44,391641373,294,78472,50131,157025,4
spin_slow,spin,2.0,0.15,spin,2.0,0.15,24.9196,45,391653479,295,94809,50178,157045,4
spin_slow,spin,2.0,0.15,spin,2.0,0.15,24.927,46,391662230,295,168990,50206,157010,36
spin_slow,spin,2.0,0.15,spin,2.0,0.15,24.9417,47,391674739,303,97446,50310,157030,4
spin_slow,spin,2.0,0.15,spin,2.0,0.15,24.9481,48,391683492,302,172097,50323,157039,36
spin_slow,spin,2.0,0.15,spin,2.0,0.15,24.9597,49,391696001,297,100234,50393,157009,4
spin_slow,spin,2.0,0.15,spin,2.0,0.15,24.9765,50,391706852,296,60439,50524,157054,4
spin_slow,spin,2.0,0.15,spin,2.0,0.15,24.984,51,391717278,292,105482,50597,157060,4
spin_slow,spin,2.0,0.15,spin,2.0,0.15,24.9914,52,391726405,299,86648,50631,157032,4
spin_slow,spin,2.0,0.15,spin,2.0,0.15,25.0051,53,391738540,298,108231,50709,157033,4
spin_slow,spin,2.0,0.15,spin,2.0,0.15,25.0146,54,391749186,299,190593,50779,157045,36
spin_slow,spin,2.0,0.15,spin,2.0,0.15,25.0241,55,391759887,299,125162,50790,157041,4
spin_slow,spin,2.0,0.15,spin,2.0,0.15,25.0399,56,391770742,300,85774,50835,157067,4
spin_slow,spin,2.0,0.15,spin,2.0,0.15,25.0462,57,391779486,299,158877,50822,157043,36
spin_slow,spin,2.0,0.15,spin,2.0,0.15,25.0525,58,391790412,298,131763,50854,157030,4
spin_slow,spin,2.0,0.15,spin,2.0,0.15,25.0672,59,391801078,299,60601,50897,157043,4
spin_slow,spin,2.0,0.15,spin,2.0,0.15,25.0735,60,391811728,299,143813,50887,157035,4
spin_slow,spin,2.0,0.15,spin,2.0,0.15,25.0937,61,391822347,299,64541,50938,157043,4
spin_slow,spin,2.0,0.15,spin,2.0,0.15,25.1011,62,391827678,305,185581,50937,157032,36
spin_slow,spin,2.0,0.15,spin,2.0,0.15,25.1032,63,391829409,299,165727,50930,157028,36
spin_slow,spin,2.0,0.15,spin,2.0,0.15,25.1032,64,391830348,297,168285,50929,157029,32
spin_slow,spin,2.0,0.15,spin,2.0,0.15,25.1064,65,391831340,300,179987,50965,157033,32
spin_slow,spin,2.0,0.15,spin,2.0,0.15,25.1117,66,391832437,302,52402,50929,157040,0
spin_slow,spin,2.0,0.15,spin,2.0,0.15,25.1117,67,391834000,300,161036,50969,157031,36
spin_slow,spin,2.0,0.15,spin,2.0,0.15,25.1211,68,391853254,301,136295,51054,157057,4
spin_slow,spin,2.0,0.15,spin,2.0,0.15,25.1211,69,391854221,304,143527,51045,157038,0
spin_slow,spin,2.0,0.15,spin,2.0,0.15,25.1275,70,391863419,300,136851,51087,157049,4
spin_slow,spin,2.0,0.15,spin,2.0,0.15,25.137,71,391873171,301,67411,51132,157062,4
spin_slow,spin,2.0,0.15,spin,2.0,0.15,25.1464,72,391883713,300,132093,51159,157023,4
spin_slow,spin,2.0,0.15,spin,2.0,0.15,25.157,73,391894870,302,144382,51238,157042,4
spin_slow,spin,2.0,0.15,spin,2.0,0.15,25.1664,74,391904821,301,108542,51279,157045,4
spin_slow,spin,2.0,0.15,spin,2.0,0.15,25.1791,75,391915577,302,52676,51309,157010,4
spin_slow,spin,2.0,0.15,spin,2.0,0.15,25.1917,76,391927426,300,182582,51308,157029,36
spin_slow,spin,2.0,0.15,spin,2.0,0.15,25.2076,77,391938313,302,148930,51387,157028,4
spin_slow,spin,2.0,0.15,spin,2.0,0.15,25.215,78,391948720,303,190737,51427,157026,36
spin_slow,spin,2.0,0.15,spin,2.0,0.15,25.2213,79,391957822,302,167825,51421,157009,36
spin_slow,spin,2.0,0.15,spin,2.0,0.15,25.2361,80,391969949,303,187972,51483,157062,36
spin_slow,spin,2.0,0.15,spin,2.0,0.15,25.2424,81,391978721,300,108742,51462,157040,4
spin_slow,spin,2.0,0.15,spin,2.0,0.15,25.2583,82,391991230,304,193716,51510,157056,36
spin_slow,spin,2.0,0.15,spin,2.0,0.15,25.2637,83,392001873,302,118384,51537,157032,4
spin_slow,spin,2.0,0.15,spin,2.0,0.15,25.2784,84,392012488,304,195422,51624,157046,36
spin_slow,spin,2.0,0.15,spin,2.0,0.15,25.2869,85,392023172,304,127141,51661,157045,4
spin_slow,spin,2.0,0.15,spin,2.0,0.15,25.2975,86,392033832,304,54813,51737,157031,4
spin_slow,spin,2.0,0.15,spin,2.0,0.15,25.3071,87,392044644,304,165261,51782,157069,36
spin_slow,spin,2.0,0.15,spin,2.0,0.15,25.3229,88,392056260,306,98271,51856,157048,4
spin_slow,spin,2.0,0.15,spin,2.0,0.15,25.3292,89,392065025,305,175021,51894,157060,36
spin_slow,spin,2.0,0.15,spin,2.0,0.15,25.3366,90,392074090,304,145632,51934,157068,4
spin_slow,spin,2.0,0.15,spin,2.0,0.15,25.3514,91,392085021,306,119162,52011,157039,4
spin_slow,spin,2.0,0.15,spin,2.0,0.15,25.3619,92,392097625,301,63411,52035,157020,4
spin_slow,spin,2.0,0.15,spin,2.0,0.15,25.3778,93,392108476,306,180769,52074,157010,36
spin_slow,spin,2.0,0.15,spin,2.0,0.15,25.3819,94,392117240,307,100450,52074,157000,4
spin_slow,spin,2.0,0.15,spin,2.0,0.15,25.3914,95,392128470,306,125008,52109,157018,4
spin_slow,spin,2.0,0.15,spin,2.0,0.15,25.4012,96,392139018,306,190816,52104,157013,36
spin_slow,spin,2.0,0.15,spin,2.0,0.15,25.417,97,392149730,308,127388,52194,157027,4
spin_slow,spin,2.0,0.15,spin,2.0,0.15,25.4223,98,392160137,307,168993,52198,157058,36
spin_slow,spin,2.0,0.15,spin,2.0,0.15,25.4371,99,392171370,307,193932,52273,157046,36
spin_slow,spin,2.0,0.15,spin,2.0,0.15,25.4435,100,392180096,307,107174,52267,157025,4
spin_slow,spin,2.0,0.15,spin,2.0,0.15,25.4582,101,392192593,308,190178,52310,157042,36
spin_slow,spin,2.0,0.15,spin,2.0,0.15,25.4667,102,392201392,307,115773,52382,157012,4
spin_slow,spin,2.0,0.15,spin,2.0,0.15,25.4793,103,392213881,309,197548,52418,157023,36
spin_slow,spin,2.0,0.15,spin,2.0,0.15,25.4867,104,392222633,315,115297,52451,157031,4
spin_slow,spin,2.0,0.15,spin,2.0,0.15,25.5015,105,392235144,309,200860,52533,157023,36
spin_slow,spin,2.0,0.15,spin,2.0,0.15,25.5079,106,392243901,310,119060,52570,157040,4
spin_slow,spin,2.0,0.15,spin,2.0,0.15,25.5226,107,392256412,310,204395,52616,157056,36
spin_slow,spin,2.0,0.15,spin,2.0,0.15,25.5291,108,392265164,310,121771,52649,157063,4
spin_slow,spin,2.0,0.15,spin,2.0,0.15,25.5439,109,392277676,310,207089,52688,157040,36
spin_slow,spin,2.0,0.15,spin,2.0,0.15,25.5503,110,392286444,310,127335,52681,157053,4
spin_slow,spin,2.0,0.15,spin,2.0,0.15,25.564,111,392298951,310,55109,52725,157025,4
spin_slow,spin,2.0,0.15,spin,2.0,0.15,25.5714,112,392307701,309,129320,52767,157029,4
spin_slow,spin,2.0,0.15,spin,2.0,0.15,25.5925,113,392320220,318,59473,52794,157005,4
spin_slow,spin,2.0,0.15,spin,2.0,0.15,25.6072,114,392334605,310,149681,52825,156980,4
spin_slow,spin,2.0,0.15,spin,2.0,0.15,25.6072,115,392335544,310,152290,52833,157008,0
spin_slow,spin,2.0,0.15,spin,2.0,0.15,25.6126,116,392336516,311,160417,52830,157007,36
spin_slow,spin,2.0,0.15,spin,2.0,0.15,25.6157,117,392339348,311,170973,52860,156992,36
spin_slow,spin,2.0,0.15,spin,2.0,0.15,25.62,118,392339381,311,176544,52860,156992,40
spin_slow,spin,2.0,0.15,spin,2.0,0.15,25.62,119,392341178,311,167981,52863,156991,36
spin_slow,spin,2.0,0.15,spin,2.0,0.15,25.6221,120,392346665,311,158727,52883,157036,36
spin_slow,spin,2.0,0.15,spin,2.0,0.15,25.6295,121,392361577,311,181469,52942,156986,36
spin_slow,spin,2.0,0.15,spin,2.0,0.15,25.6295,122,392362515,312,183866,52940,157005,32
spin_slow,spin,2.0,0.15,spin,2.0,0.15,25.6337,123,392372359,312,130239,52980,157011,4
spin_slow,spin,2.0,0.15,spin,2.0,0.15,25.6516,124,392382293,312,91676,53032,157051,4
spin_slow,spin,2.0,0.15,spin,2.0,0.15,25.659,125,392392739,313,140187,53057,157021,4
spin_slow,spin,2.0,0.15,spin,2.0,0.15,25.6664,126,392401878,312,123570,53067,157040,4
spin_slow,spin,2.0,0.15,spin,2.0,0.15,25.6769,127,392414025,313,146959,53151,157063,4
spin_slow,spin,2.0,0.15,spin,2.0,0.15,25.6939,0,392424901,313,111520,53179,157023,4
spin_slow,spin,2.0,0.15,spin,2.0,0.15,25.7013,1,392435337,313,158326,53218,157026,36
spin_slow,spin,2.0,0.15,spin,2.0,0.15,25.7076,2,392444608,313,164039,53222,157029,36
spin_slow,spin,2.0,0.15,spin,2.0,0.15,25.7224,3,392456552,313,153066,53263,157048,4
spin_slow,spin,2.0,0.15,spin,2.0,0.15,25.7288,4,392465297,313,69415,53261,157036,4
spin_slow,spin,2.0,0.15,spin,2.0,0.15,25.7435,5,392477817,313,156386,53314,157051,4
spin_slow,spin,2.0,0.15,spin,2.0,0.15,25.7531,6,392490404,314,97415,53327,157019,4
spin_slow,spin,2.0,0.15,spin,2.0,0.15,25.7699,7,392501264,314,59424,53328,157031,4
spin_slow,spin,2.0,0.15,spin,2.0,0.15,25.7763,8,392510014,320,133639,53377,157037,4
spin_slow,spin,2.0,0.15,spin,2.0,0.15,25.7827,9,392520942,309,106764,53415,157073,4
spin_slow,spin,2.0,0.15,spin,2.0,0.15,25.7943,10,392531613,315,193521,53408,157017,36
spin_slow,spin,2.0,0.15,spin,2.0,0.15,25.8122,11,392542499,314,159761,53454,157051,36
spin_slow,spin,2.0,0.15,spin,2.0,0.15,25.8217,12,392552953,314,209331,53498,157053,36
spin_slow,spin,2.0,0.15,spin,2.0,0.15,25.8291,13,392561975,314,172527,53487,157035,36
spin_slow,spin,2.0,0.15,spin,2.0,0.15,25.8365,14,392571487,315,62377,53559,157010,4
spin_slow,spin,2.0,0.15,spin,2.0,0.15,25.8492,15,392584130,315,170335,53591,157019,36
spin_slow,spin,2.0,0.15,spin,2.0,0.15,25.8566,16,392592892,314,89565,53654,157073,4
spin_slow,spin,2.0,0.15,spin,2.0,0.15,25.8713,17,392605415,317,176588,53697,157081,36
spin_slow,spin,2.0,0.15,spin,2.0,0.15,25.8777,18,392614172,317,94717,53728,157071,4
spin_slow,spin,2.0,0.15,spin,2.0,0.15,25.8925,19,392626678,315,178921,53754,157052,36
spin_slow,spin,2.0,0.15,spin,2.0,0.15,25.8988,20,392635460,315,101359,53798,157052,4
spin_slow,spin,2.0,0.15,spin,2.0,0.15,25.9231,21,392647811,317,159114,53835,157066,36
spin_slow,spin,2.0,0.15,spin,2.0,0.15,25.941,22,392655895,322,119787,53842,157061,4
spin_slow,spin,2.0,0.15,spin,2.0,0.15,25.9568,23,392670474,317,85487,53911,157026,4
spin_slow,spin,2.0,0.15,spin,2.0,0.15,25.9716,24,392685209,317,77607,53914,157046,4
spin_slow,spin,2.0,0.15,spin,2.0,0.15,25.9874,25,392687978,315,77176,53964,157068,4
spin_slow,spin,2.0,0.15,spin,2.0,0.15,26.0032,26,392701517,318,180049,53985,157054,36
spin_slow,spin,2.0,0.15,spin,2.0,0.15,26.0191,27,392719106,318,186385,54014,157022,36
spin_slow,spin,2.0,0.15,spin,2.0,0.15,26.0223,28,392720071,318,193434,54058,157036,32
spin_slow,spin,2.0,0.15,spin,2.0,0.15,26.0381,29,392734555,318,142907,54050,157012,4
spin_slow,spin,2.0,0.15,spin,2.0,0.15,26.0413,30,392752705,324,87535,54147,157068,4
spin_slow,spin,2.0,0.15,spin,2.0,0.15,26.0434,31,392753667,315,94027,54183,157075,0
spin_slow,spin,2.0,0.15,spin,2.0,0.15,26.0489,32,392767053,319,170908,54224,157068,36
spin_slow,spin,2.0,0.15,spin,2.0,0.15,26.0542,33,392787044,318,114698,54244,157012,4
spin_slow,spin,2.0,0.15,spin,2.0,0.15,26.0564,34,392788011,319,121996,54246,157014,0
spin_slow,spin,2.0,0.15,spin,2.0,0.15,26.0627,35,392797088,312,94936,54343,157058,4
spin_slow,spin,2.0,0.15,spin,2.0,0.15,26.0669,36,392805395,313,93538,54331,157047,4
spin_slow,spin,2.0,0.15,spin,2.0,0.15,26.0765,37,392814529,325,75721,54330,157045,4
spin_slow,spin,2.0,0.15,spin,2.0,0.15,26.0944,38,392825566,320,67262,54390,157078,4
spin_slow,spin,2.0,0.15,spin,2.0,0.15,26.0976,39,392828481,318,91547,54367,157056,4
spin_slow,spin,2.0,0.15,spin,2.0,0.15,26.1091,40,392837490,321,209609,54445,157048,36
spin_slow,spin,2.0,0.15,spin,2.0,0.15,26.1091,41,392838429,320,55233,54416,157061,0
spin_slow,spin,2.0,0.15,spin,2.0,0.15,26.1165,42,392839389,320,61323,54405,157061,0
spin_slow,spin,2.0,0.15,spin,2.0,0.15,26.1187,43,392840334,320,64913,54404,157034,0
spin_slow,spin,2.0,0.15,spin,2.0,0.15,26.1187,44,392843020,320,207474,54451,157064,36
spin_slow,spin,2.0,0.15,spin,2.0,0.15,26.1218,45,392846270,321,131721,54449,157067,4
spin_slow,spin,2.0,0.15,spin,2.0,0.15,26.1271,46,392861647,321,75754,54481,157048,4
spin_slow,spin,2.0,0.15,spin,2.0,0.15,26.1367,47,392870157,321,109183,54503,157006,4
spin_slow,spin,2.0,0.15,spin,2.0,0.15,26.143,48,392879263,321,86674,54564,157054,4
spin_slow,spin,2.0,0.15,spin,2.0,0.15,26.1578,49,392891882,328,190218,54593,157042,36
spin_slow,spin,2.0,0.15,spin,2.0,0.15,26.1673,50,392900642,322,108679,54610,157060,4
spin_slow,spin,2.0,0.15,spin,2.0,0.15,26.1736,51,392910375,326,192712,54676,157044,36
spin_slow,spin,2.0,0.15,spin,2.0,0.15,26.1884,52,392923176,322,170086,54708,157045,36
spin_slow,spin,2.0,0.15,spin,2.0,0.15,26.1979,53,392931960,321,92854,54715,157057,4
spin_slow,spin,2.0,0.15,spin,2.0,0.15,26.2095,54,392944446,322,174044,54729,157004,36
spin_slow,spin,2.0,0.15,spin,2.0,0.15,26.2169,55,392953206,323,93030,54832,157040,4
spin_slow,spin,2.0,0.15,spin,2.0,0.15,26.2318,56,392965705,323,176278,54869,157050,36
spin_slow,spin,2.0,0.15,spin,2.0,0.15,26.2391,57,392976362,323,103156,54906,157076,4
spin_slow,spin,2.0,0.15,spin,2.0,0.15,26.2497,58,392987052,325,192854,54897,157021,36
spin_slow,spin,2.0,0.15,spin,2.0,0.15,26.2665,59,392997881,323,149217,54935,157026,4
spin_slow,spin,2.0,0.15,spin,2.0,0.15,26.2729,60,393006656,323,70866,54962,157025,4
spin_slow,spin,2.0,0.15,spin,2.0,0.15,26.2813,61,393017587,324,201657,55024,157066,36
spin_slow,spin,2.0,0.15,spin,2.0,0.15,26.2971,62,393029430,325,172973,55036,157104,36
spin_slow,spin,2.0,0.15,spin,2.0,0.15,26.3013,63,393038014,322,61635,55053,157048,4
spin_slow,spin,2.0,0.15,spin,2.0,0.15,26.312,64,393048456,324,109239,55045,157040,4
spin_slow,spin,2.0,0.15,spin,2.0,0.15,26.3279,65,393060772,331,161405,55079,157018,36
spin_slow,spin,2.0,0.15,spin,2.0,0.15,26.3342,66,393069534,325,80630,55132,157063,4
spin_slow,spin,2.0,0.15,spin,2.0,0.15,26.3416,67,393078646,325,59081,55167,157077,4
spin_slow,spin,2.0,0.15,spin,2.0,0.15,26.3544,68,393090815,325,85938,55244,157063,4
spin_slow,spin,2.0,0.15,spin,2.0,0.15,26.365,69,393101115,325,109629,55277,157035,4
spin_slow,spin,2.0,0.15,spin,2.0,0.15,26.3745,70,393112133,326,98354,55303,156969,4
spin_slow,spin,2.0,0.15,spin,2.0,0.15,26.3913,71,393122978,326,57681,55401,157059,4
spin_slow,spin,2.0,0.15,spin,2.0,0.15,26.3935,72,393131741,325,133864,55405,157048,4
spin_slow,spin,2.0,0.15,spin,2.0,0.15,26.404,73,393143033,326,168939,55470,157040,36
spin_slow,spin,2.0,0.15,spin,2.0,0.15,26.4189,74,393153364,327,197714,55513,157048,36
spin_slow,spin,2.0,0.15,spin,2.0,0.15,26.4284,75,393165933,327,135596,55605,157062,4
spin_slow,spin,2.0,0.15,spin,2.0,0.15,26.4453,76,393176772,328,93072,55675,157083,4
spin_slow,spin,2.0,0.15,spin,2.0,0.15,26.4569,77,393187299,328,154907,55714,157051,4
spin_slow,spin,2.0,0.15,spin,2.0,0.15,26.4611,78,393196529,328,153604,55749,157050,4
spin_slow,spin,2.0,0.15,spin,2.0,0.15,26.4717,79,393207415,328,119460,55787,157067,4
spin_slow,spin,2.0,0.15,spin,2.0,0.15,26.4812,80,393218480,328,116148,55797,157005,4
spin_slow,spin,2.0,0.15,spin,2.0,0.15,26.4981,81,393229313,329,73472,55858,157033,4
spin_slow,spin,2.0,0.15,spin,2.0,0.15,26.5076,82,393240801,329,142092,55887,157034,4
spin_slow,spin,2.0,0.15,spin,2.0,0.15,26.5118,83,393248124,329,130860,55888,157008,4
spin_slow,spin,2.0,0.15,spin,2.0,0.15,26.5213,84,393258394,329,149339,55933,157034,4
spin_slow,spin,2.0,0.15,spin,2.0,0.15,26.534,85,393269681,328,183489,55939,157068,36
spin_slow,spin,2.0,0.15,spin,2.0,0.15,26.5434,86,393280105,329,70955,55973,157044,4
spin_slow,spin,2.0,0.15,spin,2.0,0.15,26.5519,87,393290579,327,123792,56005,157049,4
spin_slow,spin,2.0,0.15,spin,2.0,0.15,26.5666,88,393300981,329,164616,56051,157072,36
spin_slow,spin,2.0,0.15,spin,2.0,0.15,26.5761,89,393313568,336,105548,56125,157048,4
spin_slow,spin,2.0,0.15,spin,2.0,0.15,26.5972,90,393324396,331,61853,56194,157044,4
spin_slow,spin,2.0,0.15,spin,2.0,0.15,26.6078,91,393335617,331,85187,56256,156997,4
spin_slow,spin,2.0,0.15,spin,2.0,0.15,26.611,92,393336573,337,90721,56266,156994,0
spin_slow,spin,2.0,0.15,spin,2.0,0.15,26.611,93,393337525,331,95477,56273,157031,0
spin_slow,spin,2.0,0.15,spin,2.0,0.15,26.6131,94,393338471,331,99200,56280,157057,0
spin_slow,spin,2.0,0.15,spin,2.0,0.15,26.6131,95,393340619,326,150303,56321,157038,4
spin_slow,spin,2.0,0.15,spin,2.0,0.15,26.6184,96,393343492,331,167602,56310,157061,36
spin_slow,spin,2.0,0.15,spin,2.0,0.15,26.6247,97,393346100,331,139879,56318,157060,4
spin_slow,spin,2.0,0.15,spin,2.0,0.15,26.6289,98,393361781,332,135794,56427,157038,4
spin_slow,spin,2.0,0.15,spin,2.0,0.15,26.6322,99,393367143,334,105073,56497,157034,4
spin_slow,spin,2.0,0.15,spin,2.0,0.15,26.6438,100,393378373,332,129638,56547,157053,4
spin_slow,spin,2.0,0.15,spin,2.0,0.15,26.648,101,393387135,333,205814,56623,157056,36
spin_slow,spin,2.0,0.15,spin,2.0,0.15,26.6596,102,393396230,333,181353,56610,157050,36
spin_slow,spin,2.0,0.15,spin,2.0,0.15,26.6681,103,393406959,334,120815,56650,157073,4
spin_slow,spin,2.0,0.15,spin,2.0,0.15,26.6871,104,393418527,334,202672,56668,157091,36
spin_slow,spin,2.0,0.15,spin,2.0,0.15,26.6913,105,393427127,334,93789,56736,157073,4
spin_slow,spin,2.0,0.15,spin,2.0,0.15,26.7019,106,393438593,333,158240,56742,157070,36
spin_slow,spin,2.0,0.15,spin,2.0,0.15,26.7114,107,393449926,334,199863,56790,157108,36
spin_slow,spin,2.0,0.15,spin,2.0,0.15,26.7261,108,393460739,334,152802,56826,157098,4
spin_slow,spin,2.0,0.15,spin,2.0,0.15,26.7346,109,393472014,336,184558,56852,157043,36
spin_slow,spin,2.0,0.15,spin,2.0,0.15,26.7451,110,393482555,332,91761,56895,157063,4
spin_slow,spin,2.0,0.15,spin,2.0,0.15,26.762,111,393493265,335,184640,56943,157084,36
spin_slow,spin,2.0,0.15,spin,2.0,0.15,26.763,112,393502054,330,107923,56981,157099,4
spin_slow,spin,2.0,0.15,spin,2.0,0.15,26.7768,113,393513334,335,140482,57096,157080,4
spin_slow,spin,2.0,0.15,spin,2.0,0.15,26.7863,114,393523850,336,200300,57126,157088,36
spin_slow,spin,2.0,0.15,spin,2.0,0.15,26.8021,115,393534579,337,139286,57235,157047,4
spin_slow,spin,2.0,0.15,spin,2.0,0.15,26.8063,116,393543347,337,59333,57286,157039,4
spin_slow,spin,2.0,0.15,spin,2.0,0.15,26.8168,117,393554817,338,124839,57382,157057,4
spin_slow,spin,2.0,0.15,spin,2.0,0.15,26.8284,118,393565176,337,158298,57418,157056,36
spin_slow,spin,2.0,0.15,spin,2.0,0.15,26.839,119,393576208,338,149060,57546,157062,4
spin_slow,spin,2.0,0.15,spin,2.0,0.15,26.8548,120,393587052,336,107574,57626,157092,4
spin_slow,spin,2.0,0.15,spin,2.0,0.15,26.8664,121,393597519,339,158933,57623,157079,36
spin_slow,spin,2.0,0.15,spin,2.0,0.15,26.8685,122,393606899,339,182712,57656,157086,36
spin_slow,spin,2.0,0.15,spin,2.0,0.15,26.8812,123,393618307,339,80047,57650,157042,4
spin_slow,spin,2.0,0.15,spin,2.0,0.15,26.8918,124,393628894,338,152150,57667,157097,4
spin_slow,spin,2.0,0.15,spin,2.0,0.15,26.9035,125,393639673,339,99551,57697,157075,4
spin_slow,spin,2.0,0.15,spin,2.0,0.15,26.9131,126,393650330,339,183702,57718,157038,36
spin_slow,spin,2.0,0.15,spin,2.0,0.15,26.9236,127,393660664,341,212653,57729,157048,36
spin_slow,spin,2.0,0.15,spin,2.0,0.15,26.9331,0,393671372,339,148326,57764,157062,4
spin_slow,spin,2.0,0.15,spin,2.0,0.15,26.9468,1,393682206,333,105495,57857,157069,4
spin_slow,spin,2.0,0.15,spin,2.0,0.15,26.9563,2,393692864,339,189589,57884,157083,36
spin_slow,spin,2.0,0.15,spin,2.0,0.15,26.9637,3,393703210,341,63567,57921,157067,4
spin_slow,spin,2.0,0.15,spin,2.0,0.15,26.9784,4,393713846,340,143799,58046,157068,4
spin_slow,spin,2.0,0.15,spin,2.0,0.15,26.9889,5,393726424,342,82870,58067,157055,4
spin_slow,spin,2.0,0.15,spin,2.0,0.15,26.9985,6,393737254,342,196540,58116,157083,36
spin_slow,spin,2.0,0.15,spin,2.0,0.15,27.0081,7,393746501,342,197796,58147,157055,36
spin_slow,spin,2.0,0.15,spin,2.0,0.15,27.025,8,393757280,342,145632,58190,157061,4
spin_slow,spin,2.0,0.15,spin,2.0,0.15,27.0281,9,393766059,342,67445,58214,157031,4
spin_slow,spin,2.0,0.15,spin,2.0,0.15,27.0397,10,393777300,344,93973,58220,157013,4
spin_slow,spin,2.0,0.15,spin,2.0,0.15,27.0513,11,393787823,343,155432,58303,157049,4
spin_slow,spin,2.0,0.15,spin,2.0,0.15,27.0619,12,393798957,344,163300,58270,157085,36
spin_slow,spin,2.0,0.15,spin,2.0,0.15,27.0779,13,393809827,345,125989,58348,157077,4
spin_slow,spin,2.0,0.15,spin,2.0,0.15,27.0822,14,393818601,343,203943,58349,157074,36
spin_slow,spin,2.0,0.15,spin,2.0,0.15,27.1002,15,393835408,344,76452,58429,157086,4
spin_slow,spin,2.0,0.15,spin,2.0,0.15,27.1034,16,393836364,344,81947,58447,157092,0
spin_slow,spin,2.0,0.15,spin,2.0,0.15,27.1097,17,393837289,344,82083,58457,157068,0
spin_slow,spin,2.0,0.15,spin,2.0,0.15,27.113,18,393838260,344,90093,58465,157073,0
spin_slow,spin,2.0,0.15,spin,2.0,0.15,27.1162,19,393840758,344,200540,58472,157097,36
spin_slow,spin,2.0,0.15,spin,2.0,0.15,27.1183,20,393843287,345,159137,58521,157124,36
spin_slow,spin,2.0,0.15,spin,2.0,0.15,27.1183,21,393846238,344,189639,58505,157090,36
spin_slow,spin,2.0,0.15,spin,2.0,0.15,27.1215,22,393851719,344,178913,58531,157041,36
spin_slow,spin,2.0,0.15,spin,2.0,0.15,27.1321,23,393864180,345,98436,58628,157073,4
spin_slow,spin,2.0,0.15,spin,2.0,0.15,27.1384,24,393873125,345,205361,58580,157101,36
spin_slow,spin,2.0,0.15,spin,2.0,0.15,27.1469,25,393882605,345,88915,58687,157072,4
spin_slow,spin,2.0,0.15,spin,2.0,0.15,27.1564,26,393895276,346,201136,58711,157055,36
spin_slow,spin,2.0,0.15,spin,2.0,0.15,27.1711,27,393906523,345,71401,58802,157055,4
spin_slow,spin,2.0,0.15,spin,2.0,0.15,27.1785,28,393915277,346,146245,58785,157034,4
spin_slow,spin,2.0,0.15,spin,2.0,0.15,27.1922,29,393927781,346,73063,58839,157061,4
spin_slow,spin,2.0,0.15,spin,2.0,0.15,27.1986,30,393936531,346,147106,58869,157052,4
spin_slow,spin,2.0,0.15,spin,2.0,0.15,27.2091,31,393946183,347,60246,58902,157035,4
spin_slow,spin,2.0,0.15,spin,2.0,0.15,27.2186,32,393956739,347,127123,58913,157072,4
spin_slow,spin,2.0,0.15,spin,2.0,0.15,27.2313,33,393967453,344,63773,58943,157063,4
spin_slow,spin,2.0,0.15,spin,2.0,0.15,27.2481,34,393978835,347,114045,58978,157013,4
spin_slow,spin,2.0,0.15,spin,2.0,0.15,27.2587,35,393995075,347,204707,59018,157040,36
spin_slow,spin,2.0,0.15,spin,2.0,0.15,27.2619,36,393998246,347,115490,58979,157054,4
spin_slow,spin,2.0,0.15,spin,2.0,0.15,27.2787,37,394009872,348,207243,59065,157062,36
spin_slow,spin,2.0,0.15,spin,2.0,0.15,27.3082,38,394027627,348,84343,59148,157064,4
spin_slow,spin,2.0,0.15,spin,2.0,0.15,27.3082,39,394029693,346,121349,59151,157089,4
spin_slow,spin,2.0,0.15,spin,2.0,0.15,27.3261,40,394057918,354,208152,59256,157052,36
spin_slow,spin,2.0,0.15,spin,2.0,0.15,27.3398,41,394058876,349,213930,59288,157055,32
spin_slow,spin,2.0,0.15,spin,2.0,0.15,27.3567,42,394072949,349,93388,59321,157032,4
spin_slow,spin,2.0,0.15,spin,2.0,0.15,27.3567,43,394073906,350,98977,59317,157027,0
spin_slow,spin,2.0,0.15,spin,2.0,0.15,27.362,44,394087657,350,80682,59413,157070,4
spin_slow,spin,2.0,0.15,spin,2.0,0.15,27.3726,45,394105362,354,106247,59401,157051,4
spin_slow,spin,2.0,0.15,spin,2.0,0.15,27.3726,46,394106319,349,111950,59442,157056,0
spin_slow,spin,2.0,0.15,spin,2.0,0.15,27.3789,47,394116871,350,178032,59476,157031,36
spin_slow,spin,2.0,0.15,spin,2.0,0.15,27.3894,48,394125995,350,158726,59500,157023,36
spin_slow,spin,2.0,0.15,spin,2.0,0.15,27.399,49,394136505,351,61029,59519,157040,4
spin_slow,spin,2.0,0.15,spin,2.0,0.15,27.4085,50,394146921,350,104183,59580,157012,4
spin_slow,spin,2.0,0.15,spin,2.0,0.15,27.4211,51,394157609,351,193764,59591,157057,36
spin_slow,spin,2.0,0.15,spin,2.0,0.15,27.4317,52,394168273,351,122184,59625,157020,4
spin_slow,spin,2.0,0.15,spin,2.0,0.15,27.4412,53,394178681,351,164012,59711,157069,36
spin_slow,spin,2.0,0.15,spin,2.0,0.15,27.4517,54,394189313,352,87231,59735,157001,4
spin_slow,spin,2.0,0.15,spin,2.0,0.15,27.4623,55,394200137,352,199896,59807,157022,36
spin_slow,spin,2.0,0.15,spin,2.0,0.15,27.4781,56,394211317,352,215982,59858,157038,36
spin_slow,spin,2.0,0.15,spin,2.0,0.15,27.4845,57,394221816,352,116110,59900,157074,4
spin_slow,spin,2.0,0.15,spin,2.0,0.15,27.494,58,394231555,352,201259,59899,157040,36
spin_slow,spin,2.0,0.15,spin,2.0,0.15,27.5035,59,394241986,353,90149,59969,157035,4
spin_slow,spin,2.0,0.15,spin,2.0,0.15,27.5172,60,394252720,353,187253,59983,157069,36
spin_slow,spin,2.0,0.15,spin,2.0,0.15,27.5236,61,394263402,353,118522,60015,157059,4
spin_slow,spin,2.0,0.15,spin,2.0,0.15,27.5383,62,394274314,354,88807,60043,157043,4
spin_slow,spin,2.0,0.15,spin,2.0,0.15,27.5489,63,394286871,357,182019,60043,157025,36
spin_slow,spin,2.0,0.15,spin,2.0,0.15,27.5647,64,394297732,353,144166,60072,157013,4
spin_slow,spin,2.0,0.15,spin,2.0,0.15,27.571,65,394306464,353,215483,60111,157000,36
spin_slow,spin,2.0,0.15,spin,2.0,0.15,27.5773,66,394317406,354,191210,60173,157081,36
spin_slow,spin,2.0,0.15,spin,2.0,0.15,27.5964,67,394328086,347,122100,60198,157021,4
spin_slow,spin,2.0,0.15,spin,2.0,0.15,27.6048,68,394333717,355,137170,60200,157045,4
spin_slow,spin,2.0,0.15,spin,2.0,0.15,27.608,69,394334653,354,139303,60194,157030,0
spin_slow,spin,2.0,0.15,spin,2.0,0.15,27.608,70,394335771,355,172212,60236,157062,36
spin_slow,spin,2.0,0.15,spin,2.0,0.15,27.6122,71,394336741,355,180095,60243,157046,32
spin_slow,spin,2.0,0.15,spin,2.0,0.15,27.6144,72,394341596,355,63160,60233,157023,4
spin_slow,spin,2.0,0.15,spin,2.0,0.15,27.6144,73,394341628,355,68794,60233,157023,8
spin_slow,spin,2.0,0.15,spin,2.0,0.15,27.6239,74,394358243,355,66550,60320,157065,4
spin_slow,spin,2.0,0.15,spin,2.0,0.15,27.6239,75,394359185,355,69637,60362,157065,0
spin_slow,spin,2.0,0.15,spin,2.0,0.15,27.6281,76,394369352,356,70513,60362,157054,4
spin_slow,spin,2.0,0.15,spin,2.0,0.15,27.6439,77,394379389,355,206183,60411,157088,36
spin_slow,spin,2.0,0.15,spin,2.0,0.15,27.6535,78,394391953,356,142848,60429,157059,4
spin_slow,spin,2.0,0.15,spin,2.0,0.15,27.664,79,394402787,356,99954,60467,157053,4
spin_slow,spin,2.0,0.15,spin,2.0,0.15,27.6746,80,394413331,357,164716,60472,157061,36
spin_slow,spin,2.0,0.15,spin,2.0,0.15,27.6914,81,394424048,356,102246,60513,157044,4
spin_slow,spin,2.0,0.15,spin,2.0,0.15,27.6978,82,394432816,356,179127,60537,157023,36
spin_slow,spin,2.0,0.15,spin,2.0,0.15,27.7062,83,394443792,356,160580,60581,157044,36
spin_slow,spin,2.0,0.15,spin,2.0,0.15,27.7178,84,394454482,361,93369,60580,157026,4
spin_slow,spin,2.0,0.15,spin,2.0,0.15,27.7263,85,394464827,363,124382,60628,157073,4
spin_slow,spin,2.0,0.15,spin,2.0,0.15,27.741,86,394476982,356,148900,60662,157062,4
spin_slow,spin,2.0,0.15,spin,2.0,0.15,27.7473,87,394485797,357,76804,60703,157072,4
spin_slow,spin,2.0,0.15,spin,2.0,0.15,27.7621,88,394498233,358,149492,60726,157049,4
spin_slow,spin,2.0,0.15,spin,2.0,0.15,27.7684,89,394507102,358,86640,60784,157075,4
spin_slow,spin,2.0,0.15,spin,2.0,0.15,27.7832,90,394519489,359,150532,60824,157082,4
spin_slow,spin,2.0,0.15,spin,2.0,0.15,27.7895,91,394528223,363,64535,60862,157095,4
spin_slow,spin,2.0,0.15,spin,2.0,0.15,27.799,92,394537323,358,198074,60886,157044,36
spin_slow,spin,2.0,0.15,spin,2.0,0.15,27.8117,93,394548278,359,175573,60925,157052,36
spin_slow,spin,2.0,0.15,spin,2.0,0.15,27.8212,94,394560846,359,113603,60956,157016,4
spin_slow,spin,2.0,0.15,spin,2.0,0.15,27.8391,95,394571648,359,65611,60994,156997,4
spin_slow,spin,2.0,0.15,spin,2.0,0.15,27.8412,96,394580449,360,148430,61050,157068,4
spin_slow,spin,2.0,0.15,spin,2.0,0.15,27.8538,97,394591730,359,181591,61039,157050,36
spin_slow,spin,2.0,0.15,spin,2.0,0.15,27.8633,98,394602251,358,85607,61099,157070,4
spin_slow,spin,2.0,0.15,spin,2.0,0.15,27.8791,99,394612975,359,180888,61087,157058,36
spin_slow,spin,2.0,0.15,spin,2.0,0.15,27.8833,100,394621711,360,95453,61115,157006,4
spin_slow,spin,2.0,0.15,spin,2.0,0.15,27.8949,101,394632989,359,128222,61155,157046,4
spin_slow,spin,2.0,0.15,spin,2.0,0.15,27.9044,102,394643519,360,190563,61193,157055,36
spin_slow,spin,2.0,0.15,spin,2.0,0.15,27.9171,103,394654245,358,128992,61238,157072,4
spin_slow,spin,2.0,0.15,spin,2.0,0.15,27.9266,104,394665462,356,151133,61270,157076,4
spin_slow,spin,2.0,0.15,spin,2.0,0.15,27.9361,105,394676060,361,67643,61319,157085,4
spin_slow,spin,2.0,0.15,spin,2.0,0.15,27.9539,106,394686771,361,160642,61351,157073,36
spin_slow,spin,2.0,0.15,spin,2.0,0.15,27.9582,107,394695568,360,85229,61401,157103,4
spin_slow,spin,2.0,0.15,spin,2.0,0.15,27.9687,108,394706304,362,182613,61385,157058,36
spin_slow,spin,2.0,0.15,spin,2.0,0.15,27.9824,109,394717225,362,154582,61420,157042,4
spin_slow,spin,2.0,0.15,spin,2.0,0.15,27.9919,110,394728102,362,119107,61472,157042,4
spin_slow,spin,2.0,0.15,spin,2.0,0.15,28.0015,111,394738791,362,208603,61496,157053,36
spin_slow,spin,2.0,0.15,spin,2.0,0.15,28.0142,112,394750896,362,67834,61493,157021,4
spin_slow,spin,2.0,0.15,spin,2.0,0.15,28.0227,113,394761562,361,153684,61527,157014,4
spin_slow,spin,2.0,0.15,spin,2.0,0.15,28.0374,114,394773457,362,134259,61581,157057,4
spin_slow,spin,2.0,0.15,spin,2.0,0.15,28.0437,115,394782189,362,205177,61604,157022,36
spin_slow,spin,2.0,0.15,spin,2.0,0.15,28.0532,116,394791269,362,178278,61615,157056,36
spin_slow,spin,2.0,0.15,spin,2.0,0.15,28.0638,117,394801662,363,217621,61679,157017,36
spin_slow,spin,2.0,0.15,spin,2.0,0.15,28.0733,118,394812284,364,139042,61742,157067,4
spin_slow,spin,2.0,0.15,spin,2.0,0.15,28.0965,119,394824748,364,216018,61761,157042,36
spin_slow,spin,2.0,0.15,spin,2.0,0.15,28.1123,120,394839938,364,128236,61818,157103,4
spin_slow,spin,2.0,0.15,spin,2.0,0.15,28.1145,121,394840900,364,134661,61845,157077,0
spin_slow,spin,2.0,0.15,spin,2.0,0.15,28.1166,122,394841861,368,140864,61855,157079,0
spin_slow,spin,2.0,0.15,spin,2.0,0.15,28.1166,123,394842797,364,142960,61849,157087,0
spin_slow,spin,2.0,0.15,spin,2.0,0.15,28.1187,124,394847812,364,210231,61844,157050,36
spin_slow,spin,2.0,0.15,spin,2.0,0.15,28.1229,125,394847845,364,215895,61844,157050,40
spin_slow,spin,2.0,0.15,spin,2.0,0.15,28.1229,126,394849119,364,118358,61884,157061,0
spin_slow,spin,2.0,0.15,spin,2.0,0.15,28.1314,127,394866982,364,170425,61939,157086,36
spin_slow,spin,2.0,0.15,spin,2.0,0.15,28.1336,0,394867918,366,172376,61971,157069,32
spin_slow,spin,2.0,0.15,spin,2.0,0.15,28.1399,1,394877142,371,169739,61957,157058,36
spin_slow,spin,2.0,0.15,spin,2.0,0.15,28.1474,2,394886924,366,105073,62002,157071,4
spin_slow,spin,2.0,0.15,spin,2.0,0.15,28.1589,3,394897469,365,170175,62072,157053,36
spin_slow,spin,2.0,0.15,spin,2.0,0.15,28.1748,4,394908194,370,109003,62090,157027,4
spin_slow,spin,2.0,0.15,spin,2.0,0.15,28.1864,5,394918702,372,168017,62149,157073,36
spin_slow,spin,2.0,0.15,spin,2.0,0.15,28.1927,6,394929803,366,170750,62223,157043,36
spin_slow,spin,2.0,0.15,spin,2.0,0.15,28.2012,7,394939192,367,196225,62258,157043,36
spin_slow,spin,2.0,0.15,spin,2.0,0.15,28.2117,8,394949888,367,130256,62326,157020,4
spin_slow,spin,2.0,0.15,spin,2.0,0.15,28.2233,9,394960727,367,88661,62369,157050,4
spin_slow,spin,2.0,0.15,spin,2.0,0.15,28.2349,10,394971425,367,179750,62414,157060,36
spin_slow,spin,2.0,0.15,spin,2.0,0.15,28.2423,11,394981346,368,138870,62457,157046,4
spin_slow,spin,2.0,0.15,spin,2.0,0.15,28.254,12,394991149,368,77918,62471,157016,4
spin_slow,spin,2.0,0.15,spin,2.0,0.15,28.2614,13,395002035,368,201222,62520,157031,36
spin_slow,spin,2.0,0.15,spin,2.0,0.15,28.2761,14,395013019,368,183929,62559,157039,36
spin_slow,spin,2.0,0.15,spin,2.0,0.15,28.2867,15,395024950,368,170761,62549,157035,36
spin_slow,spin,2.0,0.15,spin,2.0,0.15,28.3025,16,395035798,368,130458,62604,157045,4
spin_slow,spin,2.0,0.15,spin,2.0,0.15,28.3078,17,395044566,368,207601,62650,157059,36
spin_slow,spin,2.0,0.15,spin,2.0,0.15,28.3162,18,395055405,368,165538,62641,157049,36
spin_slow,spin,2.0,0.15,spin,2.0,0.15,28.33,19,395066187,369,113721,62687,157067,4
spin_slow,spin,2.0,0.15,spin,2.0,0.15,28.3395,20,395078764,369,210188,62724,157062,36
spin_slow,spin,2.0,0.15,spin,2.0,0.15,28.3564,21,395089606,369,168936,62776,156999,36
spin_slow,spin,2.0,0.15,spin,2.0,0.15,28.3628,22,395098373,369,89118,62791,157049,4
spin_slow,spin,2.0,0.15,spin,2.0,0.15,28.3712,23,395109495,370,95205,62840,157047,4
spin_slow,spin,2.0,0.15,spin,2.0,0.15,28.3818,24,395120029,370,158465,62912,157062,36
spin_slow,spin,2.0,0.15,spin,2.0,0.15,28.3976,25,395130868,370,116314,62964,157061,4
spin_slow,spin,2.0,0.15,spin,2.0,0.15,28.4029,26,395139650,371,195588,62993,157058,36
spin_slow,spin,2.0,0.15,spin,2.0,0.15,28.4113,27,395150378,366,134931,63032,157047,4
spin_slow,spin,2.0,0.15,spin,2.0,0.15,28.4219,28,395161324,371,111159,63069,157039,4
spin_slow,spin,2.0,0.15,spin,2.0,0.15,28.4314,29,395172155,371,67698,63105,157040,4
spin_slow,spin,2.0,0.15,spin,2.0,0.15,28.4463,30,395182514,372,101348,63133,157045,4
spin_slow,spin,2.0,0.15,spin,2.0,0.15,28.4548,31,395194698,372,131392,63173,157043,4
spin_slow,spin,2.0,0.15,spin,2.0,0.15,28.4709,32,395206280,372,215433,63212,157039,36
spin_slow,spin,2.0,0.15,spin,2.0,0.15,28.4762,33,395215047,373,135524,63234,157013,4
spin_slow,spin,2.0,0.15,spin,2.0,0.15,28.4911,34,395227539,373,217941,63311,157007,36
spin_slow,spin,2.0,0.15,spin,2.0,0.15,28.4976,35,395236297,373,136527,63381,157042,4
spin_slow,spin,2.0,0.15,spin,2.0,0.15,28.5123,36,395248816,373,66205,63438,157049,4
spin_slow,spin,2.0,0.15,spin,2.0,0.15,28.5187,37,395257564,374,139773,63477,157070,4
spin_slow,spin,2.0,0.15,spin,2.0,0.15,28.5334,38,395270082,380,69170,63548,157009,4
spin_slow,spin,2.0,0.15,spin,2.0,0.15,28.5419,39,395278816,375,140729,63623,157011,4
spin_slow,spin,2.0,0.15,spin,2.0,0.15,28.5567,40,395291354,374,73549,63712,157050,4
spin_slow,spin,2.0,0.15,spin,2.0,0.15,28.5714,41,395299966,374,124013,63765,157074,4
spin_slow,spin,2.0,0.15,spin,2.0,0.15,28.5736,42,395308977,375,85336,63828,157054,4
spin_slow,spin,2.0,0.15,spin,2.0,0.15,28.5852,43,395322576,378,198041,63907,157071,36
spin_slow,spin,2.0,0.15,spin,2.0,0.15,28.622,44,395338497,376,77262,63902,157072,4
spin_slow,spin,2.0,0.15,spin,2.0,0.15,28.622,45,395339434,376,79547,63940,157048,0
spin_slow,spin,2.0,0.15,spin,2.0,0.15,28.6252,46,395340398,376,86317,63899,157051,0
spin_slow,spin,2.0,0.15,spin,2.0,0.15,28.6379,47,395341358,377,92399,63962,157057,0
spin_slow,spin,2.0,0.15,spin,2.0,0.15,28.6379,48,395342551,374,138227,63902,157098,0
spin_slow,spin,2.0,0.15,spin,2.0,0.15,28.6538,49,395346383,376,161460,63928,157031,36
spin_slow,spin,2.0,0.15,spin,2.0,0.15,28.656,50,395348032,376,127691,63932,157031,0
spin_slow,spin,2.0,0.15,spin,2.0,0.15,28.6697,51,395365341,377,86671,63975,157042,4
spin_slow,spin,2.0,0.15,spin,2.0,0.15,28.6866,52,395372934,374,121073,63960,156986,4
spin_slow,spin,2.0,0.15,spin,2.0,0.15,28.6888,53,395373873,376,123812,63951,157007,0
spin_slow,spin,2.0,0.15,spin,2.0,0.15,28.693,54,395386657,383,98408,64017,157052,4
spin_slow,spin,2.0,0.15,spin,2.0,0.15,28.6994,55,395405584,377,175522,64072,157005,36
spin_slow,spin,2.0,0.15,spin,2.0,0.15,28.7015,56,395406559,377,184246,64080,157023,32
spin_slow,spin,2.0,0.15,spin,2.0,0.15,28.7068,57,395419206,377,135885,64151,157019,4
spin_slow,spin,2.0,0.15,spin,2.0,0.15,28.7089,58,395439144,382,71162,64232,157031,4
spin_slow,spin,2.0,0.15,spin,2.0,0.15,28.7089,59,395440080,378,73217,64277,157023,0
spin_slow,spin,2.0,0.15,spin,2.0,0.15,28.7131,60,395450662,379,144900,64341,156993,4
spin_slow,spin,2.0,0.15,spin,2.0,0.15,28.7173,61,395458744,374,105995,64349,156990,4
spin_slow,spin,2.0,0.15,spin,2.0,0.15,28.7279,62,395467858,379,85077,64427,157005,4
spin_slow,spin,2.0,0.15,spin,2.0,0.15,28.7416,63,395478976,376,90882,64469,157046,4
spin_slow,spin,2.0,0.15,spin,2.0,0.15,28.7511,64,395491544,379,185829,64512,157048,36
spin_slow,spin,2.0,0.15,spin,2.0,0.15,28.7616,65,395501910,380,220535,64579,157035,36
spin_slow,spin,2.0,0.15,spin,2.0,0.15,28.7722,66,395511484,378,120190,64643,157079,4
spin_slow,spin,2.0,0.15,spin,2.0,0.15,28.7848,67,395521892,380,161661,64678,157080,36
spin_slow,spin,2.0,0.15,spin,2.0,0.15,28.7912,68,395532274,380,198805,64709,157076,36
spin_slow,spin,2.0,0.15,spin,2.0,0.15,28.8051,69,395542762,383,96667,64779,157067,4
spin_slow,spin,2.0,0.15,spin,2.0,0.15,28.8198,70,395553626,381,215943,64862,157078,36
spin_slow,spin,2.0,0.15,spin,2.0,0.15,28.8272,71,395564109,382,113439,64892,157060,4
spin_slow,spin,2.0,0.15,spin,2.0,0.15,28.8367,72,395575285,382,128859,64958,157014,4
spin_slow,spin,2.0,0.15,spin,2.0,0.15,28.8462,73,395585373,382,116596,65006,157014,4
spin_slow,spin,2.0,0.15,spin,2.0,0.15,28.8578,74,395596197,382,72390,65028,156984,4
spin_slow,spin,2.0,0.15,spin,2.0,0.15,28.8663,75,395605711,383,119391,65078,157052,4
spin_slow,spin,2.0,0.15,spin,2.0,0.15,28.8768,76,395616451,387,217763,65109,157027,36
spin_slow,spin,2.0,0.15,spin,2.0,0.15,28.8863,77,395626553,384,207619,65201,157050,36
spin_slow,spin,2.0,0.15,spin,2.0,0.15,28.8969,78,395636578,384,184249,65199,157042,36
spin_slow,spin,2.0,0.15,spin,2.0,0.15,28.9064,79,395647259,389,115487,65239,157016,4
spin_slow,spin,2.0,0.15,spin,2.0,0.15,28.918,80,395657897,384,196635,65269,157037,36
spin_slow,spin,2.0,0.15,spin,2.0,0.15,28.9286,81,395668847,384,173430,65323,157066,36
spin_slow,spin,2.0,0.15,spin,2.0,0.15,28.9381,82,395679128,385,193612,65354,157053,36
spin_slow,spin,2.0,0.15,spin,2.0,0.15,28.9487,83,395689784,385,120281,65384,157060,4
spin_slow,spin,2.0,0.15,spin,2.0,0.15,28.9603,84,395700394,385,196278,65409,157016,36
spin_slow,spin,2.0,0.15,spin,2.0,0.15,28.9719,85,395711022,384,118881,65453,157012,4
spin_slow,spin,2.0,0.15,spin,2.0,0.15,28.9814,86,395721647,385,197944,65444,157031,36
spin_slow,spin,2.0,0.15,spin,2.0,0.15,28.9919,87,395732300,385,124511,65532,157014,4
spin_slow,spin,2.0,0.15,spin,2.0,0.15,29.0068,88,395742927,386,203674,65570,157034,36
spin_slow,spin,2.0,0.15,spin,2.0,0.15,29.0163,89,395755516,386,145287,65667,157047,4
spin_slow,spin,2.0,0.15,spin,2.0,0.15,29.0332,90,395767109,385,74576,65680,157010,4
spin_slow,spin,2.0,0.15,spin,2.0,0.15,29.0395,91,395776280,386,220469,65687,157025,36
spin_slow,spin,2.0,0.15,spin,2.0,0.15,29.0469,92,395787202,387,192933,65719,157015,36
spin_slow,spin,2.0,0.15,spin,2.0,0.15,29.0616,93,395797973,387,139708,65769,157016,4
spin_slow,spin,2.0,0.15,spin,2.0,0.15,29.068,94,395806726,388,214131,65798,157031,36
spin_slow,spin,2.0,0.15,spin,2.0,0.15,29.0829,95,395819254,394,145553,65866,157016,4
spin_slow,spin,2.0,0.15,spin,2.0,0.15,29.0966,96,395827992,389,217980,65865,157006,36
spin_slow,spin,2.0,0.15,spin,2.0,0.15,29.1113,97,395840724,390,184000,65927,157056,36
spin_slow,spin,2.0,0.15,spin,2.0,0.15,29.1113,98,395841662,394,186444,65927,157048,32
spin_slow,spin,2.0,0.15,spin,2.0,0.15,29.1166,99,395842625,390,193123,65928,157053,32
spin_slow,spin,2.0,0.15,spin,2.0,0.15,29.1166,100,395843571,388,196858,65945,157018,32
spin_slow,spin,2.0,0.15,spin,2.0,0.15,29.1188,101,395846249,382,180979,65947,157020,36
spin_slow,spin,2.0,0.15,spin,2.0,0.15,29.1219,102,395848257,388,208392,65948,156992,36
spin_slow,spin,2.0,0.15,spin,2.0,0.15,29.1251,103,395853733,388,197304,65945,157007,36
spin_slow,spin,2.0,0.15,spin,2.0,0.15,29.1261,104,395867187,389,128928,66011,156982,4
spin_slow,spin,2.0,0.15,spin,2.0,0.15,29.1314,105,395870263,389,180806,66023,157022,36
spin_slow,spin,2.0,0.15,spin,2.0,0.15,29.142,106,395880199,388,142833,66050,156986,4
spin_slow,spin,2.0,0.15,spin,2.0,0.15,29.1569,107,395893025,390,125291,66169,156989,4
spin_slow,spin,2.0,0.15,spin,2.0,0.15,29.1612,108,395901811,390,205823,66174,157017,36
spin_slow,spin,2.0,0.15,spin,2.0,0.15,29.1761,109,395913674,389,181533,66210,157009,36
spin_slow,spin,2.0,0.15,spin,2.0,0.15,29.1867,110,395925606,390,168911,66274,156981,36
spin_slow,spin,2.0,0.15,spin,2.0,0.15,29.2026,111,395936453,392,128777,66337,157033,4
spin_slow,spin,2.0,0.15,spin,2.0,0.15,29.209,112,395945208,391,203706,66370,157029,36
spin_slow,spin,2.0,0.15,spin,2.0,0.15,29.2164,113,395956183,391,185270,66406,157018,36
spin_slow,spin,2.0,0.15,spin,2.0,0.15,29.227,114,395966806,390,107006,66439,157014,4
spin_slow,spin,2.0,0.15,spin,2.0,0.15,29.2366,115,395976356,393,160217,66474,157002,36
spin_slow,spin,2.0,0.15,spin,2.0,0.15,29.2483,116,395987070,392,97360,66483,157037,4
spin_slow,spin,2.0,0.15,spin,2.0,0.15,29.262,117,395997515,391,145466,66534,157031,4
spin_slow,spin,2.0,0.15,spin,2.0,0.15,29.2684,118,396008693,398,161438,66609,157060,36
spin_slow,spin,2.0,0.15,spin,2.0,0.15,29.2832,119,396020621,392,147541,66605,157048,4
spin_slow,spin,2.0,0.15,spin,2.0,0.15,29.2918,120,396029372,390,221881,66641,157034,36
spin_slow,spin,2.0,0.15,spin,2.0,0.15,29.3045,121,396041881,384,149745,66682,157049,4
spin_slow,spin,2.0,0.15,spin,2.0,0.15,29.314,122,396052558,393,80397,66703,157019,4
spin_slow,spin,2.0,0.15,spin,2.0,0.15,29.3236,123,396063201,393,162237,66795,157053,36
spin_slow,spin,2.0,0.15,spin,2.0,0.15,29.3395,124,396074058,386,123289,66839,157061,4
spin_slow,spin,2.0,0.15,spin,2.0,0.15,29.3459,125,396082832,393,201488,66833,157042,36
spin_slow,spin,2.0,0.15,spin,2.0,0.15,29.3523,126,396093665,399,158638,66914,157039,36
spin_slow,spin,2.0,0.15,spin,2.0,0.15,29.3672,127,396104417,394,101952,67009,157041,4
spin_slow,spin,2.0,0.15,spin,2.0,0.15,29.3768,0,396117006,394,200334,67026,157042,36
spin_slow,spin,2.0,0.15,spin,2.0,0.15,29.3939,1,396127833,395,156604,67049,157016,4
spin_slow,spin,2.0,0.15,spin,2.0,0.15,29.3993,2,396136622,394,80420,67092,157028,4
spin_slow,spin,2.0,0.15,spin,2.0,0.15,29.4088,3,396147566,394,213781,67137,157030,36
spin_slow,spin,2.0,0.15,spin,2.0,0.15,29.4184,4,396158286,394,151825,67133,157021,4
spin_slow,spin,2.0,0.15,spin,2.0,0.15,29.4343,5,396169125,395,110037,67151,157002,4
spin_slow,spin,2.0,0.15,spin,2.0,0.15,29.4385,6,396177891,395,187180,67207,157021,36
spin_slow,spin,2.0,0.15,spin,2.0,0.15,29.4523,7,396189162,396,218924,67204,157009,36
spin_slow,spin,2.0,0.15,spin,2.0,0.15,29.4619,8,396199689,391,124025,67293,157046,4
spin_slow,spin,2.0,0.15,spin,2.0,0.15,29.4746,9,396212016,397,178119,67290,157032,36
spin_slow,spin,2.0,0.15,spin,2.0,0.15,29.4789,10,396220760,396,94088,67371,157049,4
spin_slow,spin,2.0,0.15,spin,2.0,0.15,29.4937,11,396231077,390,120648,67397,157001,4
spin_slow,spin,2.0,0.15,spin,2.0,0.15,29.5033,12,396243339,397,164050,67471,157025,36
spin_slow,spin,2.0,0.15,spin,2.0,0.15,29.5193,13,396254194,400,125000,67547,156996,4
spin_slow,spin,2.0,0.15,spin,2.0,0.15,29.5246,14,396262943,397,199278,67581,156999,36
spin_slow,spin,2.0,0.15,spin,2.0,0.15,29.532,15,396273813,405,163197,67615,156991,36
spin_slow,spin,2.0,0.15,spin,2.0,0.15,29.5469,16,396284557,396,105675,67640,157029,4
spin_slow,spin,2.0,0.15,spin,2.0,0.15,29.5564,17,396297135,398,202903,67666,157011,36
spin_slow,spin,2.0,0.15,spin,2.0,0.15,29.5734,18,396307962,398,159106,67674,157061,36
spin_slow,spin,2.0,0.15,spin,2.0,0.15,29.5766,19,396316724,398,78446,67691,156997,4
spin_slow,spin,2.0,0.15,spin,2.0,0.15,29.5968,20,396327998,399,110680,67676,157018,4
spin_slow,spin,2.0,0.15,spin,2.0,0.15,29.6116,21,396340591,398,209937,67665,157025,36
spin_slow,spin,2.0,0.15,spin,2.0,0.15,29.6138,22,396341525,398,211697,67659,157024,32
spin_slow,spin,2.0,0.15,spin,2.0,0.15,29.6138,23,396342485,399,217867,67704,157029,32
spin_slow,spin,2.0,0.15,spin,2.0,0.15,29.617,24,396343420,400,219836,67712,157043,32
spin_slow,spin,2.0,0.15,spin,2.0,0.15,29.6181,25,396346115,399,206867,67702,157013,36
spin_slow,spin,2.0,0.15,spin,2.0,0.15,29.6245,26,396348463,404,135089,67694,157005,4
spin_slow,spin,2.0,0.15,spin,2.0,0.15,29.6245,27,396353946,398,124965,67704,157024,4
spin_slow,spin,2.0,0.15,spin,2.0,0.15,29.6266,28,396366872,397,123975,67776,157007,4
spin_slow,spin,2.0,0.15,spin,2.0,0.15,29.633,29,396372254,397,96805,67766,157005,4
spin_slow,spin,2.0,0.15,spin,2.0,0.15,29.6415,30,396379783,392,120646,67812,157029,4
spin_slow,spin,2.0,0.15,spin,2.0,0.15,29.6542,31,396392112,399,175236,67878,157061,36
spin_slow,spin,2.0,0.15,spin,2.0,0.15,29.6649,32,396404712,399,118563,67941,157057,4
spin_slow,spin,2.0,0.15,spin,2.0,0.15,29.6818,33,396415534,401,73707,68020,157044,4
spin_slow,spin,2.0,0.15,spin,2.0,0.15,29.6871,34,396424329,400,155696,68002,157001,4
spin_slow,spin,2.0,0.15,spin,2.0,0.15,29.6935,35,396435326,400,141101,68052,157024,4
spin_slow,spin,2.0,0.15,spin,2.0,0.15,29.7084,36,396445925,400,215791,68064,156974,36
spin_slow,spin,2.0,0.15,spin,2.0,0.15,29.7127,37,396454678,401,133596,68084,157026,4
spin_slow,spin,2.0,0.15,spin,2.0,0.15,29.7266,38,396465015,401,163461,68088,157028,36
spin_slow,spin,2.0,0.15,spin,2.0,0.15,29.7362,39,396477251,401,202024,68125,157029,36
spin_slow,spin,2.0,0.15,spin,2.0,0.15,29.7531,40,396488074,401,156784,68158,157029,4
spin_slow,spin,2.0,0.15,spin,2.0,0.15,29.7574,41,396496841,400,77984,68152,156997,4
spin_slow,spin,2.0,0.15,spin,2.0,0.15,29.769,42,396508108,401,108881,68211,157054,4
spin_slow,spin,2.0,0.15,spin,2.0,0.15,29.7786,43,396518647,401,173142,68202,157025,36
spin_slow,spin,2.0,0.15,spin,2.0,0.15,29.7913,44,396529401,401,117137,68234,157032,4
spin_slow,spin,2.0,0.15,spin,2.0,0.15,29.8021,45,396540045,402,199288,68274,157013,36
spin_slow,spin,2.0,0.15,spin,2.0,0.15,29.8117,46,396550431,399,80518,68314,157036,4
spin_slow,spin,2.0,0.15,spin,2.0,0.15,29.8213,47,396561065,403,160978,68380,157016,36
spin_slow,spin,2.0,0.15,spin,2.0,0.15,29.835,48,396572216,402,171973,68446,157052,36
spin_slow,spin,2.0,0.15,spin,2.0,0.15,29.8446,49,396584814,410,115118,68501,157007,4
spin_slow,spin,2.0,0.15,spin,2.0,0.15,29.8615,50,396595638,404,70995,68521,156965,4
spin_slow,spin,2.0,0.15,spin,2.0,0.15,29.8679,51,396604430,396,152645,68528,157018,4
spin_slow,spin,2.0,0.15,spin,2.0,0.15,29.8891,52,396615429,403,138542,68568,157008,4
spin_slow,spin,2.0,0.15,spin,2.0,0.15,29.8966,53,396625832,403,179609,68583,157030,36
spin_slow,spin,2.0,0.15,spin,2.0,0.15,29.9125,54,396640416,403,146621,68609,156997,4
spin_slow,spin,2.0,0.15,spin,2.0,0.15,29.9305,55,396648345,404,81520,68664,157000,4
spin_slow,spin,2.0,0.15,spin,2.0,0.15,29.9326,56,396662056,403,214173,68691,157019,36
spin_slow,spin,2.0,0.15,spin,2.0,0.15,29.9464,57,396682487,404,76289,68715,156992,4
spin_slow,spin,2.0,0.15,spin,2.0,0.15,29.9464,58,396683453,405,83580,68759,156994,0
spin_slow,spin,2.0,0.15,spin,2.0,0.15,29.9613,59,396687685,411,174983,68767,157023,36
spin_slow,spin,2.0,0.15,spin,2.0,0.15,29.9772,60,396698903,407,197646,68805,157024,36
spin_slow,spin,2.0,0.15,spin,2.0,0.15,29.9931,61,396712155,405,94875,68896,157052,4
spin_slow,spin,2.0,0.15,spin,2.0,0.15,30.0111,62,396726911,403,90595,68964,157018,4
spin_slow,spin,2.0,0.15,spin,2.0,0.15,30.0132,63,396730183,406,175690,68971,157056,36
spin_slow,spin,2.0,0.15,spin,2.0,0.15,30.0164,64,396743339,405,213571,69005,157036,36
spin_slow,spin,2.0,0.15,spin,2.0,0.15,30.0186,65,396759606,401,152360,69086,157026,4
spin_slow,spin,2.0,0.15,spin,2.0,0.15,30.0228,66,396762427,412,160831,69086,157028,36
spin_slow,spin,2.0,0.15,spin,2.0,0.15,30.0345,67,396773383,406,139131,69103,157004,4
spin_slow,spin,2.0,0.15,spin,2.0,0.15,30.0451,68,396784970,407,224886,69141,157010,36
spin_slow,spin,2.0,0.15,spin,2.0,0.15,30.062,69,396795792,407,180487,69194,157031,36
spin_slow,spin,2.0,0.15,spin,2.0,0.15,30.0631,70,396804576,406,103443,69143,157043,4
spin_slow,spin,2.0,0.15,spin,2.0,0.15,30.0769,71,396816141,408,185149,69245,157060,36
spin_slow,spin,2.0,0.15,spin,2.0,0.15,30.0875,72,396826127,408,155095,69283,157069,4
spin_slow,spin,2.0,0.15,spin,2.0,0.15,30.1064,73,396837093,408,134951,69303,157026,4
spin_slow,spin,2.0,0.15,spin,2.0,0.15,30.1128,74,396844031,408,215224,69337,157003,36
spin_slow,spin,2.0,0.15,spin,2.0,0.15,30.1149,75,396844973,408,218379,69291,156981,32
spin_slow,spin,2.0,0.15,spin,2.0,0.15,30.1181,76,396845933,408,224508,69331,157018,32
spin_slow,spin,2.0,0.15,spin,2.0,0.15,30.1212,77,396846870,406,226141,69353,157028,32
spin_slow,spin,2.0,0.15,spin,2.0,0.15,30.1233,78,396849914,407,116289,69348,157002,4
spin_slow,spin,2.0,0.15,spin,2.0,0.15,30.1233,79,396855396,408,105993,69390,157046,4
spin_slow,spin,2.0,0.15,spin,2.0,0.15,30.1318,80,396868442,409,125068,69453,157036,4
spin_slow,spin,2.0,0.15,spin,2.0,0.15,30.135,81,396869648,409,172948,69456,157037,36
spin_slow,spin,2.0,0.15,spin,2.0,0.15,30.1435,82,396883448,410,163657,69543,157057,36
spin_slow,spin,2.0,0.15,spin,2.0,0.15,30.1499,83,396890175,410,207908,69532,157027,36
spin_slow,spin,2.0,0.15,spin,2.0,0.15,30.1594,84,396899650,403,91082,69588,157074,4
spin_slow,spin,2.0,0.15,spin,2.0,0.15,30.172,85,396911112,410,155064,69674,157061,4
spin_slow,spin,2.0,0.15,spin,2.0,0.15,30.1815,86,396922506,410,207690,69629,156992,36
spin_slow,spin,2.0,0.15,spin,2.0,0.15,30.192,87,396933341,411,165274,69780,157046,36
spin_slow,spin,2.0,0.15,spin,2.0,0.15,30.2068,88,396943755,410,208327,69769,157023,36
spin_slow,spin,2.0,0.15,spin,2.0,0.15,30.2162,89,396956344,411,150042,69806,157036,4
spin_slow,spin,2.0,0.15,spin,2.0,0.15,30.2331,90,396967165,410,105209,69796,157014,4
spin_slow,spin,2.0,0.15,spin,2.0,0.15,30.2383,91,396975958,409,186765,69837,157016,36
spin_slow,spin,2.0,0.15,spin,2.0,0.15,30.2457,92,396987108,411,198045,69861,157004,36
spin_slow,spin,2.0,0.15,spin,2.0,0.15,30.2595,93,396997533,412,86143,69914,157012,4
spin_slow,spin,2.0,0.15,spin,2.0,0.15,30.267,94,397008169,414,166855,69981,157005,36
spin_slow,spin,2.0,0.15,spin,2.0,0.15,30.2828,95,397018811,412,91673,70003,157031,4
spin_slow,spin,2.0,0.15,spin,2.0,0.15,30.2933,96,397027550,412,163932,70069,157021,36
spin_slow,spin,2.0,0.15,spin,2.0,0.15,30.2966,97,397036954,412,192469,70116,157049,36
spin_slow,spin,2.0,0.15,spin,2.0,0.15,30.3082,98,397048792,413,163336,70139,157009,36
spin_slow,spin,2.0,0.15,spin,2.0,0.15,30.3188,99,397059653,412,125491,70207,156998,4
spin_slow,spin,2.0,0.15,spin,2.0,0.15,30.3367,100,397071227,413,208965,70257,157027,36
spin_slow,spin,2.0,0.15,spin,2.0,0.15,30.3388,101,397079821,413,99540,70333,157039,4
spin_slow,spin,2.0,0.15,spin,2.0,0.15,30.3515,102,397091346,414,174521,70411,157033,36
spin_slow,spin,2.0,0.15,spin,2.0,0.15,30.3673,103,397102218,415,138134,70497,157078,4
spin_slow,spin,2.0,0.15,spin,2.0,0.15,30.3715,104,397111022,414,221658,70529,157035,36
spin_slow,spin,2.0,0.15,spin,2.0,0.15,30.3821,105,397122625,410,152571,70564,157049,4
spin_slow,spin,2.0,0.15,spin,2.0,0.15,30.3927,106,397133442,416,107004,70663,157063,4
spin_slow,spin,2.0,0.15,spin,2.0,0.15,30.4095,107,397144626,416,123865,70713,157020,4
spin_slow,spin,2.0,0.15,spin,2.0,0.15,30.4211,108,397155139,416,183955,70764,157053,36
spin_slow,spin,2.0,0.15,spin,2.0,0.15,30.4284,109,397165944,416,136238,70781,157031,4
spin_slow,spin,2.0,0.15,spin,2.0,0.15,30.4369,110,397174986,416,103135,70797,157038,4
spin_slow,spin,2.0,0.15,spin,2.0,0.15,30.4496,111,397187683,417,220090,70871,157030,36
spin_slow,spin,2.0,0.15,spin,2.0,0.15,30.457,112,397196419,422,134665,70881,157057,4
spin_slow,spin,2.0,0.15,spin,2.0,0.15,30.4718,113,397208937,421,221069,70885,157070,36
spin_slow,spin,2.0,0.15,spin,2.0,0.15,30.4813,114,397219579,418,145486,70918,157033,4
spin_slow,spin,2.0,0.15,spin,2.0,0.15,30.4918,115,397229960,417,182830,70916,157052,36
spin_slow,spin,2.0,0.15,spin,2.0,0.15,30.5013,116,397241522,418,106518,70974,157067,4
spin_slow,spin,2.0,0.15,spin,2.0,0.15,30.5173,117,397252376,417,224159,70998,157059,36
spin_slow,spin,2.0,0.15,spin,2.0,0.15,30.5237,118,397261136,418,142909,71063,157030,4
spin_slow,spin,2.0,0.15,spin,2.0,0.15,30.5311,119,397272106,415,123336,71061,157045,4
spin_slow,spin,2.0,0.15,spin,2.0,0.15,30.5417,120,397282806,421,214766,71196,157067,36
spin_slow,spin,2.0,0.15,spin,2.0,0.15,30.5587,121,397293643,419,172572,71218,157036,36
spin_slow,spin,2.0,0.15,spin,2.0,0.15,30.5683,122,397304340,421,106993,71263,156975,4
spin_slow,spin,2.0,0.15,spin,2.0,0.15,30.5736,123,397313739,420,134756,71312,157006,4
spin_slow,spin,2.0,0.15,spin,2.0,0.15,30.5917,124,397326524,420,110144,71417,157045,4
spin_slow,spin,2.0,0.15,spin,2.0,0.15,30.6065,125,397342478,422,152781,71476,157010,4
spin_slow,spin,2.0,0.15,spin,2.0,0.15,30.6065,126,397343436,420,158723,71434,157007,36
spin_slow,spin,2.0,0.15,spin,2.0,0.15,30.6161,127,397344388,421,163476,71474,157019,32
spin_slow,spin,2.0,0.15,spin,2.0,0.15,30.6161,0,397345333,414,167170,71470,157011,32
spin_slow,spin,2.0,0.15,spin,2.0,0.15,30.6225,1,397350353,420,78364,71514,157005,4
spin_slow,spin,2.0,0.15,spin,2.0,0.15,30.6225,2,397350385,420,83935,71514,157005,8
spin_slow,spin,2.0,0.15,spin,2.0,0.15,30.6257,3,397351143,420,212724,71514,157016,32
spin_slow,spin,2.0,0.15,spin,2.0,0.15,30.6257,4,397357910,421,106764,71515,157021,4
spin_slow,spin,2.0,0.15,spin,2.0,0.15,30.6331,5,397371953,413,138922,71578,157019,4
spin_slow,spin,2.0,0.15,spin,2.0,0.15,30.6395,6,397377699,422,173611,71605,156964,36
spin_slow,spin,2.0,0.15,spin,2.0,0.15,30.6501,7,397388401,421,108934,71701,157030,4
spin_slow,spin,2.0,0.15,spin,2.0,0.15,30.6586,8,397398961,422,176812,71747,157029,36
spin_slow,spin,2.0,0.15,spin,2.0,0.15,30.6692,9,397409851,422,143772,71793,157029,4
spin_slow,spin,2.0,0.15,spin,2.0,0.15,30.6819,10,397420110,421,160555,71849,157015,36
spin_slow,spin,2.0,0.15,spin,2.0,0.15,30.6926,11,397431667,424,83758,71938,157035,4
spin_slow,spin,2.0,0.15,spin,2.0,0.15,30.7022,12,397442490,423,196355,71976,157038,36
spin_slow,spin,2.0,0.15,spin,2.0,0.15,30.7128,13,397451781,424,205313,72101,157036,36
spin_slow,spin,2.0,0.15,spin,2.0,0.15,30.7234,14,397462528,425,148184,72127,157014,4
spin_slow,spin,2.0,0.15,spin,2.0,0.15,30.7341,15,397473201,425,78266,72197,157006,4
spin_slow,spin,2.0,0.15,spin,2.0,0.15,30.7436,16,397483570,425,113415,72214,157056,4
spin_slow,spin,2.0,0.15,spin,2.0,0.15,30.7532,17,397493291,425,195559,72235,157038,36
spin_slow,spin,2.0,0.15,spin,2.0,0.15,30.7638,18,397504213,426,167740,72297,157060,36
spin_slow,spin,2.0,0.15,spin,2.0,0.15,30.7765,19,397515378,426,181094,72349,157102,36
spin_slow,spin,2.0,0.15,spin,2.0,0.15,30.786,20,397527993,426,126673,72338,157059,4
spin_slow,spin,2.0,0.15,spin,2.0,0.15,30.804,21,397538830,426,84562,72345,156997,4
spin_slow,spin,2.0,0.15,spin,2.0,0.15,30.8093,22,397547612,426,164329,72357,157029,36
spin_slow,spin,2.0,0.15,spin,2.0,0.15,30.8231,23,397558729,426,170046,72379,157003,36
spin_slow,spin,2.0,0.15,spin,2.0,0.15,30.8316,24,397569202,427,223194,72465,157021,36
spin_slow,spin,2.0,0.15,spin,2.0,0.15,30.8412,25,397578452,426,225443,72502,157013,36
spin_slow,spin,2.0,0.15,spin,2.0,0.15,30.8528,26,397591468,427,82792,72597,157039,4
spin_slow,spin,2.0,0.15,spin,2.0,0.15,30.8645,27,397600186,428,151403,72630,157046,4
spin_slow,spin,2.0,0.15,spin,2.0,0.15,30.8719,28,397611726,427,228881,72660,157017,36
spin_slow,spin,2.0,0.15,spin,2.0,0.15,30.8867,29,397624254,428,160138,72729,157024,36
spin_slow,spin,2.0,0.15,spin,2.0,0.15,30.8931,30,397633011,428,78516,72781,157035,4
spin_slow,spin,2.0,0.15,spin,2.0,0.15,30.9026,31,397642128,428,214952,72788,157054,36
spin_slow,spin,2.0,0.15,spin,2.0,0.15,30.9111,32,397652653,434,119600,72860,157034,4
spin_slow,spin,2.0,0.15,spin,2.0,0.15,30.9217,33,397663199,427,185157,72898,157034,36
spin_slow,spin,2.0,0.15,spin,2.0,0.15,30.9334,34,397674238,428,177409,72889,157021,36
spin_slow,spin,2.0,0.15,spin,2.0,0.15,30.944,35,397684336,429,166802,72920,157010,36
spin_slow,spin,2.0,0.15,spin,2.0,0.15,30.9589,36,397696783,427,84605,72962,157019,4
spin_slow,spin,2.0,0.15,spin,2.0,0.15,30.9663,37,397705534,430,158970,72983,157061,36
spin_slow,spin,2.0,0.15,spin,2.0,0.15,30.9769,38,397718026,430,84111,73046,157016,4
spin_slow,spin,2.0,0.15,spin,2.0,0.15,30.9917,39,397729318,430,119424,73132,157040,4
spin_slow,spin,2.0,0.15,spin,2.0,0.15,30.9981,40,397738051,431,190487,73123,157027,36
spin_slow,spin,2.0,0.15,spin,2.0,0.15,31.014,41,397750596,424,124597,73236,157052,4
spin_slow,spin,2.0,0.15,spin,2.0,0.15,31.0161,42,397759400,431,207846,73286,157063,36
spin_slow,spin,2.0,0.15,spin,2.0,0.15,31.0299,43,397769337,431,169394,73318,157042,36
spin_slow,spin,2.0,0.15,spin,2.0,0.15,31.0373,44,397780234,439,137413,73385,157029,4
spin_slow,spin,2.0,0.15,spin,2.0,0.15,31.0511,45,397790626,432,176796,73434,157034,36
spin_slow,spin,2.0,0.15,spin,2.0,0.15,31.067,46,397803174,432,111589,73487,157048,4
spin_slow,spin,2.0,0.15,spin,2.0,0.15,31.0733,47,397812483,433,123400,73485,157064,4
spin_slow,spin,2.0,0.15,spin,2.0,0.15,31.0819,48,397822650,435,124182,73520,157070,4
spin_slow,spin,2.0,0.15,spin,2.0,0.15,31.0999,49,397834393,439,78847,73546,157061,4
spin_slow,spin,2.0,0.15,spin,2.0,0.15,31.1115,50,397844277,433,188462,73564,157078,36
spin_slow,spin,2.0,0.15,spin,2.0,0.15,31.1147,51,397845236,433,194425,73587,157049,32
spin_slow,spin,2.0,0.15,spin,2.0,0.15,31.119,52,397846196,433,200558,73594,157080,32
spin_slow,spin,2.0,0.15,spin,2.0,0.15,31.119,53,397849027,433,210731,73592,157073,36
spin_slow,spin,2.0,0.15,spin,2.0,0.15,31.1211,54,397849060,433,216301,73592,157073,40
spin_slow,spin,2.0,0.15,spin,2.0,0.15,31.1233,55,397850849,433,206279,73596,157057,36
spin_slow,spin,2.0,0.15,spin,2.0,0.15,31.1265,56,397856332,433,195868,73585,157045,36
spin_slow,spin,2.0,0.15,spin,2.0,0.15,31.1331,57,397871023,433,180458,73627,157068,36
spin_slow,spin,2.0,0.15,spin,2.0,0.15,31.1352,58,397876552,437,177954,73679,157081,36
spin_slow,spin,2.0,0.15,spin,2.0,0.15,31.148,59,397886976,435,222419,73690,157038,36
spin_slow,spin,2.0,0.15,spin,2.0,0.15,31.1596,60,397898200,433,88954,73731,157024,4
spin_slow,spin,2.0,0.15,spin,2.0,0.15,31.1692,61,397910769,434,184345,73801,157039,36
spin_slow,spin,2.0,0.15,spin,2.0,0.15,31.1861,62,397921621,434,144557,73861,157069,4
spin_slow,spin,2.0,0.15,spin,2.0,0.15,31.2031,63,397930416,435,226054,73898,157064,36
spin_slow,spin,2.0,0.15,spin,2.0,0.15,31.2063,64,397941078,435,153969,73964,157054,4
spin_slow,spin,2.0,0.15,spin,2.0,0.15,31.217,65,397954273,436,198871,73987,157008,36
spin_slow,spin,2.0,0.15,spin,2.0,0.15,31.235,66,397964275,436,171698,74084,157044,36
spin_slow,spin,2.0,0.15,spin,2.0,0.15,31.2382,67,397971725,440,181769,74080,157048,36
spin_slow,spin,2.0,0.15,spin,2.0,0.15,31.2488,68,397986773,440,227269,74124,157037,36
spin_slow,spin,2.0,0.15,spin,2.0,0.15,31.2572,69,397996801,436,204458,74114,157040,36
spin_slow,spin,2.0,0.15,spin,2.0,0.15,31.2626,70,398003638,437,110358,74199,157048,4
spin_slow,spin,2.0,0.15,spin,2.0,0.15,31.2827,71,398014295,437,194614,74224,157026,36
spin_slow,spin,2.0,0.15,spin,2.0,0.15,31.2996,72,398030507,437,124117,74284,157062,4
spin_slow,spin,2.0,0.15,spin,2.0,0.15,31.3145,73,398050380,437,204983,74303,157030,36
spin_slow,spin,2.0,0.15,spin,2.0,0.15,31.3166,74,398051335,439,210169,74339,157040,32
spin_slow,spin,2.0,0.15,spin,2.0,0.15,31.323,75,398064361,437,225996,74380,157039,36
spin_slow,spin,2.0,0.15,spin,2.0,0.15,31.3272,76,398067038,437,209992,74431,157066,36
spin_slow,spin,2.0,0.15,spin,2.0,0.15,31.3368,77,398077565,439,114846,74475,157040,4
spin_slow,spin,2.0,0.15,spin,2.0,0.15,31.3505,78,398088330,438,217258,74484,157091,36
spin_slow,spin,2.0,0.15,spin,2.0,0.15,31.359,79,398100901,439,155224,74549,157043,4
spin_slow,spin,2.0,0.15,spin,2.0,0.15,31.377,80,398111756,439,115976,74576,157046,4
spin_slow,spin,2.0,0.15,spin,2.0,0.15,31.3813,81,398120539,438,195645,74575,157059,36
spin_slow,spin,2.0,0.15,spin,2.0,0.15,31.3887,82,398131385,438,154528,74570,157042,4
spin_slow,spin,2.0,0.15,spin,2.0,0.15,31.4035,83,398142141,439,98534,74626,157062,4
spin_slow,spin,2.0,0.15,spin,2.0,0.15,31.4162,84,398154710,439,193639,74606,157039,36
spin_slow,spin,2.0,0.15,spin,2.0,0.15,31.4226,85,398163596,440,133972,74637,157023,4
spin_slow,spin,2.0,0.15,spin,2.0,0.15,31.4374,86,398175911,439,185732,74661,157063,36
spin_slow,spin,2.0,0.15,spin,2.0,0.15,31.447,87,398186545,439,108794,74717,157024,4
spin_slow,spin,2.0,0.15,spin,2.0,0.15,31.4565,88,398197233,445,198293,74771,157064,36
spin_slow,spin,2.0,0.15,spin,2.0,0.15,31.4724,89,398208063,441,154632,74806,157048,4
spin_slow,spin,2.0,0.15,spin,2.0,0.15,31.4788,90,398216864,446,80227,74830,157045,4
spin_slow,spin,2.0,0.15,spin,2.0,0.15,31.4862,91,398228022,440,92259,74894,157077,4
spin_slow,spin,2.0,0.15,spin,2.0,0.15,31.5,92,398238445,447,136248,74937,157058,4
spin_slow,spin,2.0,0.15,spin,2.0,0.15,31.5085,93,398249103,441,220552,74965,157060,36
spin_slow,spin,2.0,0.15,spin,2.0,0.15,31.5181,94,398259773,434,149697,74959,157028,4
spin_slow,spin,2.0,0.15,spin,2.0,0.15,31.535,95,398270660,441,115910,75026,157028,4
spin_slow,spin,2.0,0.15,spin,2.0,0.15,31.5393,96,398279466,441,199482,75025,157029,36
spin_slow,spin,2.0,0.15,spin,2.0,0.15,31.5478,97,398290381,441,170445,75002,157053,36
spin_slow,spin,2.0,0.15,spin,2.0,0.15,31.5615,98,398301020,436,94149,75110,157095,4
spin_slow,spin,2.0,0.15,spin,2.0,0.15,31.5711,99,398313588,442,188267,75140,157111,36
spin_slow,spin,2.0,0.15,spin,2.0,0.15,31.5817,100,398324433,442,146919,75164,157079,4
spin_slow,spin,2.0,0.15,spin,2.0,0.15,31.6029,101,398334798,448,181321,75115,157055,36
spin_slow,spin,2.0,0.15,spin,2.0,0.15,31.6178,102,398346038,442,207718,75199,157070,36
spin_slow,spin,2.0,0.15,spin,2.0,0.15,31.6178,103,398346976,445,210031,75200,157071,32
spin_slow,spin,2.0,0.15,spin,2.0,0.15,31.621,104,398347944,443,217583,75196,157067,32
spin_slow,spin,2.0,0.15,spin,2.0,0.15,31.621,105,398350781,443,228707,75231,157052,36
spin_slow,spin,2.0,0.15,spin,2.0,0.15,31.621,106,398350819,442,78071,75229,157052,0
spin_slow,spin,2.0,0.15,spin,2.0,0.15,31.6232,107,398352965,443,128807,75254,157059,4
spin_slow,spin,2.0,0.15,spin,2.0,0.15,31.6286,108,398358440,443,117202,75271,157064,4
spin_slow,spin,2.0,0.15,spin,2.0,0.15,31.635,109,398372962,443,230165,75292,157050,36
spin_slow,spin,2.0,0.15,spin,2.0,0.15,31.635,110,398376086,444,132941,75356,157082,4
spin_slow,spin,2.0,0.15,spin,2.0,0.15,31.6435,111,398385763,443,207549,75329,157024,36
spin_slow,spin,2.0,0.15,spin,2.0,0.15,31.6562,112,398396269,444,109259,75413,157037,4
spin_slow,spin,2.0,0.15,spin,2.0,0.15,31.6721,113,398408491,444,145241,75428,157066,4
spin_slow,spin,2.0,0.15,spin,2.0,0.15,31.6763,114,398417126,444,199733,75497,157053,36
spin_slow,spin,2.0,0.15,spin,2.0,0.15,31.687,115,398428619,444,111733,75542,157041,4
spin_slow,spin,2.0,0.15,spin,2.0,0.15,31.6965,116,398439455,449,226448,75573,157070,36
spin_slow,spin,2.0,0.15,spin,2.0,0.15,31.7114,117,398449880,445,114073,75617,157074,4
spin_slow,spin,2.0,0.15,spin,2.0,0.15,31.722,118,398462443,446,207952,75603,157047,36
spin_slow,spin,2.0,0.15,spin,2.0,0.15,31.7378,119,398473295,445,168114,75651,157057,36
spin_slow,spin,2.0,0.15,spin,2.0,0.15,31.741,120,398482085,445,92093,75668,157001,4
spin_slow,spin,2.0,0.15,spin,2.0,0.15,31.7516,121,398492568,445,146829,75711,157026,4
spin_slow,spin,2.0,0.15,spin,2.0,0.15,31.7663,122,398504926,446,206330,75686,156989,36
spin_slow,spin,2.0,0.15,spin,2.0,0.15,31.7747,123,398515579,445,133245,75780,157025,4
spin_slow,spin,2.0,0.15,spin,2.0,0.15,31.7842,124,398526238,446,218031,75784,157023,36
spin_slow,spin,2.0,0.15,spin,2.0,0.15,31.801,125,398537082,446,177295,75821,157010,36
spin_slow,spin,2.0,0.15,spin,2.0,0.15,31.8094,126,398547833,446,120649,75868,157031,4
spin_slow,spin,2.0,0.15,spin,2.0,0.15,31.8147,127,398555013,447,85188,75935,156992,4
spin_slow,spin,2.0,0.15,spin,2.0,0.15,31.8317,0,398567227,447,120181,75938,157026,4
spin_slow,spin,2.0,0.15,spin,2.0,0.15,31.8361,1,398575960,447,191436,75943,157042,36
spin_slow,spin,2.0,0.15,spin,2.0,0.15,31.8436,2,398586861,447,159863,75997,157066,36
spin_slow,spin,2.0,0.15,spin,2.0,0.15,31.8587,3,398597491,447,82455,76033,157052,4
spin_slow,spin,2.0,0.15,spin,2.0,0.15,31.8682,4,398610043,447,175098,76074,157002,36
spin_slow,spin,2.0,0.15,spin,2.0,0.15,31.8841,5,398620911,445,138431,76040,157016,4
spin_slow,spin,2.0,0.15,spin,2.0,0.15,31.8905,6,398629718,448,222408,76127,157031,36
spin_slow,spin,2.0,0.15,spin,2.0,0.15,31.8979,7,398640610,447,189761,76116,157003,36
spin_slow,spin,2.0,0.15,spin,2.0,0.15,31.9117,8,398651263,448,116972,76157,156988,4
spin_slow,spin,2.0,0.15,spin,2.0,0.15,31.9212,9,398663831,452,212382,76193,157006,36
spin_slow,spin,2.0,0.15,spin,2.0,0.15,31.9317,10,398674670,449,170548,76240,157019,36
spin_slow,spin,2.0,0.15,spin,2.0,0.15,31.9465,11,398685055,449,208815,76297,157052,36
spin_slow,spin,2.0,0.15,spin,2.0,0.15,31.955,12,398695679,450,130310,76350,157018,4
spin_slow,spin,2.0,0.15,spin,2.0,0.15,31.9645,13,398706341,449,215367,76410,157041,36
spin_slow,spin,2.0,0.15,spin,2.0,0.15,31.9814,14,398717214,449,179532,76443,157056,36
spin_slow,spin,2.0,0.15,spin,2.0,0.15,31.9878,15,398726003,450,102968,76540,157102,4
spin_slow,spin,2.0,0.15,spin,2.0,0.15,31.9962,16,398736961,450,81089,76602,157045,4
spin_slow,spin,2.0,0.15,spin,2.0,0.15,32.0068,17,398747641,451,169286,76600,157055,36
spin_slow,spin,2.0,0.15,spin,2.0,0.15,32.0279,18,398758506,452,131771,76672,157043,4
spin_slow,spin,2.0,0.15,spin,2.0,0.15,32.0321,19,398767275,451,208956,76711,157045,36
spin_slow,spin,2.0,0.15,spin,2.0,0.15,32.0405,20,398781413,452,99817,76783,157022,4
spin_slow,spin,2.0,0.15,spin,2.0,0.15,32.0491,21,398790194,452,179608,76816,157027,36
spin_slow,spin,2.0,0.15,spin,2.0,0.15,32.0649,22,398801033,452,137537,76868,157042,4
spin_slow,spin,2.0,0.15,spin,2.0,0.15,32.0691,23,398809830,452,219813,76848,157011,36
spin_slow,spin,2.0,0.15,spin,2.0,0.15,32.0776,24,398820660,452,176725,76887,157013,36
spin_slow,spin,2.0,0.15,spin,2.0,0.15,32.0997,25,398831400,453,118562,76912,156994,4
spin_slow,spin,2.0,0.15,spin,2.0,0.15,32.1165,26,398847230,452,140756,76994,156979,4
spin_slow,spin,2.0,0.15,spin,2.0,0.15,32.1165,27,398848196,453,148117,76998,156997,0
spin_slow,spin,2.0,0.15,spin,2.0,0.15,32.1187,28,398849133,453,150349,76961,157007,0
spin_slow,spin,2.0,0.15,spin,2.0,0.15,32.1187,29,398850093,458,156552,76920,157012,0
spin_slow,spin,2.0,0.15,spin,2.0,0.15,32.1262,30,398851980,453,163384,76993,156998,36
spin_slow,spin,2.0,0.15,spin,2.0,0.15,32.1262,31,398854503,453,121178,76987,157004,4
spin_slow,spin,2.0,0.15,spin,2.0,0.15,32.1262,32,398859985,453,111263,76993,156995,4
spin_slow,spin,2.0,0.15,spin,2.0,0.15,32.1379,33,398873736,456,93923,77029,156992,4
spin_slow,spin,2.0,0.15,spin,2.0,0.15,32.1379,34,398874705,451,101679,77061,156992,0
spin_slow,spin,2.0,0.15,spin,2.0,0.15,32.1474,35,398885362,454,186443,77117,157013,36
spin_slow,spin,2.0,0.15,spin,2.0,0.15,32.1528,36,398894588,456,185007,77148,157004,36
spin_slow,spin,2.0,0.15,spin,2.0,0.15,32.1664,37,398905697,454,189253,77221,157001,36
spin_slow,spin,2.0,0.15,spin,2.0,0.15,32.177,38,398917768,455,200139,77270,157006,36
spin_slow,spin,2.0,0.15,spin,2.0,0.15,32.1928,39,398928608,454,158979,77292,156997,36
spin_slow,spin,2.0,0.15,spin,2.0,0.15,32.1971,40,398937376,455,79405,77359,157033,4
spin_slow,spin,2.0,0.15,spin,2.0,0.15,32.2066,41,398948209,455,193686,77384,157013,36
spin_slow,spin,2.0,0.15,spin,2.0,0.15,32.2192,42,398958983,456,140913,77431,157043,4
spin_slow,spin,2.0,0.15,spin,2.0,0.15,32.2318,43,398971556,455,79637,77468,157047,4
spin_slow,spin,2.0,0.15,spin,2.0,0.15,32.2434,44,398981610,456,218562,77462,157022,36
spin_slow,spin,2.0,0.15,spin,2.0,0.15,32.2487,45,398990644,456,184025,77503,157027,36
spin_slow,spin,2.0,0.15,spin,2.0,0.15,32.2592,46,398999862,456,180875,77508,157029,36
spin_slow,spin,2.0,0.15,spin,2.0,0.15,32.2687,47,399010573,456,117247,77545,157030,4
spin_slow,spin,2.0,0.15,spin,2.0,0.15,32.2814,48,399021376,456,226574,77576,157017,36
spin_slow,spin,2.0,0.15,spin,2.0,0.15,32.293,49,399032015,457,150493,77672,157044,4
spin_slow,spin,2.0,0.15,spin,2.0,0.15,32.3014,50,399042508,456,206771,77658,157043,36
spin_slow,spin,2.0,0.15,spin,2.0,0.15,32.3119,51,399052962,457,98901,77742,157050,4
spin_slow,spin,2.0,0.15,spin,2.0,0.15,32.3235,52,399063723,459,200836,77762,157010,36
spin_slow,spin,2.0,0.15,spin,2.0,0.15,32.3341,53,399074395,458,130468,77855,157044,4
spin_slow,spin,2.0,0.15,spin,2.0,0.15,32.3446,54,399084904,457,189150,77904,157061,36
spin_slow,spin,2.0,0.15,spin,2.0,0.15,32.3551,55,399095648,459,130980,77926,157023,4
spin_slow,spin,2.0,0.15,spin,2.0,0.15,32.3646,56,399106593,459,107346,78012,157038,4
spin_slow,spin,2.0,0.15,spin,2.0,0.15,32.3783,57,399117473,465,229467,78080,157040,36
spin_slow,spin,2.0,0.15,spin,2.0,0.15,32.3868,58,399126268,459,154167,78117,157084,4
spin_slow,spin,2.0,0.15,spin,2.0,0.15,32.3994,59,399139106,460,138113,78192,157037,4
spin_slow,spin,2.0,0.15,spin,2.0,0.15,32.4089,60,399149768,460,223416,78261,157018,36
spin_slow,spin,2.0,0.15,spin,2.0,0.15,32.4183,61,399160434,462,152393,78295,157005,4
spin_slow,spin,2.0,0.15,spin,2.0,0.15,32.4331,62,399171261,461,108688,78337,157051,4
spin_slow,spin,2.0,0.15,spin,2.0,0.15,32.4362,63,399180057,461,190891,78401,156977,36
spin_slow,spin,2.0,0.15,spin,2.0,0.15,32.4468,64,399189190,462,173488,78459,157025,36
spin_slow,spin,2.0,0.15,spin,2.0,0.15,32.4605,65,399200295,462,176933,78443,157022,36
spin_slow,spin,2.0,0.15,spin,2.0,0.15,32.47,66,399210892,459,94109,78508,157052,4
spin_slow,spin,2.0,0.15,spin,2.0,0.15,32.4795,67,399221376,462,148734,78581,157040,4
spin_slow,spin,2.0,0.15,spin,2.0,0.15,32.4932,68,399232768,468,200812,78570,157026,36
spin_slow,spin,2.0,0.15,spin,2.0,0.15,32.5037,69,399243938,463,215399,78615,157036,36
spin_slow,spin,2.0,0.15,spin,2.0,0.15,32.528,70,399256404,465,135975,78700,157074,4
spin_slow,spin,2.0,0.15,spin,2.0,0.15,32.549,71,399274800,464,122667,78705,157006,4
spin_slow,spin,2.0,0.15,spin,2.0,0.15,32.5511,72,399275768,463,130254,78722,157007,0
spin_slow,spin,2.0,0.15,spin,2.0,0.15,32.5722,73,399301575,457,120752,78859,157031,4
spin_slow,spin,2.0,0.15,spin,2.0,0.15,32.5722,74,399302542,466,128013,78930,157011,0
spin_slow,spin,2.0,0.15,spin,2.0,0.15,32.588,75,399319986,465,109988,79030,157011,4
spin_slow,spin,2.0,0.15,spin,2.0,0.15,32.5912,76,399320952,464,117192,79026,157039,0
spin_slow,spin,2.0,0.15,spin,2.0,0.15,32.6228,77,399329705,464,192089,79047,156982,36
spin_slow,spin,2.0,0.15,spin,2.0,0.15,32.6409,78,399342608,466,187610,79091,157006,36
spin_slow,spin,2.0,0.15,spin,2.0,0.15,32.6409,79,399343546,467,190110,79133,157001,32
spin_slow,spin,2.0,0.15,spin,2.0,0.15,32.6441,80,399344482,465,192153,79119,156974,32
spin_slow,spin,2.0,0.15,spin,2.0,0.15,32.6462,81,399361162,469,201301,79220,157023,36
spin_slow,spin,2.0,0.15,spin,2.0,0.15,32.6462,82,399362106,466,204713,79218,157020,32
spin_slow,spin,2.0,0.15,spin,2.0,0.15,32.6515,83,399377245,467,109031,79296,157027,4
spin_slow,spin,2.0,0.15,spin,2.0,0.15,32.6547,84,399378212,464,116337,79339,157033,0
spin_slow,spin,2.0,0.15,spin,2.0,0.15,32.6673,85,399401947,467,225638,79394,156993,36
spin_slow,spin,2.0,0.15,spin,2.0,0.15,32.6694,86,399402915,466,233163,79428,157000,32
spin_slow,spin,2.0,0.15,spin,2.0,0.15,32.6768,87,399403851,467,235281,79439,157008,32
spin_slow,spin,2.0,0.15,spin,2.0,0.15,32.679,88,399404811,462,84542,79388,157014,0
spin_slow,spin,2.0,0.15,spin,2.0,0.15,32.679,89,399407472,467,222796,79428,157009,36
spin_slow,spin,2.0,0.15,spin,2.0,0.15,32.679,90,399410877,468,173514,79428,156985,36
spin_slow,spin,2.0,0.15,spin,2.0,0.15,32.6864,91,399426096,468,91770,79506,156991,4
spin_slow,spin,2.0,0.15,spin,2.0,0.15,32.6917,92,399434044,468,186793,79510,157008,36
spin_slow,spin,2.0,0.15,spin,2.0,0.15,32.7012,93,399443170,468,168013,79553,157018,36
spin_slow,spin,2.0,0.15,spin,2.0,0.15,32.7149,94,399453978,469,121288,79624,156999,4
spin_slow,spin,2.0,0.15,spin,2.0,0.15,32.7244,95,399464650,469,208379,79666,157018,36
spin_slow,spin,2.0,0.15,spin,2.0,0.15,32.7318,96,399475069,469,95299,79681,157033,4
spin_slow,spin,2.0,0.15,spin,2.0,0.15,32.7465,97,399485590,469,156388,79754,157053,4
spin_slow,spin,2.0,0.15,spin,2.0,0.15,32.7592,98,399498142,469,91897,79770,156974,4
spin_slow,spin,2.0,0.15,spin,2.0,0.15,32.7634,99,399507913,470,182855,79860,157019,36
spin_slow,spin,2.0,0.15,spin,2.0,0.15,32.775,100,399517041,470,164169,79878,157052,36
spin_slow,spin,2.0,0.15,spin,2.0,0.15,32.7876,101,399527998,477,142272,79992,157040,4
spin_slow,spin,2.0,0.15,spin,2.0,0.15,32.7981,102,399538624,470,221541,79947,157031,36
spin_slow,spin,2.0,0.15,spin,2.0,0.15,32.8066,103,399549141,470,125354,79933,157010,4
spin_slow,spin,2.0,0.15,spin,2.0,0.15,32.8234,104,399560152,471,113087,80000,156988,4
spin_slow,spin,2.0,0.15,spin,2.0,0.15,32.835,105,399570669,471,174054,80076,156982,36
spin_slow,spin,2.0,0.15,spin,2.0,0.15,32.8382,106,399580179,473,220947,80028,156968,36
spin_slow,spin,2.0,0.15,spin,2.0,0.15,32.8498,107,399591064,478,187481,80125,157011,36
spin_slow,spin,2.0,0.15,spin,2.0,0.15,32.8603,108,399601627,473,99086,80166,157019,4
spin_slow,spin,2.0,0.15,spin,2.0,0.15,32.8698,109,399612082,472,148983,80168,157023,4
spin_slow,spin,2.0,0.15,spin,2.0,0.15,32.8825,110,399622866,473,98001,80246,157021,4
spin_slow,spin,2.0,0.15,spin,2.0,0.15,32.893,111,399633549,471,186867,80276,156999,36
spin_slow,spin,2.0,0.15,spin,2.0,0.15,32.9015,112,399644016,472,82506,80300,156984,4
spin_slow,spin,2.0,0.15,spin,2.0,0.15,32.9121,113,399654573,472,150275,80341,156994,4
spin_slow,spin,2.0,0.15,spin,2.0,0.15,32.9248,114,399665364,473,100550,80388,156994,4
spin_slow,spin,2.0,0.15,spin,2.0,0.15,32.9364,115,399676027,474,185964,80491,157059,36
spin_slow,spin,2.0,0.15,spin,2.0,0.15,32.947,116,399686536,474,88120,80460,156992,4
spin_slow,spin,2.0,0.15,spin,2.0,0.15,32.9565,117,399696789,474,103998,80581,157016,4
spin_slow,spin,2.0,0.15,spin,2.0,0.15,32.967,118,399708232,475,165247,80629,157033,36
spin_slow,spin,2.0,0.15,spin,2.0,0.15,32.9839,119,399719849,480,98885,80611,156994,4
spin_slow,spin,2.0,0.15,spin,2.0,0.15,32.9892,120,399729052,475,93361,80670,157046,4
spin_slow,spin,2.0,0.15,spin,2.0,0.15,32.9987,121,399740060,475,237259,80707,157027,36
spin_slow,spin,2.0,0.15,spin,2.0,0.15,33.0082,122,399750784,475,176089,80723,156977,36
spin_slow,spin,2.0,0.15,spin,2.0,0.15,33.024,123,399761621,475,134338,80780,157040,4
spin_slow,spin,2.0,0.15,spin,2.0,0.15,33.0304,124,399770415,476,215985,80779,157027,36
spin_slow,spin,2.0,0.15,spin,2.0,0.15,33.0378,125,399781239,475,172051,80821,156963,36
spin_slow,spin,2.0,0.15,spin,2.0,0.15,33.0485,126,399792021,476,121037,80895,157021,4
spin_slow,spin,2.0,0.15,spin,2.0,0.15,33.0625,127,399802009,477,91644,80879,157004,4
spin_slow,spin,2.0,0.15,spin,2.0,0.15,33.0721,0,399814580,483,187426,81023,157038,36
spin_slow,spin,2.0,0.15,spin,2.0,0.15,33.0839,1,399825406,480,143546,81006,157028,4
spin_slow,spin,2.0,0.15,spin,2.0,0.15,33.0988,2,399835758,478,176049,81086,157011,36
spin_slow,spin,2.0,0.15,spin,2.0,0.15,33.1126,3,399844865,476,154199,81057,156988,4
spin_slow,spin,2.0,0.15,spin,2.0,0.15,33.1126,4,399845842,477,163436,81057,156972,36
spin_slow,spin,2.0,0.15,spin,2.0,0.15,33.1126,5,399846774,477,164913,81065,156981,32
spin_slow,spin,2.0,0.15,spin,2.0,0.15,33.1212,6,399847735,477,171187,81053,156970,32
spin_slow,spin,2.0,0.15,spin,2.0,0.15,33.1212,7,399850491,477,168865,81088,157032,36
spin_slow,spin,2.0,0.15,spin,2.0,0.15,33.1234,8,399855973,477,158533,81089,157026,36
spin_slow,spin,2.0,0.15,spin,2.0,0.15,33.1234,9,399856007,477,164348,81089,157026,40
spin_slow,spin,2.0,0.15,spin,2.0,0.15,33.1319,10,399871448,476,119925,81106,157000,4
spin_slow,spin,2.0,0.15,spin,2.0,0.15,33.1361,11,399879090,477,163045,81149,156996,36
spin_slow,spin,2.0,0.15,spin,2.0,0.15,33.1457,12,399888084,477,122005,81188,156989,4
spin_slow,spin,2.0,0.15,spin,2.0,0.15,33.1584,13,399899443,478,168895,81278,157033,36
spin_slow,spin,2.0,0.15,spin,2.0,0.15,33.1691,14,399910082,471,93158,81282,157037,4
spin_slow,spin,2.0,0.15,spin,2.0,0.15,33.1786,15,399920565,478,148021,81290,157001,4
spin_slow,spin,2.0,0.15,spin,2.0,0.15,33.1882,16,399931020,479,198194,81380,157013,36
spin_slow,spin,2.0,0.15,spin,2.0,0.15,33.202,17,399942539,479,115215,81410,157009,4
spin_slow,spin,2.0,0.15,spin,2.0,0.15,33.2115,18,399954632,479,130158,81460,157005,4
spin_slow,spin,2.0,0.15,spin,2.0,0.15,33.2285,19,399965481,472,90375,81471,156989,4
spin_slow,spin,2.0,0.15,spin,2.0,0.15,33.2348,20,399974261,479,170143,81524,156986,36
spin_slow,spin,2.0,0.15,spin,2.0,0.15,33.2433,21,399985273,481,158152,81586,157026,36
spin_slow,spin,2.0,0.15,spin,2.0,0.15,33.2539,22,399995927,481,85136,81647,157004,4
spin_slow,spin,2.0,0.15,spin,2.0,0.15,33.2699,23,400006774,481,202066,81647,156998,36
spin_slow,spin,2.0,0.15,spin,2.0,0.15,33.2741,24,400015544,480,123006,81638,156975,4
spin_slow,spin,2.0,0.15,spin,2.0,0.15,33.2826,25,400026403,481,84964,81683,156994,4
spin_slow,spin,2.0,0.15,spin,2.0,0.15,33.2964,26,400037141,481,183445,81720,157011,36
spin_slow,spin,2.0,0.15,spin,2.0,0.15,33.307,27,400049709,481,121579,81716,157012,4
spin_slow,spin,2.0,0.15,spin,2.0,0.15,33.3218,28,400060897,481,139322,81790,157030,4
spin_slow,spin,2.0,0.15,spin,2.0,0.15,33.3324,29,400071542,481,221493,81811,157031,36
spin_slow,spin,2.0,0.15,spin,2.0,0.15,33.3377,30,400078313,482,116181,81846,157035,4
spin_slow,spin,2.0,0.15,spin,2.0,0.15,33.3451,31,400089304,482,100348,81927,157033,4
spin_slow,spin,2.0,0.15,spin,2.0,0.15,33.3568,32,400099670,482,135166,81952,157020,4
spin_slow,spin,2.0,0.15,spin,2.0,0.15,33.3695,33,400110327,482,219508,81997,157042,36
spin_slow,spin,2.0,0.15,spin,2.0,0.15,33.379,34,400122232,484,202017,81999,157021,36
spin_slow,spin,2.0,0.15,spin,2.0,0.15,33.397,35,400133112,484,167572,82027,157001,36
spin_slow,spin,2.0,0.15,spin,2.0,0.15,33.3981,36,400141872,482,86701,82061,157000,4
spin_slow,spin,2.0,0.15,spin,2.0,0.15,33.4129,37,400153357,482,155207,82058,156999,4
spin_slow,spin,2.0,0.15,spin,2.0,0.15,33.4214,38,400164220,481,117814,82154,157015,4
spin_slow,spin,2.0,0.15,spin,2.0,0.15,33.4364,39,400175965,483,230009,82208,157042,36
spin_slow,spin,2.0,0.15,spin,2.0,0.15,33.4428,40,400186641,484,160659,82204,157042,36
spin_slow,spin,2.0,0.15,spin,2.0,0.15,33.4577,41,400197230,484,233339,82261,157012,36
spin_slow,spin,2.0,0.15,spin,2.0,0.15,33.4641,42,400207872,485,158167,82282,157045,36
spin_slow,spin,2.0,0.15,spin,2.0,0.15,33.4746,43,400216966,483,133833,82293,157024,4
spin_slow,spin,2.0,0.15,spin,2.0,0.15,33.4841,44,400227426,484,184784,82307,157035,36
spin_slow,spin,2.0,0.15,spin,2.0,0.15,33.4978,45,400238404,484,166642,82361,157046,36
spin_slow,spin,2.0,0.15,spin,2.0,0.15,33.5073,46,400249026,485,87679,82419,157060,4
spin_slow,spin,2.0,0.15,spin,2.0,0.15,33.5179,47,400259489,485,138593,82401,157036,4
spin_slow,spin,2.0,0.15,spin,2.0,0.15,33.5284,48,400269980,485,194575,82482,157069,36
spin_slow,spin,2.0,0.15,spin,2.0,0.15,33.5379,49,400280322,486,225126,82526,157077,36
spin_slow,spin,2.0,0.15,spin,2.0,0.15,33.5528,50,400292298,492,219457,82526,157010,36
spin_slow,spin,2.0,0.15,spin,2.0,0.15,33.5623,51,400304884,486,160924,82553,157054,36
spin_slow,spin,2.0,0.15,spin,2.0,0.15,33.5781,52,400315730,486,120311,82597,157004,4
spin_slow,spin,2.0,0.15,spin,2.0,0.15,33.5845,53,400324501,486,198186,82604,157015,36
spin_slow,spin,2.0,0.15,spin,2.0,0.15,33.6014,54,400335424,487,171135,82641,157015,36
spin_slow,spin,2.0,0.15,spin,2.0,0.15,33.6204,55,400348281,486,158667,82677,156999,36
spin_slow,spin,2.0,0.15,spin,2.0,0.15,33.6204,56,400349223,486,161747,82635,157011,32
spin_slow,spin,2.0,0.15,spin,2.0,0.15,33.6225,57,400350185,486,168345,82682,157017,32
spin_slow,spin,2.0,0.15,spin,2.0,0.15,33.6225,58,400351112,487,168979,82646,157019,32
spin_slow,spin,2.0,0.15,spin,2.0,0.15,33.6247,59,400354244,486,230272,82683,157020,36
spin_slow,spin,2.0,0.15,spin,2.0,0.15,33.6268,60,400359726,488,219945,82748,157072,36
spin_slow,spin,2.0,0.15,spin,2.0,0.15,33.6289,61,400359759,488,225567,82748,157072,40
spin_slow,spin,2.0,0.15,spin,2.0,0.15,33.631,62,400374323,487,188546,82786,157064,36
spin_slow,spin,2.0,0.15,spin,2.0,0.15,33.6373,63,400377386,487,238070,82790,157086,36
spin_slow,spin,2.0,0.15,spin,2.0,0.15,33.6437,64,400385886,488,112258,82815,157061,4
spin_slow,spin,2.0,0.15,spin,2.0,0.15,33.6616,65,400398543,488,222062,82867,157076,36
spin_slow,spin,2.0,0.15,spin,2.0,0.15,33.6669,66,400407144,487,113756,82855,157038,4
spin_slow,spin,2.0,0.15,spin,2.0,0.15,33.6732,67,400418100,489,91505,82937,157087,4
spin_slow,spin,2.0,0.15,spin,2.0,0.15,33.689,68,400428663,488,159610,82967,157053,36
spin_slow,spin,2.0,0.15,spin,2.0,0.15,33.6985,69,400441221,488,95624,82953,157036,4
spin_slow,spin,2.0,0.15,spin,2.0,0.15,33.7154,70,400452092,486,216346,82993,157019,36
spin_slow,spin,2.0,0.15,spin,2.0,0.15,33.7197,71,400460841,487,133381,83074,157025,4
spin_slow,spin,2.0,0.15,spin,2.0,0.15,33.7292,72,400471560,490,228249,83118,157044,36
spin_slow,spin,2.0,0.15,spin,2.0,0.15,33.7408,73,400482484,489,200888,83161,157050,36
spin_slow,spin,2.0,0.15,spin,2.0,0.15,33.7566,74,400493347,489,163215,83109,157034,36
spin_slow,spin,2.0,0.15,spin,2.0,0.15,33.7619,75,400502133,496,86556,83182,157031,4
spin_slow,spin,2.0,0.15,spin,2.0,0.15,33.7693,76,400513076,490,219641,83207,157014,36
spin_slow,spin,2.0,0.15,spin,2.0,0.15,33.782,77,400523802,489,158384,83205,156995,36
spin_slow,spin,2.0,0.15,spin,2.0,0.15,33.7936,78,400534629,490,114751,83279,157001,4
spin_slow,spin,2.0,0.15,spin,2.0,0.15,33.8042,79,400545338,490,208191,83315,156992,36
spin_slow,spin,2.0,0.15,spin,2.0,0.15,33.8148,80,400555691,491,84256,83395,156996,4
spin_slow,spin,2.0,0.15,spin,2.0,0.15,33.8242,81,400566302,491,160985,83446,157018,36
spin_slow,spin,2.0,0.15,spin,2.0,0.15,33.8413,82,400577549,491,188485,83485,157018,36
spin_slow,spin,2.0,0.15,spin,2.0,0.15,33.8519,83,400592257,492,176876,83542,156981,36
spin_slow,spin,2.0,0.15,spin,2.0,0.15,33.8613,84,400602254,486,149437,83601,157015,4
spin_slow,spin,2.0,0.15,spin,2.0,0.15,33.8771,85,400609048,492,205235,83600,157022,36
spin_slow,spin,2.0,0.15,spin,2.0,0.15,33.8961,86,400618338,492,214194,83649,157041,36
spin_slow,spin,2.0,0.15,spin,2.0,0.15,33.9119,87,400631065,493,179298,83713,157016,36
spin_slow,spin,2.0,0.15,spin,2.0,0.15,33.9277,88,400650755,493,229212,83808,157042,36
spin_slow,spin,2.0,0.15,spin,2.0,0.15,33.9298,89,400651696,493,232265,83801,157046,32
spin_slow,spin,2.0,0.15,spin,2.0,0.15,33.9466,90,400664783,500,101367,83855,157037,4
spin_slow,spin,2.0,0.15,spin,2.0,0.15,33.9614,91,400679841,495,148523,83906,157049,4
spin_slow,spin,2.0,0.15,spin,2.0,0.15,33.9635,92,400682432,494,117917,83909,157029,4
spin_slow,spin,2.0,0.15,spin,2.0,0.15,33.9688,93,400696051,494,234874,83964,157072,36
spin_slow,spin,2.0,0.15,spin,2.0,0.15,33.9741,94,400713754,494,103369,83992,157045,4
spin_slow,spin,2.0,0.15,spin,2.0,0.15,33.9773,95,400714688,494,105162,84022,157038,0
spin_slow,spin,2.0,0.15,spin,2.0,0.15,33.9826,96,400725752,499,101553,84032,157035,4
spin_slow,spin,2.0,0.15,spin,2.0,0.15,33.9932,97,400734866,496,237628,84110,157055,36
spin_slow,spin,2.0,0.15,spin,2.0,0.15,34.0027,98,400745459,495,153734,84121,157064,4
spin_slow,spin,2.0,0.15,spin,2.0,0.15,34.0132,99,400756408,495,130434,84188,157023,4
spin_slow,spin,2.0,0.15,spin,2.0,0.15,34.0269,100,400767245,495,88233,84189,157041,4
spin_slow,spin,2.0,0.15,spin,2.0,0.15,34.0375,101,400777968,495,183592,84212,157029,36
spin_slow,spin,2.0,0.15,spin,2.0,0.15,34.0438,102,400788315,496,215009,84277,157070,36
spin_slow,spin,2.0,0.15,spin,2.0,0.15,34.0575,103,400798851,489,121545,84290,157045,4
spin_slow,spin,2.0,0.15,spin,2.0,0.15,34.068,104,400809429,496,192182,84335,157054,36
spin_slow,spin,2.0,0.15,spin,2.0,0.15,34.0765,105,400819889,496,85948,84334,157010,4
spin_slow,spin,2.0,0.15,spin,2.0,0.15,34.0881,106,400830395,497,144586,84400,157026,4
spin_slow,spin,2.0,0.15,spin,2.0,0.15,34.1165,107,400846851,497,115580,84507,157063,4
spin_slow,spin,2.0,0.15,spin,2.0,0.15,34.1165,108,400847793,502,118731,84492,157071,0
spin_slow,spin,2.0,0.15,spin,2.0,0.15,34.1165,109,400848754,497,124941,84516,157067,0
spin_slow,spin,2.0,0.15,spin,2.0,0.15,34.1228,110,400849686,497,126359,84499,157087,0
spin_slow,spin,2.0,0.15,spin,2.0,0.15,34.1228,111,400853169,498,90002,84546,157090,4
spin_slow,spin,2.0,0.15,spin,2.0,0.15,34.126,112,400853201,498,95572,84546,157090,8
spin_slow,spin,2.0,0.15,spin,2.0,0.15,34.126,113,400858652,498,236794,84534,157065,36
spin_slow,spin,2.0,0.15,spin,2.0,0.15,34.1334,114,400874103,504,193883,84550,157016,36
spin_slow,spin,2.0,0.15,spin,2.0,0.15,34.1366,115,400875041,498,196247,84560,157032,32
spin_slow,spin,2.0,0.15,spin,2.0,0.15,34.1461,116,400885112,500,181275,84598,156983,36
spin_slow,spin,2.0,0.15,spin,2.0,0.15,34.1503,117,400892458,497,173768,84675,157041,36
spin_slow,spin,2.0,0.15,spin,2.0,0.15,34.1619,118,400903918,499,237409,84724,157050,36
spin_slow,spin,2.0,0.15,spin,2.0,0.15,34.1746,119,400914825,503,206947,84800,157048,36
spin_slow,spin,2.0,0.15,spin,2.0,0.15,34.1831,120,400925037,499,215410,84823,157034,36
spin_slow,spin,2.0,0.15,spin,2.0,0.15,34.1926,121,400935784,500,157949,84877,157061,36
spin_slow,spin,2.0,0.15,spin,2.0,0.15,34.2105,122,400947676,499,137787,84934,157065,4
spin_slow,spin,2.0,0.15,spin,2.0,0.15,34.2127,123,400956281,500,187296,84955,156984,36
spin_slow,spin,2.0,0.15,spin,2.0,0.15,34.2253,124,400967725,503,91458,85012,157030,4
spin_slow,spin,2.0,0.15,spin,2.0,0.15,34.239,125,400979270,501,170028,85073,157000,36
spin_slow,spin,2.0,0.15,spin,2.0,0.15,34.2486,126,400991648,501,232968,85112,156998,36
spin_slow,spin,2.0,0.15,spin,2.0,0.15,34.2644,127,401002465,501,187832,85168,157023,36
spin_slow,spin,2.0,0.15,spin,2.0,0.15,34.2718,0,401011239,502,109114,85221,157067,4
spin_slow,spin,2.0,0.15,spin,2.0,0.15,34.2771,1,401022328,501,109787,85249,157029,4
spin_slow,spin,2.0,0.15,spin,2.0,0.15,34.2929,2,401032777,501,158599,85260,157062,36
spin_slow,spin,2.0,0.15,spin,2.0,0.15,34.3067,3,401043456,502,89652,85334,157024,4
spin_slow,spin,2.0,0.15,spin,2.0,0.15,34.3088,4,401052268,502,174211,85369,157048,36
spin_slow,spin,2.0,0.15,spin,2.0,0.15,34.3204,5,401063651,502,224702,85386,157016,36
spin_slow,spin,2.0,0.15,spin,2.0,0.15,34.3341,6,401074120,502,119995,85357,157031,4
spin_slow,spin,2.0,0.15,spin,2.0,0.15,34.3436,7,401086720,503,220507,85469,157028,36
spin_slow,spin,2.0,0.15,spin,2.0,0.15,34.3614,8,401098309,497,149111,85512,157032,4
spin_slow,spin,2.0,0.15,spin,2.0,0.15,34.3678,9,401107501,503,141444,85538,157013,4
spin_slow,spin,2.0,0.15,spin,2.0,0.15,34.3783,10,401118425,504,114390,85614,157013,4
spin_slow,spin,2.0,0.15,spin,2.0,0.15,34.3826,11,401125264,504,177868,85629,157040,36
spin_slow,spin,2.0,0.15,spin,2.0,0.15,34.3931,12,401136593,502,219589,85684,156998,36
spin_slow,spin,2.0,0.15,spin,2.0,0.15,34.4099,13,401147462,505,183105,85779,157029,36
spin_slow,spin,2.0,0.15,spin,2.0,0.15,34.4215,14,401157993,504,89333,85749,156991,4
spin_slow,spin,2.0,0.15,spin,2.0,0.15,34.4247,15,401167510,502,137260,85844,156995,4
spin_slow,spin,2.0,0.15,spin,2.0,0.15,34.4352,16,401178869,505,184077,85867,156987,36
spin_slow,spin,2.0,0.15,spin,2.0,0.15,34.4457,17,401189386,505,87864,85928,157012,4
spin_slow,spin,2.0,0.15,spin,2.0,0.15,34.4562,18,401200153,506,190904,85978,157046,36
spin_slow,spin,2.0,0.15,spin,2.0,0.15,34.4689,19,401210397,506,205124,86031,157007,36
spin_slow,spin,2.0,0.15,spin,2.0,0.15,34.4794,20,401220965,513,117718,86120,157023,4
spin_slow,spin,2.0,0.15,spin,2.0,0.15,34.4889,21,401231430,507,169443,86137,156987,36
spin_slow,spin,2.0,0.15,spin,2.0,0.15,34.5017,22,401241910,512,223983,86202,157036,36
spin_slow,spin,2.0,0.15,spin,2.0,0.15,34.5073,23,401251818,514,180748,86270,157013,36
spin_slow,spin,2.0,0.15,spin,2.0,0.15,34.52,24,401262930,508,185345,86355,157039,36
spin_slow,spin,2.0,0.15,spin,2.0,0.15,34.5328,25,401274173,508,211981,86422,157030,36
spin_slow,spin,2.0,0.15,spin,2.0,0.15,34.5423,26,401284768,509,128614,86464,157040,4
spin_slow,spin,2.0,0.15,spin,2.0,0.15,34.5529,27,401295235,509,180761,86532,157018,36
spin_slow,spin,2.0,0.15,spin,2.0,0.15,34.5625,28,401305718,509,235525,86622,157050,36
spin_slow,spin,2.0,0.15,spin,2.0,0.15,34.571,29,401316674,510,213587,86611,157012,36
spin_slow,spin,2.0,0.15,spin,2.0,0.15,34.5848,30,401326811,511,209708,86662,157040,36
spin_slow,spin,2.0,0.15,spin,2.0,0.15,34.6029,31,401337781,508,190207,86660,157039,36
spin_slow,spin,2.0,0.15,spin,2.0,0.15,34.6114,32,401350609,510,172660,86695,157040,36
spin_slow,spin,2.0,0.15,spin,2.0,0.15,34.6114,33,401351562,510,177675,86692,157026,32
spin_slow,spin,2.0,0.15,spin,2.0,0.15,34.6114,34,401352514,511,182560,86745,157036,32
spin_slow,spin,2.0,0.15,spin,2.0,0.15,34.6189,35,401353463,510,186789,86721,157012,32
spin_slow,spin,2.0,0.15,spin,2.0,0.15,34.6221,36,401355010,505,135752,86676,157008,0
spin_slow,spin,2.0,0.15,spin,2.0,0.15,34.6221,37,401358484,510,98338,86685,157023,4
spin_slow,spin,2.0,0.15,spin,2.0,0.15,34.6221,38,401361705,510,174644,86730,157034,36
spin_slow,spin,2.0,0.15,spin,2.0,0.15,34.6338,39,401372483,512,122534,86740,157031,4
spin_slow,spin,2.0,0.15,spin,2.0,0.15,34.6391,40,401380368,510,206839,86752,157000,36
spin_slow,spin,2.0,0.15,spin,2.0,0.15,34.6476,41,401390595,511,218204,86791,157015,36
spin_slow,spin,2.0,0.15,spin,2.0,0.15,34.6593,42,401401623,512,208687,86845,157031,36
spin_slow,spin,2.0,0.15,spin,2.0,0.15,34.672,43,401413159,511,128646,86877,156984,4
spin_slow,spin,2.0,0.15,spin,2.0,0.15,34.6806,44,401423160,511,101439,87020,157060,4
spin_slow,spin,2.0,0.15,spin,2.0,0.15,34.6913,45,401432805,512,170736,87029,157018,36
spin_slow,spin,2.0,0.15,spin,2.0,0.15,34.702,46,401443916,512,175338,87071,157023,36
spin_slow,spin,2.0,0.15,spin,2.0,0.15,34.7115,47,401455567,513,114704,87130,157008,4
spin_slow,spin,2.0,0.15,spin,2.0,0.15,34.7221,48,401465621,512,96929,87130,156976,4
spin_slow,spin,2.0,0.15,spin,2.0,0.15,34.7328,49,401476431,512,207715,87173,157005,36
spin_slow,spin,2.0,0.15,spin,2.0,0.15,34.7497,50,401487700,513,239021,87268,157044,36
spin_slow,spin,2.0,0.15,spin,2.0,0.15,34.754,51,401496548,513,172915,87252,157067,36
spin_slow,spin,2.0,0.15,spin,2.0,0.15,34.7646,52,401508074,514,90900,87298,157010,4
spin_slow,spin,2.0,0.15,spin,2.0,0.15,34.7762,53,401518961,512,214622,87303,157024,36
spin_slow,spin,2.0,0.15,spin,2.0,0.15,34.7921,54,401530530,514,139974,87343,157026,4
spin_slow,spin,2.0,0.15,spin,2.0,0.15,34.7985,55,401540233,514,219111,87345,157033,36
spin_slow,spin,2.0,0.15,spin,2.0,0.15,34.807,56,401550929,514,152961,87415,157027,4
spin_slow,spin,2.0,0.15,spin,2.0,0.15,34.825,57,401563096,514,179809,87460,157041,36
spin_slow,spin,2.0,0.15,spin,2.0,0.15,34.8293,58,401571745,515,236860,87518,157075,36
spin_slow,spin,2.0,0.15,spin,2.0,0.15,34.841,59,401583125,515,130006,87577,157033,4
spin_slow,spin,2.0,0.15,spin,2.0,0.15,34.8569,60,401594379,515,158772,87606,157034,36
spin_slow,spin,2.0,0.15,spin,2.0,0.15,34.8612,61,401603004,516,211705,87700,157063,36
spin_slow,spin,2.0,0.15,spin,2.0,0.15,34.8719,62,401614395,517,106545,87743,157065,4
spin_slow,spin,2.0,0.15,spin,2.0,0.15,34.8825,63,401625785,516,158471,87751,157012,36
spin_slow,spin,2.0,0.15,spin,2.0,0.15,34.8952,64,401636636,516,118700,87755,157055,4
spin_slow,spin,2.0,0.15,spin,2.0,0.15,34.9079,65,401647344,516,211542,87840,157046,36
spin_slow,spin,2.0,0.15,spin,2.0,0.15,34.9164,66,401659574,517,92195,87832,157003,4
spin_slow,spin,2.0,0.15,spin,2.0,0.15,34.9261,67,401670495,517,221313,87865,157019,36
spin_slow,spin,2.0,0.15,spin,2.0,0.15,34.9389,68,401680982,517,119822,87878,157020,4
spin_slow,spin,2.0,0.15,spin,2.0,0.15,34.9484,69,401691281,518,143461,87887,157003,4
spin_slow,spin,2.0,0.15,spin,2.0,0.15,34.959,70,401702085,516,95731,87977,157005,4
spin_slow,spin,2.0,0.15,spin,2.0,0.15,34.9751,71,401712947,517,215046,87974,157067,36
spin_slow,spin,2.0,0.15,spin,2.0,0.15,34.9816,72,401721728,518,137264,88005,157048,4
spin_slow,spin,2.0,0.15,spin,2.0,0.15,34.988,73,401732737,520,123896,88087,157052,4
spin_slow,spin,2.0,0.15,spin,2.0,0.15,35.0007,74,401743247,525,182841,88104,157033,36
spin_slow,spin,2.0,0.15,spin,2.0,0.15,35.0124,75,401754629,519,233355,88143,157039,36
spin_slow,spin,2.0,0.15,spin,2.0,0.15,35.022,76,401765480,519,193391,88229,157049,36
spin_slow,spin,2.0,0.15,spin,2.0,0.15,35.0389,77,401777020,519,113399,88217,157036,4
spin_slow,spin,2.0,0.15,spin,2.0,0.15,35.0432,78,401785619,521,161736,88291,157097,36
spin_slow,spin,2.0,0.15,spin,2.0,0.15,35.0528,79,401796005,520,199547,88288,157019,36
spin_slow,spin,2.0,0.15,spin,2.0,0.15,35.0709,80,401808289,519,88317,88314,157071,4
spin_slow,spin,2.0,0.15,spin,2.0,0.15,35.0741,81,401816897,520,138838,88425,157053,4
spin_slow,spin,2.0,0.15,spin,2.0,0.15,35.0826,82,401827780,520,104499,88415,157046,4
spin_slow,spin,2.0,0.15,spin,2.0,0.15,35.1071,83,401838325,521,169602,88450,157050,36
spin_slow,spin,2.0,0.15,spin,2.0,0.15,35.1188,84,401852910,519,136563,88491,157024,4
spin_slow,spin,2.0,0.15,spin,2.0,0.15,35.122,85,401853866,520,141920,88513,157038,0
spin_slow,spin,2.0,0.15,spin,2.0,0.15,35.122,86,401854816,522,146511,88518,157026,0
spin_slow,spin,2.0,0.15,spin,2.0,0.15,35.1252,87,401855764,520,150538,88530,157029,0
spin_slow,spin,2.0,0.15,spin,2.0,0.15,35.1252,88,401857660,521,158842,88516,157023,36
spin_slow,spin,2.0,0.15,spin,2.0,0.15,35.1338,89,401860788,521,219547,88602,157040,36
spin_slow,spin,2.0,0.15,spin,2.0,0.15,35.1359,90,401863136,521,147603,88509,157023,4
spin_slow,spin,2.0,0.15,spin,2.0,0.15,35.1359,91,401879029,522,179889,88639,157030,36
spin_slow,spin,2.0,0.15,spin,2.0,0.15,35.1465,92,401884440,521,156864,88645,157043,4
spin_slow,spin,2.0,0.15,spin,2.0,0.15,35.1486,93,401892194,521,219321,88630,157026,36
spin_slow,spin,2.0,0.15,spin,2.0,0.15,35.1561,94,401902397,523,226399,88701,157019,36
spin_slow,spin,2.0,0.15,spin,2.0,0.15,35.173,95,401911577,521,216729,88730,157052,36
spin_slow,spin,2.0,0.15,spin,2.0,0.15,35.1901,96,401924476,522,210714,88717,157023,36
spin_slow,spin,2.0,0.15,spin,2.0,0.15,35.2187,97,401934476,523,183434,88791,157025,36
spin_slow,spin,2.0,0.15,spin,2.0,0.15,35.223,98,401944223,523,113035,88808,156989,4
spin_slow,spin,2.0,0.15,spin,2.0,0.15,35.2389,99,401957029,523,91943,88828,157014,4
spin_slow,spin,2.0,0.15,spin,2.0,0.15,35.2558,100,401973210,523,173108,88904,157038,36
spin_slow,spin,2.0,0.15,spin,2.0,0.15,35.2685,101,401975834,523,148162,88891,157017,4
spin_slow,spin,2.0,0.15,spin,2.0,0.15,35.2865,102,401989520,523,119219,88959,157033,4
spin_slow,spin,2.0,0.15,spin,2.0,0.15,35.2887,103,402005763,524,210747,88965,157017,36
spin_slow,spin,2.0,0.15,spin,2.0,0.15,35.2919,104,402008324,524,175048,89010,157012,36
spin_slow,spin,2.0,0.15,spin,2.0,0.15,35.2961,105,402022661,524,100249,89083,157010,4
spin_slow,spin,2.0,0.15,spin,2.0,0.15,35.3025,106,402041089,524,92787,89026,156985,4
spin_slow,spin,2.0,0.15,spin,2.0,0.15,35.3025,107,402042026,525,95021,89079,156979,0
spin_slow,spin,2.0,0.15,spin,2.0,0.15,35.3089,108,402051805,524,187465,89112,157009,36
spin_slow,spin,2.0,0.15,spin,2.0,0.15,35.3163,109,402061223,524,218483,89163,157012,36
spin_slow,spin,2.0,0.15,spin,2.0,0.15,35.3301,110,402072219,525,203587,89196,157016,36
spin_slow,spin,2.0,0.15,spin,2.0,0.15,35.3418,111,402082791,525,116570,89268,157006,4
spin_slow,spin,2.0,0.15,spin,2.0,0.15,35.3471,112,402093183,523,156233,89238,157014,4
spin_slow,spin,2.0,0.15,spin,2.0,0.15,35.3619,113,402103491,526,181294,89279,157025,36
spin_slow,spin,2.0,0.15,spin,2.0,0.15,35.3715,114,402114054,526,92903,89259,156988,4
spin_slow,spin,2.0,0.15,spin,2.0,0.15,35.381,115,402124533,526,147211,89318,157014,4
spin_slow,spin,2.0,0.15,spin,2.0,0.15,35.3907,116,402135021,525,202928,89357,157030,36
spin_slow,spin,2.0,0.15,spin,2.0,0.15,35.4013,117,402146014,526,187189,89421,157070,36
spin_slow,spin,2.0,0.15,spin,2.0,0.15,35.4162,118,402157294,526,220205,89405,157042,36
spin_slow,spin,2.0,0.15,spin,2.0,0.15,35.4268,119,402169891,526,163225,89469,157027,36
spin_slow,spin,2.0,0.15,spin,2.0,0.15,35.4428,120,402180726,526,120767,89518,157021,4
spin_slow,spin,2.0,0.15,spin,2.0,0.15,35.4481,121,402189515,526,201424,89533,157010,36
spin_slow,spin,2.0,0.15,spin,2.0,0.15,35.4566,122,402200537,528,190967,89583,157010,36
spin_slow,spin,2.0,0.15,spin,2.0,0.15,35.4661,123,402211166,528,113844,89601,157001,4
spin_slow,spin,2.0,0.15,spin,2.0,0.15,35.4833,124,402222022,527,232354,89676,157050,36
spin_slow,spin,2.0,0.15,spin,2.0,0.15,35.4876,125,402230824,527,158135,89692,157019,36
spin_slow,spin,2.0,0.15,spin,2.0,0.15,35.5014,126,402242296,527,224215,89750,157055,36
spin_slow,spin,2.0,0.15,spin,2.0,0.15,35.512,127,402253408,528,228575,89806,157068,36
spin_slow,spin,2.0,0.15,spin,2.0,0.15,35.5226,0,402264161,529,172133,89811,157021,36
spin_slow,spin,2.0,0.15,spin,2.0,0.15,35.529,1,402274564,529,213302,89850,157020,36
spin_slow,spin,2.0,0.15,spin,2.0,0.15,35.5427,2,402284858,529,236061,89901,156980,36
spin_slow,spin,2.0,0.15,spin,2.0,0.15,35.5524,3,402295454,529,153075,89930,157038,4
spin_slow,spin,2.0,0.15,spin,2.0,0.15,35.5651,4,402305994,530,217268,90005,157085,36
spin_slow,spin,2.0,0.15,spin,2.0,0.15,35.5756,5,402318745,530,186286,89979,157044,36
spin_slow,spin,2.0,0.15,spin,2.0,0.15,35.5915,6,402329561,529,140516,90056,157035,4
spin_slow,spin,2.0,0.15,spin,2.0,0.15,35.6041,7,402338351,530,221530,90072,157011,36
spin_slow,spin,2.0,0.15,spin,2.0,0.15,35.622,8,402354279,530,102817,90132,157035,4
spin_slow,spin,2.0,0.15,spin,2.0,0.15,35.622,9,402355215,530,104892,90127,157042,0
spin_slow,spin,2.0,0.15,spin,2.0,0.15,35.6252,10,402356179,531,111705,90128,157032,0
spin_slow,spin,2.0,0.15,spin,2.0,0.15,35.6315,11,402357137,531,117515,90173,157034,0
spin_slow,spin,2.0,0.15,spin,2.0,0.15,35.6337,12,402359367,534,182708,90118,157027,36
spin_slow,spin,2.0,0.15,spin,2.0,0.15,35.6337,13,402362153,531,185103,90151,157023,36
spin_slow,spin,2.0,0.15,spin,2.0,0.15,35.6337,14,402364849,530,172378,90156,157016,36
spin_slow,spin,2.0,0.15,spin,2.0,0.15,35.6442,15,402382066,530,115849,90240,157040,4
spin_slow,spin,2.0,0.15,spin,2.0,0.15,35.6442,16,402383029,531,122569,90199,157035,0
spin_slow,spin,2.0,0.15,spin,2.0,0.15,35.6516,17,402392931,531,235584,90277,157042,36
spin_slow,spin,2.0,0.15,spin,2.0,0.15,35.6601,18,402402810,531,187656,90279,157038,36
spin_slow,spin,2.0,0.15,spin,2.0,0.15,35.6696,19,402413824,532,175538,90324,157052,36
spin_slow,spin,2.0,0.15,spin,2.0,0.15,35.6864,20,402424611,532,124598,90383,157039,4
spin_slow,spin,2.0,0.15,spin,2.0,0.15,35.6928,21,402433421,531,209268,90331,157002,36
spin_slow,spin,2.0,0.15,spin,2.0,0.15,35.7002,22,402444405,532,192622,90363,156987,36
spin_slow,spin,2.0,0.15,spin,2.0,0.15,35.7161,23,402454952,532,101480,90411,156996,4
spin_slow,spin,2.0,0.15,spin,2.0,0.15,35.7204,24,402463608,534,159886,90496,157026,36
spin_slow,spin,2.0,0.15,spin,2.0,0.15,35.731,25,402474972,532,207490,90493,156996,36
spin_slow,spin,2.0,0.15,spin,2.0,0.15,35.7448,26,402486211,532,233915,90542,157025,36
spin_slow,spin,2.0,0.15,spin,2.0,0.15,35.7544,27,402496820,537,153468,90546,156997,4
spin_slow,spin,2.0,0.15,spin,2.0,0.15,35.764,28,402507310,533,209838,90626,156974,36
spin_slow,spin,2.0,0.15,spin,2.0,0.15,35.7736,29,402517770,533,104011,90611,157004,4
spin_slow,spin,2.0,0.15,spin,2.0,0.15,35.7831,30,402528489,533,198792,90657,157026,36
spin_slow,spin,2.0,0.15,spin,2.0,0.15,35.798,31,402539026,533,105668,90731,157034,4
spin_slow,spin,2.0,0.15,spin,2.0,0.15,35.8065,32,402549850,534,218413,90763,157002,36
spin_slow,spin,2.0,0.15,spin,2.0,0.15,35.8192,33,402560014,534,219126,90753,157001,36
spin_slow,spin,2.0,0.15,spin,2.0,0.15,35.8266,34,402570276,536,236344,90827,157023,36
spin_slow,spin,2.0,0.15,spin,2.0,0.15,35.8372,35,402581214,535,211228,90884,157024,36
spin_slow,spin,2.0,0.15,spin,2.0,0.15,35.85,36,402592190,535,192787,90911,157009,36
spin_slow,spin,2.0,0.15,spin,2.0,0.15,35.8585,37,402602705,529,96093,90980,156982,4
spin_slow,spin,2.0,0.15,spin,2.0,0.15,35.868,38,402612051,536,114896,91038,157032,4
spin_slow,spin,2.0,0.15,spin,2.0,0.15,35.8818,39,402623774,536,223769,91026,157004,36
spin_slow,spin,2.0,0.15,spin,2.0,0.15,35.8903,40,402633964,542,229008,91106,157003,36
spin_slow,spin,2.0,0.15,spin,2.0,0.15,35.902,41,402644944,537,211263,91159,157043,36
spin_slow,spin,2.0,0.15,spin,2.0,0.15,35.9115,42,402655478,536,117767,91193,157027,4
spin_slow,spin,2.0,0.15,spin,2.0,0.15,35.9221,43,402666457,537,99698,91186,157051,4
spin_slow,spin,2.0,0.15,spin,2.0,0.15,35.9393,44,402678833,537,162747,91298,157013,36
spin_slow,spin,2.0,0.15,spin,2.0,0.15,35.9446,45,402687438,540,212560,91259,157012,36
spin_slow,spin,2.0,0.15,spin,2.0,0.15,35.9541,46,402698435,538,197886,91334,157002,36
spin_slow,spin,2.0,0.15,spin,2.0,0.15,35.9646,47,402708939,537,99428,91388,157025,4
spin_slow,spin,2.0,0.15,spin,2.0,0.15,35.9794,48,402719796,538,217947,91408,157010,36
spin_slow,spin,2.0,0.15,spin,2.0,0.15,35.9879,49,402730509,538,155020,91464,157035,4
spin_slow,spin,2.0,0.15,spin,2.0,0.15,35.9975,50,402740937,538,200680,91478,157002,36
spin_slow,spin,2.0,0.15,spin,2.0,0.15,36.007,51,402751549,533,120316,91529,157039,4
spin_slow,spin,2.0,0.15,spin,2.0,0.15,36.0197,52,402762606,539,115817,91602,157008,4
spin_slow,spin,2.0,0.15,spin,2.0,0.15,36.0292,53,402773240,539,196169,91616,157040,36
spin_slow,spin,2.0,0.15,spin,2.0,0.15,36.0388,54,402782740,539,240866,91660,157051,36
spin_slow,spin,2.0,0.15,spin,2.0,0.15,36.0514,55,402793883,539,93452,91692,157068,4
spin_slow,spin,2.0,0.15,spin,2.0,0.15,36.063,56,402804398,543,153381,91739,157040,4
spin_slow,spin,2.0,0.15,spin,2.0,0.15,36.0704,57,402814825,540,198423,91763,157031,36
spin_slow,spin,2.0,0.15,spin,2.0,0.15,36.0831,58,402825184,541,232018,91852,157054,36
spin_slow,spin,2.0,0.15,spin,2.0,0.15,36.0926,59,402835805,536,153016,91875,157029,4
spin_slow,spin,2.0,0.15,spin,2.0,0.15,36.1074,60,402848728,539,151395,91942,157053,4
spin_slow,spin,2.0,0.15,spin,2.0,0.15,36.1158,61,402849694,541,158676,91938,157069,36
spin_slow,spin,2.0,0.15,spin,2.0,0.15,36.12,62,402850655,543,164953,91936,157061,32
spin_slow,spin,2.0,0.15,spin,2.0,0.15,36.1221,63,402854637,541,213543,91973,157069,36
spin_slow,spin,2.0,0.15,spin,2.0,0.15,36.1221,64,402855597,540,219784,91941,157060,32
spin_slow,spin,2.0,0.15,spin,2.0,0.15,36.1253,65,402856521,542,219819,91968,157062,32
spin_slow,spin,2.0,0.15,spin,2.0,0.15,36.1316,66,402859646,541,122669,91945,157076,4
spin_slow,spin,2.0,0.15,spin,2.0,0.15,36.1338,67,402876075,542,245657,92011,157059,36
spin_slow,spin,2.0,0.15,spin,2.0,0.15,36.1338,68,402878912,547,99722,91988,157021,4
spin_slow,spin,2.0,0.15,spin,2.0,0.15,36.1453,69,402888973,542,239671,92038,157047,36
spin_slow,spin,2.0,0.15,spin,2.0,0.15,36.1611,70,402900241,542,113835,92147,157051,4
spin_slow,spin,2.0,0.15,spin,2.0,0.15,36.1653,71,402908877,543,168550,92193,157056,36
spin_slow,spin,2.0,0.15,spin,2.0,0.15,36.1769,72,402920244,549,216453,92179,157020,36
spin_slow,spin,2.0,0.15,spin,2.0,0.15,36.1865,73,402931639,542,112006,92234,157043,4
spin_slow,spin,2.0,0.15,spin,2.0,0.15,36.2033,74,402942449,544,222372,92326,157021,36
spin_slow,spin,2.0,0.15,spin,2.0,0.15,36.2065,75,402951276,544,152745,92329,157043,4
spin_slow,spin,2.0,0.15,spin,2.0,0.15,36.2192,76,402962772,543,222810,92366,157022,36
spin_slow,spin,2.0,0.15,spin,2.0,0.15,36.2287,77,402973650,544,187730,92413,157033,36
spin_slow,spin,2.0,0.15,spin,2.0,0.15,36.2466,78,402984891,545,214440,92536,157048,36
spin_slow,spin,2.0,0.15,spin,2.0,0.15,36.2571,79,402995291,544,98021,92534,157043,4
spin_slow,spin,2.0,0.15,spin,2.0,0.15,36.2603,80,403004425,544,237461,92580,157053,36
spin_slow,spin,2.0,0.15,spin,2.0,0.15,36.2719,81,403015392,545,217370,92638,157025,36
spin_slow,spin,2.0,0.15,spin,2.0,0.15,36.2814,82,403026695,550,97525,92643,157024,4
spin_slow,spin,2.0,0.15,spin,2.0,0.15,36.293,83,403037555,545,216574,92669,157008,36
spin_slow,spin,2.0,0.15,spin,2.0,0.15,36.3025,84,403046717,545,203999,92704,157006,36
spin_slow,spin,2.0,0.15,spin,2.0,0.15,36.3141,85,403057815,545,206075,92801,157042,36
spin_slow,spin,2.0,0.15,spin,2.0,0.15,36.3268,86,403068315,547,106667,92801,157067,4
spin_slow,spin,2.0,0.15,spin,2.0,0.15,36.3321,87,403078782,547,158491,92875,157030,36
spin_slow,spin,2.0,0.15,spin,2.0,0.15,36.3468,88,403089127,548,189821,92966,157053,36
spin_slow,spin,2.0,0.15,spin,2.0,0.15,36.3563,89,403099703,547,103269,92989,157018,4
spin_slow,spin,2.0,0.15,spin,2.0,0.15,36.3658,90,403110153,547,152273,93033,157068,4
spin_slow,spin,2.0,0.15,spin,2.0,0.15,36.3763,91,403120383,547,163900,93069,157043,36
spin_slow,spin,2.0,0.15,spin,2.0,0.15,36.3879,92,403131646,548,193770,93155,157071,36
spin_slow,spin,2.0,0.15,spin,2.0,0.15,36.3973,93,403141759,550,185180,93251,157101,36
spin_slow,spin,2.0,0.15,spin,2.0,0.15,36.4143,94,403154170,549,95667,93236,157091,4
spin_slow,spin,2.0,0.15,spin,2.0,0.15,36.4206,95,403162820,542,152739,93335,157044,4
spin_slow,spin,2.0,0.15,spin,2.0,0.15,36.428,96,403173663,556,111448,93388,157062,4
spin_slow,spin,2.0,0.15,spin,2.0,0.15,36.4459,97,403184212,551,177106,93476,157098,36
spin_slow,spin,2.0,0.15,spin,2.0,0.15,36.4502,98,403194923,553,113354,93504,157013,4
spin_slow,spin,2.0,0.15,spin,2.0,0.15,36.4618,99,403205328,550,154900,93564,157033,4
spin_slow,spin,2.0,0.15,spin,2.0,0.15,36.4713,100,403216842,552,227725,93588,157033,36
spin_slow,spin,2.0,0.15,spin,2.0,0.15,36.4861,101,403228358,552,144081,93650,157008,4
spin_slow,spin,2.0,0.15,spin,2.0,0.15,36.503,102,403239074,550,238676,93701,157024,36
spin_slow,spin,2.0,0.15,spin,2.0,0.15,36.5241,103,403255329,551,175489,93737,157023,36
spin_slow,spin,2.0,0.15,spin,2.0,0.15,36.5262,104,403257562,552,240972,93745,157026,36
spin_slow,spin,2.0,0.15,spin,2.0,0.15,36.542,105,403279196,552,150252,93786,157032,4
spin_slow,spin,2.0,0.15,spin,2.0,0.15,36.5568,106,403280167,555,158305,93809,157013,36
spin_slow,spin,2.0,0.15,spin,2.0,0.15,36.5726,107,403294122,552,175211,93866,157039,36
spin_slow,spin,2.0,0.15,spin,2.0,0.15,36.5906,108,403311696,553,178861,93952,157061,36
spin_slow,spin,2.0,0.15,spin,2.0,0.15,36.5906,109,403312662,552,186045,93943,157046,32
spin_slow,spin,2.0,0.15,spin,2.0,0.15,36.6222,110,403326616,553,202468,93982,157039,36
spin_slow,spin,2.0,0.15,spin,2.0,0.15,36.6254,111,403346345,553,101140,94097,157028,4
spin_slow,spin,2.0,0.15,spin,2.0,0.15,36.6275,112,403347281,555,103303,94141,157037,0
spin_slow,spin,2.0,0.15,spin,2.0,0.15,36.6306,113,403362714,555,214214,94212,157042,36
spin_slow,spin,2.0,0.15,spin,2.0,0.15,36.6328,114,403363650,553,216333,94169,157042,32
spin_slow,spin,2.0,0.15,spin,2.0,0.15,36.6517,115,403388331,555,171898,94258,157061,36
spin_slow,spin,2.0,0.15,spin,2.0,0.15,36.6601,116,403389295,555,178832,94259,157056,32
spin_slow,spin,2.0,0.15,spin,2.0,0.15,36.6601,117,403390232,554,180942,94203,157032,32
spin_slow,spin,2.0,0.15,spin,2.0,0.15,36.6601,118,403391192,553,187233,94244,157034,32
spin_slow,spin,2.0,0.15,spin,2.0,0.15,36.6623,119,403392646,552,120199,94197,157030,0
spin_slow,spin,2.0,0.15,spin,2.0,0.15,36.6623,120,403396211,555,98253,94263,156992,4
spin_slow,spin,2.0,0.15,spin,2.0,0.15,36.6697,121,403398120,555,108850,94247,157026,4
spin_slow,spin,2.0,0.15,spin,2.0,0.15,36.6697,122,403403607,561,99309,94287,157042,4
spin_slow,spin,2.0,0.15,spin,2.0,0.15,36.6771,123,403417622,555,125918,94293,157042,4
spin_slow,spin,2.0,0.15,spin,2.0,0.15,36.6771,124,403418560,561,128341,94362,157047,0
spin_slow,spin,2.0,0.15,spin,2.0,0.15,36.6835,125,403428324,555,217684,94315,157022,36
spin_slow,spin,2.0,0.15,spin,2.0,0.15,36.693,126,403437905,557,119208,94360,157039,4
spin_slow,spin,2.0,0.15,spin,2.0,0.15,36.7037,127,403448385,561,173189,94442,157060,36
spin_slow,spin,2.0,0.15,spin,2.0,0.15,36.7163,0,403459130,555,115005,94410,157057,4
spin_slow,spin,2.0,0.15,spin,2.0,0.15,36.7269,1,403469822,556,205286,94554,157042,36
spin_slow,spin,2.0,0.15,spin,2.0,0.15,36.7353,2,403479834,556,179959,94542,157025,36
spin_slow,spin,2.0,0.15,spin,2.0,0.15,36.748,3,403490653,556,135063,94547,157019,4
spin_slow,spin,2.0,0.15,spin,2.0,0.15,36.7575,4,403501274,557,213339,94659,157024,36
spin_slow,spin,2.0,0.15,spin,2.0,0.15,36.7671,5,403511711,558,103308,94711,157069,4
spin_slow,spin,2.0,0.15,spin,2.0,0.15,36.7766,6,403522199,557,159223,94713,156994,36
spin_slow,spin,2.0,0.15,spin,2.0,0.15,36.7892,7,403533146,557,135872,94761,157003,4
spin_slow,spin,2.0,0.15,spin,2.0,0.15,36.7998,8,403543788,557,217805,94803,156994,36
spin_slow,spin,2.0,0.15,spin,2.0,0.15,36.8072,9,403554229,559,108650,94840,157006,4
spin_slow,spin,2.0,0.15,spin,2.0,0.15,36.8209,10,403564458,558,120173,94825,157034,4
spin_slow,spin,2.0,0.15,spin,2.0,0.15,36.8325,11,403575721,555,150476,94896,157023,4
spin_slow,spin,2.0,0.15,spin,2.0,0.15,36.8441,12,403586201,559,204991,94933,157039,36
spin_slow,spin,2.0,0.15,spin,2.0,0.15,36.8515,13,403596628,559,250159,94978,157052,36
spin_slow,spin,2.0,0.15,spin,2.0,0.15,36.8631,14,403606971,558,124284,95039,157017,4
spin_slow,spin,2.0,0.15,spin,2.0,0.15,36.8736,15,403617593,560,202612,95028,157019,36
spin_slow,spin,2.0,0.15,spin,2.0,0.15,36.881,16,403628025,560,248498,95109,157078,36
spin_slow,spin,2.0,0.15,spin,2.0,0.15,36.8926,17,403638247,565,101689,95120,157038,4
spin_slow,spin,2.0,0.15,spin,2.0,0.15,36.9063,18,403649527,553,134662,95199,157041,4
spin_slow,spin,2.0,0.15,spin,2.0,0.15,36.9179,19,403660122,561,208287,95233,157031,36
spin_slow,spin,2.0,0.15,spin,2.0,0.15,36.9253,20,403670572,560,100329,95275,157035,4
spin_slow,spin,2.0,0.15,spin,2.0,0.15,36.9379,21,403681035,559,151992,95308,157009,4
spin_slow,spin,2.0,0.15,spin,2.0,0.15,36.9463,22,403691385,561,184634,95399,157006,36
spin_slow,spin,2.0,0.15,spin,2.0,0.15,36.959,23,403702041,562,112056,95460,157022,4
spin_slow,spin,2.0,0.15,spin,2.0,0.15,36.9684,24,403712669,561,191627,95437,156994,36
spin_slow,spin,2.0,0.15,spin,2.0,0.15,36.9791,25,403723426,561,136386,95463,156964,4
spin_slow,spin,2.0,0.15,spin,2.0,0.15,36.9949,26,403734247,562,248881,95519,156994,36
spin_slow,spin,2.0,0.15,spin,2.0,0.15,36.9971,27,403743075,562,179676,95519,156998,36
spin_slow,spin,2.0,0.15,spin,2.0,0.15,37.0108,28,403754562,561,248610,95520,157009,36
spin_slow,spin,2.0,0.15,spin,2.0,0.15,37.0214,29,403764982,562,135907,95579,156983,4
spin_slow,spin,2.0,0.15,spin,2.0,0.15,37.0361,30,403775559,561,206837,95575,157029,36
spin_slow,spin,2.0,0.15,spin,2.0,0.15,37.0414,31,403787754,562,238857,95604,157010,36
spin_slow,spin,2.0,0.15,spin,2.0,0.15,37.053,32,403797438,563,156921,95658,157035,4
spin_slow,spin,2.0,0.15,spin,2.0,0.15,37.0615,33,403807929,564,213806,95698,157044,36
spin_slow,spin,2.0,0.15,spin,2.0,0.15,37.072,34,403818339,570,99327,95734,157041,4
spin_slow,spin,2.0,0.15,spin,2.0,0.15,37.0857,35,403829111,564,203250,95816,157043,36
spin_slow,spin,2.0,0.15,spin,2.0,0.15,37.1059,36,403840974,564,178356,95868,157010,36
spin_slow,spin,2.0,0.15,spin,2.0,0.15,37.1185,37,403853573,564,121917,95965,157033,4
spin_slow,spin,2.0,0.15,spin,2.0,0.15,37.1185,38,403854510,565,124299,95898,157038,0
spin_slow,spin,2.0,0.15,spin,2.0,0.15,37.1238,39,403855475,570,131192,95924,157048,0
spin_slow,spin,2.0,0.15,spin,2.0,0.15,37.1238,40,403856433,564,136988,95851,157043,0
spin_slow,spin,2.0,0.15,spin,2.0,0.15,37.127,41,403861453,560,205137,95931,157070,36
spin_slow,spin,2.0,0.15,spin,2.0,0.15,37.1301,42,403861486,560,210801,95931,157070,40
spin_slow,spin,2.0,0.15,spin,2.0,0.15,37.1301,43,403862847,564,128015,95938,157063,0
spin_slow,spin,2.0,0.15,spin,2.0,0.15,37.1439,44,403880885,565,210719,95913,157023,36
spin_slow,spin,2.0,0.15,spin,2.0,0.15,37.1439,45,403881848,565,217341,95954,157020,32
spin_slow,spin,2.0,0.15,spin,2.0,0.15,37.1482,46,403892283,565,107031,95981,156995,4
spin_slow,spin,2.0,0.15,spin,2.0,0.15,37.1587,47,403903195,565,234943,95981,157010,36
spin_slow,spin,2.0,0.15,spin,2.0,0.15,37.1682,48,403913665,571,130106,96047,157051,4
spin_slow,spin,2.0,0.15,spin,2.0,0.15,37.182,49,403924430,565,232806,96038,157043,36
spin_slow,spin,2.0,0.15,spin,2.0,0.15,37.1925,50,403935249,565,187551,96084,156984,36
spin_slow,spin,2.0,0.15,spin,2.0,0.15,37.201,51,403946206,565,166375,96091,157006,36
spin_slow,spin,2.0,0.15,spin,2.0,0.15,37.2179,52,403956947,565,108124,96129,157007,4
spin_slow,spin,2.0,0.15,spin,2.0,0.15,37.2232,53,403965735,569,188921,96216,157032,36
spin_slow,spin,2.0,0.15,spin,2.0,0.15,37.2316,54,403976610,566,153209,96287,157011,4
spin_slow,spin,2.0,0.15,spin,2.0,0.15,37.2421,55,403987340,567,250275,96344,157039,36
spin_slow,spin,2.0,0.15,spin,2.0,0.15,37.2537,56,403998276,567,225022,96419,157042,36
spin_slow,spin,2.0,0.15,spin,2.0,0.15,37.2632,57,404008491,567,233956,96379,157034,36
spin_slow,spin,2.0,0.15,spin,2.0,0.15,37.28,58,404019363,567,197711,96465,157045,36
spin_slow,spin,2.0,0.15,spin,2.0,0.15,37.2916,59,404029847,568,252487,96474,157054,36
spin_slow,spin,2.0,0.15,spin,2.0,0.15,37.2948,60,404039351,568,140736,96496,157027,4
spin_slow,spin,2.0,0.15,spin,2.0,0.15,37.3085,61,404051525,568,168801,96528,157040,36
spin_slow,spin,2.0,0.15,spin,2.0,0.15,37.317,62,404061942,567,212452,96529,157036,36
spin_slow,spin,2.0,0.15,spin,2.0,0.15,37.3286,63,404072250,569,237392,96604,157033,36
spin_slow,spin,2.0,0.15,spin,2.0,0.15,37.3391,64,404082880,568,160034,96629,157064,36
spin_slow,spin,2.0,0.15,spin,2.0,0.15,37.3476,65,404093321,568,207651,96623,156991,36
spin_slow,spin,2.0,0.15,spin,2.0,0.15,37.3581,66,404103789,575,103195,96617,157006,4
spin_slow,spin,2.0,0.15,spin,2.0,0.15,37.376,67,404114548,569,205008,96689,157040,36
spin_slow,spin,2.0,0.15,spin,2.0,0.15,37.3771,68,404123331,570,127977,96749,156994,4
spin_slow,spin,2.0,0.15,spin,2.0,0.15,37.3897,69,404134781,569,190348,96737,157001,36
spin_slow,spin,2.0,0.15,spin,2.0,0.15,37.4003,70,404145209,569,235907,96734,156997,36
spin_slow,spin,2.0,0.15,spin,2.0,0.15,37.4151,71,404156733,570,153926,96864,157017,4
spin_slow,spin,2.0,0.15,spin,2.0,0.15,37.4235,72,404168705,570,147788,96885,157046,4
spin_slow,spin,2.0,0.15,spin,2.0,0.15,37.4404,73,404179516,570,101159,96954,157041,4
spin_slow,spin,2.0,0.15,spin,2.0,0.15,37.4467,74,404188351,570,189729,96925,157005,36
spin_slow,spin,2.0,0.15,spin,2.0,0.15,37.4551,75,404199427,572,188010,97009,157076,36
spin_slow,spin,2.0,0.15,spin,2.0,0.15,37.472,76,404211089,571,128438,96976,157091,4
spin_slow,spin,2.0,0.15,spin,2.0,0.15,37.4773,77,404219741,571,185852,96991,157041,36
spin_slow,spin,2.0,0.15,spin,2.0,0.15,37.4859,78,404230645,571,154881,97048,157041,4
spin_slow,spin,2.0,0.15,spin,2.0,0.15,37.4955,79,404241249,572,229751,97089,157074,36
spin_slow,spin,2.0,0.15,spin,2.0,0.15,37.5126,80,404252082,569,186787,97074,157041,36
spin_slow,spin,2.0,0.15,spin,2.0,0.15,37.516,81,404260886,573,113209,97091,157030,4
spin_slow,spin,2.0,0.15,spin,2.0,0.15,37.5287,82,404273143,571,155393,97108,157055,4
spin_slow,spin,2.0,0.15,spin,2.0,0.15,37.5383,83,404283551,572,197237,97201,157065,36
spin_slow,spin,2.0,0.15,spin,2.0,0.15,37.5499,84,404294173,572,118395,97250,157015,4
spin_slow,spin,2.0,0.15,spin,2.0,0.15,37.5595,85,404304683,573,177990,97232,157004,36
spin_slow,spin,2.0,0.15,spin,2.0,0.15,37.5701,86,404315160,576,231770,97251,157031,36
spin_slow,spin,2.0,0.15,spin,2.0,0.15,37.5829,87,404326165,573,218217,97341,157047,36
spin_slow,spin,2.0,0.15,spin,2.0,0.15,37.5925,88,404336762,573,135353,97317,157002,4
spin_slow,spin,2.0,0.15,spin,2.0,0.15,37.6159,89,404354232,566,121697,97386,157066,4
spin_slow,spin,2.0,0.15,spin,2.0,0.15,37.618,90,404355195,573,128348,97405,157054,0
spin_slow,spin,2.0,0.15,spin,2.0,0.15,37.6212,91,404356128,578,129914,97408,157033,0
spin_slow,spin,2.0,0.15,spin,2.0,0.15,37.6212,92,404357091,573,136561,97380,157032,0
spin_slow,spin,2.0,0.15,spin,2.0,0.15,37.6297,93,404358373,571,197419,97397,157015,36
spin_slow,spin,2.0,0.15,spin,2.0,0.15,37.6319,94,404362107,573,204025,97456,157050,36
spin_slow,spin,2.0,0.15,spin,2.0,0.15,37.6319,95,404363847,573,185835,97427,157061,36
spin_slow,spin,2.0,0.15,spin,2.0,0.15,37.6404,96,404380960,573,110903,97498,157065,4
spin_slow,spin,2.0,0.15,spin,2.0,0.15,37.6436,97,404381894,572,112562,97388,157060,0
spin_slow,spin,2.0,0.15,spin,2.0,0.15,37.652,98,404392251,574,145555,97507,157080,4
spin_slow,spin,2.0,0.15,spin,2.0,0.15,37.6563,99,404401188,573,251224,97526,157036,36
spin_slow,spin,2.0,0.15,spin,2.0,0.15,37.6732,100,404413749,574,188236,97536,157049,36
spin_slow,spin,2.0,0.15,spin,2.0,0.15,37.6785,101,404422356,574,238219,97644,157046,36
spin_slow,spin,2.0,0.15,spin,2.0,0.15,37.6902,102,404433776,574,138270,97634,157016,4
spin_slow,spin,2.0,0.15,spin,2.0,0.15,37.6998,103,404445143,575,186465,97654,156995,36
spin_slow,spin,2.0,0.15,spin,2.0,0.15,37.7167,104,404455962,576,141496,97781,157026,4
spin_slow,spin,2.0,0.15,spin,2.0,0.15,37.722,105,404464761,575,223898,97815,157021,36
spin_slow,spin,2.0,0.15,spin,2.0,0.15,37.7305,106,404475669,576,193722,97916,157052,36
spin_slow,spin,2.0,0.15,spin,2.0,0.15,37.7411,107,404486384,576,130549,97964,157067,4
spin_slow,spin,2.0,0.15,spin,2.0,0.15,37.7571,108,404497516,576,138545,98015,157027,4
spin_slow,spin,2.0,0.15,spin,2.0,0.15,37.7614,109,404506150,577,193093,98027,157051,36
spin_slow,spin,2.0,0.15,spin,2.0,0.15,37.772,110,404517535,576,243752,98068,157056,36
spin_slow,spin,2.0,0.15,spin,2.0,0.15,37.7837,111,404528152,578,163956,98091,157035,36
spin_slow,spin,2.0,0.15,spin,2.0,0.15,37.7933,112,404538610,577,214440,98121,157020,36
spin_slow,spin,2.0,0.15,spin,2.0,0.15,37.8039,113,404549072,577,108531,98158,157048,4
spin_slow,spin,2.0,0.15,spin,2.0,0.15,37.8166,114,404560075,578,251329,98216,157052,36
spin_slow,spin,2.0,0.15,spin,2.0,0.15,37.8335,115,404571193,578,100019,98274,157020,4
spin_slow,spin,2.0,0.15,spin,2.0,0.15,37.8431,116,404587449,578,193857,98294,157060,36
spin_slow,spin,2.0,0.15,spin,2.0,0.15,37.8452,117,404590571,578,253401,98343,157060,36
spin_slow,spin,2.0,0.15,spin,2.0,0.15,37.8707,118,404602235,579,194449,98389,157069,36
spin_slow,spin,2.0,0.15,spin,2.0,0.15,37.8856,119,404619846,583,204284,98425,157028,36
spin_slow,spin,2.0,0.15,spin,2.0,0.15,37.9025,120,404626929,579,152006,98439,157056,4
spin_slow,spin,2.0,0.15,spin,2.0,0.15,37.9184,121,404641249,579,230846,98434,157029,36
spin_slow,spin,2.0,0.15,spin,2.0,0.15,37.9206,122,404643815,580,196048,98492,157006,36
spin_slow,spin,2.0,0.15,spin,2.0,0.15,37.9365,123,404657132,579,104389,98553,157041,4
spin_slow,spin,2.0,0.15,spin,2.0,0.15,37.9546,124,404673753,580,103527,98576,157006,4
spin_slow,spin,2.0,0.15,spin,2.0,0.15,37.9568,125,404676364,578,233404,98570,157003,36
spin_slow,spin,2.0,0.15,spin,2.0,0.15,37.9589,126,404690021,580,199805,98696,157027,36
spin_slow,spin,2.0,0.15,spin,2.0,0.15,37.9664,127,404707667,581,216231,98751,157052,36
spin_slow,spin,2.0,0.15,spin,2.0,0.15,37.9664,0,404708603,582,218219,98737,157022,32
spin_slow,spin,2.0,0.15,spin,2.0,0.15,37.977,1,404719960,581,107649,98780,157042,4
spin_slow,spin,2.0,0.15,spin,2.0,0.15,37.9887,2,404730786,581,220869,98806,157024,36
spin_slow,spin,2.0,0.15,spin,2.0,0.15,37.9961,3,404740416,581,130779,98834,157000,4
spin_slow,spin,2.0,0.15,spin,2.0,0.15,38.0089,4,404751585,587,145060,98875,157062,4
spin_slow,spin,2.0,0.15,spin,2.0,0.15,38.0185,5,404764107,582,232281,98889,157024,36
spin_slow,spin,2.0,0.15,spin,2.0,0.15,38.0356,6,404774934,582,188356,98975,157036,36
spin_slow,spin,2.0,0.15,spin,2.0,0.15,38.0399,7,404783740,583,114949,99025,157058,4
spin_slow,spin,2.0,0.15,spin,2.0,0.15,38.0494,8,404794634,585,239265,99062,157053,36
spin_slow,spin,2.0,0.15,spin,2.0,0.15,38.06,9,404805349,588,176091,99128,157057,36
spin_slow,spin,2.0,0.15,spin,2.0,0.15,38.0706,10,404816165,584,130065,99176,157062,4
spin_slow,spin,2.0,0.15,spin,2.0,0.15,38.0812,11,404826496,583,158763,99239,157037,36
spin_slow,spin,2.0,0.15,spin,2.0,0.15,38.0961,12,404837751,583,187215,99295,157068,36
spin_slow,spin,2.0,0.15,spin,2.0,0.15,38.1078,13,404846385,584,241444,99303,157028,36
spin_slow,spin,2.0,0.15,spin,2.0,0.15,38.1162,14,404855507,584,221820,99392,157047,36
spin_slow,spin,2.0,0.15,spin,2.0,0.15,38.1226,15,404856464,578,227377,99404,157058,32
spin_slow,spin,2.0,0.15,spin,2.0,0.15,38.1226,16,404857416,585,232161,99425,157086,32
spin_slow,spin,2.0,0.15,spin,2.0,0.15,38.1226,17,404858359,585,235391,99442,157057,32
spin_slow,spin,2.0,0.15,spin,2.0,0.15,38.1311,18,404861032,585,218634,99455,157081,36
spin_slow,spin,2.0,0.15,spin,2.0,0.15,38.1333,19,404863125,586,103144,99463,157084,4
spin_slow,spin,2.0,0.15,spin,2.0,0.15,38.1397,20,404879604,591,234782,99510,157034,36
spin_slow,spin,2.0,0.15,spin,2.0,0.15,38.1397,21,404880560,585,240269,99458,157033,32
spin_slow,spin,2.0,0.15,spin,2.0,0.15,38.1471,22,404891683,585,246567,99552,157045,36
spin_slow,spin,2.0,0.15,spin,2.0,0.15,38.1577,23,404900928,586,247666,99595,157055,36
spin_slow,spin,2.0,0.15,spin,2.0,0.15,38.1672,24,404911359,586,136656,99612,157030,4
spin_slow,spin,2.0,0.15,spin,2.0,0.15,38.1768,25,404921655,587,159584,99622,157039,36
spin_slow,spin,2.0,0.15,spin,2.0,0.15,38.1864,26,404932967,587,198269,99702,157038,36
spin_slow,spin,2.0,0.15,spin,2.0,0.15,38.2033,27,404943771,587,150222,99717,157063,4
spin_slow,spin,2.0,0.15,spin,2.0,0.15,38.2076,28,404952615,587,240319,99723,157025,36
spin_slow,spin,2.0,0.15,spin,2.0,0.15,38.2182,29,404964096,584,150519,99807,157049,4
spin_slow,spin,2.0,0.15,spin,2.0,0.15,38.2288,30,404974998,587,119718,99858,157020,4
spin_slow,spin,2.0,0.15,spin,2.0,0.15,38.2404,31,404985718,588,214729,99920,157024,36
spin_slow,spin,2.0,0.15,spin,2.0,0.15,38.2574,32,404997861,588,237921,99912,157015,36
spin_slow,spin,2.0,0.15,spin,2.0,0.15,38.2638,33,405006506,582,137428,99996,157043,4
spin_slow,spin,2.0,0.15,spin,2.0,0.15,38.2722,34,405017305,589,245753,100019,157064,36
spin_slow,spin,2.0,0.15,spin,2.0,0.15,38.2828,35,405027998,589,179187,100062,157007,36
spin_slow,spin,2.0,0.15,spin,2.0,0.15,38.3008,36,405040398,589,245923,100144,157028,36
spin_slow,spin,2.0,0.15,spin,2.0,0.15,38.3051,37,405049040,590,144913,100220,157025,4
spin_slow,spin,2.0,0.15,spin,2.0,0.15,38.3125,38,405059930,588,111840,100253,157010,4
spin_slow,spin,2.0,0.15,spin,2.0,0.15,38.3263,39,405070413,590,166743,100296,157023,36
spin_slow,spin,2.0,0.15,spin,2.0,0.15,38.338,40,405081018,591,242506,100356,156998,36
spin_slow,spin,2.0,0.15,spin,2.0,0.15,38.3454,41,405091456,597,132919,100354,156986,4
spin_slow,spin,2.0,0.15,spin,2.0,0.15,38.356,42,405101916,591,184006,100429,156991,36
spin_slow,spin,2.0,0.15,spin,2.0,0.15,38.3687,43,405112675,592,128899,100545,157051,4
spin_slow,spin,2.0,0.15,spin,2.0,0.15,38.3794,44,405123393,598,223224,100578,157051,36
spin_slow,spin,2.0,0.15,spin,2.0,0.15,38.3868,45,405133839,592,114419,100632,157056,4
spin_slow,spin,2.0,0.15,spin,2.0,0.15,38.3995,46,405144189,592,146339,100691,157047,4
spin_slow,spin,2.0,0.15,spin,2.0,0.15,38.4101,47,405154795,599,221683,100745,157052,36
spin_slow,spin,2.0,0.15,spin,2.0,0.15,38.4196,48,405165254,594,115145,100781,157053,4
spin_slow,spin,2.0,0.15,spin,2.0,0.15,38.4292,49,405175741,593,170494,100873,157076,36
spin_slow,spin,2.0,0.15,spin,2.0,0.15,38.4409,50,405186706,593,149984,100875,157033,4
spin_slow,spin,2.0,0.15,spin,2.0,0.15,38.4514,51,405197418,593,243837,100830,157018,36
spin_slow,spin,2.0,0.15,spin,2.0,0.15,38.4641,52,405209215,596,208144,100838,156981,36
spin_slow,spin,2.0,0.15,spin,2.0,0.15,38.4768,53,405219851,594,132056,100887,157044,4
spin_slow,spin,2.0,0.15,spin,2.0,0.15,38.4853,54,405230235,594,170097,100891,157004,36
spin_slow,spin,2.0,0.15,spin,2.0,0.15,38.5012,55,405241755,593,244102,100953,157023,36
spin_slow,spin,2.0,0.15,spin,2.0,0.15,38.5066,56,405250378,594,139755,101044,157064,4
spin_slow,spin,2.0,0.15,spin,2.0,0.15,38.515,57,405261281,594,108754,101067,157057,4
spin_slow,spin,2.0,0.15,spin,2.0,0.15,38.5267,58,405271894,596,185549,101098,157023,36
spin_slow,spin,2.0,0.15,spin,2.0,0.15,38.5428,59,405282727,594,142449,101129,157074,4
spin_slow,spin,2.0,0.15,spin,2.0,0.15,38.545,60,405291569,595,232125,101182,157040,36
spin_slow,spin,2.0,0.15,spin,2.0,0.15,38.5578,61,405303804,595,113490,101213,157039,4
spin_slow,spin,2.0,0.15,spin,2.0,0.15,38.577,62,405315540,594,224117,101243,157005,36
spin_slow,spin,2.0,0.15,spin,2.0,0.15,38.5802,63,405324205,596,126997,101338,157040,4
spin_slow,spin,2.0,0.15,spin,2.0,0.15,38.5908,64,405335567,596,174470,101302,156982,36
spin_slow,spin,2.0,0.15,spin,2.0,0.15,38.6088,65,405346963,596,227687,101360,157012,36
spin_slow,spin,2.0,0.15,spin,2.0,0.15,38.6162,66,405354591,597,111375,101389,157015,4
spin_slow,spin,2.0,0.15,spin,2.0,0.15,38.6184,67,405355995,596,192924,101382,156987,36
spin_slow,spin,2.0,0.15,spin,2.0,0.15,38.6237,68,405356920,590,193170,101369,156978,32
spin_slow,spin,2.0,0.15,spin,2.0,0.15,38.6237,69,405357878,596,199050,101382,156988,32
spin_slow,spin,2.0,0.15,spin,2.0,0.15,38.6269,70,405361685,597,218293,101429,157006,36
spin_slow,spin,2.0,0.15,spin,2.0,0.15,38.6281,71,405361718,597,223957,101429,157006,40
spin_slow,spin,2.0,0.15,spin,2.0,0.15,38.6366,72,405378966,597,172842,101458,156990,36
spin_slow,spin,2.0,0.15,spin,2.0,0.15,38.6387,73,405379920,597,178028,101516,157020,32
spin_slow,spin,2.0,0.15,spin,2.0,0.15,38.643,74,405389250,598,194173,101562,157034,36
spin_slow,spin,2.0,0.15,spin,2.0,0.15,38.6546,75,405399104,597,142014,101558,157039,4
spin_slow,spin,2.0,0.15,spin,2.0,0.15,38.6632,76,405409602,598,199314,101649,157041,36
spin_slow,spin,2.0,0.15,spin,2.0,0.15,38.678,77,405420611,598,186405,101682,157036,36
spin_slow,spin,2.0,0.15,spin,2.0,0.15,38.6855,78,405431229,599,107042,101726,157029,4
spin_slow,spin,2.0,0.15,spin,2.0,0.15,38.695,79,405441988,599,208929,101721,156984,36
spin_slow,spin,2.0,0.15,spin,2.0,0.15,38.7078,80,405452795,599,162132,101775,157002,36
spin_slow,spin,2.0,0.15,spin,2.0,0.15,38.7194,81,405463572,599,110218,101826,156999,4
spin_slow,spin,2.0,0.15,spin,2.0,0.15,38.7269,82,405474029,599,160843,101859,157028,36
spin_slow,spin,2.0,0.15,spin,2.0,0.15,38.7396,83,405484385,600,194298,101922,156998,36
spin_slow,spin,2.0,0.15,spin,2.0,0.15,38.7503,84,405495014,600,117069,101932,157007,4
spin_slow,spin,2.0,0.15,spin,2.0,0.15,38.7599,85,405505472,606,168047,102007,157008,36
spin_slow,spin,2.0,0.15,spin,2.0,0.15,38.7706,86,405515925,600,218077,101947,156982,36
spin_slow,spin,2.0,0.15,spin,2.0,0.15,38.7814,87,405526911,600,201737,101999,157003,36
spin_slow,spin,2.0,0.15,spin,2.0,0.15,38.7972,88,405538176,601,232735,102092,157022,36
spin_slow,spin,2.0,0.15,spin,2.0,0.15,38.8024,89,405548836,599,160755,102099,157041,36
spin_slow,spin,2.0,0.15,spin,2.0,0.15,38.8119,90,405557993,601,147001,102203,157054,4
spin_slow,spin,2.0,0.15,spin,2.0,0.15,38.8246,91,405569421,601,205482,102137,156986,36
spin_slow,spin,2.0,0.15,spin,2.0,0.15,38.8341,92,405580053,601,128823,102214,156992,4
spin_slow,spin,2.0,0.15,spin,2.0,0.15,38.8447,93,405590523,608,181525,102239,157033,36
spin_slow,spin,2.0,0.15,spin,2.0,0.15,38.8552,94,405600948,601,226331,102334,157052,36
spin_slow,spin,2.0,0.15,spin,2.0,0.15,38.8679,95,405611946,602,211439,102364,157037,36
spin_slow,spin,2.0,0.15,spin,2.0,0.15,38.8774,96,405622561,602,131702,102378,157008,4
spin_slow,spin,2.0,0.15,spin,2.0,0.15,38.8879,97,405633021,602,182644,102335,156998,36
spin_slow,spin,2.0,0.15,spin,2.0,0.15,38.8974,98,405643482,602,234017,102424,157007,36
spin_slow,spin,2.0,0.15,spin,2.0,0.15,38.91,99,405654252,602,180693,102462,157011,36
spin_slow,spin,2.0,0.15,spin,2.0,0.15,38.9216,100,405664929,603,111540,102519,157006,4
spin_slow,spin,2.0,0.15,spin,2.0,0.15,38.9311,101,405675380,604,161088,102597,157045,36
spin_slow,spin,2.0,0.15,spin,2.0,0.15,38.9437,102,405686993,603,250951,102554,157035,36
spin_slow,spin,2.0,0.15,spin,2.0,0.15,38.9511,103,405695632,603,149346,102646,157008,4
spin_slow,spin,2.0,0.15,spin,2.0,0.15,38.9679,104,405708244,604,252185,102672,157049,36
spin_slow,spin,2.0,0.15,spin,2.0,0.15,38.9732,105,405716897,603,152825,102741,157041,4
spin_slow,spin,2.0,0.15,spin,2.0,0.15,38.9816,106,405727696,605,104339,102763,157021,4
spin_slow,spin,2.0,0.15,spin,2.0,0.15,38.9921,107,405738395,606,195858,102862,157047,36
spin_slow,spin,2.0,0.15,spin,2.0,0.15,39.0048,108,405749208,605,149462,102895,157028,4
spin_slow,spin,2.0,0.15,spin,2.0,0.15,39.0164,109,405759957,606,248977,102999,157080,36
spin_slow,spin,2.0,0.15,spin,2.0,0.15,39.0228,110,405770409,606,141279,102978,157030,4
spin_slow,spin,2.0,0.15,spin,2.0,0.15,39.0364,111,405780795,608,179568,103046,157034,36
spin_slow,spin,2.0,0.15,spin,2.0,0.15,39.0481,112,405791415,606,257671,103019,156990,36
spin_slow,spin,2.0,0.15,spin,2.0,0.15,39.0555,113,405801855,605,148249,103043,157009,4
spin_slow,spin,2.0,0.15,spin,2.0,0.15,39.066,114,405812314,606,198936,103076,157025,36
spin_slow,spin,2.0,0.15,spin,2.0,0.15,39.0787,115,405823070,606,142942,103100,157054,4
spin_slow,spin,2.0,0.15,spin,2.0,0.15,39.0892,116,405833778,607,235729,103122,157023,36
spin_slow,spin,2.0,0.15,spin,2.0,0.15,39.1061,117,405844234,607,128907,103135,157034,4
spin_slow,spin,2.0,0.15,spin,2.0,0.15,39.1209,118,405856967,607,252112,103195,157018,36
spin_slow,spin,2.0,0.15,spin,2.0,0.15,39.1209,119,405857931,608,259015,103222,157011,32
spin_slow,spin,2.0,0.15,spin,2.0,0.15,39.1262,120,405858867,607,104119,103184,157018,0
spin_slow,spin,2.0,0.15,spin,2.0,0.15,39.1283,121,405859830,606,110797,103152,157008,0
spin_slow,spin,2.0,0.15,spin,2.0,0.15,39.1283,122,405864060,607,201872,103242,157033,36
spin_slow,spin,2.0,0.15,spin,2.0,0.15,39.1304,123,405864101,607,208710,103242,157033,40
spin_slow,spin,2.0,0.15,spin,2.0,0.15,39.1357,124,405870763,607,242023,103243,157039,36
spin_slow,spin,2.0,0.15,spin,2.0,0.15,39.1378,125,405883142,608,147878,103275,157032,4
spin_slow,spin,2.0,0.15,spin,2.0,0.15,39.1431,126,405888968,609,196181,103334,156995,36
spin_slow,spin,2.0,0.15,spin,2.0,0.15,39.1505,127,405897158,608,175351,103299,157006,36
spin_slow,spin,2.0,0.15,spin,2.0,0.15,39.1673,0,405907100,607,138502,103355,156986,4
spin_slow,spin,2.0,0.15,spin,2.0,0.15,39.1778,1,405921984,607,156203,103431,157025,4
spin_slow,spin,2.0,0.15,spin,2.0,0.15,39.1958,2,405929534,615,183439,103473,157041,36
spin_slow,spin,2.0,0.15,spin,2.0,0.15,39.2115,3,405950897,609,203441,103455,157018,36
spin_slow,spin,2.0,0.15,spin,2.0,0.15,39.2115,4,405951841,609,206841,103560,157054,32
spin_slow,spin,2.0,0.15,spin,2.0,0.15,39.2179,5,405962145,609,231001,103517,157051,36
spin_slow,spin,2.0,0.15,spin,2.0,0.15,39.2284,6,405970748,609,123023,103577,157053,4
spin_slow,spin,2.0,0.15,spin,2.0,0.15,39.2327,7,405980710,609,246091,103575,157019,36
spin_slow,spin,2.0,0.15,spin,2.0,0.15,39.2505,8,405990908,609,252304,103600,157056,36
spin_slow,spin,2.0,0.15,spin,2.0,0.15,39.2727,9,406007888,610,155138,103658,157032,4
spin_slow,spin,2.0,0.15,spin,2.0,0.15,39.2759,10,406014219,609,131969,103669,157053,4
spin_slow,spin,2.0,0.15,spin,2.0,0.15,39.2811,11,406028320,611,173313,103757,157060,36
spin_slow,spin,2.0,0.15,spin,2.0,0.15,39.2864,12,406035001,610,209510,103754,157051,36
spin_slow,spin,2.0,0.15,spin,2.0,0.15,39.3001,13,406044729,611,135833,103783,157039,4
spin_slow,spin,2.0,0.15,spin,2.0,0.15,39.3117,14,406055333,611,210822,103844,157074,36
spin_slow,spin,2.0,0.15,spin,2.0,0.15,39.319,15,406065765,611,256598,103819,157051,36
spin_slow,spin,2.0,0.15,spin,2.0,0.15,39.3306,16,406076275,611,158520,103864,157053,36
spin_slow,spin,2.0,0.15,spin,2.0,0.15,39.3422,17,406087246,612,139190,103892,157025,4
spin_slow,spin,2.0,0.15,spin,2.0,0.15,39.3517,18,406097870,611,217921,103909,157007,36
spin_slow,spin,2.0,0.15,spin,2.0,0.15,39.3654,19,406109763,611,198646,103921,157029,36
spin_slow,spin,2.0,0.15,spin,2.0,0.15,39.3728,20,406119436,611,115869,103990,157022,4
spin_slow,spin,2.0,0.15,spin,2.0,0.15,39.3824,21,406128282,612,206390,104005,157039,36
spin_slow,spin,2.0,0.15,spin,2.0,0.15,39.393,22,406138786,617,107543,104059,157061,4
spin_slow,spin,2.0,0.15,spin,2.0,0.15,39.4056,23,406149786,612,250106,104092,157064,36
spin_slow,spin,2.0,0.15,spin,2.0,0.15,39.4151,24,406160405,613,170701,104108,157015,36
spin_slow,spin,2.0,0.15,spin,2.0,0.15,39.4245,25,406170835,612,216265,104110,157030,36
spin_slow,spin,2.0,0.15,spin,2.0,0.15,39.4351,26,406181320,613,114364,104194,157040,4
spin_slow,spin,2.0,0.15,spin,2.0,0.15,39.4477,27,406192322,613,257224,104202,157040,36
spin_slow,spin,2.0,0.15,spin,2.0,0.15,39.4593,28,406202946,613,178801,104294,157066,36
spin_slow,spin,2.0,0.15,spin,2.0,0.15,39.4678,29,406213393,613,227127,104307,157032,36
spin_slow,spin,2.0,0.15,spin,2.0,0.15,39.4762,30,406223834,612,117843,104389,157034,4
spin_slow,spin,2.0,0.15,spin,2.0,0.15,39.4909,31,406234849,614,105731,104400,157054,4
spin_slow,spin,2.0,0.15,spin,2.0,0.15,39.5015,32,406245457,619,181424,104454,157018,36
spin_slow,spin,2.0,0.15,spin,2.0,0.15,39.5099,33,406255908,615,230962,104493,157019,36
spin_slow,spin,2.0,0.15,spin,2.0,0.15,39.5204,34,406266376,615,125938,104504,157051,4
spin_slow,spin,2.0,0.15,spin,2.0,0.15,39.5375,35,406277126,621,226177,104563,157073,36
spin_slow,spin,2.0,0.15,spin,2.0,0.15,39.5407,36,406285934,615,152931,104601,157061,4
spin_slow,spin,2.0,0.15,spin,2.0,0.15,39.5512,37,406297397,615,217062,104626,157044,36
spin_slow,spin,2.0,0.15,spin,2.0,0.15,39.5618,38,406308268,616,180516,104629,157050,36
spin_slow,spin,2.0,0.15,spin,2.0,0.15,39.5745,39,406319284,614,168518,104665,157057,36
spin_slow,spin,2.0,0.15,spin,2.0,0.15,39.584,40,406329755,616,220946,104705,157057,36
spin_slow,spin,2.0,0.15,spin,2.0,0.15,39.5935,41,406340177,619,107805,104849,157095,4
spin_slow,spin,2.0,0.15,spin,2.0,0.15,39.6125,42,406352655,616,187012,104792,157077,36
spin_slow,spin,2.0,0.15,spin,2.0,0.15,39.6157,43,406353617,615,193454,104791,157069,32
spin_slow,spin,2.0,0.15,spin,2.0,0.15,39.623,44,406357916,620,139058,104774,157032,4
spin_slow,spin,2.0,0.15,spin,2.0,0.15,39.6251,45,406358851,616,140962,104820,157049,0
spin_slow,spin,2.0,0.15,spin,2.0,0.15,39.6251,46,406359812,616,147317,104829,157055,0
spin_slow,spin,2.0,0.15,spin,2.0,0.15,39.6273,47,406360746,611,148984,104803,157023,0
spin_slow,spin,2.0,0.15,spin,2.0,0.15,39.6315,48,406362065,617,216268,104839,157031,36
spin_slow,spin,2.0,0.15,spin,2.0,0.15,39.6315,49,406380136,617,147568,104863,157023,4
spin_slow,spin,2.0,0.15,spin,2.0,0.15,39.642,50,406385494,617,116381,104855,157007,4
spin_slow,spin,2.0,0.15,spin,2.0,0.15,39.6484,51,406392681,617,238883,104928,157047,36
spin_slow,spin,2.0,0.15,spin,2.0,0.15,39.6592,52,406403529,618,198286,105060,157075,36
spin_slow,spin,2.0,0.15,spin,2.0,0.15,39.6678,53,406413553,617,174669,104987,157031,36
spin_slow,spin,2.0,0.15,spin,2.0,0.15,39.6783,54,406425006,618,236956,105104,157085,36
spin_slow,spin,2.0,0.15,spin,2.0,0.15,39.6911,55,406436249,612,106444,105113,157033,4
spin_slow,spin,2.0,0.15,spin,2.0,0.15,39.7037,56,406447791,625,183848,105149,157037,36
spin_slow,spin,2.0,0.15,spin,2.0,0.15,39.7101,57,406456885,619,159517,105180,157026,36
spin_slow,spin,2.0,0.15,spin,2.0,0.15,39.7206,58,406468785,619,140873,105215,157070,4
spin_slow,spin,2.0,0.15,spin,2.0,0.15,39.7374,59,406478479,619,218401,105267,157036,36
spin_slow,spin,2.0,0.15,spin,2.0,0.15,39.7406,60,406487331,619,153179,105248,157026,4
spin_slow,spin,2.0,0.15,spin,2.0,0.15,39.7532,61,406498807,619,219553,105311,157043,36
spin_slow,spin,2.0,0.15,spin,2.0,0.15,39.7627,62,406509136,620,248263,105314,157014,36
spin_slow,spin,2.0,0.15,spin,2.0,0.15,39.7753,63,406520116,620,230463,105407,157015,36
spin_slow,spin,2.0,0.15,spin,2.0,0.15,39.7869,64,406530688,620,143532,105445,157022,4
spin_slow,spin,2.0,0.15,spin,2.0,0.15,39.7943,65,406541125,621,190478,105516,157022,36
spin_slow,spin,2.0,0.15,spin,2.0,0.15,39.8059,66,406551588,628,241907,105551,157011,36
spin_slow,spin,2.0,0.15,spin,2.0,0.15,39.8155,67,406562590,627,228138,105594,157026,36
spin_slow,spin,2.0,0.15,spin,2.0,0.15,39.8324,68,406573462,622,192279,105689,157048,36
spin_slow,spin,2.0,0.15,spin,2.0,0.15,39.8431,69,406583865,621,233099,105728,157050,36
spin_slow,spin,2.0,0.15,spin,2.0,0.15,39.8473,70,406593305,622,110375,105723,157051,4
spin_slow,spin,2.0,0.15,spin,2.0,0.15,39.8569,71,406604110,623,219711,105793,157033,36
spin_slow,spin,2.0,0.15,spin,2.0,0.15,39.8705,72,406615120,622,206851,105799,157039,36
spin_slow,spin,2.0,0.15,spin,2.0,0.15,39.8801,73,406625742,623,128233,105881,157057,4
spin_slow,spin,2.0,0.15,spin,2.0,0.15,39.896,74,406637630,623,107629,105855,157002,4
spin_slow,spin,2.0,0.15,spin,2.0,0.15,39.9014,75,406646303,624,168929,105957,157048,36
spin_slow,spin,2.0,0.15,spin,2.0,0.15,39.9109,76,406657377,621,167024,105941,157029,36
spin_slow,spin,2.0,0.15,spin,2.0,0.15,39.9203,77,406667663,624,188143,106000,157053,36
spin_slow,spin,2.0,0.15,spin,2.0,0.15,39.934,78,406678900,624,214251,106050,157017,36
spin_slow,spin,2.0,0.15,spin,2.0,0.15,39.9446,79,406689530,624,136672,106051,157024,4
spin_slow,spin,2.0,0.15,spin,2.0,0.15,39.954,80,406699975,623,185027,106106,157045,36
spin_slow,spin,2.0,0.15,spin,2.0,0.15,39.9646,81,406710429,624,234579,106163,157069,36
spin_slow,spin,2.0,0.15,spin,2.0,0.15,39.9761,82,406721190,625,179695,106255,157033,36
spin_slow,spin,2.0,0.15,spin,2.0,0.15,39.9877,83,406731886,625,113372,106243,157044,4
spin_slow,spin,2.0,0.15,spin,2.0,0.15,39.9952,84,406742345,627,164283,106355,157023,36
spin_slow,spin,2.0,0.15,spin,2.0,0.15,40.0089,85,406752719,625,200444,106343,157051,36
spin_slow,spin,2.0,0.15,spin,2.0,0.15,40.0173,86,406763353,625,123751,106357,157003,4
spin_slow,spin,2.0,0.15,spin,2.0,0.15,40.0279,87,406774037,626,212953,106468,157014,36
spin_slow,spin,2.0,0.15,spin,2.0,0.15,40.0437,88,406784929,627,180254,106501,157010,36
spin_slow,spin,2.0,0.15,spin,2.0,0.15,40.0479,89,406793776,628,113832,106534,157066,4
spin_slow,spin,2.0,0.15,spin,2.0,0.15,40.0595,90,406805245,627,178796,106602,157043,36
spin_slow,spin,2.0,0.15,spin,2.0,0.15,40.0703,91,406815687,627,226791,106578,157003,36
spin_slow,spin,2.0,0.15,spin,2.0,0.15,40.0798,92,406826288,628,144486,106665,157034,4
spin_slow,spin,2.0,0.15,spin,2.0,0.15,40.0904,93,406836766,635,198524,106714,157033,36
spin_slow,spin,2.0,0.15,spin,2.0,0.15,40.1084,94,406847786,628,187847,106727,157009,36
spin_slow,spin,2.0,0.15,spin,2.0,0.15,40.1169,95,406855535,628,249130,106776,157012,36
spin_slow,spin,2.0,0.15,spin,2.0,0.15,40.119,96,406856939,630,173653,106819,157023,36
spin_slow,spin,2.0,0.15,spin,2.0,0.15,40.1232,97,406857874,628,175669,106768,157006,32
spin_slow,spin,2.0,0.15,spin,2.0,0.15,40.1285,98,406858834,623,181830,106766,157001,32
spin_slow,spin,2.0,0.15,spin,2.0,0.15,40.1317,99,406862194,628,125083,106797,156985,4
spin_slow,spin,2.0,0.15,spin,2.0,0.15,40.1317,100,406862227,628,130746,106797,156985,8
spin_slow,spin,2.0,0.15,spin,2.0,0.15,40.138,101,406879289,629,205204,106893,156970,36
spin_slow,spin,2.0,0.15,spin,2.0,0.15,40.138,102,406880737,629,137502,106869,156987,0
spin_slow,spin,2.0,0.15,spin,2.0,0.15,40.1454,103,406891689,629,115103,106951,157000,4
spin_slow,spin,2.0,0.15,spin,2.0,0.15,40.157,104,406901491,630,211353,106958,157008,36
spin_slow,spin,2.0,0.15,spin,2.0,0.15,40.1676,105,406912160,630,140892,107029,156993,4
spin_slow,spin,2.0,0.15,spin,2.0,0.15,40.176,106,406922599,630,188526,107034,157003,36
spin_slow,spin,2.0,0.15,spin,2.0,0.15,40.1876,107,406933091,636,245206,107039,157007,36
spin_slow,spin,2.0,0.15,spin,2.0,0.15,40.1971,108,406943500,630,130707,107137,156994,4
spin_slow,spin,2.0,0.15,spin,2.0,0.15,40.2076,109,406954125,630,209848,107158,157021,36
spin_slow,spin,2.0,0.15,spin,2.0,0.15,40.2235,110,406965027,631,179005,107208,157041,36
spin_slow,spin,2.0,0.15,spin,2.0,0.15,40.2267,111,406973865,631,111355,107284,156998,4
spin_slow,spin,2.0,0.15,spin,2.0,0.15,40.2383,112,406985338,630,177478,107285,156983,36
spin_slow,spin,2.0,0.15,spin,2.0,0.15,40.251,113,406996016,631,108440,107339,157027,4
spin_slow,spin,2.0,0.15,spin,2.0,0.15,40.2605,114,407006441,633,153229,107361,157048,4
spin_slow,spin,2.0,0.15,spin,2.0,0.15,40.271,115,407016903,632,204415,107484,157047,36
spin_slow,spin,2.0,0.15,spin,2.0,0.15,40.2805,116,407027234,633,233338,107503,157020,36
spin_slow,spin,2.0,0.15,spin,2.0,0.15,40.29,117,407037947,637,170336,107540,157016,36
spin_slow,spin,2.0,0.15,spin,2.0,0.15,40.3037,118,407048797,634,130422,107670,157018,4
spin_slow,spin,2.0,0.15,spin,2.0,0.15,40.3132,119,407059531,638,227941,107696,157024,36
spin_slow,spin,2.0,0.15,spin,2.0,0.15,40.3216,120,407069935,635,112341,107811,157032,4
spin_slow,spin,2.0,0.15,spin,2.0,0.15,40.3364,121,407080388,635,162054,107898,157032,36
spin_slow,spin,2.0,0.15,spin,2.0,0.15,40.347,122,407091020,636,242079,107830,157000,36
spin_slow,spin,2.0,0.15,spin,2.0,0.15,40.3554,123,407101461,635,132990,107913,157010,4
spin_slow,spin,2.0,0.15,spin,2.0,0.15,40.366,124,407111939,636,186995,107937,156997,36
spin_slow,spin,2.0,0.15,spin,2.0,0.15,40.3828,125,407124192,636,228754,107993,157012,36
spin_slow,spin,2.0,0.15,spin,2.0,0.15,40.3881,126,407132846,635,129936,107985,157026,4
spin_slow,spin,2.0,0.15,spin,2.0,0.15,40.3976,127,407143772,636,259790,108100,157058,36
spin_slow,spin,2.0,0.15,spin,2.0,0.15,40.407,0,407154413,638,184594,108065,157007,36
spin_slow,spin,2.0,0.15,spin,2.0,0.15,40.4218,1,407165214,631,136648,108082,156993,4
spin_slow,spin,2.0,0.15,spin,2.0,0.15,40.427,2,407174029,636,221969,108175,157058,36
spin_slow,spin,2.0,0.15,spin,2.0,0.15,40.446,3,407186726,637,181931,108234,157026,36
spin_slow,spin,2.0,0.15,spin,2.0,0.15,40.447,4,407195354,636,235497,108211,156993,36
spin_slow,spin,2.0,0.15,spin,2.0,0.15,40.4607,5,407206718,643,126306,108273,156988,4
spin_slow,spin,2.0,0.15,spin,2.0,0.15,40.4818,6,407218002,637,160304,108334,157012,36
spin_slow,spin,2.0,0.15,spin,2.0,0.15,40.5071,7,407240399,638,199969,108462,157023,36
spin_slow,spin,2.0,0.15,spin,2.0,0.15,40.5071,8,407241367,639,207492,108434,156993,32
spin_slow,spin,2.0,0.15,spin,2.0,0.15,40.5177,9,407261765,638,220998,108456,157012,36
spin_slow,spin,2.0,0.15,spin,2.0,0.15,40.5209,10,407262702,638,223249,108498,156978,32
spin_slow,spin,2.0,0.15,spin,2.0,0.15,40.5261,11,407271643,640,173306,108491,157024,36
spin_slow,spin,2.0,0.15,spin,2.0,0.15,40.5357,12,407281552,639,130613,108573,157024,4
spin_slow,spin,2.0,0.15,spin,2.0,0.15,40.5536,13,407291848,639,153705,108589,157012,4
spin_slow,spin,2.0,0.15,spin,2.0,0.15,40.5758,14,407309140,639,110128,108655,157004,4
spin_slow,spin,2.0,0.15,spin,2.0,0.15,40.5779,15,407311195,639,145376,108626,157010,4
spin_slow,spin,2.0,0.15,spin,2.0,0.15,40.5885,16,407333014,641,243319,108664,156947,36
spin_slow,spin,2.0,0.15,spin,2.0,0.15,40.597,17,407333953,640,245885,108715,156965,32
spin_slow,spin,2.0,0.15,spin,2.0,0.15,40.5991,18,407346588,641,196238,108813,156990,36
spin_slow,spin,2.0,0.15,spin,2.0,0.15,40.6265,19,407361563,641,230324,108874,157020,36
spin_slow,spin,2.0,0.15,spin,2.0,0.15,40.6265,20,407362531,641,237893,108895,157051,32
spin_slow,spin,2.0,0.15,spin,2.0,0.15,40.6286,21,407363472,641,240672,108962,157038,32
spin_slow,spin,2.0,0.15,spin,2.0,0.15,40.636,22,407366311,637,252322,108905,157010,36
spin_slow,spin,2.0,0.15,spin,2.0,0.15,40.636,23,407366344,637,257916,108905,157010,40
spin_slow,spin,2.0,0.15,spin,2.0,0.15,40.6371,24,407368570,640,165263,108909,157017,36
spin_slow,spin,2.0,0.15,spin,2.0,0.15,40.6371,25,407374052,640,155156,108914,157002,4
spin_slow,spin,2.0,0.15,spin,2.0,0.15,40.6466,26,407389170,641,212976,108945,157009,36
spin_slow,spin,2.0,0.15,spin,2.0,0.15,40.6487,27,407390137,642,220472,109032,157030,32
spin_slow,spin,2.0,0.15,spin,2.0,0.15,40.655,28,407399811,640,137868,109027,156963,4
spin_slow,spin,2.0,0.15,spin,2.0,0.15,40.6645,29,407408099,642,133902,109043,156986,4
spin_slow,spin,2.0,0.15,spin,2.0,0.15,40.6782,30,407420575,642,213966,109074,157043,36
spin_slow,spin,2.0,0.15,spin,2.0,0.15,40.6835,31,407429234,646,115908,109100,156992,4
spin_slow,spin,2.0,0.15,spin,2.0,0.15,40.6951,32,407440608,642,165353,109134,157014,36
spin_slow,spin,2.0,0.15,spin,2.0,0.15,40.7057,33,407451938,642,207287,109195,156993,36
spin_slow,spin,2.0,0.15,spin,2.0,0.15,40.7215,34,407462800,642,169533,109210,157004,36
spin_slow,spin,2.0,0.15,spin,2.0,0.15,40.7278,35,407471612,642,254518,109252,157016,36
spin_slow,spin,2.0,0.15,spin,2.0,0.15,40.7384,36,407482695,643,254577,109243,157005,36
spin_slow,spin,2.0,0.15,spin,2.0,0.15,40.7458,37,407492243,642,150744,109399,157016,4
spin_slow,spin,2.0,0.15,spin,2.0,0.15,40.7626,38,407504376,648,172209,109437,157004,36
spin_slow,spin,2.0,0.15,spin,2.0,0.15,40.7679,39,407513033,644,230848,109454,156982,36
spin_slow,spin,2.0,0.15,spin,2.0,0.15,40.7752,40,407523972,644,206736,109503,156999,36
spin_slow,spin,2.0,0.15,spin,2.0,0.15,40.7858,41,407534386,644,250067,109567,156975,36
spin_slow,spin,2.0,0.15,spin,2.0,0.15,40.8005,42,407545086,645,184915,109577,156993,36
spin_slow,spin,2.0,0.15,spin,2.0,0.15,40.809,43,407555444,645,218674,109648,157033,36
spin_slow,spin,2.0,0.15,spin,2.0,0.15,40.8185,44,407565933,644,117709,109702,157008,4
spin_slow,spin,2.0,0.15,spin,2.0,0.15,40.8301,45,407576655,646,213064,109719,157030,36
spin_slow,spin,2.0,0.15,spin,2.0,0.15,40.8406,46,407588013,645,259598,109745,157010,36
spin_slow,spin,2.0,0.15,spin,2.0,0.15,40.8501,47,407598452,645,149837,109758,157020,4
spin_slow,spin,2.0,0.15,spin,2.0,0.15,40.8672,48,407609438,646,133035,109788,157033,4
spin_slow,spin,2.0,0.15,spin,2.0,0.15,40.8726,49,407618102,646,192877,109814,157005,36
spin_slow,spin,2.0,0.15,spin,2.0,0.15,40.881,50,407629169,646,190024,109872,157028,36
spin_slow,spin,2.0,0.15,spin,2.0,0.15,40.8958,51,407640141,647,170984,109932,157015,36
spin_slow,spin,2.0,0.15,spin,2.0,0.15,40.9053,52,407652049,647,153811,109944,157035,4
spin_slow,spin,2.0,0.15,spin,2.0,0.15,40.9212,53,407662907,654,115466,109976,157009,4
spin_slow,spin,2.0,0.15,spin,2.0,0.15,40.9265,54,407671737,654,203315,110028,157044,36
spin_slow,spin,2.0,0.15,spin,2.0,0.15,40.936,55,407682631,647,171027,110040,157001,36
spin_slow,spin,2.0,0.15,spin,2.0,0.15,40.9465,56,407693320,648,261105,110076,156999,36
spin_slow,spin,2.0,0.15,spin,2.0,0.15,40.9623,57,407704174,647,222231,110102,157035,36
spin_slow,spin,2.0,0.15,spin,2.0,0.15,40.9687,58,407713015,647,154848,110096,157007,4
spin_slow,spin,2.0,0.15,spin,2.0,0.15,40.9771,59,407724777,647,113241,110096,156983,4
spin_slow,spin,2.0,0.15,spin,2.0,0.15,40.9908,60,407735760,648,253329,110141,156988,36
spin_slow,spin,2.0,0.15,spin,2.0,0.15,41.0014,61,407746390,649,176339,110163,157010,36
spin_slow,spin,2.0,0.15,spin,2.0,0.15,41.0109,62,407756841,649,226142,110222,156985,36
spin_slow,spin,2.0,0.15,spin,2.0,0.15,41.0205,63,407767288,646,118143,110235,157012,4
spin_slow,spin,2.0,0.15,spin,2.0,0.15,41.0331,64,407778020,649,215338,110224,156986,36
spin_slow,spin,2.0,0.15,spin,2.0,0.15,41.0373,65,407786870,649,149763,110315,156988,4
spin_slow,spin,2.0,0.15,spin,2.0,0.15,41.0521,66,407797697,649,263478,110292,156982,36
spin_slow,spin,2.0,0.15,spin,2.0,0.15,41.0627,67,407809617,649,248833,110376,156991,36
spin_slow,spin,2.0,0.15,spin,2.0,0.15,41.0711,68,407820467,650,209371,110417,156998,36
spin_slow,spin,2.0,0.15,spin,2.0,0.15,41.0859,69,407830813,650,240954,110492,156996,36
spin_slow,spin,2.0,0.15,spin,2.0,0.15,41.0954,70,407841441,651,163492,110518,157035,36
spin_slow,spin,2.0,0.15,spin,2.0,0.15,41.1102,71,407851834,649,203091,110506,157006,36
spin_slow,spin,2.0,0.15,spin,2.0,0.15,41.1208,72,407858803,656,131618,110524,156997,4
spin_slow,spin,2.0,0.15,spin,2.0,0.15,41.1208,73,407859737,650,133436,110534,156987,0
spin_slow,spin,2.0,0.15,spin,2.0,0.15,41.1251,74,407860696,650,139593,110490,157003,0
spin_slow,spin,2.0,0.15,spin,2.0,0.15,41.1251,75,407861656,651,145719,110522,156993,0
spin_slow,spin,2.0,0.15,spin,2.0,0.15,41.1335,76,407863891,650,211735,110526,156991,36
spin_slow,spin,2.0,0.15,spin,2.0,0.15,41.1335,77,407866676,651,214250,110573,156994,36
spin_slow,spin,2.0,0.15,spin,2.0,0.15,41.1388,78,407882355,650,210676,110582,157015,36
spin_slow,spin,2.0,0.15,spin,2.0,0.15,41.143,79,407884472,650,256470,110577,157003,36
spin_slow,spin,2.0,0.15,spin,2.0,0.15,41.1504,80,407895768,653,135535,110637,157005,4
spin_slow,spin,2.0,0.15,spin,2.0,0.15,41.1568,81,407903444,651,184585,110672,156985,36
spin_slow,spin,2.0,0.15,spin,2.0,0.15,41.1737,82,407915837,651,250471,110637,156985,36
spin_slow,spin,2.0,0.15,spin,2.0,0.15,41.1789,83,407924498,651,152813,110706,157022,4
spin_slow,spin,2.0,0.15,spin,2.0,0.15,41.1863,84,407935571,652,150998,110780,157028,4
spin_slow,spin,2.0,0.15,spin,2.0,0.15,41.1979,85,407945865,652,173476,110784,157030,36
spin_slow,spin,2.0,0.15,spin,2.0,0.15,41.2159,86,407957124,655,203075,110858,157021,36
spin_slow,spin,2.0,0.15,spin,2.0,0.15,41.2201,87,407967788,656,131733,110889,157030,4
spin_slow,spin,2.0,0.15,spin,2.0,0.15,41.2329,88,407978267,653,185735,110927,157015,36
spin_slow,spin,2.0,0.15,spin,2.0,0.15,41.2424,89,407989717,659,247836,111022,157039,36
spin_slow,spin,2.0,0.15,spin,2.0,0.15,41.2582,90,408000587,653,211572,111002,157017,36
spin_slow,spin,2.0,0.15,spin,2.0,0.15,41.2635,91,408009443,660,146886,111018,157029,4
spin_slow,spin,2.0,0.15,spin,2.0,0.15,41.2741,92,408020322,654,268110,111098,157039,36
spin_slow,spin,2.0,0.15,spin,2.0,0.15,41.2836,93,408030981,652,196409,111079,157020,36
spin_slow,spin,2.0,0.15,spin,2.0,0.15,41.2941,94,408040970,654,167273,111120,157021,36
spin_slow,spin,2.0,0.15,spin,2.0,0.15,41.3068,95,408052854,653,146587,111119,156945,4
spin_slow,spin,2.0,0.15,spin,2.0,0.15,41.3173,96,408064762,654,130266,111188,156997,4
spin_slow,spin,2.0,0.15,spin,2.0,0.15,41.3331,97,408075607,658,246779,111187,156998,36
spin_slow,spin,2.0,0.15,spin,2.0,0.15,41.3405,98,408084437,654,178094,111184,157000,36
spin_slow,spin,2.0,0.15,spin,2.0,0.15,41.3469,99,408095505,654,175608,111245,156972,36
spin_slow,spin,2.0,0.15,spin,2.0,0.15,41.3637,100,408105923,655,219828,111293,156998,36
spin_slow,spin,2.0,0.15,spin,2.0,0.15,41.3679,101,408114566,655,119141,111316,156975,4
spin_slow,spin,2.0,0.15,spin,2.0,0.15,41.3784,102,408125941,656,169147,111335,156946,36
spin_slow,spin,2.0,0.15,spin,2.0,0.15,41.3911,103,408136793,656,130244,111412,157004,4
spin_slow,spin,2.0,0.15,spin,2.0,0.15,41.407,104,408148079,656,164765,111445,156998,36
spin_slow,spin,2.0,0.15,spin,2.0,0.15,41.4175,105,408158475,657,204795,111480,157035,36
spin_slow,spin,2.0,0.15,spin,2.0,0.15,41.4281,106,408169045,656,117541,111487,157007,4
spin_slow,spin,2.0,0.15,spin,2.0,0.15,41.4335,107,408179723,657,205548,111614,157063,36
spin_slow,spin,2.0,0.15,spin,2.0,0.15,41.443,108,408189535,656,145967,111608,157038,4
spin_slow,spin,2.0,0.15,spin,2.0,0.15,41.4536,109,408199603,658,130155,111626,157022,4
spin_slow,spin,2.0,0.15,spin,2.0,0.15,41.4632,110,408211057,657,192818,111640,157047,36
spin_slow,spin,2.0,0.15,spin,2.0,0.15,41.477,111,408221919,658,154741,111682,157057,4
spin_slow,spin,2.0,0.15,spin,2.0,0.15,41.4876,112,408232661,657,253584,111681,157005,36
spin_slow,spin,2.0,0.15,spin,2.0,0.15,41.4951,113,408243078,656,140227,111727,157008,4
spin_slow,spin,2.0,0.15,spin,2.0,0.15,41.5057,114,408253664,657,212506,111753,156996,36
spin_slow,spin,2.0,0.15,spin,2.0,0.15,41.5184,115,408264466,659,164850,111851,157022,36
spin_slow,spin,2.0,0.15,spin,2.0,0.15,41.5301,116,408275176,657,258253,111853,157026,36
spin_slow,spin,2.0,0.15,spin,2.0,0.15,41.5365,117,408285668,658,156898,111848,157035,4
spin_slow,spin,2.0,0.15,spin,2.0,0.15,41.5502,118,408296024,658,191069,111901,156993,36
spin_slow,spin,2.0,0.15,spin,2.0,0.15,41.5619,119,408306666,665,116235,111971,156999,4
spin_slow,spin,2.0,0.15,spin,2.0,0.15,41.5704,120,408317143,659,170019,112009,157036,36
spin_slow,spin,2.0,0.15,spin,2.0,0.15,41.5801,121,408327575,659,216147,112039,157023,36
spin_slow,spin,2.0,0.15,spin,2.0,0.15,41.5929,122,408338332,666,160610,112091,156988,36
spin_slow,spin,2.0,0.15,spin,2.0,0.15,41.6108,123,408349042,660,254359,112085,156979,36
spin_slow,spin,2.0,0.15,spin,2.0,0.15,41.6234,124,408360862,660,223153,112195,156968,36
spin_slow,spin,2.0,0.15,spin,2.0,0.15,41.6266,125,408361798,660,225205,112205,156992,32
spin_slow,spin,2.0,0.15,spin,2.0,0.15,41.6266,126,408362758,660,231380,112209,156997,32
spin_slow,spin,2.0,0.15,spin,2.0,0.15,41.6287,127,408363720,660,238006,112180,157007,32
spin_slow,spin,2.0,0.15,spin,2.0,0.15,41.6319,0,408366298,660,205300,112198,156981,36
spin_slow,spin,2.0,0.15,spin,2.0,0.15,41.634,1,408368736,660,148757,112247,156990,4
spin_slow,spin,2.0,0.15,spin,2.0,0.15,41.634,2,408371779,661,195071,112213,156999,36
spin_slow,spin,2.0,0.15,spin,2.0,0.15,41.6425,3,408387197,660,147213,112321,157008,4
spin_slow,spin,2.0,0.15,spin,2.0,0.15,41.6489,4,408392609,661,125196,112330,156988,4
spin_slow,spin,2.0,0.15,spin,2.0,0.15,41.6595,5,408404170,662,206742,112402,157005,36
spin_slow,spin,2.0,0.15,spin,2.0,0.15,41.6659,6,408412928,661,125489,112440,156982,4
spin_slow,spin,2.0,0.15,spin,2.0,0.15,41.683,7,408424822,661,263353,112454,157012,36
spin_slow,spin,2.0,0.15,spin,2.0,0.15,41.6895,8,408433507,662,169800,112539,157030,36
spin_slow,spin,2.0,0.15,spin,2.0,0.15,41.697,9,408444440,662,144199,112500,156977,4
spin_slow,spin,2.0,0.15,spin,2.0,0.15,41.7065,10,408454836,662,184320,112601,157008,36
spin_slow,spin,2.0,0.15,spin,2.0,0.15,41.7214,11,408466114,662,217525,112602,157004,36
spin_slow,spin,2.0,0.15,spin,2.0,0.15,41.7289,12,408476329,663,226903,112628,157002,36
spin_slow,spin,2.0,0.15,spin,2.0,0.15,41.7416,13,408487358,663,217551,112653,157032,36
spin_slow,spin,2.0,0.15,spin,2.0,0.15,41.7511,14,408498003,663,143077,112719,157011,4
spin_slow,spin,2.0,0.15,spin,2.0,0.15,41.7607,15,408508446,670,191359,112744,156994,36
spin_slow,spin,2.0,0.15,spin,2.0,0.15,41.7872,16,408518892,663,240386,112778,156984,36
spin_slow,spin,2.0,0.15,spin,2.0,0.15,41.8105,17,408544793,664,248162,112899,157002,36
spin_slow,spin,2.0,0.15,spin,2.0,0.15,41.8105,18,408545737,664,251582,112850,156982,32
spin_slow,spin,2.0,0.15,spin,2.0,0.15,41.8127,19,408550539,663,125983,112907,157024,4
spin_slow,spin,2.0,0.15,spin,2.0,0.15,41.818,20,408565986,664,239919,112922,156978,36
spin_slow,spin,2.0,0.15,spin,2.0,0.15,41.8222,21,408572506,665,249449,112974,157000,36
spin_slow,spin,2.0,0.15,spin,2.0,0.15,41.836,22,408582399,664,204321,113007,156991,36
spin_slow,spin,2.0,0.15,spin,2.0,0.15,41.8561,23,408593290,664,171837,113044,157036,36
spin_slow,spin,2.0,0.15,spin,2.0,0.15,41.8785,24,408613576,666,166852,113104,156967,36
spin_slow,spin,2.0,0.15,spin,2.0,0.15,41.8785,25,408614520,666,170465,113113,156983,32
spin_slow,spin,2.0,0.15,spin,2.0,0.15,41.8901,26,408636145,669,235496,113132,156947,36
spin_slow,spin,2.0,0.15,spin,2.0,0.15,41.8986,27,408637083,660,238047,113173,156961,32
spin_slow,spin,2.0,0.15,spin,2.0,0.15,41.905,28,408649771,666,197409,113266,156986,36
spin_slow,spin,2.0,0.15,spin,2.0,0.15,41.9167,29,408660786,666,186047,113296,156971,36
spin_slow,spin,2.0,0.15,spin,2.0,0.15,41.922,30,408667495,667,227844,113332,156970,36
spin_slow,spin,2.0,0.15,spin,2.0,0.15,41.9306,31,408678368,666,192556,113410,156973,36
spin_slow,spin,2.0,0.15,spin,2.0,0.15,41.9403,32,408688674,668,217633,113468,156999,36
spin_slow,spin,2.0,0.15,spin,2.0,0.15,41.9572,33,408699942,668,249328,113505,156989,36
spin_slow,spin,2.0,0.15,spin,2.0,0.15,41.9626,34,408710587,671,175031,113538,156991,36
spin_slow,spin,2.0,0.15,spin,2.0,0.15,41.9711,35,408719773,668,166781,113615,156985,36
spin_slow,spin,2.0,0.15,spin,2.0,0.15,41.9828,36,408731210,668,227305,113612,156986,36
spin_slow,spin,2.0,0.15,spin,2.0,0.15,41.9966,37,408742448,668,253680,113655,156999,36
spin_slow,spin,2.0,0.15,spin,2.0,0.15,42.0072,38,408753062,669,173941,113747,157015,36
spin_slow,spin,2.0,0.15,spin,2.0,0.15,42.0158,39,408763524,671,225614,113703,157003,36
spin_slow,spin,2.0,0.15,spin,2.0,0.15,42.0264,40,408773984,670,119734,113816,157016,4
spin_slow,spin,2.0,0.15,spin,2.0,0.15,42.038,41,408784956,670,257834,113774,157001,36
spin_slow,spin,2.0,0.15,spin,2.0,0.15,42.0508,42,408795584,669,180688,113803,156981,36
spin_slow,spin,2.0,0.15,spin,2.0,0.15,42.0583,43,408806025,670,228842,113868,156971,36
spin_slow,spin,2.0,0.15,spin,2.0,0.15,42.07,44,408816497,671,124821,113946,157043,4
spin_slow,spin,2.0,0.15,spin,2.0,0.15,42.0828,45,408827500,670,268493,113976,157017,36
spin_slow,spin,2.0,0.15,spin,2.0,0.15,42.0913,46,408840067,678,206355,114078,157052,36
spin_slow,spin,2.0,0.15,spin,2.0,0.15,42.1126,47,408850922,670,167568,114032,156981,36
spin_slow,spin,2.0,0.15,spin,2.0,0.15,42.1223,48,408859013,671,130139,114087,156989,4
spin_slow,spin,2.0,0.15,spin,2.0,0.15,42.1223,49,408860306,677,192810,114095,157020,36
spin_slow,spin,2.0,0.15,spin,2.0,0.15,42.1265,50,408861257,672,197542,114101,157029,32
spin_slow,spin,2.0,0.15,spin,2.0,0.15,42.1265,51,408862200,671,200774,114133,157015,32
spin_slow,spin,2.0,0.15,spin,2.0,0.15,42.1308,52,408864720,672,158135,114154,157045,36
spin_slow,spin,2.0,0.15,spin,2.0,0.15,42.133,53,408870198,672,147225,114150,157016,4
spin_slow,spin,2.0,0.15,spin,2.0,0.15,42.133,54,408870231,672,152847,114150,157016,8
spin_slow,spin,2.0,0.15,spin,2.0,0.15,42.1404,55,408885995,676,163589,114198,157002,36
spin_slow,spin,2.0,0.15,spin,2.0,0.15,42.1489,56,408892542,675,177585,114279,157002,36
spin_slow,spin,2.0,0.15,spin,2.0,0.15,42.1552,57,408902399,672,126185,114303,156994,4
spin_slow,spin,2.0,0.15,spin,2.0,0.15,42.1659,58,408912130,672,210354,114381,157039,36
spin_slow,spin,2.0,0.15,spin,2.0,0.15,42.1766,59,408923302,673,225387,114425,157003,36
spin_slow,spin,2.0,0.15,spin,2.0,0.15,42.1851,60,408933772,673,121168,114457,157010,4
spin_slow,spin,2.0,0.15,spin,2.0,0.15,42.1967,61,408944664,674,245792,114538,156998,36
spin_slow,spin,2.0,0.15,spin,2.0,0.15,42.2135,62,408955910,673,116531,114620,157041,4
spin_slow,spin,2.0,0.15,spin,2.0,0.15,42.2251,63,408966306,674,156585,114664,157016,4
spin_slow,spin,2.0,0.15,spin,2.0,0.15,42.2325,64,408977160,675,117530,114741,157026,4
spin_slow,spin,2.0,0.15,spin,2.0,0.15,42.241,65,408986244,675,248337,114804,157046,36
spin_slow,spin,2.0,0.15,spin,2.0,0.15,42.2568,66,408998821,676,187785,114879,157055,36
spin_slow,spin,2.0,0.15,spin,2.0,0.15,42.262,67,409007503,676,250256,114925,157062,36
spin_slow,spin,2.0,0.15,spin,2.0,0.15,42.2705,68,409018412,677,220107,114984,157037,36
spin_slow,spin,2.0,0.15,spin,2.0,0.15,42.2821,69,409028829,681,263766,115022,157030,36
spin_slow,spin,2.0,0.15,spin,2.0,0.15,42.2916,70,409039492,677,192065,114971,157021,36
spin_slow,spin,2.0,0.15,spin,2.0,0.15,42.3084,71,409051328,677,162986,115003,157003,36
spin_slow,spin,2.0,0.15,spin,2.0,0.15,42.3127,72,409059962,677,217695,115008,157018,36
spin_slow,spin,2.0,0.15,spin,2.0,0.15,42.3232,73,409071346,677,268520,115115,157057,36
spin_slow,spin,2.0,0.15,spin,2.0,0.15,42.3369,74,409082283,677,243447,115109,156999,36
spin_slow,spin,2.0,0.15,spin,2.0,0.15,42.3474,75,409093035,678,187107,115177,157036,36
spin_slow,spin,2.0,0.15,spin,2.0,0.15,42.3558,76,409103333,677,210108,115192,157063,36
spin_slow,spin,2.0,0.15,spin,2.0,0.15,42.3653,77,409113948,678,130075,115268,157059,4
spin_slow,spin,2.0,0.15,spin,2.0,0.15,42.3821,78,409124839,678,254129,115296,157042,36
spin_slow,spin,2.0,0.15,spin,2.0,0.15,42.3874,79,409133682,678,186974,115342,157066,36
spin_slow,spin,2.0,0.15,spin,2.0,0.15,42.3979,80,409144576,678,154466,115347,157023,4
spin_slow,spin,2.0,0.15,spin,2.0,0.15,42.4074,81,409155241,679,240284,115400,157029,36
spin_slow,spin,2.0,0.15,spin,2.0,0.15,42.4201,82,409166114,677,204476,115431,157020,36
spin_slow,spin,2.0,0.15,spin,2.0,0.15,42.4306,83,409176831,680,141844,115487,157036,4
spin_slow,spin,2.0,0.15,spin,2.0,0.15,42.4401,84,409186889,674,124345,115504,157036,4
spin_slow,spin,2.0,0.15,spin,2.0,0.15,42.4569,85,409198950,680,133482,115549,157025,4
spin_slow,spin,2.0,0.15,spin,2.0,0.15,42.4622,86,409207598,684,190563,115507,156969,36
spin_slow,spin,2.0,0.15,spin,2.0,0.15,42.4707,87,409218540,687,166702,115637,157029,36
spin_slow,spin,2.0,0.15,spin,2.0,0.15,42.4801,88,409228950,679,209350,115600,156999,36
spin_slow,spin,2.0,0.15,spin,2.0,0.15,42.4938,89,409240199,686,237602,115634,156983,36
spin_slow,spin,2.0,0.15,spin,2.0,0.15,42.5054,90,409250834,680,161408,115732,157016,36
spin_slow,spin,2.0,0.15,spin,2.0,0.15,42.5149,91,409261281,681,210210,115800,157009,36
spin_slow,spin,2.0,0.15,spin,2.0,0.15,42.5233,92,409271724,682,258162,115866,157040,36
spin_slow,spin,2.0,0.15,spin,2.0,0.15,42.537,93,409282463,682,199362,115895,157026,36
spin_slow,spin,2.0,0.15,spin,2.0,0.15,42.5476,94,409293165,680,134500,116015,157040,4
spin_slow,spin,2.0,0.15,spin,2.0,0.15,42.556,95,409304236,683,132367,115997,156986,4
spin_slow,spin,2.0,0.15,spin,2.0,0.15,42.5707,96,409314989,684,233400,116115,157022,36
spin_slow,spin,2.0,0.15,spin,2.0,0.15,42.577,97,409323811,685,162820,116135,157048,36
spin_slow,spin,2.0,0.15,spin,2.0,0.15,42.5939,98,409336506,686,122311,116217,157050,4
spin_slow,spin,2.0,0.15,spin,2.0,0.15,42.5981,99,409345150,683,178554,116165,156984,36
spin_slow,spin,2.0,0.15,spin,2.0,0.15,42.6234,100,409361442,678,121702,116214,157037,4
spin_slow,spin,2.0,0.15,spin,2.0,0.15,42.6266,101,409362403,683,128073,116259,157002,0
spin_slow,spin,2.0,0.15,spin,2.0,0.15,42.6266,102,409363354,684,132726,116237,157006,0
spin_slow,spin,2.0,0.15,spin,2.0,0.15,42.6287,103,409364304,689,137230,116184,156982,0
spin_slow,spin,2.0,0.15,spin,2.0,0.15,42.635,104,409367491,684,208193,116259,157004,36
spin_slow,spin,2.0,0.15,spin,2.0,0.15,42.6371,105,409372974,684,198177,116243,156991,36
spin_slow,spin,2.0,0.15,spin,2.0,0.15,42.6371,106,409373008,684,203960,116243,156991,40
spin_slow,spin,2.0,0.15,spin,2.0,0.15,42.6477,107,409388586,684,182788,116313,157033,36
spin_slow,spin,2.0,0.15,spin,2.0,0.15,42.6509,108,409389522,685,184870,116287,157040,32
spin_slow,spin,2.0,0.15,spin,2.0,0.15,42.652,109,409399334,684,125613,116307,157046,4
spin_slow,spin,2.0,0.15,spin,2.0,0.15,42.6658,110,409409489,685,124810,116374,157034,4
spin_slow,spin,2.0,0.15,spin,2.0,0.15,42.671,111,409419104,685,189014,116339,157012,36
spin_slow,spin,2.0,0.15,spin,2.0,0.15,42.688,112,409431558,684,264864,116390,157032,36
spin_slow,spin,2.0,0.15,spin,2.0,0.15,42.6923,113,409440209,684,165307,116411,157012,36
spin_slow,spin,2.0,0.15,spin,2.0,0.15,42.7049,114,409451557,686,210248,116505,157028,36
spin_slow,spin,2.0,0.15,spin,2.0,0.15,42.7155,115,409461918,685,244199,116556,157044,36
spin_slow,spin,2.0,0.15,spin,2.0,0.15,42.7229,116,409472324,686,129042,116585,156987,4
spin_slow,spin,2.0,0.15,spin,2.0,0.15,42.7408,117,409482847,686,190944,116600,157002,36
spin_slow,spin,2.0,0.15,spin,2.0,0.15,42.7461,118,409493508,686,118867,116653,157015,4
spin_slow,spin,2.0,0.15,spin,2.0,0.15,42.7556,119,409502640,687,258144,116684,157012,36
spin_slow,spin,2.0,0.15,spin,2.0,0.15,42.7653,120,409514092,687,164141,116688,156970,36
spin_slow,spin,2.0,0.15,spin,2.0,0.15,42.7801,121,409525348,689,193916,116754,157006,36
spin_slow,spin,2.0,0.15,spin,2.0,0.15,42.7886,122,409536595,687,221648,116768,157026,36
spin_slow,spin,2.0,0.15,spin,2.0,0.15,42.8055,123,409547517,689,194255,116819,157045,36
spin_slow,spin,2.0,0.15,spin,2.0,0.15,42.8108,124,409556357,687,126664,116855,157032,4
spin_slow,spin,2.0,0.15,spin,2.0,0.15,42.8213,125,409567271,688,254672,116859,157047,36
spin_slow,spin,2.0,0.15,spin,2.0,0.15,42.8308,126,409577953,688,185994,116936,157044,36
spin_slow,spin,2.0,0.15,spin,2.0,0.15,42.8424,127,409588806,688,146902,116987,156997,4
spin_slow,spin,2.0,0.15,spin,2.0,0.15,42.853,0,409599552,689,246450,117020,157006,36
spin_slow,spin,2.0,0.15,spin,2.0,0.15,42.8615,1,409609582,688,224484,117028,157012,36
spin_slow,spin,2.0,0.15,spin,2.0,0.15,42.8785,2,409621647,689,234166,117164,157044,36
spin_slow,spin,2.0,0.15,spin,2.0,0.15,42.8838,3,409630296,689,134067,117148,157011,4
spin_slow,spin,2.0,0.15,spin,2.0,0.15,42.8912,4,409641400,689,137390,117209,157039,4
spin_slow,spin,2.0,0.15,spin,2.0,0.15,42.9029,5,409651688,691,159056,117183,157020,36
spin_slow,spin,2.0,0.15,spin,2.0,0.15,42.921,6,409662945,690,188125,117284,157052,36
spin_slow,spin,2.0,0.15,spin,2.0,0.15,42.9253,7,409673573,693,267510,117325,157055,36
spin_slow,spin,2.0,0.15,spin,2.0,0.15,42.938,8,409684089,691,170471,117304,157026,36
spin_slow,spin,2.0,0.15,spin,2.0,0.15,42.9476,9,409695532,690,231416,117343,157025,36
spin_slow,spin,2.0,0.15,spin,2.0,0.15,42.9603,10,409706389,690,192687,117372,157021,36
spin_slow,spin,2.0,0.15,spin,2.0,0.15,42.9709,11,409717117,690,132230,117405,157004,4
spin_slow,spin,2.0,0.15,spin,2.0,0.15,42.9804,12,409727456,691,162170,117470,157049,36
spin_slow,spin,2.0,0.15,spin,2.0,0.15,42.991,13,409738070,693,239199,117477,157010,36
spin_slow,spin,2.0,0.15,spin,2.0,0.15,43.007,14,409748932,692,201290,117579,157037,36
spin_slow,spin,2.0,0.15,spin,2.0,0.15,43.0102,15,409757769,691,133287,117552,157010,4
spin_slow,spin,2.0,0.15,spin,2.0,0.15,43.0219,16,409769239,692,198747,117595,157010,36
spin_slow,spin,2.0,0.15,spin,2.0,0.15,43.0315,17,409779546,697,223815,117620,156991,36
spin_slow,spin,2.0,0.15,spin,2.0,0.15,43.0474,18,409790513,692,203900,117677,157025,36
spin_slow,spin,2.0,0.15,spin,2.0,0.15,43.0527,19,409801183,693,133465,117722,157018,4
spin_slow,spin,2.0,0.15,spin,2.0,0.15,43.0654,20,409811639,693,183920,117701,156999,36
spin_slow,spin,2.0,0.15,spin,2.0,0.15,43.076,21,409823114,692,250626,117757,157023,36
spin_slow,spin,2.0,0.15,spin,2.0,0.15,43.0984,22,409833049,700,212415,117811,157045,36
spin_slow,spin,2.0,0.15,spin,2.0,0.15,43.1258,23,409857662,691,156663,117818,157011,4
spin_slow,spin,2.0,0.15,spin,2.0,0.15,43.1258,24,409858600,694,159211,117826,157008,36
spin_slow,spin,2.0,0.15,spin,2.0,0.15,43.1311,25,409868701,692,149058,117820,157018,4
spin_slow,spin,2.0,0.15,spin,2.0,0.15,43.1332,26,409869665,694,155966,117869,157008,0
spin_slow,spin,2.0,0.15,spin,2.0,0.15,43.1364,27,409870604,693,158571,117863,157012,36
spin_slow,spin,2.0,0.15,spin,2.0,0.15,43.1364,28,409871563,693,164632,117876,157025,32
spin_slow,spin,2.0,0.15,spin,2.0,0.15,43.1407,29,409872841,694,224941,117881,157037,32
spin_slow,spin,2.0,0.15,spin,2.0,0.15,43.147,30,409876576,693,231718,117843,156989,36
spin_slow,spin,2.0,0.15,spin,2.0,0.15,43.1523,31,409894826,694,193956,117938,157013,36
spin_slow,spin,2.0,0.15,spin,2.0,0.15,43.1586,32,409895764,694,196502,117942,157009,32
spin_slow,spin,2.0,0.15,spin,2.0,0.15,43.1608,33,409897483,694,174694,117922,156987,36
spin_slow,spin,2.0,0.15,spin,2.0,0.15,43.166,34,409907293,695,272265,117994,157031,36
spin_slow,spin,2.0,0.15,spin,2.0,0.15,43.1713,35,409918048,695,216332,118016,157013,36
spin_slow,spin,2.0,0.15,spin,2.0,0.15,43.1934,36,409929172,695,223439,118081,156992,36
spin_slow,spin,2.0,0.15,spin,2.0,0.15,43.2008,37,409945430,695,161715,118072,156987,36
spin_slow,spin,2.0,0.15,spin,2.0,0.15,43.2071,38,409952922,694,179371,118135,157025,36
spin_slow,spin,2.0,0.15,spin,2.0,0.15,43.2155,39,409961446,695,215426,118113,156986,36
spin_slow,spin,2.0,0.15,spin,2.0,0.15,43.2323,40,409971723,695,235394,118178,157021,36
spin_slow,spin,2.0,0.15,spin,2.0,0.15,43.246,41,409991848,696,202119,118290,157023,36
spin_slow,spin,2.0,0.15,spin,2.0,0.15,43.2481,42,409992784,695,204182,118249,157022,32
spin_slow,spin,2.0,0.15,spin,2.0,0.15,43.2608,43,410005089,699,254856,118277,157006,36
spin_slow,spin,2.0,0.15,spin,2.0,0.15,43.2703,44,410014647,703,152460,118317,157012,4
spin_slow,spin,2.0,0.15,spin,2.0,0.15,43.2756,45,410024019,696,175674,118317,157000,36
spin_slow,spin,2.0,0.15,spin,2.0,0.15,43.285,46,410033016,696,135206,118336,156988,4
spin_slow,spin,2.0,0.15,spin,2.0,0.15,43.2977,47,410044396,697,185566,118394,157010,36
spin_slow,spin,2.0,0.15,spin,2.0,0.15,43.3082,48,410056961,697,123146,118450,157042,4
spin_slow,spin,2.0,0.15,spin,2.0,0.15,43.325,49,410067825,706,242591,118514,157057,36
spin_slow,spin,2.0,0.15,spin,2.0,0.15,43.3303,50,410076669,697,175723,118542,157046,36
spin_slow,spin,2.0,0.15,spin,2.0,0.15,43.3408,51,410087570,697,144368,118591,157042,4
spin_slow,spin,2.0,0.15,spin,2.0,0.15,43.3503,52,410098230,698,229068,118593,157014,36
spin_slow,spin,2.0,0.15,spin,2.0,0.15,43.3661,53,410109082,698,189667,118598,156977,36
spin_slow,spin,2.0,0.15,spin,2.0,0.15,43.3714,54,410117924,697,122797,118682,156989,4
spin_slow,spin,2.0,0.15,spin,2.0,0.15,43.3809,55,410129410,699,191361,118672,157020,36
spin_slow,spin,2.0,0.15,spin,2.0,0.15,43.3977,56,410140346,698,166512,118730,156991,36
spin_slow,spin,2.0,0.15,spin,2.0,0.15,43.4029,57,410149183,700,255831,118753,157026,36
spin_slow,spin,2.0,0.15,spin,2.0,0.15,43.4124,58,410160095,700,226911,118785,156969,36
spin_slow,spin,2.0,0.15,spin,2.0,0.15,43.423,59,410170777,699,158886,118850,157003,36
spin_slow,spin,2.0,0.15,spin,2.0,0.15,43.4388,60,410181642,699,121846,118852,157008,4
spin_slow,spin,2.0,0.15,spin,2.0,0.15,43.443,61,410190463,699,208133,118881,156999,36
spin_slow,spin,2.0,0.15,spin,2.0,0.15,43.4535,62,410201942,699,275547,118932,157018,36
spin_slow,spin,2.0,0.15,spin,2.0,0.15,43.4651,63,410212615,700,205730,118973,157022,36
spin_slow,spin,2.0,0.15,spin,2.0,0.15,43.4756,64,410223049,701,252473,119007,157011,36
spin_slow,spin,2.0,0.15,spin,2.0,0.15,43.4883,65,410235150,707,268370,119078,157006,36
spin_slow,spin,2.0,0.15,spin,2.0,0.15,43.4988,66,410247042,701,248455,119152,157054,36
spin_slow,spin,2.0,0.15,spin,2.0,0.15,43.5168,67,410257911,708,211693,119181,157042,36
spin_slow,spin,2.0,0.15,spin,2.0,0.15,43.522,68,410266729,701,140447,119254,157025,4
spin_slow,spin,2.0,0.15,spin,2.0,0.15,43.5305,69,410277745,703,128545,119328,157021,4
spin_slow,spin,2.0,0.15,spin,2.0,0.15,43.541,70,410288317,701,198555,119302,157002,36
spin_slow,spin,2.0,0.15,spin,2.0,0.15,43.5568,71,410299178,701,161189,119292,156987,36
spin_slow,spin,2.0,0.15,spin,2.0,0.15,43.5621,72,410308037,702,254187,119389,157012,36
spin_slow,spin,2.0,0.15,spin,2.0,0.15,43.5706,73,410318961,711,227093,119459,157000,36
spin_slow,spin,2.0,0.15,spin,2.0,0.15,43.5801,74,410329567,703,145993,119482,157032,4
spin_slow,spin,2.0,0.15,spin,2.0,0.15,43.5907,75,410340440,701,266871,119483,157043,36
spin_slow,spin,2.0,0.15,spin,2.0,0.15,43.6065,76,410350771,703,138507,119579,157035,4
spin_slow,spin,2.0,0.15,spin,2.0,0.15,43.617,77,410359433,704,197499,119617,157064,36
spin_slow,spin,2.0,0.15,spin,2.0,0.15,43.6307,78,410367614,704,174807,119584,157021,36
spin_slow,spin,2.0,0.15,spin,2.0,0.15,43.6307,79,410368579,703,181853,119588,157026,32
spin_slow,spin,2.0,0.15,spin,2.0,0.15,43.6329,80,410369513,703,183581,119649,157059,32
spin_slow,spin,2.0,0.15,spin,2.0,0.15,43.6382,81,410370478,704,190586,119649,157054,32
spin_slow,spin,2.0,0.15,spin,2.0,0.15,43.6403,82,410373140,704,172016,119623,157026,36
spin_slow,spin,2.0,0.15,spin,2.0,0.15,43.6403,83,410375228,704,212780,119666,157025,36
spin_slow,spin,2.0,0.15,spin,2.0,0.15,43.6477,84,410391959,704,230375,119725,157053,36
spin_slow,spin,2.0,0.15,spin,2.0,0.15,43.6541,85,410393283,705,141386,119753,157042,0
spin_slow,spin,2.0,0.15,spin,2.0,0.15,43.6562,86,410404216,705,272654,119791,157034,36
spin_slow,spin,2.0,0.15,spin,2.0,0.15,43.6657,87,410414754,705,179829,119778,157019,36
spin_slow,spin,2.0,0.15,spin,2.0,0.15,43.6741,88,410423549,705,261713,119827,157038,36
spin_slow,spin,2.0,0.15,spin,2.0,0.15,43.6889,89,410436313,705,232938,119871,157039,36
spin_slow,spin,2.0,0.15,spin,2.0,0.15,43.6984,90,410447156,706,191542,119947,157042,36
spin_slow,spin,2.0,0.15,spin,2.0,0.15,43.7153,91,410458028,706,155394,119949,157014,4
spin_slow,spin,2.0,0.15,spin,2.0,0.15,43.7174,92,410466854,708,242686,120009,157024,36
spin_slow,spin,2.0,0.15,spin,2.0,0.15,43.7279,93,410475918,711,213248,120050,157025,36
spin_slow,spin,2.0,0.15,spin,2.0,0.15,43.7406,94,410487110,707,231460,120081,157023,36
spin_slow,spin,2.0,0.15,spin,2.0,0.15,43.7501,95,410497745,714,155342,120142,157019,4
spin_slow,spin,2.0,0.15,spin,2.0,0.15,43.7606,96,410508210,707,206961,120113,157016,36
spin_slow,spin,2.0,0.15,spin,2.0,0.15,43.7702,97,410518691,707,261522,120128,156984,36
spin_slow,spin,2.0,0.15,spin,2.0,0.15,43.7872,98,410529647,710,240227,120190,157016,36
spin_slow,spin,2.0,0.15,spin,2.0,0.15,43.7925,99,410540333,706,173055,120220,157004,36
spin_slow,spin,2.0,0.15,spin,2.0,0.15,43.8041,100,410550891,713,240684,120262,157003,36
spin_slow,spin,2.0,0.15,spin,2.0,0.15,43.8136,101,410562211,708,124293,120292,156994,4
spin_slow,spin,2.0,0.15,spin,2.0,0.15,43.8315,102,410573866,706,221356,120351,157029,36
spin_slow,spin,2.0,0.15,spin,2.0,0.15,43.8379,103,410583075,706,216672,120305,156965,36
spin_slow,spin,2.0,0.15,spin,2.0,0.15,43.8452,104,410594054,709,199221,120396,156982,36
spin_slow,spin,2.0,0.15,spin,2.0,0.15,43.8569,105,410604732,709,130537,120438,157023,4
spin_slow,spin,2.0,0.15,spin,2.0,0.15,43.8727,106,410615597,709,250096,120548,157034,36
spin_slow,spin,2.0,0.15,spin,2.0,0.15,43.878,107,410624433,707,182067,120566,157015,36
spin_slow,spin,2.0,0.15,spin,2.0,0.15,43.8875,108,410635329,710,150219,120604,157036,4
spin_slow,spin,2.0,0.15,spin,2.0,0.15,43.897,109,410645994,710,235852,120651,157026,36
spin_slow,spin,2.0,0.15,spin,2.0,0.15,43.915,110,410656859,711,198509,120710,157050,36
spin_slow,spin,2.0,0.15,spin,2.0,0.15,43.9223,111,410667207,711,230088,120779,157039,36
spin_slow,spin,2.0,0.15,spin,2.0,0.15,43.9308,112,410676627,711,261186,120808,157027,36
spin_slow,spin,2.0,0.15,spin,2.0,0.15,43.9466,113,410689709,709,129235,120871,157032,4
spin_slow,spin,2.0,0.15,spin,2.0,0.15,43.9519,114,410698363,710,186957,120920,157075,36
spin_slow,spin,2.0,0.15,spin,2.0,0.15,43.9603,115,410709129,712,132909,120894,157014,4
spin_slow,spin,2.0,0.15,spin,2.0,0.15,43.9709,116,410719802,711,219822,120971,157040,36
spin_slow,spin,2.0,0.15,spin,2.0,0.15,43.9835,117,410730662,712,181803,121020,157004,36
spin_slow,spin,2.0,0.15,spin,2.0,0.15,43.9909,118,410741408,712,124234,121072,157016,4
spin_slow,spin,2.0,0.15,spin,2.0,0.15,44.0005,119,410751003,716,185343,121088,157039,36
spin_slow,spin,2.0,0.15,spin,2.0,0.15,44.011,120,410760958,713,150298,121173,157039,4
spin_slow,spin,2.0,0.15,spin,2.0,0.15,44.0237,121,410772254,714,185941,121245,157044,36
spin_slow,spin,2.0,0.15,spin,2.0,0.15,44.0322,122,410783138,714,151728,121206,157012,4
spin_slow,spin,2.0,0.15,spin,2.0,0.15,44.046,123,410793541,714,193238,121295,157011,36
spin_slow,spin,2.0,0.15,spin,2.0,0.15,44.0555,124,410804794,712,222065,121320,156994,36
spin_slow,spin,2.0,0.15,spin,2.0,0.15,44.0702,125,410815717,714,194766,121383,157027,36
spin_slow,spin,2.0,0.15,spin,2.0,0.15,44.0755,126,410825969,714,210606,121440,157044,36
spin_slow,spin,2.0,0.15,spin,2.0,0.15,44.0882,127,410836031,715,193986,121456,157026,36
spin_slow,spin,2.0,0.15,spin,2.0,0.15,44.0988,0,410846667,715,274887,121457,156972,36
spin_slow,spin,2.0,0.15,spin,2.0,0.15,44.1209,1,410863169,715,253977,121559,157003,36
spin_slow,spin,2.0,0.15,spin,2.0,0.15,44.1251,2,410864134,716,261090,121581,156986,32
spin_slow,spin,2.0,0.15,spin,2.0,0.15,44.1272,3,410865068,715,262796,121556,157002,32
spin_slow,spin,2.0,0.15,spin,2.0,0.15,44.1272,4,410866024,714,268342,121599,157014,32
spin_slow,spin,2.0,0.15,spin,2.0,0.15,44.1304,5,410868005,715,134052,121608,157007,4
spin_slow,spin,2.0,0.15,spin,2.0,0.15,44.1368,6,410871050,716,180573,121606,157017,36
spin_slow,spin,2.0,0.15,spin,2.0,0.15,44.1389,7,410873490,716,124345,121596,157013,4
spin_slow,spin,2.0,0.15,spin,2.0,0.15,44.1463,8,410888899,716,231875,121690,157027,36
spin_slow,spin,2.0,0.15,spin,2.0,0.15,44.1463,9,410889837,717,234324,121742,157049,32
spin_slow,spin,2.0,0.15,spin,2.0,0.15,44.1527,10,410901342,716,148629,121798,157039,4
spin_slow,spin,2.0,0.15,spin,2.0,0.15,44.1653,11,410911490,718,146511,121815,157028,4
spin_slow,spin,2.0,0.15,spin,2.0,0.15,44.1738,12,410921970,724,201111,121891,156995,36
spin_slow,spin,2.0,0.15,spin,2.0,0.15,44.1833,13,410932571,717,276292,121951,157021,36
spin_slow,spin,2.0,0.15,spin,2.0,0.15,44.2004,14,410943323,718,219999,121995,156987,36
spin_slow,spin,2.0,0.15,spin,2.0,0.15,44.2058,15,410952149,718,150451,122051,156980,4
spin_slow,spin,2.0,0.15,spin,2.0,0.15,44.2186,16,410963029,720,273002,122077,156993,36
spin_slow,spin,2.0,0.15,spin,2.0,0.15,44.226,17,410974527,718,186697,122160,156999,36
spin_slow,spin,2.0,0.15,spin,2.0,0.15,44.2324,18,410983334,718,270890,122117,156992,36
spin_slow,spin,2.0,0.15,spin,2.0,0.15,44.2472,19,410994313,718,253274,122149,156981,36
spin_slow,spin,2.0,0.15,spin,2.0,0.15,44.2578,20,411006193,720,231941,122259,157024,36
spin_slow,spin,2.0,0.15,spin,2.0,0.15,44.2663,21,411017075,719,197672,122256,156971,36
spin_slow,spin,2.0,0.15,spin,2.0,0.15,44.2832,22,411027391,719,224705,122250,156963,36
spin_slow,spin,2.0,0.15,spin,2.0,0.15,44.2885,23,411038026,720,148841,122338,156971,4
spin_slow,spin,2.0,0.15,spin,2.0,0.15,44.298,24,411047183,713,135770,122356,156982,4
spin_slow,spin,2.0,0.15,spin,2.0,0.15,44.3085,25,411058641,726,199777,122366,156969,36
spin_slow,spin,2.0,0.15,spin,2.0,0.15,44.3201,26,411068651,720,174868,122446,156976,36
spin_slow,spin,2.0,0.15,spin,2.0,0.15,44.3369,27,411079904,721,204072,122553,156963,36
spin_slow,spin,2.0,0.15,spin,2.0,0.15,44.3412,28,411090530,721,126953,122567,156951,4
spin_slow,spin,2.0,0.15,spin,2.0,0.15,44.3507,29,411099710,727,274519,122617,156994,36
spin_slow,spin,2.0,0.15,spin,2.0,0.15,44.3676,30,411111174,720,182306,122686,156988,36
spin_slow,spin,2.0,0.15,spin,2.0,0.15,44.3729,31,411121794,722,260962,122711,156974,36
spin_slow,spin,2.0,0.15,spin,2.0,0.15,44.3855,32,411132303,722,163559,122746,157022,36
spin_slow,spin,2.0,0.15,spin,2.0,0.15,44.4108,33,411143740,723,223590,122787,157021,36
spin_slow,spin,2.0,0.15,spin,2.0,0.15,44.415,34,411162867,722,177735,122818,157009,36
spin_slow,spin,2.0,0.15,spin,2.0,0.15,44.434,35,411169022,722,125115,122787,156963,4
spin_slow,spin,2.0,0.15,spin,2.0,0.15,44.4371,36,411176199,722,246268,122865,157021,36
spin_slow,spin,2.0,0.15,spin,2.0,0.15,44.4435,37,411189793,723,202005,122923,156996,36
spin_slow,spin,2.0,0.15,spin,2.0,0.15,44.4466,38,411197339,723,228759,122943,157024,36
spin_slow,spin,2.0,0.15,spin,2.0,0.15,44.4572,39,411206456,723,208541,122982,157028,36
spin_slow,spin,2.0,0.15,spin,2.0,0.15,44.4709,40,411217446,724,192587,123015,157017,36
spin_slow,spin,2.0,0.15,spin,2.0,0.15,44.4814,41,411228078,730,273003,122978,156968,36
spin_slow,spin,2.0,0.15,spin,2.0,0.15,44.4909,42,411238535,725,166597,123107,157038,36
spin_slow,spin,2.0,0.15,spin,2.0,0.15,44.5026,43,411248993,724,217188,123165,157015,36
spin_slow,spin,2.0,0.15,spin,2.0,0.15,44.5131,44,411261060,723,227349,123137,156982,36
spin_slow,spin,2.0,0.15,spin,2.0,0.15,44.5205,45,411269199,725,198146,123185,156998,36
spin_slow,spin,2.0,0.15,spin,2.0,0.15,44.5405,46,411279135,725,160064,123245,157020,36
spin_slow,spin,2.0,0.15,spin,2.0,0.15,44.5626,47,411301117,724,129519,123245,156977,4
spin_slow,spin,2.0,0.15,spin,2.0,0.15,44.5658,48,411302084,722,136829,123270,156979,0
spin_slow,spin,2.0,0.15,spin,2.0,0.15,44.5753,49,411322466,725,148382,123317,157002,4
spin_slow,spin,2.0,0.15,spin,2.0,0.15,44.5838,50,411323404,726,150823,123309,156967,0
spin_slow,spin,2.0,0.15,spin,2.0,0.15,44.5901,51,411336056,726,261254,123359,156974,36
spin_slow,spin,2.0,0.15,spin,2.0,0.15,44.5986,52,411347094,726,254193,123405,156979,36
spin_slow,spin,2.0,0.15,spin,2.0,0.15,44.6133,53,411353875,726,151069,123442,156978,4
spin_slow,spin,2.0,0.15,spin,2.0,0.15,44.626,54,411365589,726,258645,123444,156990,36
spin_slow,spin,2.0,0.15,spin,2.0,0.15,44.6323,55,411366557,726,266122,123491,157002,32
spin_slow,spin,2.0,0.15,spin,2.0,0.15,44.6323,56,411367493,727,268199,123507,157011,32
spin_slow,spin,2.0,0.15,spin,2.0,0.15,44.6355,57,411368452,730,274228,123535,157002,32
spin_slow,spin,2.0,0.15,spin,2.0,0.15,44.6355,58,411372684,727,208802,123541,157006,36
spin_slow,spin,2.0,0.15,spin,2.0,0.15,44.6355,59,411372717,727,214466,123541,157006,40
spin_slow,spin,2.0,0.15,spin,2.0,0.15,44.6387,60,411379387,726,249312,123515,156982,36
spin_slow,spin,2.0,0.15,spin,2.0,0.15,44.6429,61,411392225,727,233857,123600,156990,36
spin_slow,spin,2.0,0.15,spin,2.0,0.15,44.6503,62,411397556,728,198068,123607,156994,36
spin_slow,spin,2.0,0.15,spin,2.0,0.15,44.6608,63,411407810,727,214289,123625,156972,36
spin_slow,spin,2.0,0.15,spin,2.0,0.15,44.6703,64,411418168,728,248234,123689,157006,36
spin_slow,spin,2.0,0.15,spin,2.0,0.15,44.6809,65,411428843,728,179058,123680,156993,36
spin_slow,spin,2.0,0.15,spin,2.0,0.15,44.6967,66,411439751,728,149750,123765,156954,4
spin_slow,spin,2.0,0.15,spin,2.0,0.15,44.702,67,411448593,728,240368,123771,156961,36
spin_slow,spin,2.0,0.15,spin,2.0,0.15,44.7105,68,411459475,729,206584,123831,156941,36
spin_slow,spin,2.0,0.15,spin,2.0,0.15,44.721,69,411470131,728,134168,123893,156994,4
spin_slow,spin,2.0,0.15,spin,2.0,0.15,44.7337,70,411480996,729,254394,123935,156971,36
spin_slow,spin,2.0,0.15,spin,2.0,0.15,44.7432,71,411491702,730,190647,123976,156982,36
spin_slow,spin,2.0,0.15,spin,2.0,0.15,44.7516,72,411502264,730,259516,124051,156976,36
spin_slow,spin,2.0,0.15,spin,2.0,0.15,44.7632,73,411512583,729,129968,124027,156969,4
spin_slow,spin,2.0,0.15,spin,2.0,0.15,44.7738,74,411523473,730,254463,124057,156939,36
spin_slow,spin,2.0,0.15,spin,2.0,0.15,44.7834,75,411532609,730,238015,124155,156965,36
spin_slow,spin,2.0,0.15,spin,2.0,0.15,44.7971,76,411543821,731,260508,124141,156956,36
spin_slow,spin,2.0,0.15,spin,2.0,0.15,44.8067,77,411556363,730,195103,124190,156967,36
spin_slow,spin,2.0,0.15,spin,2.0,0.15,44.8236,78,411567283,731,167776,124203,156983,36
spin_slow,spin,2.0,0.15,spin,2.0,0.15,44.8289,79,411576074,730,249408,124213,156992,36
spin_slow,spin,2.0,0.15,spin,2.0,0.15,44.8384,80,411587024,731,227089,124255,156995,36
spin_slow,spin,2.0,0.15,spin,2.0,0.15,44.8489,81,411597651,725,149617,124306,156980,4
spin_slow,spin,2.0,0.15,spin,2.0,0.15,44.8615,82,411608520,731,270493,124313,157016,36
spin_slow,spin,2.0,0.15,spin,2.0,0.15,44.8721,83,411619225,731,206412,124362,156987,36
spin_slow,spin,2.0,0.15,spin,2.0,0.15,44.8805,84,411630345,732,212983,124341,156963,36
spin_slow,spin,2.0,0.15,spin,2.0,0.15,44.8973,85,411641358,732,201532,124392,156972,36
spin_slow,spin,2.0,0.15,spin,2.0,0.15,44.9026,86,411650014,732,260224,124499,157010,36
spin_slow,spin,2.0,0.15,spin,2.0,0.15,44.9131,87,411661376,733,150659,124523,156998,4
spin_slow,spin,2.0,0.15,spin,2.0,0.15,44.9237,88,411672692,733,190476,124562,157005,36
spin_slow,spin,2.0,0.15,spin,2.0,0.15,44.9416,89,411683545,733,151535,124611,157007,4
spin_slow,spin,2.0,0.15,spin,2.0,0.15,44.9469,90,411692393,734,242544,124603,157008,36
spin_slow,spin,2.0,0.15,spin,2.0,0.15,44.9553,91,411703384,733,227193,124633,156992,36
spin_slow,spin,2.0,0.15,spin,2.0,0.15,44.9659,92,411713952,734,139639,124693,157020,4
spin_slow,spin,2.0,0.15,spin,2.0,0.15,44.9754,93,411724834,734,262554,124708,157037,36
spin_slow,spin,2.0,0.15,spin,2.0,0.15,44.9922,94,411736402,741,187991,124728,157019,36
spin_slow,spin,2.0,0.15,spin,2.0,0.15,44.9997,95,411745044,734,244068,124758,157001,36
spin_slow,spin,2.0,0.15,spin,2.0,0.15,45.0061,96,411756016,734,225331,124796,157003,36
spin_slow,spin,2.0,0.15,spin,2.0,0.15,45.0187,97,411766405,735,264429,124831,157000,36
spin_slow,spin,2.0,0.15,spin,2.0,0.15,45.0293,98,411777042,741,188727,124860,157040,36
spin_slow,spin,2.0,0.15,spin,2.0,0.15,45.0388,99,411787492,734,238031,124903,156998,36
spin_slow,spin,2.0,0.15,spin,2.0,0.15,45.0514,100,411798076,735,153494,124888,156986,4
spin_slow,spin,2.0,0.15,spin,2.0,0.15,45.0609,101,411808405,735,182453,124999,157020,36
spin_slow,spin,2.0,0.15,spin,2.0,0.15,45.0705,102,411819007,735,257775,125017,156994,36
spin_slow,spin,2.0,0.15,spin,2.0,0.15,45.0822,103,411829028,735,234516,125048,156989,36
spin_slow,spin,2.0,0.15,spin,2.0,0.15,45.0917,104,411841507,742,157780,125096,156996,36
spin_slow,spin,2.0,0.15,spin,2.0,0.15,45.1129,105,411852381,736,279542,125136,157006,36
spin_slow,spin,2.0,0.15,spin,2.0,0.15,45.1266,106,411867200,737,129992,125160,156976,4
spin_slow,spin,2.0,0.15,spin,2.0,0.15,45.1287,107,411868136,736,132059,125165,156988,0
spin_slow,spin,2.0,0.15,spin,2.0,0.15,45.1319,108,411869099,729,138794,125159,156989,0
spin_slow,spin,2.0,0.15,spin,2.0,0.15,45.134,109,411870029,736,139977,125181,156988,0
spin_slow,spin,2.0,0.15,spin,2.0,0.15,45.1403,110,411875080,737,213717,125231,157026,36
spin_slow,spin,2.0,0.15,spin,2.0,0.15,45.1403,111,411875114,737,219380,125231,157026,40
spin_slow,spin,2.0,0.15,spin,2.0,0.15,45.1456,112,411875867,737,190324,125224,157013,32
spin_slow,spin,2.0,0.15,spin,2.0,0.15,45.152,113,411894209,737,168749,125198,156980,36
spin_slow,spin,2.0,0.15,spin,2.0,0.15,45.152,114,411895172,737,175454,125247,156994,32
spin_slow,spin,2.0,0.15,spin,2.0,0.15,45.1564,115,411906309,737,184919,125282,156996,36
spin_slow,spin,2.0,0.15,spin,2.0,0.15,45.1659,116,411915335,731,149363,125271,157005,4
spin_slow,spin,2.0,0.15,spin,2.0,0.15,45.1828,117,411926160,738,262717,125304,156972,36
spin_slow,spin,2.0,0.15,spin,2.0,0.15,45.1871,118,411935016,737,198434,125301,156969,36
spin_slow,spin,2.0,0.15,spin,2.0,0.15,45.1976,119,411945937,738,170785,125353,156985,36
spin_slow,spin,2.0,0.15,spin,2.0,0.15,45.2071,120,411956567,738,250904,125426,156983,36
spin_slow,spin,2.0,0.15,spin,2.0,0.15,45.2209,121,411967403,738,209282,125475,156996,36
spin_slow,spin,2.0,0.15,spin,2.0,0.15,45.2315,122,411978141,738,150714,125513,156992,4
spin_slow,spin,2.0,0.15,spin,2.0,0.15,45.2378,123,411988606,738,203023,125519,156957,36
spin_slow,spin,2.0,0.15,spin,2.0,0.15,45.2557,124,411998985,738,240715,125534,156978,36
spin_slow,spin,2.0,0.15,spin,2.0,0.15,45.261,125,412009643,739,168355,125646,157021,36
spin_slow,spin,2.0,0.15,spin,2.0,0.15,45.2705,126,412018834,744,160772,125622,156990,36
spin_slow,spin,2.0,0.15,spin,2.0,0.15,45.2863,127,412030257,739,218572,125665,156996,36
spin_slow,spin,2.0,0.15,spin,2.0,0.15,45.2916,0,412040914,740,146402,125673,156982,4
spin_slow,spin,2.0,0.15,spin,2.0,0.15,45.3032,1,412051403,740,202734,125726,157024,36
spin_slow,spin,2.0,0.15,spin,2.0,0.15,45.3138,2,412062847,740,263899,125716,157012,36
spin_slow,spin,2.0,0.15,spin,2.0,0.15,45.3318,3,412074503,743,204215,125801,157026,36
spin_slow,spin,2.0,0.15,spin,2.0,0.15,45.3371,4,412083731,740,202617,125816,156991,36
spin_slow,spin,2.0,0.15,spin,2.0,0.15,45.3518,5,412095132,741,256749,125855,156997,36
spin_slow,spin,2.0,0.15,spin,2.0,0.15,45.3571,6,412103936,741,183479,125902,157006,36
spin_slow,spin,2.0,0.15,spin,2.0,0.15,45.3656,7,412114906,740,164044,125917,157025,36
spin_slow,spin,2.0,0.15,spin,2.0,0.15,45.3815,8,412125306,741,204839,125995,157032,36
spin_slow,spin,2.0,0.15,spin,2.0,0.15,45.3868,9,412135962,742,132148,125982,156963,4
spin_slow,spin,2.0,0.15,spin,2.0,0.15,45.3994,10,412146442,742,187078,126037,156991,36
spin_slow,spin,2.0,0.15,spin,2.0,0.15,45.4089,11,412157912,741,253112,126049,156954,36
spin_slow,spin,2.0,0.15,spin,2.0,0.15,45.4258,12,412168764,742,214383,126156,156987,36
spin_slow,spin,2.0,0.15,spin,2.0,0.15,45.4279,13,412177619,743,149676,126192,156980,4
spin_slow,spin,2.0,0.15,spin,2.0,0.15,45.4426,14,412189747,743,170662,126267,156987,36
spin_slow,spin,2.0,0.15,spin,2.0,0.15,45.45,15,412200170,742,215518,126248,156968,36
spin_slow,spin,2.0,0.15,spin,2.0,0.15,45.4669,16,412210332,744,216088,126326,156966,36
spin_slow,spin,2.0,0.15,spin,2.0,0.15,45.4753,17,412221003,746,146343,126365,157012,4
spin_slow,spin,2.0,0.15,spin,2.0,0.15,45.4817,18,412231979,744,128303,126463,157003,4
spin_slow,spin,2.0,0.15,spin,2.0,0.15,45.4988,19,412242841,744,247647,126483,157015,36
spin_slow,spin,2.0,0.15,spin,2.0,0.15,45.503,20,412251480,744,146517,126449,156940,4
spin_slow,spin,2.0,0.15,spin,2.0,0.15,45.5115,21,412262572,745,148528,126486,156978,4
spin_slow,spin,2.0,0.15,spin,2.0,0.15,45.522,22,412272827,745,165203,126510,156963,36
spin_slow,spin,2.0,0.15,spin,2.0,0.15,45.5357,23,412284086,744,195502,126542,156948,36
spin_slow,spin,2.0,0.15,spin,2.0,0.15,45.5452,24,412295341,745,225072,126589,156963,36
spin_slow,spin,2.0,0.15,spin,2.0,0.15,45.5621,25,412306593,745,254348,126631,156967,36
spin_slow,spin,2.0,0.15,spin,2.0,0.15,45.5685,26,412315254,747,156639,126696,157010,4
spin_slow,spin,2.0,0.15,spin,2.0,0.15,45.5759,27,412326211,746,135198,126760,156992,4
spin_slow,spin,2.0,0.15,spin,2.0,0.15,45.5895,28,412336586,746,172186,126742,156968,36
spin_slow,spin,2.0,0.15,spin,2.0,0.15,45.5991,29,412347284,746,263859,126826,157020,36
spin_slow,spin,2.0,0.15,spin,2.0,0.15,45.6138,30,412357762,746,161005,126857,157003,36
spin_slow,spin,2.0,0.15,spin,2.0,0.15,45.6286,31,412364600,746,224466,126824,156958,36
spin_slow,spin,2.0,0.15,spin,2.0,0.15,45.6286,32,412365564,746,231398,126854,156960,32
spin_slow,spin,2.0,0.15,spin,2.0,0.15,45.6307,33,412366500,747,233486,126814,156957,32
spin_slow,spin,2.0,0.15,spin,2.0,0.15,45.6307,34,412369349,748,247020,126824,156970,36
spin_slow,spin,2.0,0.15,spin,2.0,0.15,45.6339,35,412369382,748,252591,126824,156970,40
spin_slow,spin,2.0,0.15,spin,2.0,0.15,45.636,36,412371259,746,257643,126863,156970,36
spin_slow,spin,2.0,0.15,spin,2.0,0.15,45.6381,37,412388742,747,247591,126895,156956,36
spin_slow,spin,2.0,0.15,spin,2.0,0.15,45.6487,38,412394097,747,216110,126943,156972,36
spin_slow,spin,2.0,0.15,spin,2.0,0.15,45.655,39,412401282,746,181819,126944,156978,36
spin_slow,spin,2.0,0.15,spin,2.0,0.15,45.6635,40,412412251,747,162944,126983,156976,36
spin_slow,spin,2.0,0.15,spin,2.0,0.15,45.673,41,412422973,746,258841,126936,156967,36
spin_slow,spin,2.0,0.15,spin,2.0,0.15,45.69,42,412433834,748,221507,127010,156959,36
spin_slow,spin,2.0,0.15,spin,2.0,0.15,45.6964,43,412442640,746,148579,127065,156961,4
spin_slow,spin,2.0,0.15,spin,2.0,0.15,45.7175,44,412453427,748,255512,127100,156979,36
spin_slow,spin,2.0,0.15,spin,2.0,0.15,45.726,45,412472040,749,279711,127208,157018,36
spin_slow,spin,2.0,0.15,spin,2.0,0.15,45.745,46,412478223,749,231769,127231,157000,36
spin_slow,spin,2.0,0.15,spin,2.0,0.15,45.7471,47,412485530,756,218049,127248,157024,36
spin_slow,spin,2.0,0.15,spin,2.0,0.15,45.7514,48,412499036,749,158879,127337,157003,36
spin_slow,spin,2.0,0.15,spin,2.0,0.15,45.7556,49,412506614,750,191125,127390,157005,36
spin_slow,spin,2.0,0.15,spin,2.0,0.15,45.7683,50,412516668,750,173247,127422,156997,36
spin_slow,spin,2.0,0.15,spin,2.0,0.15,45.7788,51,412527968,750,210222,127511,157018,36
spin_slow,spin,2.0,0.15,spin,2.0,0.15,45.7904,52,412538878,750,180649,127584,157017,36
spin_slow,spin,2.0,0.15,spin,2.0,0.15,45.801,53,412549139,751,197739,127603,157036,36
spin_slow,spin,2.0,0.15,spin,2.0,0.15,45.8106,54,412560521,751,248584,127663,157021,36
spin_slow,spin,2.0,0.15,spin,2.0,0.15,45.8275,55,412571395,751,212818,127690,156999,36
spin_slow,spin,2.0,0.15,spin,2.0,0.15,45.8381,56,412580191,752,138024,127706,157022,4
spin_slow,spin,2.0,0.15,spin,2.0,0.15,45.8507,57,412591570,751,188190,127721,156988,36
spin_slow,spin,2.0,0.15,spin,2.0,0.15,45.8571,58,412600356,752,268898,127786,156979,36
spin_slow,spin,2.0,0.15,spin,2.0,0.15,45.875,59,412611686,752,154256,127795,156967,4
spin_slow,spin,2.0,0.15,spin,2.0,0.15,45.8972,60,412634103,752,196637,127845,157010,36
spin_slow,spin,2.0,0.15,spin,2.0,0.15,45.8972,61,412635059,753,202193,127881,157007,32
spin_slow,spin,2.0,0.15,spin,2.0,0.15,45.9109,62,412658075,754,189358,128009,157013,36
spin_slow,spin,2.0,0.15,spin,2.0,0.15,45.9151,63,412659038,746,196077,127953,156999,32
spin_slow,spin,2.0,0.15,spin,2.0,0.15,45.9151,64,412663399,754,152526,127961,156998,4
spin_slow,spin,2.0,0.15,spin,2.0,0.15,45.9279,65,412675374,759,147154,128033,156994,4
spin_slow,spin,2.0,0.15,spin,2.0,0.15,45.9374,66,412686794,761,204336,128101,157042,36
spin_slow,spin,2.0,0.15,spin,2.0,0.15,45.9532,67,412697681,753,170724,128150,157004,36
spin_slow,spin,2.0,0.15,spin,2.0,0.15,45.9585,68,412706505,754,257712,128194,157011,36
spin_slow,spin,2.0,0.15,spin,2.0,0.15,45.9691,69,412717446,761,233711,128211,156994,36
spin_slow,spin,2.0,0.15,spin,2.0,0.15,45.9786,70,412728090,755,159042,128245,156984,36
spin_slow,spin,2.0,0.15,spin,2.0,0.15,45.9912,71,412738946,756,277430,128320,157024,36
spin_slow,spin,2.0,0.15,spin,2.0,0.15,46.0029,72,412749681,757,218078,128367,157039,36
spin_slow,spin,2.0,0.15,spin,2.0,0.15,46.0113,73,412760126,757,266311,128408,157033,36
spin_slow,spin,2.0,0.15,spin,2.0,0.15,46.0282,74,412772988,755,254733,128404,156987,36
spin_slow,spin,2.0,0.15,spin,2.0,0.15,46.0335,75,412781632,756,154260,128485,156988,4
spin_slow,spin,2.0,0.15,spin,2.0,0.15,46.043,76,412792034,757,195488,128537,157018,36
spin_slow,spin,2.0,0.15,spin,2.0,0.15,46.061,77,412804266,755,233553,128652,157010,36
spin_slow,spin,2.0,0.15,spin,2.0,0.15,46.0663,78,412812933,758,136634,128741,157041,4
spin_slow,spin,2.0,0.15,spin,2.0,0.15,46.0727,79,412823881,758,270357,128798,157054,36
spin_slow,spin,2.0,0.15,spin,2.0,0.15,46.0906,80,412834271,757,152082,128906,157048,4
spin_slow,spin,2.0,0.15,spin,2.0,0.15,46.0959,81,412844967,759,243172,128978,157040,36
spin_slow,spin,2.0,0.15,spin,2.0,0.15,46.1159,82,412854098,759,224988,129014,157038,36
spin_slow,spin,2.0,0.15,spin,2.0,0.15,46.1254,83,412868912,758,230868,129052,157041,36
spin_slow,spin,2.0,0.15,spin,2.0,0.15,46.1276,84,412869840,759,231559,129048,157032,32
spin_slow,spin,2.0,0.15,spin,2.0,0.15,46.1329,85,412870800,758,237609,129097,157038,32
spin_slow,spin,2.0,0.15,spin,2.0,0.15,46.1329,86,412873654,766,251824,129107,157011,36
spin_slow,spin,2.0,0.15,spin,2.0,0.15,46.136,87,412873687,766,257395,129107,157011,40
spin_slow,spin,2.0,0.15,spin,2.0,0.15,46.1371,88,412875926,759,166957,129067,157011,36
spin_slow,spin,2.0,0.15,spin,2.0,0.15,46.1434,89,412881402,760,155755,129094,157032,4
spin_slow,spin,2.0,0.15,spin,2.0,0.15,46.1455,90,412893405,758,155122,129143,157011,4
spin_slow,spin,2.0,0.15,spin,2.0,0.15,46.1551,91,412899289,760,213197,129125,157033,36
spin_slow,spin,2.0,0.15,spin,2.0,0.15,46.1626,92,412908726,760,247098,129153,157018,36
spin_slow,spin,2.0,0.15,spin,2.0,0.15,46.17,93,412917963,759,246855,129179,157049,36
spin_slow,spin,2.0,0.15,spin,2.0,0.15,46.187,94,412930585,761,193910,129225,157057,36
spin_slow,spin,2.0,0.15,spin,2.0,0.15,46.1923,95,412939258,760,254692,129229,157065,36
spin_slow,spin,2.0,0.15,spin,2.0,0.15,46.2007,96,412950206,760,231224,129247,157042,36
spin_slow,spin,2.0,0.15,spin,2.0,0.15,46.2165,97,412960582,759,267859,129306,157015,36
spin_slow,spin,2.0,0.15,spin,2.0,0.15,46.2218,98,412971281,761,202632,129332,157004,36
spin_slow,spin,2.0,0.15,spin,2.0,0.15,46.2354,99,412981737,761,252941,129375,157019,36
spin_slow,spin,2.0,0.15,spin,2.0,0.15,46.2428,100,412992836,762,255288,129442,157048,36
spin_slow,spin,2.0,0.15,spin,2.0,0.15,46.2576,101,413004354,761,172134,129435,156994,36
spin_slow,spin,2.0,0.15,spin,2.0,0.15,46.2661,102,413015069,762,266583,129521,157006,36
spin_slow,spin,2.0,0.15,spin,2.0,0.15,46.2756,103,413025712,763,191909,129532,156968,36
spin_slow,spin,2.0,0.15,spin,2.0,0.15,46.2924,104,413036570,763,154029,129538,156980,4
spin_slow,spin,2.0,0.15,spin,2.0,0.15,46.2977,105,413045439,762,248953,129561,156964,36
spin_slow,spin,2.0,0.15,spin,2.0,0.15,46.3072,106,413056322,763,215200,129643,157013,36
spin_slow,spin,2.0,0.15,spin,2.0,0.15,46.3178,107,413066973,763,141480,129709,157039,4
spin_slow,spin,2.0,0.15,spin,2.0,0.15,46.3336,108,413077831,763,260128,129678,157014,36
spin_slow,spin,2.0,0.15,spin,2.0,0.15,46.3378,109,413086667,769,192003,129686,157024,36
spin_slow,spin,2.0,0.15,spin,2.0,0.15,46.3483,110,413098145,763,258903,129737,157033,36
spin_slow,spin,2.0,0.15,spin,2.0,0.15,46.3578,111,413108986,763,217781,129761,157019,36
spin_slow,spin,2.0,0.15,spin,2.0,0.15,46.3715,112,413119401,764,261116,129823,156996,36
spin_slow,spin,2.0,0.15,spin,2.0,0.15,46.3863,113,413130380,764,243328,129900,157046,36
spin_slow,spin,2.0,0.15,spin,2.0,0.15,46.3905,114,413139195,765,171613,129942,157007,36
spin_slow,spin,2.0,0.15,spin,2.0,0.15,46.4011,115,413150674,764,238615,130003,157032,36
spin_slow,spin,2.0,0.15,spin,2.0,0.15,46.4106,116,413161538,766,201079,130078,157032,36
spin_slow,spin,2.0,0.15,spin,2.0,0.15,46.4232,117,413171895,765,234505,130100,157013,36
spin_slow,spin,2.0,0.15,spin,2.0,0.15,46.4337,118,413182552,765,162023,130117,156987,36
spin_slow,spin,2.0,0.15,spin,2.0,0.15,46.4432,119,413193024,768,215104,130241,157044,36
spin_slow,spin,2.0,0.15,spin,2.0,0.15,46.4548,120,413203875,766,175505,130231,156990,36
spin_slow,spin,2.0,0.15,spin,2.0,0.15,46.4632,121,413213314,766,210106,130255,156972,36
spin_slow,spin,2.0,0.15,spin,2.0,0.15,46.4811,122,413224418,765,213900,130322,157001,36
spin_slow,spin,2.0,0.15,spin,2.0,0.15,46.4853,123,413235125,766,149897,130344,157028,4
spin_slow,spin,2.0,0.15,spin,2.0,0.15,46.4958,124,413245583,767,200207,130432,157094,36
spin_slow,spin,2.0,0.15,spin,2.0,0.15,46.5074,125,413255709,767,194176,130414,157024,36
spin_slow,spin,2.0,0.15,spin,2.0,0.15,46.518,126,413266279,767,263792,130392,156999,36
spin_slow,spin,2.0,0.15,spin,2.0,0.15,46.5275,127,413277066,768,213395,130448,157015,36
spin_slow,spin,2.0,0.15,spin,2.0,0.15,46.5402,0,413287904,768,171766,130474,157004,36
spin_slow,spin,2.0,0.15,spin,2.0,0.15,46.5487,1,413298645,767,270815,130529,157022,36
spin_slow,spin,2.0,0.15,spin,2.0,0.15,46.5582,2,413308341,768,191888,130528,157023,36
spin_slow,spin,2.0,0.15,spin,2.0,0.15,46.5709,3,413319476,768,200925,130560,156970,36
spin_slow,spin,2.0,0.15,spin,2.0,0.15,46.5772,4,413329594,769,194114,130672,157011,36
spin_slow,spin,2.0,0.15,spin,2.0,0.15,46.5909,5,413340189,768,268164,130686,157029,36
spin_slow,spin,2.0,0.15,spin,2.0,0.15,46.6006,6,413350754,776,180087,130720,156984,36
spin_slow,spin,2.0,0.15,spin,2.0,0.15,46.6175,7,413367398,769,183600,130753,156971,36
spin_slow,spin,2.0,0.15,spin,2.0,0.15,46.6228,8,413368355,770,189412,130786,156967,32
spin_slow,spin,2.0,0.15,spin,2.0,0.15,46.6228,9,413369285,769,190545,130759,156974,32
spin_slow,spin,2.0,0.15,spin,2.0,0.15,46.6312,10,413370236,765,195225,130753,156973,32
spin_slow,spin,2.0,0.15,spin,2.0,0.15,46.6312,11,413372142,769,205259,130780,156958,36
spin_slow,spin,2.0,0.15,spin,2.0,0.15,46.6344,12,413374751,770,177841,130768,156948,36
spin_slow,spin,2.0,0.15,spin,2.0,0.15,46.6344,13,413381485,770,223878,130811,156994,36
spin_slow,spin,2.0,0.15,spin,2.0,0.15,46.6408,14,413387064,770,230228,130861,157015,36
spin_slow,spin,2.0,0.15,spin,2.0,0.15,46.645,15,413395580,771,265075,130870,156980,36
spin_slow,spin,2.0,0.15,spin,2.0,0.15,46.6534,16,413404532,770,216919,130884,156998,36
spin_slow,spin,2.0,0.15,spin,2.0,0.15,46.6661,17,413414516,770,187127,130929,157000,36
spin_slow,spin,2.0,0.15,spin,2.0,0.15,46.6756,18,413425637,770,193815,130950,156980,36
spin_slow,spin,2.0,0.15,spin,2.0,0.15,46.6863,19,413436483,770,153665,130929,156971,4
spin_slow,spin,2.0,0.15,spin,2.0,0.15,46.699,20,413447737,770,183103,131031,156984,36
spin_slow,spin,2.0,0.15,spin,2.0,0.15,46.7074,21,413457406,772,256918,131082,157003,36
spin_slow,spin,2.0,0.15,spin,2.0,0.15,46.718,22,413468049,771,182281,131108,156990,36
spin_slow,spin,2.0,0.15,spin,2.0,0.15,46.736,23,413479541,772,251906,131171,157014,36
spin_slow,spin,2.0,0.15,spin,2.0,0.15,46.7402,24,413488211,773,156010,131152,156980,4
spin_slow,spin,2.0,0.15,spin,2.0,0.15,46.7508,25,413499277,772,153423,131233,156981,4
spin_slow,spin,2.0,0.15,spin,2.0,0.15,46.7603,26,413509820,772,218878,131262,156989,36
spin_slow,spin,2.0,0.15,spin,2.0,0.15,46.773,27,413520785,772,199092,131328,157021,36
spin_slow,spin,2.0,0.15,spin,2.0,0.15,46.7825,28,413531423,773,280524,131332,156984,36
spin_slow,spin,2.0,0.15,spin,2.0,0.15,46.793,29,413541906,774,178767,131323,156967,36
spin_slow,spin,2.0,0.15,spin,2.0,0.15,46.8088,30,413552918,772,167123,131366,156978,36
spin_slow,spin,2.0,0.15,spin,2.0,0.15,46.8204,31,413563320,773,208653,131413,156985,36
spin_slow,spin,2.0,0.15,spin,2.0,0.15,46.8225,32,413572784,773,247642,131400,156969,36
spin_slow,spin,2.0,0.15,spin,2.0,0.15,46.8352,33,413583825,773,240907,131467,156961,36
spin_slow,spin,2.0,0.15,spin,2.0,0.15,46.8457,34,413594657,774,198601,131544,157006,36
spin_slow,spin,2.0,0.15,spin,2.0,0.15,46.8573,35,413605518,774,161233,131558,156981,36
spin_slow,spin,2.0,0.15,spin,2.0,0.15,46.8689,36,413616284,774,264226,131618,157003,36
spin_slow,spin,2.0,0.15,spin,2.0,0.15,46.8753,37,413626754,774,160038,131638,156982,36
spin_slow,spin,2.0,0.15,spin,2.0,0.15,46.8921,38,413637090,775,190403,131668,156973,36
spin_slow,spin,2.0,0.15,spin,2.0,0.15,46.8974,39,413647814,775,286482,131759,157036,36
spin_slow,spin,2.0,0.15,spin,2.0,0.15,46.909,40,413658321,774,188586,131747,157020,36
spin_slow,spin,2.0,0.15,spin,2.0,0.15,46.9206,41,413669712,782,241065,131813,157013,36
spin_slow,spin,2.0,0.15,spin,2.0,0.15,46.9364,42,413680598,776,207634,131777,156970,36
spin_slow,spin,2.0,0.15,spin,2.0,0.15,46.9406,43,413689409,775,135423,131793,156994,4
spin_slow,spin,2.0,0.15,spin,2.0,0.15,46.9501,44,413699637,776,147145,131855,157004,4
spin_slow,spin,2.0,0.15,spin,2.0,0.15,46.9607,45,413710984,775,192040,131881,156998,36
spin_slow,spin,2.0,0.15,spin,2.0,0.15,46.9777,46,413721817,776,149686,131928,156999,4
spin_slow,spin,2.0,0.15,spin,2.0,0.15,46.9809,47,413730674,776,242339,131910,156988,36
spin_slow,spin,2.0,0.15,spin,2.0,0.15,46.9925,48,413742113,776,146165,131887,156980,4
spin_slow,spin,2.0,0.15,spin,2.0,0.15,47.0083,49,413753012,777,272147,132005,157008,36
spin_slow,spin,2.0,0.15,spin,2.0,0.15,47.0115,50,413763086,776,257613,132043,157003,36
spin_slow,spin,2.0,0.15,spin,2.0,0.15,47.0337,51,413773383,775,281162,132047,156971,36
spin_slow,spin,2.0,0.15,spin,2.0,0.15,47.0411,52,413788304,778,148965,132139,156978,4
spin_slow,spin,2.0,0.15,spin,2.0,0.15,47.059,53,413797022,780,218144,132204,157018,36
spin_slow,spin,2.0,0.15,spin,2.0,0.15,47.0676,54,413817172,777,189575,132215,156991,36
spin_slow,spin,2.0,0.15,spin,2.0,0.15,47.0707,55,413818136,785,196530,132244,157022,32
spin_slow,spin,2.0,0.15,spin,2.0,0.15,47.0813,56,413830845,778,158958,132267,157008,36
spin_slow,spin,2.0,0.15,spin,2.0,0.15,47.0876,57,413837610,782,209855,132286,157030,36
spin_slow,spin,2.0,0.15,spin,2.0,0.15,47.1024,58,413849680,778,220657,132328,156987,36
spin_slow,spin,2.0,0.15,spin,2.0,0.15,47.1172,59,413858329,778,278094,132324,156985,36
spin_slow,spin,2.0,0.15,spin,2.0,0.15,47.131,60,413870294,778,271072,132375,157002,36
spin_slow,spin,2.0,0.15,spin,2.0,0.15,47.131,61,413871258,779,277876,132404,157031,32
spin_slow,spin,2.0,0.15,spin,2.0,0.15,47.1363,62,413872188,779,279007,132408,157034,32
spin_slow,spin,2.0,0.15,spin,2.0,0.15,47.1384,63,413873149,779,285209,132380,157007,32
spin_slow,spin,2.0,0.15,spin,2.0,0.15,47.1406,64,413875730,775,253074,132400,157029,36
spin_slow,spin,2.0,0.15,spin,2.0,0.15,47.1406,65,413878168,777,196437,132387,157011,36
spin_slow,spin,2.0,0.15,spin,2.0,0.15,47.1427,66,413881211,779,242707,132388,157014,36
spin_slow,spin,2.0,0.15,spin,2.0,0.15,47.148,67,413896522,780,176361,132496,157050,36
spin_slow,spin,2.0,0.15,spin,2.0,0.15,47.1586,68,413903470,779,258361,132488,157042,36
spin_slow,spin,2.0,0.15,spin,2.0,0.15,47.164,69,413910856,779,257518,132537,157052,36
spin_slow,spin,2.0,0.15,spin,2.0,0.15,47.184,70,413921722,780,220580,132536,157009,36
spin_slow,spin,2.0,0.15,spin,2.0,0.15,47.2051,71,413940843,780,173830,132612,157008,36
spin_slow,spin,2.0,0.15,spin,2.0,0.15,47.2051,72,413942866,780,203787,132625,157024,36
spin_slow,spin,2.0,0.15,spin,2.0,0.15,47.2178,73,413964729,780,151993,132681,156999,4
spin_slow,spin,2.0,0.15,spin,2.0,0.15,47.2252,74,413965696,780,159484,132676,156996,36
spin_slow,spin,2.0,0.15,spin,2.0,0.15,47.2315,75,413978333,783,266902,132724,156962,36
spin_slow,spin,2.0,0.15,spin,2.0,0.15,47.242,76,413989378,781,260746,132774,156977,36
spin_slow,spin,2.0,0.15,spin,2.0,0.15,47.2483,77,413996090,782,145907,132809,156989,4
spin_slow,spin,2.0,0.15,spin,2.0,0.15,47.2578,78,414006982,782,270514,132823,156988,36
spin_slow,spin,2.0,0.15,spin,2.0,0.15,47.2684,79,414017525,782,178831,132837,157003,36
spin_slow,spin,2.0,0.15,spin,2.0,0.15,47.279,80,414027883,787,212597,132881,157009,36
spin_slow,spin,2.0,0.15,spin,2.0,0.15,47.2885,81,414038594,782,149329,132909,156997,4
spin_slow,spin,2.0,0.15,spin,2.0,0.15,47.3001,82,414049495,783,275501,132962,157016,36
spin_slow,spin,2.0,0.15,spin,2.0,0.15,47.317,83,414060985,782,187925,132969,156978,36
spin_slow,spin,2.0,0.15,spin,2.0,0.15,47.3222,84,414069631,782,244833,132989,157003,36
spin_slow,spin,2.0,0.15,spin,2.0,0.15,47.3307,85,414080522,785,212205,133053,157033,36
spin_slow,spin,2.0,0.15,spin,2.0,0.15,47.3402,86,414091114,783,285874,133125,157028,36
spin_slow,spin,2.0,0.15,spin,2.0,0.15,47.3539,87,414101968,783,246492,133165,157032,36
spin_slow,spin,2.0,0.15,spin,2.0,0.15,47.3655,88,414112724,784,190890,133144,156959,36
spin_slow,spin,2.0,0.15,spin,2.0,0.15,47.3718,89,414123159,784,237860,133196,156978,36
spin_slow,spin,2.0,0.15,spin,2.0,0.15,47.3824,90,414133531,784,273964,133334,157047,36
spin_slow,spin,2.0,0.15,spin,2.0,0.15,47.3972,91,414144814,785,150933,133340,156999,4
spin_slow,spin,2.0,0.15,spin,2.0,0.15,47.4057,92,414157377,785,245497,133374,157007,36
spin_slow,spin,2.0,0.15,spin,2.0,0.15,47.4226,93,414167312,785,207329,133402,156997,36
spin_slow,spin,2.0,0.15,spin,2.0,0.15,47.4289,94,414175983,785,268370,133424,156972,36
spin_slow,spin,2.0,0.15,spin,2.0,0.15,47.4352,95,414186849,786,231825,133472,156990,36
spin_slow,spin,2.0,0.15,spin,2.0,0.15,47.4489,96,414197295,785,280450,133515,156992,36
spin_slow,spin,2.0,0.15,spin,2.0,0.15,47.4605,97,414207951,787,208035,133539,156978,36
spin_slow,spin,2.0,0.15,spin,2.0,0.15,47.469,98,414218432,786,262957,133573,156973,36
spin_slow,spin,2.0,0.15,spin,2.0,0.15,47.4816,99,414229363,787,237315,133636,157002,36
spin_slow,spin,2.0,0.15,spin,2.0,0.15,47.4964,100,414240786,787,138025,133693,157030,4
spin_slow,spin,2.0,0.15,spin,2.0,0.15,47.5017,101,414249605,788,223980,133734,157028,36
spin_slow,spin,2.0,0.15,spin,2.0,0.15,47.5102,102,414260554,786,200985,133728,156985,36
spin_slow,spin,2.0,0.15,spin,2.0,0.15,47.5218,103,414271181,787,280304,133783,156989,36
spin_slow,spin,2.0,0.15,spin,2.0,0.15,47.5377,104,414282038,788,242078,133873,157011,36
spin_slow,spin,2.0,0.15,spin,2.0,0.15,47.5409,105,414290860,787,171904,133917,157022,36
spin_slow,spin,2.0,0.15,spin,2.0,0.15,47.5536,106,414302341,794,239445,133923,156984,36
spin_slow,spin,2.0,0.15,spin,2.0,0.15,47.5652,107,414313249,788,209779,133969,156987,36
spin_slow,spin,2.0,0.15,spin,2.0,0.15,47.5768,108,414324028,788,158056,134038,157028,36
spin_slow,spin,2.0,0.15,spin,2.0,0.15,47.582,109,414334500,788,210974,134062,157009,36
spin_slow,spin,2.0,0.15,spin,2.0,0.15,47.5978,110,414344884,789,249093,134113,157027,36
spin_slow,spin,2.0,0.15,spin,2.0,0.15,47.6084,111,414357457,789,188218,134138,157007,36
spin_slow,spin,2.0,0.15,spin,2.0,0.15,47.6379,112,414373463,790,240039,134154,157024,36
spin_slow,spin,2.0,0.15,spin,2.0,0.15,47.6379,113,414374408,789,243655,134126,156997,32
spin_slow,spin,2.0,0.15,spin,2.0,0.15,47.64,114,414375371,789,250274,134140,157014,32
spin_slow,spin,2.0,0.15,spin,2.0,0.15,47.64,115,414376323,790,255151,134178,157007,32
spin_slow,spin,2.0,0.15,spin,2.0,0.15,47.6411,116,414379166,790,267517,134209,157003,36
spin_slow,spin,2.0,0.15,spin,2.0,0.15,47.6453,117,414384649,790,257480,134182,157018,36
spin_slow,spin,2.0,0.15,spin,2.0,0.15,47.6453,118,414384682,790,263102,134182,157018,40
spin_slow,spin,2.0,0.15,spin,2.0,0.15,47.6527,119,414400325,790,253195,134259,157011,36
spin_slow,spin,2.0,0.15,spin,2.0,0.15,47.6559,120,414401296,789,261257,134227,156977,32
spin_slow,spin,2.0,0.15,spin,2.0,0.15,47.658,121,414410118,789,190974,134295,157016,36
spin_slow,spin,2.0,0.15,spin,2.0,0.15,47.6696,122,414418583,790,216977,134310,156983,36
spin_slow,spin,2.0,0.15,spin,2.0,0.15,47.6812,123,414429597,790,205190,134349,156989,36
spin_slow,spin,2.0,0.15,spin,2.0,0.15,47.6939,124,414440372,787,152690,134450,157054,4
spin_slow,spin,2.0,0.15,spin,2.0,0.15,47.7002,125,414450803,791,198575,134452,156981,36
spin_slow,spin,2.0,0.15,spin,2.0,0.15,47.714,126,414461176,792,234877,134544,157039,36
spin_slow,spin,2.0,0.15,spin,2.0,0.15,47.7224,127,414472426,791,263178,134572,157031,36
spin_slow,spin,2.0,0.15,spin,2.0,0.15,47.7383,0,414483347,792,235463,134646,157025,36
spin_slow,spin,2.0,0.15,spin,2.0,0.15,47.7436,1,414492196,792,169559,134663,157002,36
spin_slow,spin,2.0,0.15,spin,2.0,0.15,47.7531,2,414503163,792,149702,134784,157035,4
spin_slow,spin,2.0,0.15,spin,2.0,0.15,47.7637,3,414513804,793,231400,134783,157008,36
spin_slow,spin,2.0,0.15,spin,2.0,0.15,47.7764,4,414524689,793,197581,134833,157022,36
spin_slow,spin,2.0,0.15,spin,2.0,0.15,47.788,5,414535399,793,291037,134830,157016,36
spin_slow,spin,2.0,0.15,spin,2.0,0.15,47.7953,6,414545862,794,185527,134881,157034,36
spin_slow,spin,2.0,0.15,spin,2.0,0.15,47.8112,7,414556233,793,221396,134868,157015,36
spin_slow,spin,2.0,0.15,spin,2.0,0.15,47.8165,8,414566915,797,153176,134959,157018,4
spin_slow,spin,2.0,0.15,spin,2.0,0.15,47.827,9,414577384,794,205440,134985,157062,36
spin_slow,spin,2.0,0.15,spin,2.0,0.15,47.844,10,414588367,794,188235,135041,157038,36
spin_slow,spin,2.0,0.15,spin,2.0,0.15,47.8471,11,414597260,803,286868,135045,157002,36
spin_slow,spin,2.0,0.15,spin,2.0,0.15,47.8589,12,414608745,801,198298,135086,157001,36
spin_slow,spin,2.0,0.15,spin,2.0,0.15,47.8706,13,414619629,795,164409,135182,157023,36
spin_slow,spin,2.0,0.15,spin,2.0,0.15,47.8864,14,414630950,795,204837,135257,157021,36
spin_slow,spin,2.0,0.15,spin,2.0,0.15,47.8906,15,414639769,796,290996,135270,156996,36
spin_slow,spin,2.0,0.15,spin,2.0,0.15,47.9022,16,414651256,797,202923,135376,156995,36
spin_slow,spin,2.0,0.15,spin,2.0,0.15,47.9128,17,414662615,797,249700,135457,157035,36
spin_slow,spin,2.0,0.15,spin,2.0,0.15,47.9254,18,414673522,797,219526,135495,157037,36
spin_slow,spin,2.0,0.15,spin,2.0,0.15,47.937,19,414684197,797,150120,135587,157008,4
spin_slow,spin,2.0,0.15,spin,2.0,0.15,47.9454,20,414695291,796,151964,135615,157001,4
spin_slow,spin,2.0,0.15,spin,2.0,0.15,47.9612,21,414706047,798,253311,135647,156990,36
spin_slow,spin,2.0,0.15,spin,2.0,0.15,47.9665,22,414714852,799,180192,135739,157011,36
spin_slow,spin,2.0,0.15,spin,2.0,0.15,47.976,23,414725770,799,152376,135747,156993,4
spin_slow,spin,2.0,0.15,spin,2.0,0.15,47.9855,24,414736406,799,233547,135830,156982,36
spin_slow,spin,2.0,0.15,spin,2.0,0.15,47.995,25,414747269,800,196351,135883,156999,36
spin_slow,spin,2.0,0.15,spin,2.0,0.15,48.0056,26,414756381,799,175425,135850,156963,36
spin_slow,spin,2.0,0.15,spin,2.0,0.15,48.0225,27,414767583,800,195781,135977,157016,36
spin_slow,spin,2.0,0.15,spin,2.0,0.15,48.0278,28,414778265,800,284756,135938,156975,36
spin_slow,spin,2.0,0.15,spin,2.0,0.15,48.0405,29,414788722,800,178485,136011,157013,36
spin_slow,spin,2.0,0.15,spin,2.0,0.15,48.0501,30,414800194,801,244772,136018,156980,36
spin_slow,spin,2.0,0.15,spin,2.0,0.15,48.067,31,414811075,800,210341,136068,156996,36
spin_slow,spin,2.0,0.15,spin,2.0,0.15,48.0712,32,414819896,801,139818,136118,157015,4
spin_slow,spin,2.0,0.15,spin,2.0,0.15,48.0807,33,414830816,801,268797,136163,157017,36
spin_slow,spin,2.0,0.15,spin,2.0,0.15,48.0902,34,414841455,802,193114,136217,157036,36
spin_slow,spin,2.0,0.15,spin,2.0,0.15,48.104,35,414852348,801,160814,136215,156986,36
spin_slow,spin,2.0,0.15,spin,2.0,0.15,48.1208,36,414863012,801,246819,136257,156990,36
spin_slow,spin,2.0,0.15,spin,2.0,0.15,48.123,37,414871749,802,162063,136307,157005,36
spin_slow,spin,2.0,0.15,spin,2.0,0.15,48.1335,38,414872714,796,169106,136342,156999,32
spin_slow,spin,2.0,0.15,spin,2.0,0.15,48.1356,39,414873650,808,171185,136291,156987,32
spin_slow,spin,2.0,0.15,spin,2.0,0.15,48.1388,40,414874613,800,177907,136312,157013,32
spin_slow,spin,2.0,0.15,spin,2.0,0.15,48.1388,41,414879629,802,245643,136310,157010,36
spin_slow,spin,2.0,0.15,spin,2.0,0.15,48.142,42,414879662,802,251307,136310,157010,40
spin_slow,spin,2.0,0.15,spin,2.0,0.15,48.142,43,414883858,802,179587,136335,156993,36
spin_slow,spin,2.0,0.15,spin,2.0,0.15,48.1504,44,414898676,803,186371,136431,157058,36
spin_slow,spin,2.0,0.15,spin,2.0,0.15,48.161,45,414906797,803,153704,136427,156991,4
spin_slow,spin,2.0,0.15,spin,2.0,0.15,48.1664,46,414916201,803,182178,136481,157032,36
spin_slow,spin,2.0,0.15,spin,2.0,0.15,48.1833,47,414928887,802,140404,136509,157007,4
spin_slow,spin,2.0,0.15,spin,2.0,0.15,48.1886,48,414937512,803,193822,136583,157018,36
spin_slow,spin,2.0,0.15,spin,2.0,0.15,48.2002,49,414948935,802,251396,136606,157042,36
spin_slow,spin,2.0,0.15,spin,2.0,0.15,48.2118,50,414960263,804,292919,136569,156954,36
spin_slow,spin,2.0,0.15,spin,2.0,0.15,48.2234,51,414971309,805,287032,136628,156982,36
spin_slow,spin,2.0,0.15,spin,2.0,0.15,48.2319,52,414980128,809,216239,136702,157025,36
spin_slow,spin,2.0,0.15,spin,2.0,0.15,48.2403,53,414990077,805,180326,136732,157011,36
spin_slow,spin,2.0,0.15,spin,2.0,0.15,48.2561,54,415001074,805,165650,136816,157019,36
spin_slow,spin,2.0,0.15,spin,2.0,0.15,48.2603,55,415009931,804,258109,136826,157030,36
spin_slow,spin,2.0,0.15,spin,2.0,0.15,48.273,56,415022187,806,143586,136894,157005,4
spin_slow,spin,2.0,0.15,spin,2.0,0.15,48.2836,57,415032609,806,188158,136947,157038,36
spin_slow,spin,2.0,0.15,spin,2.0,0.15,48.2931,58,415042760,812,186625,136998,157010,36
spin_slow,spin,2.0,0.15,spin,2.0,0.15,48.3089,59,415053637,802,151821,136972,156982,4
spin_slow,spin,2.0,0.15,spin,2.0,0.15,48.3153,60,415062459,806,238562,137025,156997,36
spin_slow,spin,2.0,0.15,spin,2.0,0.15,48.3395,61,415075034,807,178039,137082,157018,36
spin_slow,spin,2.0,0.15,spin,2.0,0.15,48.3606,62,415100980,806,192393,137162,157024,36
spin_slow,spin,2.0,0.15,spin,2.0,0.15,48.3627,63,415101927,807,196335,137179,157044,32
spin_slow,spin,2.0,0.15,spin,2.0,0.15,48.368,64,415109366,807,204620,137223,157046,36
spin_slow,spin,2.0,0.15,spin,2.0,0.15,48.3723,65,415121345,807,199557,137225,157008,36
spin_slow,spin,2.0,0.15,spin,2.0,0.15,48.3765,66,415128855,808,220056,137230,157014,36
spin_slow,spin,2.0,0.15,spin,2.0,0.15,48.3861,67,415138009,807,206190,137216,156999,36
spin_slow,spin,2.0,0.15,spin,2.0,0.15,48.4041,68,415148997,808,190052,137294,157000,36
spin_slow,spin,2.0,0.15,spin,2.0,0.15,48.4083,69,415159658,808,274999,137359,157029,36
spin_slow,spin,2.0,0.15,spin,2.0,0.15,48.4199,70,415168835,809,265002,137395,157029,36
spin_slow,spin,2.0,0.15,spin,2.0,0.15,48.4304,71,415179598,809,210195,137454,157049,36
spin_slow,spin,2.0,0.15,spin,2.0,0.15,48.441,72,415190119,809,271194,137436,157035,36
spin_slow,spin,2.0,0.15,spin,2.0,0.15,48.4515,73,415201044,809,243913,137533,157061,36
spin_slow,spin,2.0,0.15,spin,2.0,0.15,48.461,74,415211462,809,287285,137545,157029,36
spin_slow,spin,2.0,0.15,spin,2.0,0.15,48.4757,75,415222407,809,263703,137528,157007,36
spin_slow,spin,2.0,0.15,spin,2.0,0.15,48.4821,76,415233915,810,178655,137645,157052,36
spin_slow,spin,2.0,0.15,spin,2.0,0.15,48.4958,77,415243944,810,155954,137692,157073,4
spin_slow,spin,2.0,0.15,spin,2.0,0.15,48.5169,78,415255366,810,212932,137720,157048,36
spin_slow,spin,2.0,0.15,spin,2.0,0.15,48.5211,79,415271526,810,290504,137712,156998,36
spin_slow,spin,2.0,0.15,spin,2.0,0.15,48.538,80,415276918,811,264873,137791,157046,36
spin_slow,spin,2.0,0.15,spin,2.0,0.15,48.5559,81,415287236,811,291356,137788,157045,36
spin_slow,spin,2.0,0.15,spin,2.0,0.15,48.5591,82,415298951,812,241315,137868,157042,36
spin_slow,spin,2.0,0.15,spin,2.0,0.15,48.5759,83,415316621,810,261307,137933,157033,36
spin_slow,spin,2.0,0.15,spin,2.0,0.15,48.5759,84,415317560,813,264056,137901,157040,32
spin_slow,spin,2.0,0.15,spin,2.0,0.15,48.5823,85,415328725,812,277585,138001,157069,36
spin_slow,spin,2.0,0.15,spin,2.0,0.15,48.5907,86,415339715,817,261340,137977,156999,36
spin_slow,spin,2.0,0.15,spin,2.0,0.15,48.6002,87,415350480,811,207237,138084,157030,36
spin_slow,spin,2.0,0.15,spin,2.0,0.15,48.6182,88,415361359,817,172311,138119,157029,36
spin_slow,spin,2.0,0.15,spin,2.0,0.15,48.633,89,415372846,813,241061,138169,157043,36
spin_slow,spin,2.0,0.15,spin,2.0,0.15,48.6361,90,415373811,813,247915,138210,157046,32
spin_slow,spin,2.0,0.15,spin,2.0,0.15,48.6361,91,415374745,813,249718,138209,157039,32
spin_slow,spin,2.0,0.15,spin,2.0,0.15,48.6361,92,415375701,813,255280,138162,157033,32
spin_slow,spin,2.0,0.15,spin,2.0,0.15,48.6425,93,415376991,813,160493,138174,157049,36
spin_slow,spin,2.0,0.15,spin,2.0,0.15,48.6457,94,415380722,811,166635,138182,157014,36
spin_slow,spin,2.0,0.15,spin,2.0,0.15,48.6457,95,415382463,813,148526,138184,157030,0
spin_slow,spin,2.0,0.15,spin,2.0,0.15,48.6521,96,415400394,819,213509,138263,157016,36
spin_slow,spin,2.0,0.15,spin,2.0,0.15,48.6553,97,415403669,813,142284,138226,156998,4
spin_slow,spin,2.0,0.15,spin,2.0,0.15,48.6616,98,415411690,813,249724,138242,157038,36
spin_slow,spin,2.0,0.15,spin,2.0,0.15,48.6785,99,415424162,814,171204,138340,157059,36
spin_slow,spin,2.0,0.15,spin,2.0,0.15,48.6838,100,415432819,814,229622,138322,157036,36
spin_slow,spin,2.0,0.15,spin,2.0,0.15,48.6933,101,415443921,819,232625,138311,157031,36
spin_slow,spin,2.0,0.15,spin,2.0,0.15,48.706,102,415454462,814,140378,138321,156995,4
spin_slow,spin,2.0,0.15,spin,2.0,0.15,48.7155,103,415464431,814,265027,138372,157010,36
spin_slow,spin,2.0,0.15,spin,2.0,0.15,48.7313,104,415476662,814,146216,138436,156979,4
spin_slow,spin,2.0,0.15,spin,2.0,0.15,48.7366,105,415485316,814,204460,138432,156989,36
spin_slow,spin,2.0,0.15,spin,2.0,0.15,48.7451,106,415496440,815,211610,138526,157015,36
spin_slow,spin,2.0,0.15,spin,2.0,0.15,48.7556,107,415506682,815,225535,138537,157023,36
spin_slow,spin,2.0,0.15,spin,2.0,0.15,48.7683,108,415517385,816,160805,138606,157015,36
spin_slow,spin,2.0,0.15,spin,2.0,0.15,48.7788,109,415529288,822,143123,138604,157016,4
spin_slow,spin,2.0,0.15,spin,2.0,0.15,48.7957,110,415540141,821,261044,138625,156996,36
spin_slow,spin,2.0,0.15,spin,2.0,0.15,48.801,111,415548990,816,195219,138695,157028,36
spin_slow,spin,2.0,0.15,spin,2.0,0.15,48.8115,112,415559943,816,172976,138668,157002,36
spin_slow,spin,2.0,0.15,spin,2.0,0.15,48.821,113,415570571,816,252574,138724,157021,36
spin_slow,spin,2.0,0.15,spin,2.0,0.15,48.8327,114,415581471,815,221332,138703,156999,36
spin_slow,spin,2.0,0.15,spin,2.0,0.15,48.8401,115,415592213,816,163432,138750,157010,36
spin_slow,spin,2.0,0.15,spin,2.0,0.15,48.8507,116,415601824,816,227117,138783,157004,36
spin_slow,spin,2.0,0.15,spin,2.0,0.15,48.8676,117,415612964,818,236796,138869,157014,36
spin_slow,spin,2.0,0.15,spin,2.0,0.15,48.8728,118,415623684,824,175155,138888,157035,36
spin_slow,spin,2.0,0.15,spin,2.0,0.15,48.8855,119,415634132,818,223968,138943,157014,36
spin_slow,spin,2.0,0.15,spin,2.0,0.15,48.896,120,415645600,817,289282,138949,157019,36
spin_slow,spin,2.0,0.15,spin,2.0,0.15,48.9118,121,415656510,818,259716,139011,157001,36
spin_slow,spin,2.0,0.15,spin,2.0,0.15,48.9171,122,415665314,824,186299,139017,157011,36
spin_slow,spin,2.0,0.15,spin,2.0,0.15,48.9255,123,415676200,819,152754,139105,157024,4
spin_slow,spin,2.0,0.15,spin,2.0,0.15,48.936,124,415686860,818,237568,139077,156991,36
spin_slow,spin,2.0,0.15,spin,2.0,0.15,48.9465,125,415697757,818,205839,139101,156975,36
spin_slow,spin,2.0,0.15,spin,2.0,0.15,48.9613,126,415709277,819,280377,139186,157028,36
spin_slow,spin,2.0,0.15,spin,2.0,0.15,48.9677,127,415717935,819,181929,139220,157021,36
spin_slow,spin,2.0,0.15,spin,2.0,0.15,48.9856,0,415730536,819,282689,139239,157006,36
spin_slow,spin,2.0,0.15,spin,2.0,0.15,48.9909,1,415739183,819,182574,139318,157047,36
spin_slow,spin,2.0,0.15,spin,2.0,0.15,49.0004,2,415750038,820,143609,139364,157024,4
spin_slow,spin,2.0,0.15,spin,2.0,0.15,49.0109,3,415760669,819,223237,139387,157038,36
spin_slow,spin,2.0,0.15,spin,2.0,0.15,49.0225,4,415770589,820,182310,139366,157014,36
spin_slow,spin,2.0,0.15,spin,2.0,0.15,49.031,5,415781699,819,186948,139402,157015,36
spin_slow,spin,2.0,0.15,spin,2.0,0.15,49.0478,6,415793069,821,235700,139444,157019,36
spin_slow,spin,2.0,0.15,spin,2.0,0.15,49.0531,7,415803756,820,168319,139446,157019,36
spin_slow,spin,2.0,0.15,spin,2.0,0.15,49.0615,8,415812918,821,155719,139527,157018,4
spin_slow,spin,2.0,0.15,spin,2.0,0.15,49.0752,9,415824347,820,214288,139512,157012,36
spin_slow,spin,2.0,0.15,spin,2.0,0.15,49.0858,10,415834956,820,290680,139566,157025,36
spin_slow,spin,2.0,0.15,spin,2.0,0.15,49.0974,11,415845700,821,233069,139586,157008,36
spin_slow,spin,2.0,0.15,spin,2.0,0.15,49.108,12,415858210,821,161624,139576,156997,36
spin_slow,spin,2.0,0.15,spin,2.0,0.15,49.1374,13,415874209,822,212436,139689,157035,36
spin_slow,spin,2.0,0.15,spin,2.0,0.15,49.1374,14,415875172,822,219108,139665,157006,32
spin_slow,spin,2.0,0.15,spin,2.0,0.15,49.1396,15,415876104,821,220501,139661,157005,32
spin_slow,spin,2.0,0.15,spin,2.0,0.15,49.1396,16,415877068,822,227474,139659,157006,32
spin_slow,spin,2.0,0.15,spin,2.0,0.15,49.1417,17,415878693,821,189689,139671,157015,36
spin_slow,spin,2.0,0.15,spin,2.0,0.15,49.1459,18,415882086,822,295457,139721,157028,36
spin_slow,spin,2.0,0.15,spin,2.0,0.15,49.1459,19,415884174,821,179374,139684,156986,36
spin_slow,spin,2.0,0.15,spin,2.0,0.15,49.1554,20,415901188,828,245823,139752,157021,36
spin_slow,spin,2.0,0.15,spin,2.0,0.15,49.1554,21,415902151,822,252488,139740,157006,32
spin_slow,spin,2.0,0.15,spin,2.0,0.15,49.1628,22,415911286,823,235498,139764,156993,36
spin_slow,spin,2.0,0.15,spin,2.0,0.15,49.1702,23,415919217,827,170851,139790,157025,36
spin_slow,spin,2.0,0.15,spin,2.0,0.15,49.1871,24,415931888,822,283349,139845,157040,36
spin_slow,spin,2.0,0.15,spin,2.0,0.15,49.1934,25,415940539,823,183631,139893,157050,36
spin_slow,spin,2.0,0.15,spin,2.0,0.15,49.2008,26,415951507,823,163585,139912,157072,36
spin_slow,spin,2.0,0.15,spin,2.0,0.15,49.2177,27,415961890,824,200906,139954,157077,36
spin_slow,spin,2.0,0.15,spin,2.0,0.15,49.2219,28,415972578,822,290286,139970,157051,36
spin_slow,spin,2.0,0.15,spin,2.0,0.15,49.2303,29,415981738,824,276949,140017,157057,36
spin_slow,spin,2.0,0.15,spin,2.0,0.15,49.2472,30,415993168,824,178647,140052,157015,36
spin_slow,spin,2.0,0.15,spin,2.0,0.15,49.2524,31,416003858,824,268843,140070,157035,36
spin_slow,spin,2.0,0.15,spin,2.0,0.15,49.262,32,416013013,825,254715,140130,157019,36
spin_slow,spin,2.0,0.15,spin,2.0,0.15,49.2788,33,416024456,825,158616,140202,157053,36
spin_slow,spin,2.0,0.15,spin,2.0,0.15,49.2841,34,416035120,825,244203,140274,157051,36
spin_slow,spin,2.0,0.15,spin,2.0,0.15,49.2957,35,416045601,826,141674,140292,157025,4
spin_slow,spin,2.0,0.15,spin,2.0,0.15,49.3052,36,416057046,829,203254,140307,157002,36
spin_slow,spin,2.0,0.15,spin,2.0,0.15,49.3157,37,416067933,826,170179,140372,156990,36
spin_slow,spin,2.0,0.15,spin,2.0,0.15,49.3325,38,416078194,826,187545,140414,156997,36
spin_slow,spin,2.0,0.15,spin,2.0,0.15,49.341,39,416086813,826,239675,140477,157021,36
spin_slow,spin,2.0,0.15,spin,2.0,0.15,49.3515,40,416099324,827,168371,140486,156991,36
spin_slow,spin,2.0,0.15,spin,2.0,0.15,49.3578,41,416108249,826,272620,140524,156991,36
spin_slow,spin,2.0,0.15,spin,2.0,0.15,49.3683,42,416120730,827,196480,140604,156996,36
spin_slow,spin,2.0,0.15,spin,2.0,0.15,49.3852,43,416130370,828,265385,140634,156985,36
spin_slow,spin,2.0,0.15,spin,2.0,0.15,49.3873,44,416139232,827,201992,140641,156991,36
spin_slow,spin,2.0,0.15,spin,2.0,0.15,49.401,45,416150720,828,271072,140752,157033,36
spin_slow,spin,2.0,0.15,spin,2.0,0.15,49.4126,46,416161621,829,239735,140756,157035,36
spin_slow,spin,2.0,0.15,spin,2.0,0.15,49.4231,47,416172398,831,187541,140809,157010,36
spin_slow,spin,2.0,0.15,spin,2.0,0.15,49.4305,48,416182910,828,247361,140825,157029,36
spin_slow,spin,2.0,0.15,spin,2.0,0.15,49.4473,49,416193237,830,276002,140809,156969,36
spin_slow,spin,2.0,0.15,spin,2.0,0.15,49.4526,50,416203943,829,212258,140918,157005,36
spin_slow,spin,2.0,0.15,spin,2.0,0.15,49.4621,51,416213090,829,196992,140929,157018,36
spin_slow,spin,2.0,0.15,spin,2.0,0.15,49.4758,52,416224533,829,258082,140994,157046,36
spin_slow,spin,2.0,0.15,spin,2.0,0.15,49.4852,53,416237108,830,197292,141044,157056,36
spin_slow,spin,2.0,0.15,spin,2.0,0.15,49.5021,54,416247989,834,162667,141087,157018,36
spin_slow,spin,2.0,0.15,spin,2.0,0.15,49.5074,55,416256807,829,248523,141069,157040,36
spin_slow,spin,2.0,0.15,spin,2.0,0.15,49.519,56,416267754,830,225149,141124,157020,36
spin_slow,spin,2.0,0.15,spin,2.0,0.15,49.5274,57,416278411,829,152571,141143,157042,4
spin_slow,spin,2.0,0.15,spin,2.0,0.15,49.5369,58,416289275,831,272187,141149,157008,36
spin_slow,spin,2.0,0.15,spin,2.0,0.15,49.5485,59,416299550,830,291685,141226,157047,36
spin_slow,spin,2.0,0.15,spin,2.0,0.15,49.5654,60,416310465,831,262940,141251,156994,36
spin_slow,spin,2.0,0.15,spin,2.0,0.15,49.5728,61,416320846,831,143441,141267,157023,4
spin_slow,spin,2.0,0.15,spin,2.0,0.15,49.5802,62,416330134,831,152301,141348,157024,4
spin_slow,spin,2.0,0.15,spin,2.0,0.15,49.5918,63,416342055,832,294840,141366,156995,36
spin_slow,spin,2.0,0.15,spin,2.0,0.15,49.6045,64,416353420,832,185711,141427,157018,36
spin_slow,spin,2.0,0.15,spin,2.0,0.15,49.6214,65,416364675,832,214850,141485,156998,36
spin_slow,spin,2.0,0.15,spin,2.0,0.15,49.6425,66,416372347,832,262887,141576,157056,36
spin_slow,spin,2.0,0.15,spin,2.0,0.15,49.6425,67,416373646,833,169576,141548,157024,36
spin_slow,spin,2.0,0.15,spin,2.0,0.15,49.6573,68,416374606,839,175749,141547,157027,32
spin_slow,spin,2.0,0.15,spin,2.0,0.15,49.6573,69,416375565,830,181801,141557,157036,32
spin_slow,spin,2.0,0.15,spin,2.0,0.15,49.6606,70,416379440,833,212456,141576,157014,36
spin_slow,spin,2.0,0.15,spin,2.0,0.15,49.6637,71,416379473,833,218120,141576,157014,40
spin_slow,spin,2.0,0.15,spin,2.0,0.15,49.6669,72,416385794,833,193528,141543,156972,36
spin_slow,spin,2.0,0.15,spin,2.0,0.15,49.6691,73,416404754,833,277167,141681,156963,36
spin_slow,spin,2.0,0.15,spin,2.0,0.15,49.6701,74,416405681,834,277812,141703,156985,32
spin_slow,spin,2.0,0.15,spin,2.0,0.15,49.6722,75,416418976,834,183098,141772,156984,36
spin_slow,spin,2.0,0.15,spin,2.0,0.15,49.6786,76,416426975,834,286893,141791,156957,36
spin_slow,spin,2.0,0.15,spin,2.0,0.15,49.6902,77,416438067,834,289082,141874,156965,36
spin_slow,spin,2.0,0.15,spin,2.0,0.15,49.6965,78,416447062,842,248281,141898,156988,36
spin_slow,spin,2.0,0.15,spin,2.0,0.15,49.7092,79,416459124,835,258093,141967,156982,36
spin_slow,spin,2.0,0.15,spin,2.0,0.15,49.7187,80,416469733,836,177802,141980,156960,36
spin_slow,spin,2.0,0.15,spin,2.0,0.15,49.7355,81,416480629,835,146440,142023,156963,4
spin_slow,spin,2.0,0.15,spin,2.0,0.15,49.7408,82,416489456,836,234297,142049,156949,36
spin_slow,spin,2.0,0.15,spin,2.0,0.15,49.7504,83,416499896,836,282388,142114,157019,36
spin_slow,spin,2.0,0.15,spin,2.0,0.15,49.7662,84,416512120,837,162507,142095,156999,36
spin_slow,spin,2.0,0.15,spin,2.0,0.15,49.7715,85,416520775,836,220602,142162,157033,36
spin_slow,spin,2.0,0.15,spin,2.0,0.15,49.781,86,416532216,836,281337,142186,157017,36
spin_slow,spin,2.0,0.15,spin,2.0,0.15,49.7979,87,416543092,837,245957,142234,157024,36
spin_slow,spin,2.0,0.15,spin,2.0,0.15,49.8011,88,416551942,835,180103,142265,157017,36
spin_slow,spin,2.0,0.15,spin,2.0,0.15,49.8127,89,416562888,837,156713,142320,157027,4
spin_slow,spin,2.0,0.15,spin,2.0,0.15,49.8369,90,416573530,835,238787,142320,156995,36
spin_slow,spin,2.0,0.15,spin,2.0,0.15,49.8528,91,416599071,837,184767,142462,156981,36
spin_slow,spin,2.0,0.15,spin,2.0,0.15,49.8528,92,416600029,838,190612,142460,156982,32
spin_slow,spin,2.0,0.15,spin,2.0,0.15,49.8633,93,416613300,841,248728,142577,157023,36
spin_slow,spin,2.0,0.15,spin,2.0,0.15,49.8665,94,416615900,839,219707,142603,157011,36
spin_slow,spin,2.0,0.15,spin,2.0,0.15,49.8781,95,416626577,838,150660,142605,156991,4
spin_slow,spin,2.0,0.15,spin,2.0,0.15,49.8855,96,416637049,839,204111,142656,156988,36
spin_slow,spin,2.0,0.15,spin,2.0,0.15,49.8971,97,416647970,845,176765,142727,157020,36
spin_slow,spin,2.0,0.15,spin,2.0,0.15,49.9076,98,416658555,838,248951,142783,156998,36
spin_slow,spin,2.0,0.15,spin,2.0,0.15,49.9234,99,416669441,840,215803,142845,157031,36
spin_slow,spin,2.0,0.15,spin,2.0,0.15,49.9277,100,416678257,840,144376,142831,156991,4
spin_slow,spin,2.0,0.15,spin,2.0,0.15,49.9382,101,416689696,841,204934,142934,157000,36
spin_slow,spin,2.0,0.15,spin,2.0,0.15,49.9477,102,416700591,841,172968,143006,157036,36
spin_slow,spin,2.0,0.15,spin,2.0,0.15,49.9656,103,416710968,842,209607,143063,157016,36
spin_slow,spin,2.0,0.15,spin,2.0,0.15,49.971,104,416721666,841,300163,143147,157021,36
spin_slow,spin,2.0,0.15,spin,2.0,0.15,49.9805,105,416730840,841,290226,143159,157034,36
spin_slow,spin,2.0,0.15,spin,2.0,0.15,49.9963,106,416742247,842,188342,143218,157016,36
spin_slow,spin,2.0,0.15,spin,2.0,0.15,50.0027,107,416752937,843,278498,143256,157016,36
spin_slow,spin,2.0,0.15,spin,2.0,0.15,50.0153,108,416763380,843,169733,143263,157027,36
spin_slow,spin,2.0,0.15,spin,2.0,0.15,50.0227,109,416775139,843,284639,143320,157005,36
spin_slow,spin,2.0,0.15,spin,2.0,0.15,50.0406,110,416786004,844,247739,143367,157018,36
spin_slow,spin,2.0,0.15,spin,2.0,0.15,50.0469,111,416794675,840,151483,143398,157030,4
spin_slow,spin,2.0,0.15,spin,2.0,0.15,50.0554,112,416805556,844,273985,143404,157015,36
spin_slow,spin,2.0,0.15,spin,2.0,0.15,50.066,113,416816115,844,184464,143453,157026,36
spin_slow,spin,2.0,0.15,spin,2.0,0.15,50.0755,114,416827032,845,156094,143494,157030,4
spin_slow,spin,2.0,0.15,spin,2.0,0.15,50.0924,115,416838545,844,229076,143537,157033,36
spin_slow,spin,2.0,0.15,spin,2.0,0.15,50.0977,116,416847201,844,287410,143528,157026,36
spin_slow,spin,2.0,0.15,spin,2.0,0.15,50.1051,117,416858308,844,291371,143566,157023,36
spin_slow,spin,2.0,0.15,spin,2.0,0.15,50.1356,118,416874140,845,156113,143635,157021,4
spin_slow,spin,2.0,0.15,spin,2.0,0.15,50.1378,119,416875101,849,162580,143645,157027,36
spin_slow,spin,2.0,0.15,spin,2.0,0.15,50.1378,120,416876054,845,167560,143635,157019,32
spin_slow,spin,2.0,0.15,spin,2.0,0.15,50.1409,121,416877008,844,172684,143640,157019,32
spin_slow,spin,2.0,0.15,spin,2.0,0.15,50.1409,122,416881237,845,263536,143641,157022,36
spin_slow,spin,2.0,0.15,spin,2.0,0.15,50.1452,123,416881270,845,269200,143641,157022,40
spin_slow,spin,2.0,0.15,spin,2.0,0.15,50.1452,124,416887945,846,147609,143734,157040,4
spin_slow,spin,2.0,0.15,spin,2.0,0.15,50.1569,125,416901361,845,229786,143759,157027,36
spin_slow,spin,2.0,0.15,spin,2.0,0.15,50.1581,126,416902317,850,235348,143748,157011,32
spin_slow,spin,2.0,0.15,spin,2.0,0.15,50.1655,127,416912487,850,236853,143769,157035,36
spin_slow,spin,2.0,0.15,spin,2.0,0.15,50.1709,0,416921969,849,278804,143802,156989,36
spin_slow,spin,2.0,0.15,spin,2.0,0.15,50.1825,1,416932235,846,296580,143828,157018,36
spin_slow,spin,2.0,0.15,spin,2.0,0.15,50.1931,2,416943712,847,206369,143944,157061,36
spin_slow,spin,2.0,0.15,spin,2.0,0.15,50.2089,3,416954548,846,163800,143932,157046,36
spin_slow,spin,2.0,0.15,spin,2.0,0.15,50.2131,4,416963374,847,250846,144005,157045,36
spin_slow,spin,2.0,0.15,spin,2.0,0.15,50.2247,5,416974870,852,163853,144037,157037,36
spin_slow,spin,2.0,0.15,spin,2.0,0.15,50.2352,6,416985751,848,286060,144097,157063,36
spin_slow,spin,2.0,0.15,spin,2.0,0.15,50.25,7,416997404,848,225447,144164,157051,36
spin_slow,spin,2.0,0.15,spin,2.0,0.15,50.2584,8,417009989,849,166393,144232,157043,36
spin_slow,spin,2.0,0.15,spin,2.0,0.15,50.2753,9,417020832,849,282137,144216,157025,36
spin_slow,spin,2.0,0.15,spin,2.0,0.15,50.2816,10,417029658,849,212053,144296,157030,36
spin_slow,spin,2.0,0.15,spin,2.0,0.15,50.2901,11,417040665,849,198944,144308,157002,36
spin_slow,spin,2.0,0.15,spin,2.0,0.15,50.3006,12,417051295,849,278525,144391,157048,36
spin_slow,spin,2.0,0.15,spin,2.0,0.15,50.3166,13,417062167,850,242264,144390,157049,36
spin_slow,spin,2.0,0.15,spin,2.0,0.15,50.3208,14,417070972,850,168786,144460,157043,36
spin_slow,spin,2.0,0.15,spin,2.0,0.15,50.3303,15,417080084,854,147468,144445,157022,4
spin_slow,spin,2.0,0.15,spin,2.0,0.15,50.3461,16,417092454,851,208841,144496,157042,36
spin_slow,spin,2.0,0.15,spin,2.0,0.15,50.3524,17,417101092,851,263861,144523,157068,36
spin_slow,spin,2.0,0.15,spin,2.0,0.15,50.363,18,417112838,850,218765,144546,157050,36
spin_slow,spin,2.0,0.15,spin,2.0,0.15,50.3724,19,417123207,850,254013,144560,157026,36
spin_slow,spin,2.0,0.15,spin,2.0,0.15,50.383,20,417133822,850,174418,144580,157008,36
spin_slow,spin,2.0,0.15,spin,2.0,0.15,50.3924,21,417143863,851,154381,144629,157009,4
spin_slow,spin,2.0,0.15,spin,2.0,0.15,50.4076,22,417156260,851,220574,144663,157014,36
spin_slow,spin,2.0,0.15,spin,2.0,0.15,50.4151,23,417166991,852,160887,144727,156999,36
spin_slow,spin,2.0,0.15,spin,2.0,0.15,50.4257,24,417177592,853,235871,144733,157009,36
spin_slow,spin,2.0,0.15,spin,2.0,0.15,50.4427,25,417188495,852,205383,144793,156989,36
spin_slow,spin,2.0,0.15,spin,2.0,0.15,50.448,26,417197303,853,289568,144857,157018,36
spin_slow,spin,2.0,0.15,spin,2.0,0.15,50.4575,27,417208225,852,261937,144882,157002,36
spin_slow,spin,2.0,0.15,spin,2.0,0.15,50.4671,28,417218817,853,178638,144922,157003,36
spin_slow,spin,2.0,0.15,spin,2.0,0.15,50.483,29,417229712,853,146858,144925,156985,4
spin_slow,spin,2.0,0.15,spin,2.0,0.15,50.4883,30,417238550,853,236368,144976,156983,36
spin_slow,spin,2.0,0.15,spin,2.0,0.15,50.499,31,417250083,853,156140,145004,156985,4
spin_slow,spin,2.0,0.15,spin,2.0,0.15,50.5117,32,417261268,853,173683,145070,157006,36
spin_slow,spin,2.0,0.15,spin,2.0,0.15,50.5212,33,417271884,853,250990,145131,157067,36
spin_slow,spin,2.0,0.15,spin,2.0,0.15,50.5308,34,417282394,854,153115,145188,157031,4
spin_slow,spin,2.0,0.15,spin,2.0,0.15,50.5435,35,417293315,854,282125,145204,157024,36
spin_slow,spin,2.0,0.15,spin,2.0,0.15,50.552,36,417303749,854,171962,145174,156991,36
spin_slow,spin,2.0,0.15,spin,2.0,0.15,50.569,37,417314590,852,288080,145225,156962,36
spin_slow,spin,2.0,0.15,spin,2.0,0.15,50.5807,38,417325014,855,176426,145305,157006,36
spin_slow,spin,2.0,0.15,spin,2.0,0.15,50.5828,39,417334488,855,217035,145311,157016,36
spin_slow,spin,2.0,0.15,spin,2.0,0.15,50.5956,40,417345662,855,232317,145367,157034,36
spin_slow,spin,2.0,0.15,spin,2.0,0.15,50.6052,41,417356425,857,177753,145416,157044,36
spin_slow,spin,2.0,0.15,spin,2.0,0.15,50.6328,42,417373082,856,182814,145486,157037,36
spin_slow,spin,2.0,0.15,spin,2.0,0.15,50.6328,43,417374017,855,184598,145480,157030,32
spin_slow,spin,2.0,0.15,spin,2.0,0.15,50.635,44,417374980,855,191421,145473,157021,32
spin_slow,spin,2.0,0.15,spin,2.0,0.15,50.635,45,417375913,862,192989,145442,157034,32
spin_slow,spin,2.0,0.15,spin,2.0,0.15,50.6414,46,417380962,855,266107,145455,157004,36
spin_slow,spin,2.0,0.15,spin,2.0,0.15,50.6414,47,417380995,855,271678,145455,157004,40
spin_slow,spin,2.0,0.15,spin,2.0,0.15,50.6414,48,417381748,857,242743,145453,157000,32
spin_slow,spin,2.0,0.15,spin,2.0,0.15,50.6563,49,417400743,856,174613,145514,156984,36
spin_slow,spin,2.0,0.15,spin,2.0,0.15,50.6563,50,417401705,850,181184,145517,156991,32
spin_slow,spin,2.0,0.15,spin,2.0,0.15,50.6616,51,417410880,856,170727,145550,157027,36
spin_slow,spin,2.0,0.15,spin,2.0,0.15,50.6712,52,417421655,856,275111,145618,157017,36
spin_slow,spin,2.0,0.15,spin,2.0,0.15,50.6829,53,417433742,856,288537,145613,157013,36
spin_slow,spin,2.0,0.15,spin,2.0,0.15,50.6988,54,417444750,856,275761,145668,157029,36
spin_slow,spin,2.0,0.15,spin,2.0,0.15,50.7094,55,417455174,858,163723,145736,157018,36
spin_slow,spin,2.0,0.15,spin,2.0,0.15,50.7116,56,417463995,858,249960,145776,157064,36
spin_slow,spin,2.0,0.15,spin,2.0,0.15,50.7232,57,417473954,858,215432,145784,157032,36
spin_slow,spin,2.0,0.15,spin,2.0,0.15,50.736,58,417485244,858,250177,145860,157028,36
spin_slow,spin,2.0,0.15,spin,2.0,0.15,50.7455,59,417496502,858,279441,145903,157077,36
spin_slow,spin,2.0,0.15,spin,2.0,0.15,50.7625,60,417507401,860,247909,145901,157032,36
spin_slow,spin,2.0,0.15,spin,2.0,0.15,50.7657,61,417516206,858,174550,145902,156994,36
spin_slow,spin,2.0,0.15,spin,2.0,0.15,50.7752,62,417526837,858,254750,145890,156981,36
spin_slow,spin,2.0,0.15,spin,2.0,0.15,50.7901,63,417538948,858,272338,145943,156998,36
spin_slow,spin,2.0,0.15,spin,2.0,0.15,50.7965,64,417547586,859,170792,145981,156998,36
spin_slow,spin,2.0,0.15,spin,2.0,0.15,50.8134,65,417560206,859,274743,146020,156998,36
spin_slow,spin,2.0,0.15,spin,2.0,0.15,50.8188,66,417568835,859,171324,146080,157062,36
spin_slow,spin,2.0,0.15,spin,2.0,0.15,50.8304,67,417579685,859,288368,146042,157022,36
spin_slow,spin,2.0,0.15,spin,2.0,0.15,50.84,68,417590302,859,208883,146166,157030,36
spin_slow,spin,2.0,0.15,spin,2.0,0.15,50.8517,69,417601196,860,176301,146211,157079,36
spin_slow,spin,2.0,0.15,spin,2.0,0.15,50.8622,70,417611953,860,277314,146219,157045,36
spin_slow,spin,2.0,0.15,spin,2.0,0.15,50.8707,71,417622433,861,174473,146230,157019,36
spin_slow,spin,2.0,0.15,spin,2.0,0.15,50.8877,72,417633972,861,251925,146255,157005,36
spin_slow,spin,2.0,0.15,spin,2.0,0.15,50.893,73,417644673,859,186667,146302,157054,36
spin_slow,spin,2.0,0.15,spin,2.0,0.15,50.9036,74,417653839,861,174391,146327,157041,36
spin_slow,spin,2.0,0.15,spin,2.0,0.15,50.9152,75,417665975,868,195937,146400,157036,36
spin_slow,spin,2.0,0.15,spin,2.0,0.15,50.9396,76,417677862,862,175112,146436,157034,36
spin_slow,spin,2.0,0.15,spin,2.0,0.15,50.9565,77,417702309,862,248013,146486,157048,36
spin_slow,spin,2.0,0.15,spin,2.0,0.15,50.9565,78,417703271,860,254518,146535,157060,32
spin_slow,spin,2.0,0.15,spin,2.0,0.15,50.9756,79,417717853,863,220878,146520,157042,36
spin_slow,spin,2.0,0.15,spin,2.0,0.15,50.9756,80,417718815,862,227260,146494,157016,32
spin_slow,spin,2.0,0.15,spin,2.0,0.15,50.983,81,417729925,861,231537,146564,157047,36
spin_slow,spin,2.0,0.15,spin,2.0,0.15,50.9905,82,417740966,862,224004,146602,157007,36
spin_slow,spin,2.0,0.15,spin,2.0,0.15,51.0011,83,417751651,862,156218,146629,157023,4
spin_slow,spin,2.0,0.15,spin,2.0,0.15,51.017,84,417762536,863,279442,146667,156996,36
spin_slow,spin,2.0,0.15,spin,2.0,0.15,51.0202,85,417771381,863,213166,146679,157010,36
spin_slow,spin,2.0,0.15,spin,2.0,0.15,51.0308,86,417782860,864,280070,146741,157035,36
spin_slow,spin,2.0,0.15,spin,2.0,0.15,51.0477,87,417794077,863,302609,146776,157032,36
spin_slow,spin,2.0,0.15,spin,2.0,0.15,51.053,88,417802746,864,205768,146875,157058,36
spin_slow,spin,2.0,0.15,spin,2.0,0.15,51.0647,89,417813596,865,165640,146926,157070,36
spin_slow,spin,2.0,0.15,spin,2.0,0.15,51.0742,90,417825425,865,292108,146934,157036,36
spin_slow,spin,2.0,0.15,spin,2.0,0.15,51.0848,91,417836333,865,262034,147022,157089,36
spin_slow,spin,2.0,0.15,spin,2.0,0.15,51.0955,92,417845497,865,249368,147009,157075,36
spin_slow,spin,2.0,0.15,spin,2.0,0.15,51.1062,93,417856326,867,205415,147072,157062,36
spin_slow,spin,2.0,0.15,spin,2.0,0.15,51.1327,94,417867044,865,299847,147101,157054,36
spin_slow,spin,2.0,0.15,spin,2.0,0.15,51.1496,95,417875789,865,215959,147106,157058,36
spin_slow,spin,2.0,0.15,spin,2.0,0.15,51.1517,96,417876728,865,218435,147127,157039,32
spin_slow,spin,2.0,0.15,spin,2.0,0.15,51.1517,97,417877694,864,225576,147117,157029,32
spin_slow,spin,2.0,0.15,spin,2.0,0.15,51.1517,98,417880536,866,237646,147143,157054,36
spin_slow,spin,2.0,0.15,spin,2.0,0.15,51.1549,99,417880569,866,243217,147143,157054,40
spin_slow,spin,2.0,0.15,spin,2.0,0.15,51.157,100,417882451,866,249149,147177,157051,36
spin_slow,spin,2.0,0.15,spin,2.0,0.15,51.1602,101,417900381,866,156387,147223,157070,4
spin_slow,spin,2.0,0.15,spin,2.0,0.15,51.175,102,417915201,866,162924,147256,157057,36
spin_slow,spin,2.0,0.15,spin,2.0,0.15,51.175,103,417916139,866,165410,147247,157045,32
spin_slow,spin,2.0,0.15,spin,2.0,0.15,51.175,104,417919154,865,206859,147262,157022,36
spin_slow,spin,2.0,0.15,spin,2.0,0.15,51.1792,105,417930560,867,261642,147308,157027,36
spin_slow,spin,2.0,0.15,spin,2.0,0.15,51.1908,106,417941206,867,186828,147345,157030,36
spin_slow,spin,2.0,0.15,spin,2.0,0.15,51.2004,107,417951775,867,256193,147401,157008,36
spin_slow,spin,2.0,0.15,spin,2.0,0.15,51.2162,108,417962653,867,221070,147458,157027,36
spin_slow,spin,2.0,0.15,spin,2.0,0.15,51.2194,109,417971478,861,151048,147480,157018,4
spin_slow,spin,2.0,0.15,spin,2.0,0.15,51.232,110,417982993,872,224129,147571,157066,36
spin_slow,spin,2.0,0.15,spin,2.0,0.15,51.2436,111,417993886,869,191419,147634,157051,36
spin_slow,spin,2.0,0.15,spin,2.0,0.15,51.2552,112,418004604,869,285855,147690,157069,36
spin_slow,spin,2.0,0.15,spin,2.0,0.15,51.2615,113,418015104,869,186137,147712,157053,36
spin_slow,spin,2.0,0.15,spin,2.0,0.15,51.2752,114,418025497,869,225632,147717,157018,36
spin_slow,spin,2.0,0.15,spin,2.0,0.15,51.2858,115,418038075,869,165154,147792,157056,36
spin_slow,spin,2.0,0.15,spin,2.0,0.15,51.3037,116,418048959,869,287839,147804,157029,36
spin_slow,spin,2.0,0.15,spin,2.0,0.15,51.309,117,418057793,870,219355,147823,157051,36
spin_slow,spin,2.0,0.15,spin,2.0,0.15,51.3164,118,418068898,870,222696,147837,157025,36
spin_slow,spin,2.0,0.15,spin,2.0,0.15,51.3333,119,418079268,870,258451,147897,157005,36
spin_slow,spin,2.0,0.15,spin,2.0,0.15,51.3364,120,418087952,870,164441,147932,157045,36
spin_slow,spin,2.0,0.15,spin,2.0,0.15,51.348,121,418099016,871,160799,147988,157022,36
spin_slow,spin,2.0,0.15,spin,2.0,0.15,51.3586,122,418109553,871,224617,148030,157027,36
spin_slow,spin,2.0,0.15,spin,2.0,0.15,51.367,123,418119899,872,256130,148069,157026,36
spin_slow,spin,2.0,0.15,spin,2.0,0.15,51.3818,124,418130544,874,181692,148122,157043,36
spin_slow,spin,2.0,0.15,spin,2.0,0.15,51.3902,125,418140734,872,186414,148194,157041,36
spin_slow,spin,2.0,0.15,spin,2.0,0.15,51.4072,126,418153053,877,238988,148211,157015,36
spin_slow,spin,2.0,0.15,spin,2.0,0.15,51.4114,127,418161740,873,302426,148241,157009,36
spin_slow,spin,2.0,0.15,spin,2.0,0.15,51.421,0,418172836,872,304529,148321,157052,36
spin_slow,spin,2.0,0.15,spin,2.0,0.15,51.4379,1,418184306,873,212659,148390,157045,36
spin_slow,spin,2.0,0.15,spin,2.0,0.15,51.4421,2,418195026,871,150363,148420,157038,4
spin_slow,spin,2.0,0.15,spin,2.0,0.15,51.4516,3,418204188,873,294576,148417,157033,36
spin_slow,spin,2.0,0.15,spin,2.0,0.15,51.4621,4,418215617,873,196237,148434,157012,36
spin_slow,spin,2.0,0.15,spin,2.0,0.15,51.4758,5,418225564,874,159973,148508,157008,36
spin_slow,spin,2.0,0.15,spin,2.0,0.15,51.4852,6,418236216,873,243443,148529,157032,36
spin_slow,spin,2.0,0.15,spin,2.0,0.15,51.4958,7,418246727,874,302903,148581,157046,36
spin_slow,spin,2.0,0.15,spin,2.0,0.15,51.5127,8,418259338,874,248087,148671,157059,36
spin_slow,spin,2.0,0.15,spin,2.0,0.15,51.519,9,418268012,875,152195,148696,157056,4
spin_slow,spin,2.0,0.15,spin,2.0,0.15,51.5253,10,418278987,875,290453,148774,157089,36
spin_slow,spin,2.0,0.15,spin,2.0,0.15,51.5391,11,418289410,874,177660,148784,157058,36
spin_slow,spin,2.0,0.15,spin,2.0,0.15,51.5496,12,418301977,876,272444,148861,157059,36
spin_slow,spin,2.0,0.15,spin,2.0,0.15,51.5665,13,418312877,876,240845,148869,157026,36
spin_slow,spin,2.0,0.15,spin,2.0,0.15,51.5728,14,418321714,875,172445,148919,157040,36
spin_slow,spin,2.0,0.15,spin,2.0,0.15,51.5865,15,418332687,876,153557,148916,157011,4
spin_slow,spin,2.0,0.15,spin,2.0,0.15,51.5981,16,418343741,876,305605,148987,156993,36
spin_slow,spin,2.0,0.15,spin,2.0,0.15,51.6012,17,418353793,877,287252,149076,157044,36
spin_slow,spin,2.0,0.15,spin,2.0,0.15,51.6213,18,418363018,878,285138,149070,157001,36
spin_slow,spin,2.0,0.15,spin,2.0,0.15,51.6402,19,418377824,877,289830,149110,157001,36
spin_slow,spin,2.0,0.15,spin,2.0,0.15,51.6402,20,418378763,878,292452,149110,157000,32
spin_slow,spin,2.0,0.15,spin,2.0,0.15,51.6434,21,418379729,877,299780,149130,157021,32
spin_slow,spin,2.0,0.15,spin,2.0,0.15,51.6434,22,418382572,891,154954,149184,157023,4
spin_slow,spin,2.0,0.15,spin,2.0,0.15,51.6455,23,418382609,891,161299,149184,157038,32
spin_slow,spin,2.0,0.15,spin,2.0,0.15,51.6455,24,418384839,877,226317,149171,157024,36
spin_slow,spin,2.0,0.15,spin,2.0,0.15,51.6487,25,418390315,879,215073,149185,157038,36
spin_slow,spin,2.0,0.15,spin,2.0,0.15,51.6519,26,418403927,878,173696,149204,157019,36
spin_slow,spin,2.0,0.15,spin,2.0,0.15,51.6582,27,418406969,877,219890,149197,157011,36
spin_slow,spin,2.0,0.15,spin,2.0,0.15,51.6646,28,418415628,878,278851,149287,157027,36
spin_slow,spin,2.0,0.15,spin,2.0,0.15,51.6814,29,418428200,878,217921,149271,157008,36
spin_slow,spin,2.0,0.15,spin,2.0,0.15,51.6857,30,418436888,877,281731,149293,156993,36
spin_slow,spin,2.0,0.15,spin,2.0,0.15,51.6973,31,418448299,878,180420,149361,157023,36
spin_slow,spin,2.0,0.15,spin,2.0,0.15,51.7078,32,418459569,886,212087,149367,156991,36
spin_slow,spin,2.0,0.15,spin,2.0,0.15,51.7237,33,418470450,879,177478,149478,157028,36
spin_slow,spin,2.0,0.15,spin,2.0,0.15,51.7289,34,418479283,879,265691,149520,157030,36
spin_slow,spin,2.0,0.15,spin,2.0,0.15,51.7394,35,418490236,880,243367,149583,157055,36
spin_slow,spin,2.0,0.15,spin,2.0,0.15,51.75,36,418500835,880,160733,149564,156997,36
spin_slow,spin,2.0,0.15,spin,2.0,0.15,51.7658,37,418511718,881,283709,149653,157009,36
spin_slow,spin,2.0,0.15,spin,2.0,0.15,51.768,38,418520564,880,217341,149738,157018,36
spin_slow,spin,2.0,0.15,spin,2.0,0.15,51.7796,39,418532064,888,288167,149791,156996,36
spin_slow,spin,2.0,0.15,spin,2.0,0.15,51.7964,40,418542960,882,256229,149906,157036,36
spin_slow,spin,2.0,0.15,spin,2.0,0.15,51.7996,41,418551805,882,189765,149953,157044,36
spin_slow,spin,2.0,0.15,spin,2.0,0.15,51.8112,42,418563257,883,252273,150060,157036,36
spin_slow,spin,2.0,0.15,spin,2.0,0.15,51.8228,43,418574055,883,203547,150089,157028,36
spin_slow,spin,2.0,0.15,spin,2.0,0.15,51.8323,44,418584529,890,256598,150170,157073,36
spin_slow,spin,2.0,0.15,spin,2.0,0.15,51.845,45,418595375,884,215675,150202,157025,36
spin_slow,spin,2.0,0.15,spin,2.0,0.15,51.8608,46,418606683,883,253257,150268,157056,36
spin_slow,spin,2.0,0.15,spin,2.0,0.15,51.8713,47,418617075,885,292199,150388,157101,36
spin_slow,spin,2.0,0.15,spin,2.0,0.15,51.8745,48,418626543,885,173893,150308,157058,36
spin_slow,spin,2.0,0.15,spin,2.0,0.15,51.8861,49,418637900,884,219973,150320,157029,36
spin_slow,spin,2.0,0.15,spin,2.0,0.15,51.8967,50,418648426,883,282042,150289,156997,36
spin_slow,spin,2.0,0.15,spin,2.0,0.15,51.9125,51,418659298,885,246172,150390,157023,36
spin_slow,spin,2.0,0.15,spin,2.0,0.15,51.9167,52,418668162,884,182860,150407,157042,36
spin_slow,spin,2.0,0.15,spin,2.0,0.15,51.9272,53,418679647,885,250753,150435,157030,36
spin_slow,spin,2.0,0.15,spin,2.0,0.15,51.9409,54,418690561,886,221785,150480,157038,36
spin_slow,spin,2.0,0.15,spin,2.0,0.15,51.9514,55,418701298,885,162389,150566,157049,36
spin_slow,spin,2.0,0.15,spin,2.0,0.15,51.9599,56,418711764,886,214064,150618,157062,36
spin_slow,spin,2.0,0.15,spin,2.0,0.15,51.9757,57,418722151,887,252430,150604,157007,36
spin_slow,spin,2.0,0.15,spin,2.0,0.15,51.981,58,418732819,887,181719,150684,157013,36
spin_slow,spin,2.0,0.15,spin,2.0,0.15,51.9926,59,418742004,887,172934,150694,157022,36
spin_slow,spin,2.0,0.15,spin,2.0,0.15,52.0001,60,418753115,885,177471,150792,157045,36
spin_slow,spin,2.0,0.15,spin,2.0,0.15,52.017,61,418764648,887,253468,150843,157060,36
spin_slow,spin,2.0,0.15,spin,2.0,0.15,52.0223,62,418775367,887,191360,150833,157007,36
spin_slow,spin,2.0,0.15,spin,2.0,0.15,52.0318,63,418784530,888,178929,150881,157057,36
spin_slow,spin,2.0,0.15,spin,2.0,0.15,52.0465,64,418795918,888,230218,150927,157067,36
spin_slow,spin,2.0,0.15,spin,2.0,0.15,52.055,65,418807214,888,265892,150959,157021,36
spin_slow,spin,2.0,0.15,spin,2.0,0.15,52.0718,66,418818124,888,235953,150965,157067,36
spin_slow,spin,2.0,0.15,spin,2.0,0.15,52.0761,67,418826975,893,169945,150996,157060,36
spin_slow,spin,2.0,0.15,spin,2.0,0.15,52.0866,68,418837931,889,304743,151069,157056,36
spin_slow,spin,2.0,0.15,spin,2.0,0.15,52.0961,69,418848560,889,226973,151080,157067,36
spin_slow,spin,2.0,0.15,spin,2.0,0.15,52.1077,70,418859436,889,191357,151125,157035,36
spin_slow,spin,2.0,0.15,spin,2.0,0.15,52.1311,71,418872353,889,188742,151189,157022,36
spin_slow,spin,2.0,0.15,spin,2.0,0.15,52.1311,72,418873292,889,191265,151232,157026,32
spin_slow,spin,2.0,0.15,spin,2.0,0.15,52.1364,73,418875824,890,307744,151283,157041,36
spin_slow,spin,2.0,0.15,spin,2.0,0.15,52.1364,74,418876797,896,159061,151287,157084,36
spin_slow,spin,2.0,0.15,spin,2.0,0.15,52.1364,75,418877733,890,161064,151295,157052,32
spin_slow,spin,2.0,0.15,spin,2.0,0.15,52.1407,76,418879706,892,182275,151307,157066,36
spin_slow,spin,2.0,0.15,spin,2.0,0.15,52.1449,77,418885190,891,172075,151314,157071,36
spin_slow,spin,2.0,0.15,spin,2.0,0.15,52.1449,78,418898906,891,305169,151388,157031,36
spin_slow,spin,2.0,0.15,spin,2.0,0.15,52.1491,79,418902125,890,224282,151402,157046,36
spin_slow,spin,2.0,0.15,spin,2.0,0.15,52.1597,80,418912455,891,252661,151455,157060,36
spin_slow,spin,2.0,0.15,spin,2.0,0.15,52.1766,81,418923506,891,246730,151508,157076,36
spin_slow,spin,2.0,0.15,spin,2.0,0.15,52.1819,82,418934250,891,188566,151528,157057,36
spin_slow,spin,2.0,0.15,spin,2.0,0.15,52.1903,83,418943363,892,167146,151531,157061,36
spin_slow,spin,2.0,0.15,spin,2.0,0.15,52.203,84,418954794,891,225670,151568,157057,36
spin_slow,spin,2.0,0.15,spin,2.0,0.15,52.2146,85,418966125,892,267271,151512,157041,36
spin_slow,spin,2.0,0.15,spin,2.0,0.15,52.2389,86,418976990,892,229761,151597,157049,36
spin_slow,spin,2.0,0.15,spin,2.0,0.15,52.2567,87,418996775,892,294843,151653,157028,36
spin_slow,spin,2.0,0.15,spin,2.0,0.15,52.2567,88,418997713,891,297191,151652,157029,32
spin_slow,spin,2.0,0.15,spin,2.0,0.15,52.2683,89,419018612,893,238003,151745,157046,36
spin_slow,spin,2.0,0.15,spin,2.0,0.15,52.2768,90,419019578,899,245183,151777,157038,32
spin_slow,spin,2.0,0.15,spin,2.0,0.15,52.282,91,419032192,894,190992,151858,157042,36
spin_slow,spin,2.0,0.15,spin,2.0,0.15,52.2947,92,419043243,897,185223,151821,157007,36
spin_slow,spin,2.0,0.15,spin,2.0,0.15,52.3021,93,419050287,894,283607,151938,157046,36
spin_slow,spin,2.0,0.15,spin,2.0,0.15,52.3074,94,419059852,894,182292,151937,157046,36
spin_slow,spin,2.0,0.15,spin,2.0,0.15,52.3253,95,419072368,894,268255,151975,157046,36
spin_slow,spin,2.0,0.15,spin,2.0,0.15,52.3317,96,419081066,894,176509,151999,157031,36
spin_slow,spin,2.0,0.15,spin,2.0,0.15,52.3401,97,419091890,894,288955,152024,157058,36
spin_slow,spin,2.0,0.15,spin,2.0,0.15,52.3517,98,419102480,895,204617,152114,157071,36
spin_slow,spin,2.0,0.15,spin,2.0,0.15,52.3601,99,419112563,895,191421,152031,156988,36
spin_slow,spin,2.0,0.15,spin,2.0,0.15,52.378,100,419124913,896,249100,152158,157076,36
spin_slow,spin,2.0,0.15,spin,2.0,0.15,52.3843,101,419133573,894,307932,152148,157027,36
spin_slow,spin,2.0,0.15,spin,2.0,0.15,52.3907,102,419144492,895,279730,152180,157023,36
spin_slow,spin,2.0,0.15,spin,2.0,0.15,52.4023,103,419154928,896,169442,152264,157031,36
spin_slow,spin,2.0,0.15,spin,2.0,0.15,52.4118,104,419165858,896,300146,152256,157022,36
spin_slow,spin,2.0,0.15,spin,2.0,0.15,52.4297,105,419176136,896,163061,152350,157039,36
spin_slow,spin,2.0,0.15,spin,2.0,0.15,52.4455,106,419189829,897,292067,152371,157023,36
spin_slow,spin,2.0,0.15,spin,2.0,0.15,52.4665,107,419207494,896,154563,152460,157030,4
spin_slow,spin,2.0,0.15,spin,2.0,0.15,52.4665,108,419208443,897,158927,152467,157042,36
spin_slow,spin,2.0,0.15,spin,2.0,0.15,52.4708,109,419218992,897,224627,152487,157022,36
spin_slow,spin,2.0,0.15,spin,2.0,0.15,52.4813,110,419231320,898,278938,152566,157065,36
spin_slow,spin,2.0,0.15,spin,2.0,0.15,52.4898,111,419240029,897,188865,152578,157077,36
spin_slow,spin,2.0,0.15,spin,2.0,0.15,52.5024,112,419252479,896,263860,152518,157017,36
spin_slow,spin,2.0,0.15,spin,2.0,0.15,52.5098,113,419262879,904,304476,152579,157039,36
spin_slow,spin,2.0,0.15,spin,2.0,0.15,52.5225,114,419272158,898,154509,152590,157039,4
spin_slow,spin,2.0,0.15,spin,2.0,0.15,52.5309,115,419281011,897,246177,152580,157002,36
spin_slow,spin,2.0,0.15,spin,2.0,0.15,52.5447,116,419293775,898,218007,152665,157049,36
spin_slow,spin,2.0,0.15,spin,2.0,0.15,52.551,117,419302631,898,309441,152622,157005,36
spin_slow,spin,2.0,0.15,spin,2.0,0.15,52.5594,118,419312407,899,244781,152737,157045,36
spin_slow,spin,2.0,0.15,spin,2.0,0.15,52.5731,119,419323737,899,286315,152757,157027,36
spin_slow,spin,2.0,0.15,spin,2.0,0.15,52.5826,120,419334755,906,275135,152771,157002,36
spin_slow,spin,2.0,0.15,spin,2.0,0.15,52.5921,121,419345137,903,155879,152838,157026,4
spin_slow,spin,2.0,0.15,spin,2.0,0.15,52.6027,122,419355255,906,305629,152842,156996,36
spin_slow,spin,2.0,0.15,spin,2.0,0.15,52.6259,123,419366188,900,280013,152924,157003,36
spin_slow,spin,2.0,0.15,spin,2.0,0.15,52.6301,124,419380437,900,190225,152936,157015,36
spin_slow,spin,2.0,0.15,spin,2.0,0.15,52.6343,125,419381399,900,196706,152993,157035,32
spin_slow,spin,2.0,0.15,spin,2.0,0.15,52.6365,126,419382359,904,202762,152963,157043,32
spin_slow,spin,2.0,0.15,spin,2.0,0.15,52.6428,127,419383300,899,205803,152961,157040,32
spin_slow,spin,2.0,0.15,spin,2.0,0.15,52.6428,0,419385874,901,172282,152974,157054,36
spin_slow,spin,2.0,0.15,spin,2.0,0.15,52.646,1,419388312,902,272594,152986,157026,36
spin_slow,spin,2.0,0.15,spin,2.0,0.15,52.6471,2,419399533,899,295821,152980,157021,36
spin_slow,spin,2.0,0.15,spin,2.0,0.15,52.6513,3,419400469,895,297754,152994,157035,32
spin_slow,spin,2.0,0.15,spin,2.0,0.15,52.663,4,419410043,900,198207,152952,156991,36
spin_slow,spin,2.0,0.15,spin,2.0,0.15,52.6704,5,419420041,903,170595,153028,157032,36
spin_slow,spin,2.0,0.15,spin,2.0,0.15,52.6799,6,419430994,900,305342,153100,157064,36
spin_slow,spin,2.0,0.15,spin,2.0,0.15,52.6958,7,419442590,901,235342,153097,157024,36
spin_slow,spin,2.0,0.15,spin,2.0,0.15,52.7,8,419451256,901,295247,153083,157009,36
spin_slow,spin,2.0,0.15,spin,2.0,0.15,52.7127,9,419462636,901,188547,153165,157015,36
spin_slow,spin,2.0,0.15,spin,2.0,0.15,52.7211,10,419473925,901,223452,153206,157018,36
spin_slow,spin,2.0,0.15,spin,2.0,0.15,52.738,11,419484809,901,189635,153207,156980,36
spin_slow,spin,2.0,0.15,spin,2.0,0.15,52.7432,12,419493671,901,282908,153292,157028,36
spin_slow,spin,2.0,0.15,spin,2.0,0.15,52.7506,13,419504773,902,286113,153300,156997,36
spin_slow,spin,2.0,0.15,spin,2.0,0.15,52.7654,14,419515143,902,164746,153392,157014,36
spin_slow,spin,2.0,0.15,spin,2.0,0.15,52.7739,15,419525902,903,266672,153395,157017,36
spin_slow,spin,2.0,0.15,spin,2.0,0.15,52.7833,16,419536492,903,182625,153424,157007,36
spin_slow,spin,2.0,0.15,spin,2.0,0.15,52.8002,17,419547354,902,302001,153475,157020,36
spin_slow,spin,2.0,0.15,spin,2.0,0.15,52.8055,18,419556173,902,230937,153479,157024,36
spin_slow,spin,2.0,0.15,spin,2.0,0.15,52.8149,19,419567122,903,207951,153534,157042,36
spin_slow,spin,2.0,0.15,spin,2.0,0.15,52.8244,20,419577760,903,288971,153571,157040,36
spin_slow,spin,2.0,0.15,spin,2.0,0.15,52.835,21,419588639,904,254067,153625,157056,36
spin_slow,spin,2.0,0.15,spin,2.0,0.15,52.8498,22,419598928,904,275719,153625,157017,36
spin_slow,spin,2.0,0.15,spin,2.0,0.15,52.8592,23,419611499,904,214516,153658,157011,36
spin_slow,spin,2.0,0.15,spin,2.0,0.15,52.8751,24,419622389,904,181603,153705,157022,36
spin_slow,spin,2.0,0.15,spin,2.0,0.15,52.8814,25,419631224,905,270274,153760,157038,36
spin_slow,spin,2.0,0.15,spin,2.0,0.15,52.8899,26,419642223,906,255719,153802,157005,36
spin_slow,spin,2.0,0.15,spin,2.0,0.15,52.8993,27,419652790,905,167943,153794,156996,36
spin_slow,spin,2.0,0.15,spin,2.0,0.15,52.9162,28,419663656,905,288377,153815,156977,36
spin_slow,spin,2.0,0.15,spin,2.0,0.15,52.9215,29,419672521,905,225233,153901,157027,36
spin_slow,spin,2.0,0.15,spin,2.0,0.15,52.9321,30,419683419,905,193798,153925,157011,36
spin_slow,spin,2.0,0.15,spin,2.0,0.15,52.9405,31,419694042,906,272245,153936,157023,36
spin_slow,spin,2.0,0.15,spin,2.0,0.15,52.9595,32,419705731,906,218178,153964,157014,36
spin_slow,spin,2.0,0.15,spin,2.0,0.15,52.9638,33,419715009,906,225102,153936,156985,36
spin_slow,spin,2.0,0.15,spin,2.0,0.15,52.9732,34,419725962,906,202923,154040,157052,36
spin_slow,spin,2.0,0.15,spin,2.0,0.15,52.9838,35,419736556,906,276607,154073,157046,36
spin_slow,spin,2.0,0.15,spin,2.0,0.15,53.0007,36,419747450,906,244219,154087,157023,36
spin_slow,spin,2.0,0.15,spin,2.0,0.15,53.006,37,419756311,906,180283,154067,157002,36
spin_slow,spin,2.0,0.15,spin,2.0,0.15,53.0144,38,419767280,908,160885,154144,157003,36
spin_slow,spin,2.0,0.15,spin,2.0,0.15,53.025,39,419777838,907,228493,154143,157002,36
spin_slow,spin,2.0,0.15,spin,2.0,0.15,53.0376,40,419788735,907,196633,154261,157045,36
spin_slow,spin,2.0,0.15,spin,2.0,0.15,53.0492,41,419799454,914,291349,154311,157057,36
spin_slow,spin,2.0,0.15,spin,2.0,0.15,53.0556,42,419809877,908,178763,154364,157032,36
spin_slow,spin,2.0,0.15,spin,2.0,0.15,53.0724,43,419820282,908,219971,154459,157091,36
spin_slow,spin,2.0,0.15,spin,2.0,0.15,53.0777,44,419830989,909,155586,154445,157018,4
spin_slow,spin,2.0,0.15,spin,2.0,0.15,53.0861,45,419840158,908,300801,154470,157025,36
spin_slow,spin,2.0,0.15,spin,2.0,0.15,53.1051,46,419851561,909,197841,154514,157029,36
spin_slow,spin,2.0,0.15,spin,2.0,0.15,53.1093,47,419862268,909,290919,154546,157024,36
spin_slow,spin,2.0,0.15,spin,2.0,0.15,53.1356,48,419878195,910,171908,154676,157040,36
spin_slow,spin,2.0,0.15,spin,2.0,0.15,53.1356,49,419879138,910,175213,154633,157034,32
spin_slow,spin,2.0,0.15,spin,2.0,0.15,53.1398,50,419880097,903,181207,154681,157044,32
spin_slow,spin,2.0,0.15,spin,2.0,0.15,53.142,51,419881036,910,183748,154667,157032,32
spin_slow,spin,2.0,0.15,spin,2.0,0.15,53.1451,52,419883898,911,199210,154683,157046,36
spin_slow,spin,2.0,0.15,spin,2.0,0.15,53.1451,53,419889380,911,188937,154647,157049,36
spin_slow,spin,2.0,0.15,spin,2.0,0.15,53.1473,54,419889413,911,194559,154647,157049,40
spin_slow,spin,2.0,0.15,spin,2.0,0.15,53.1578,55,419905353,911,234555,154782,157031,36
spin_slow,spin,2.0,0.15,spin,2.0,0.15,53.1578,56,419906322,910,242251,154737,157024,32
spin_slow,spin,2.0,0.15,spin,2.0,0.15,53.1621,57,419916513,910,247359,154821,157032,36
spin_slow,spin,2.0,0.15,spin,2.0,0.15,53.1768,58,419926183,911,163909,154881,157054,36
spin_slow,spin,2.0,0.15,spin,2.0,0.15,53.1853,59,419936583,911,204430,154955,157053,36
spin_slow,spin,2.0,0.15,spin,2.0,0.15,53.1958,60,419947585,918,190156,154944,157042,36
spin_slow,spin,2.0,0.15,spin,2.0,0.15,53.2116,61,419959134,912,268956,155020,157040,36
spin_slow,spin,2.0,0.15,spin,2.0,0.15,53.2169,62,419967797,913,171434,155073,157018,36
spin_slow,spin,2.0,0.15,spin,2.0,0.15,53.2253,63,419978870,912,169349,155135,157041,36
spin_slow,spin,2.0,0.15,spin,2.0,0.15,53.2369,64,419989229,913,202972,155129,157035,36
spin_slow,spin,2.0,0.15,spin,2.0,0.15,53.2474,65,420000115,912,169152,155182,157051,36
spin_slow,spin,2.0,0.15,spin,2.0,0.15,53.2559,66,420008959,914,259001,155216,157046,36
spin_slow,spin,2.0,0.15,spin,2.0,0.15,53.2706,67,420020399,913,162113,155287,157079,36
spin_slow,spin,2.0,0.15,spin,2.0,0.15,53.2832,68,420031561,918,174638,155264,157056,36
spin_slow,spin,2.0,0.15,spin,2.0,0.15,53.2896,69,420042384,914,286785,155311,157065,36
spin_slow,spin,2.0,0.15,spin,2.0,0.15,53.3001,70,420052910,914,191238,155349,157066,36
spin_slow,spin,2.0,0.15,spin,2.0,0.15,53.3106,71,420064283,914,239329,155411,157089,36
spin_slow,spin,2.0,0.15,spin,2.0,0.15,53.3318,72,420075170,915,205202,155469,157070,36
spin_slow,spin,2.0,0.15,spin,2.0,0.15,53.336,73,420084034,914,298390,155501,157064,36
spin_slow,spin,2.0,0.15,spin,2.0,0.15,53.3465,74,420096824,915,274060,155477,157040,36
spin_slow,spin,2.0,0.15,spin,2.0,0.15,53.3508,75,420105525,916,182782,155536,157023,36
spin_slow,spin,2.0,0.15,spin,2.0,0.15,53.3634,76,420115573,916,163635,155633,157082,36
spin_slow,spin,2.0,0.15,spin,2.0,0.15,53.376,77,420126833,916,193095,155626,157075,36
spin_slow,spin,2.0,0.15,spin,2.0,0.15,53.3855,78,420136973,916,189143,155704,157077,36
spin_slow,spin,2.0,0.15,spin,2.0,0.15,53.4013,79,420149245,916,233894,155708,157042,36
spin_slow,spin,2.0,0.15,spin,2.0,0.15,53.4077,80,420157923,919,295542,155776,157073,36
spin_slow,spin,2.0,0.15,spin,2.0,0.15,53.4151,81,420169401,917,205120,155781,157039,36
spin_slow,spin,2.0,0.15,spin,2.0,0.15,53.433,82,420180511,917,209218,155880,157100,36
spin_slow,spin,2.0,0.15,spin,2.0,0.15,53.4373,83,420189183,917,270134,155848,157030,36
spin_slow,spin,2.0,0.15,spin,2.0,0.15,53.449,84,420200612,918,171478,155870,157052,36
spin_slow,spin,2.0,0.15,spin,2.0,0.15,53.4595,85,420211900,917,205906,155930,157035,36
spin_slow,spin,2.0,0.15,spin,2.0,0.15,53.469,86,420222775,919,170339,155970,157038,36
spin_slow,spin,2.0,0.15,spin,2.0,0.15,53.4817,87,420233339,918,238751,156010,157039,36
spin_slow,spin,2.0,0.15,spin,2.0,0.15,53.4901,88,420243736,917,278544,156073,157064,36
spin_slow,spin,2.0,0.15,spin,2.0,0.15,53.5018,89,420254402,919,207473,156092,157007,36
spin_slow,spin,2.0,0.15,spin,2.0,0.15,53.5103,90,420265304,920,176320,156172,157049,38
spin_slow,spin,2.0,0.15,spin,2.0,0.15,53.5356,91,420275600,920,199141,156261,157062,38
spin_slow,spin,2.0,0.15,spin,2.0,0.15,53.5514,92,420284120,919,234061,156293,157056,36
spin_slow,spin,2.0,0.15,spin,2.0,0.15,53.5556,93,420297965,920,232070,156296,157020,38
spin_slow,spin,2.0,0.15,spin,2.0,0.15,53.5714,94,420315733,921,268779,156418,157029,38
spin_slow,spin,2.0,0.15,spin,2.0,0.15,53.5714,95,420316686,921,273785,156460,157032,34
spin_slow,spin,2.0,0.15,spin,2.0,0.15,53.5778,96,420327823,920,282939,156485,157018,38
spin_slow,spin,2.0,0.15,spin,2.0,0.15,53.5852,97,420338809,920,266022,156548,157043,38
spin_slow,spin,2.0,0.15,spin,2.0,0.15,53.5969,98,420349461,920,192502,156571,157028,38
spin_slow,spin,2.0,0.15,spin,2.0,0.15,53.6107,99,420360349,920,159256,156590,157048,38
spin_slow,spin,2.0,0.15,spin,2.0,0.15,53.6223,100,420369197,920,250179,156599,157018,38
spin_slow,spin,2.0,0.15,spin,2.0,0.15,53.632,101,420377909,920,161039,156666,157010,38
spin_slow,spin,2.0,0.15,spin,2.0,0.15,53.6331,102,420378857,920,165209,156637,157018,34
spin_slow,spin,2.0,0.15,spin,2.0,0.15,53.6373,103,420379808,920,169732,156658,157001,34
spin_slow,spin,2.0,0.15,spin,2.0,0.15,53.6447,104,420380763,920,175096,156651,157032,34
spin_slow,spin,2.0,0.15,spin,2.0,0.15,53.6468,105,420385784,920,243659,156716,157021,38
spin_slow,spin,2.0,0.15,spin,2.0,0.15,53.6468,106,420385818,920,249323,156716,157021,42
spin_slow,spin,2.0,0.15,spin,2.0,0.15,53.6552,107,420403311,3,82232,608,157066,4
spin_slow,spin,2.0,0.15,spin,2.0,0.15,53.6552,108,420404240,3,83045,608,157054,0
spin_slow,spin,2.0,0.15,spin,2.0,0.15,53.6574,109,420413824,3,141822,646,157044,4
spin_slow,spin,2.0,0.15,spin,2.0,0.15,53.6711,110,420422890,4,112480,761,157055,4
spin_slow,spin,2.0,0.15,spin,2.0,0.15,53.6828,111,420433193,4,136153,760,157080,4
spin_slow,spin,2.0,0.15,spin,2.0,0.15,53.6923,112,420445802,4,80734,837,157082,4
spin_slow,spin,2.0,0.15,spin,2.0,0.15,53.7091,113,420456681,4,45315,913,157063,4
spin_slow,spin,2.0,0.15,spin,2.0,0.15,53.726,114,420465521,4,134665,950,157027,4
spin_slow,spin,2.0,0.15,spin,2.0,0.15,53.7407,115,420474949,5,10214,1027,157005,4
spin_slow,spin,2.0,0.15,spin,2.0,0.15,53.7471,116,420486827,7,144938,1104,157065,4
spin_slow,spin,2.0,0.15,spin,2.0,0.15,53.7502,117,420503129,6,88908,1179,157054,4
spin_slow,spin,2.0,0.15,spin,2.0,0.15,53.7577,118,420509048,7,152956,1218,157062,4
spin_slow,spin,2.0,0.15,spin,2.0,0.15,53.7662,119,420519037,7,123343,1256,157046,4
spin_slow,spin,2.0,0.15,spin,2.0,0.15,53.7757,120,420529597,3,34017,1295,157062,4
spin_slow,spin,2.0,0.15,spin,2.0,0.15,53.7936,121,420540508,8,4187,1371,157037,4
spin_slow,spin,2.0,0.15,spin,2.0,0.15,53.7978,122,420549355,8,95002,1371,157000,4
spin_slow,spin,2.0,0.15,spin,2.0,0.15,53.8073,123,420560277,7,67407,1409,157030,4
spin_slow,spin,2.0,0.15,spin,2.0,0.15,53.8179,124,420570876,8,141810,1408,157033,4
spin_slow,spin,2.0,0.15,spin,2.0,0.15,53.8339,125,420581768,8,108967,1446,157060,4
spin_slow,spin,2.0,0.15,spin,2.0,0.15,53.8381,126,420590612,10,42059,1485,157044,4
spin_slow,spin,2.0,0.15,spin,2.0,0.15,53.8497,127,420602109,7,111833,1523,157036,4
spin_slow,spin,2.0,0.15,spin,2.0,0.15,53.8592,0,420612989,9,76862,1560,157043,4
spin_slow,spin,2.0,0.15,spin,2.0,0.15,53.8771,1,420624963,9,71228,1598,157013,4
spin_slow,spin,2.0,0.15,spin,2.0,0.15,53.8803,2,420634227,5,76098,1676,157029,4
spin_slow,spin,2.0,0.15,spin,2.0,0.15,53.8908,3,420645553,10,117205,1713,157029,4
spin_slow,spin,2.0,0.15,spin,2.0,0.15,53.9077,4,420655818,12,134998,1752,157022,4
spin_slow,spin,2.0,0.15,spin,2.0,0.15,53.913,5,420664484,10,37909,1828,157015,4
spin_slow,spin,2.0,0.15,spin,2.0,0.15,53.9215,6,420675619,11,46641,1828,157036,4
spin_slow,spin,2.0,0.15,spin,2.0,0.15,53.9321,7,420686129,4,105591,1866,157073,4
spin_slow,spin,2.0,0.15,spin,2.0,0.15,53.9448,8,420697090,10,84279,1904,157030,4
spin_slow,spin,2.0,0.15,spin,2.0,0.15,53.9543,9,420707263,12,86399,1903,157043,4
spin_slow,spin,2.0,0.15,spin,2.0,0.15,53.9648,10,420718465,11,106465,1980,156982,4
spin_slow,spin,2.0,0.15,spin,2.0,0.15,53.9753,11,420729355,12,73664,1979,157016,4
spin_slow,spin,2.0,0.15,spin,2.0,0.15,53.9891,12,420739639,13,94706,2018,157005,4
spin_slow,spin,2.0,0.15,spin,2.0,0.15,53.9997,13,420752256,13,41537,2095,157011,4
spin_slow,spin,2.0,0.15,spin,2.0,0.15,54.0155,14,420763122,12,4443,2132,157044,4
spin_slow,spin,2.0,0.15,spin,2.0,0.15,54.0219,15,420771949,7,91871,2132,156988,4
spin_slow,spin,2.0,0.15,spin,2.0,0.15,54.0293,16,420783063,14,97353,2247,156999,4
spin_slow,spin,2.0,0.15,spin,2.0,0.15,54.043,17,420793389,13,125675,2247,157006,4
spin_slow,spin,2.0,0.15,spin,2.0,0.15,54.0503,18,420804091,14,60729,2284,156986,4
spin_slow,spin,2.0,0.15,spin,2.0,0.15,54.0609,19,420814775,14,150193,2322,156997,4
spin_slow,spin,2.0,0.15,spin,2.0,0.15,54.0778,20,420825657,14,116152,2399,157019,4
spin_slow,spin,2.0,0.15,spin,2.0,0.15,54.0841,21,420834509,14,50962,2399,156987,4
spin_slow,spin,2.0,0.15,spin,2.0,0.15,54.0904,22,420845536,14,41490,2476,157011,4
spin_slow,spin,2.0,0.15,spin,2.0,0.15,54.1073,23,420855940,15,83015,2514,156984,4
spin_slow,spin,2.0,0.15,spin,2.0,0.15,54.1221,24,420866662,17,21597,2552,157026,4
spin_slow,spin,2.0,0.15,spin,2.0,0.15,54.138,25,420881454,15,24051,2591,157016,4
spin_slow,spin,2.0,0.15,spin,2.0,0.15,54.1412,26,420882410,15,29393,2590,157036,0
spin_slow,spin,2.0,0.15,spin,2.0,0.15,54.1433,27,420883365,15,34751,2590,157044,0
spin_slow,spin,2.0,0.15,spin,2.0,0.15,54.1433,28,420884314,17,39079,2552,157050,0
spin_slow,spin,2.0,0.15,spin,2.0,0.15,54.1454,29,420885595,14,99820,2590,157040,0
spin_slow,spin,2.0,0.15,spin,2.0,0.15,54.1528,30,420889336,13,107620,2591,157024,4
spin_slow,spin,2.0,0.15,spin,2.0,0.15,54.156,31,420891076,14,89321,2629,157046,4
spin_slow,spin,2.0,0.15,spin,2.0,0.15,54.1624,32,420909197,16,29395,2666,157026,4
spin_slow,spin,2.0,0.15,spin,2.0,0.15,54.1624,33,420910153,15,34883,2666,157038,0
spin_slow,spin,2.0,0.15,spin,2.0,0.15,54.172,34,420921582,17,93289,2705,157028,4
spin_slow,spin,2.0,0.15,spin,2.0,0.15,54.1763,35,420930933,17,112839,2780,157016,4
spin_slow,spin,2.0,0.15,spin,2.0,0.15,54.1891,36,420940697,16,45411,2780,157051,4
spin_slow,spin,2.0,0.15,spin,2.0,0.15,54.2009,37,420951438,16,144007,2818,157007,4
spin_slow,spin,2.0,0.15,spin,2.0,0.15,54.2062,38,420961890,16,36822,2819,157028,4
spin_slow,spin,2.0,0.15,spin,2.0,0.15,54.2192,39,420972226,17,66884,2894,157007,4
spin_slow,spin,2.0,0.15,spin,2.0,0.15,54.2309,40,420983494,17,98310,2935,157046,4
spin_slow,spin,2.0,0.15,spin,2.0,0.15,54.2436,41,420994742,16,125962,2971,156994,4
spin_slow,spin,2.0,0.15,spin,2.0,0.15,54.2523,42,421005447,12,61529,3010,157019,4
spin_slow,spin,2.0,0.15,spin,2.0,0.15,54.2629,43,421016095,16,144452,3047,157008,4
spin_slow,spin,2.0,0.15,spin,2.0,0.15,54.2788,44,421026985,19,111520,3048,157044,4
spin_slow,spin,2.0,0.15,spin,2.0,0.15,54.283,45,421035824,18,44216,3084,157000,4
spin_slow,spin,2.0,0.15,spin,2.0,0.15,54.2936,46,421047274,18,106578,3124,157035,4
spin_slow,spin,2.0,0.15,spin,2.0,0.15,54.3054,47,421058139,18,69443,3164,157047,4
spin_slow,spin,2.0,0.15,spin,2.0,0.15,54.3213,48,421069779,23,6873,3163,157006,4
spin_slow,spin,2.0,0.15,spin,2.0,0.15,54.3267,49,421078459,25,69272,3200,157033,4
spin_slow,spin,2.0,0.15,spin,2.0,0.15,54.3426,50,421090904,18,143768,3351,157000,4
spin_slow,spin,2.0,0.15,spin,2.0,0.15,54.3511,51,421099690,19,67222,3351,156993,4
spin_slow,spin,2.0,0.15,spin,2.0,0.15,54.3607,52,421112174,20,148473,3391,156996,4
spin_slow,spin,2.0,0.15,spin,2.0,0.15,54.3702,53,421124915,19,116718,3391,156974,4
spin_slow,spin,2.0,0.15,spin,2.0,0.15,54.3873,54,421135778,21,79143,3467,157021,4
spin_slow,spin,2.0,0.15,spin,2.0,0.15,54.3937,55,421144610,20,10441,3505,157043,4
spin_slow,spin,2.0,0.15,spin,2.0,0.15,54.4001,56,421155673,26,6915,3505,157015,4
spin_slow,spin,2.0,0.15,spin,2.0,0.15,54.4171,57,421166072,21,47434,3542,156994,4
spin_slow,spin,2.0,0.15,spin,2.0,0.15,54.4235,58,421174744,26,108593,3619,157013,4
spin_slow,spin,2.0,0.15,spin,2.0,0.15,54.4341,59,421185652,23,78942,3582,157031,4
spin_slow,spin,2.0,0.15,spin,2.0,0.15,54.4447,60,421197192,21,156379,3620,157039,4
spin_slow,spin,2.0,0.15,spin,2.0,0.15,54.4543,61,421208614,22,56932,3658,157035,4
spin_slow,spin,2.0,0.15,spin,2.0,0.15,54.4713,62,421219514,20,25625,3696,157016,4
spin_slow,spin,2.0,0.15,spin,2.0,0.15,54.4787,63,421229919,22,67162,3773,157035,4
spin_slow,spin,2.0,0.15,spin,2.0,0.15,54.4851,64,421239200,23,74437,3771,157025,4
spin_slow,spin,2.0,0.15,spin,2.0,0.15,54.5021,65,421251124,22,59916,3849,157049,4
spin_slow,spin,2.0,0.15,spin,2.0,0.15,54.5085,66,421259801,23,121625,3887,157046,4
spin_slow,spin,2.0,0.15,spin,2.0,0.15,54.5159,67,421270750,23,98428,3886,157020,4
spin_slow,spin,2.0,0.15,spin,2.0,0.15,54.5297,68,421281156,22,140069,3925,157057,4
spin_slow,spin,2.0,0.15,spin,2.0,0.15,54.5393,69,421293755,23,83312,3964,157061,4
spin_slow,spin,2.0,0.15,spin,2.0,0.15,54.5521,70,421304645,18,49982,4001,157052,4
spin_slow,spin,2.0,0.15,spin,2.0,0.15,54.5618,71,421313438,24,131352,4040,157072,4
spin_slow,spin,2.0,0.15,spin,2.0,0.15,54.5703,72,421324756,24,13740,4040,157027,4
spin_slow,spin,2.0,0.15,spin,2.0,0.15,54.5873,73,421336188,24,72633,4116,157074,4
spin_slow,spin,2.0,0.15,spin,2.0,0.15,54.5927,74,421344848,24,131349,4116,157053,4
spin_slow,spin,2.0,0.15,spin,2.0,0.15,54.6023,75,421355958,24,135501,4115,157018,4
spin_slow,spin,2.0,0.15,spin,2.0,0.15,54.614,76,421366406,25,27273,4192,157065,4
spin_slow,spin,2.0,0.15,spin,2.0,0.15,54.6383,77,421382242,24,49921,4229,156996,4
spin_slow,spin,2.0,0.15,spin,2.0,0.15,54.6426,78,421383207,23,56972,4189,156988,0
spin_slow,spin,2.0,0.15,spin,2.0,0.15,54.6426,79,421384140,25,58598,4231,156994,0
spin_slow,spin,2.0,0.15,spin,2.0,0.15,54.6448,80,421385107,17,65906,4229,157017,0
spin_slow,spin,2.0,0.15,spin,2.0,0.15,54.6501,81,421386729,24,27648,4230,157036,4
spin_slow,spin,2.0,0.15,spin,2.0,0.15,54.6501,82,421390123,25,133398,4230,157044,4
spin_slow,spin,2.0,0.15,spin,2.0,0.15,54.6501,83,421392211,24,17254,4267,157040,4
spin_slow,spin,2.0,0.15,spin,2.0,0.15,54.6629,84,421408557,25,126712,4344,157002,4
spin_slow,spin,2.0,0.15,spin,2.0,0.15,54.6651,85,421409912,25,43032,4304,156999,4
spin_slow,spin,2.0,0.15,spin,2.0,0.15,54.6715,86,421421047,25,51770,4345,157049,4
spin_slow,spin,2.0,0.15,spin,2.0,0.15,54.68,87,421430966,26,10853,4419,157004,4
spin_slow,spin,2.0,0.15,spin,2.0,0.15,54.6927,88,421443757,27,143892,4421,157061,4
spin_slow,spin,2.0,0.15,spin,2.0,0.15,54.7002,89,421452590,26,74925,4459,157063,4
spin_slow,spin,2.0,0.15,spin,2.0,0.15,54.7141,90,421465012,26,145019,4497,157044,4
spin_slow,spin,2.0,0.15,spin,2.0,0.15,54.7226,91,421475831,27,99865,4534,157009,4
spin_slow,spin,2.0,0.15,spin,2.0,0.15,54.7321,92,421486339,27,159069,4611,157024,36
spin_slow,spin,2.0,0.15,spin,2.0,0.15,54.7491,93,421497253,27,130105,4534,157035,4
spin_slow,spin,2.0,0.15,spin,2.0,0.15,54.7566,94,421506096,20,63164,4611,157047,4
spin_slow,spin,2.0,0.15,spin,2.0,0.15,54.764,95,421517142,27,56474,4648,157036,4
spin_slow,spin,2.0,0.15,spin,2.0,0.15,54.781,96,421528804,28,154518,4689,157051,4
spin_slow,spin,2.0,0.15,spin,2.0,0.15,54.7863,97,421537477,27,58531,4649,157020,4
spin_slow,spin,2.0,0.15,spin,2.0,0.15,54.7949,98,421548374,29,26621,4725,157032,4
spin_slow,spin,2.0,0.15,spin,2.0,0.15,54.8065,99,421558905,29,89434,4763,157025,4
spin_slow,spin,2.0,0.15,spin,2.0,0.15,54.8311,100,421569760,28,50426,4803,157033,4
spin_slow,spin,2.0,0.15,spin,2.0,0.15,54.8343,101,421578633,28,145346,4839,157038,4
spin_slow,spin,2.0,0.15,spin,2.0,0.15,54.8523,102,421594961,29,94663,4917,157039,4
spin_slow,spin,2.0,0.15,spin,2.0,0.15,54.8672,103,421615295,36,97136,5030,156998,4
spin_slow,spin,2.0,0.15,spin,2.0,0.15,54.8672,104,421616256,29,103627,4992,157012,0
spin_slow,spin,2.0,0.15,spin,2.0,0.15,54.8715,105,421623904,30,147665,5030,157018,4
spin_slow,spin,2.0,0.15,spin,2.0,0.15,54.8821,106,421634250,30,22039,5068,157002,4
spin_slow,spin,2.0,0.15,spin,2.0,0.15,54.8981,107,421646348,34,37413,5106,157013,4
spin_slow,spin,2.0,0.15,spin,2.0,0.15,54.9023,108,421655018,31,98301,5182,156995,4
spin_slow,spin,2.0,0.15,spin,2.0,0.15,54.9119,109,421665402,25,136464,5182,157031,4
spin_slow,spin,2.0,0.15,spin,2.0,0.15,54.9235,110,421677626,31,16328,5221,157035,4
spin_slow,spin,2.0,0.15,spin,2.0,0.15,54.9406,111,421688561,31,147958,5258,157019,4
spin_slow,spin,2.0,0.15,spin,2.0,0.15,54.948,112,421697406,32,81387,5337,157001,4
spin_slow,spin,2.0,0.15,spin,2.0,0.15,54.9555,113,421708459,32,76131,5333,156995,4
spin_slow,spin,2.0,0.15,spin,2.0,0.15,54.965,114,421718976,30,137091,5412,157013,4
spin_slow,spin,2.0,0.15,spin,2.0,0.15,54.9767,115,421729871,33,105087,5449,157008,4
spin_slow,spin,2.0,0.15,spin,2.0,0.15,54.9852,116,421738675,32,31802,5525,157006,4
spin_slow,spin,2.0,0.15,spin,2.0,0.15,54.999,117,421750148,33,98035,5525,157020,4
spin_slow,spin,2.0,0.15,spin,2.0,0.15,55.0212,118,421762750,33,41720,5603,157013,4
spin_slow,spin,2.0,0.15,spin,2.0,0.15,55.0381,119,421787231,34,121085,5714,156981,4
spin_slow,spin,2.0,0.15,spin,2.0,0.15,55.0402,120,421788174,33,124427,5714,156989,0
spin_slow,spin,2.0,0.15,spin,2.0,0.15,55.0519,121,421802872,34,110810,5753,157017,4
spin_slow,spin,2.0,0.15,spin,2.0,0.15,55.0571,122,421803812,41,113554,5793,157005,0
spin_slow,spin,2.0,0.15,spin,2.0,0.15,55.0624,123,421813927,34,106047,5753,156990,4
spin_slow,spin,2.0,0.15,spin,2.0,0.15,55.0698,124,421824275,34,138128,5830,157009,4
spin_slow,spin,2.0,0.15,spin,2.0,0.15,55.0824,125,421833971,35,59173,5870,157047,4
spin_slow,spin,2.0,0.15,spin,2.0,0.15,55.093,126,421846529,35,152788,5905,157014,4
spin_slow,spin,2.0,0.15,spin,2.0,0.15,55.1098,127,421857401,35,116892,5906,157032,4
spin_slow,spin,2.0,0.15,spin,2.0,0.15,55.1225,0,421866258,37,52198,5983,157026,4
spin_slow,spin,2.0,0.15,spin,2.0,0.15,55.1394,1,421882213,35,95500,6022,157013,4
spin_slow,spin,2.0,0.15,spin,2.0,0.15,55.1394,2,421883176,36,102121,6058,156994,0
spin_slow,spin,2.0,0.15,spin,2.0,0.15,55.1415,3,421884107,35,103428,6058,157011,0
spin_slow,spin,2.0,0.15,spin,2.0,0.15,55.1447,4,421885067,36,109673,6020,156992,0
spin_slow,spin,2.0,0.15,spin,2.0,0.15,55.151,5,421887042,35,131301,6059,157000,4
spin_slow,spin,2.0,0.15,spin,2.0,0.15,55.151,6,421890088,37,21180,6058,157004,4
spin_slow,spin,2.0,0.15,spin,2.0,0.15,55.1521,7,421892523,35,121148,6059,156992,4
spin_slow,spin,2.0,0.15,spin,2.0,0.15,55.1584,8,421909263,42,140292,6135,157027,4
spin_slow,spin,2.0,0.15,spin,2.0,0.15,55.1617,9,421910226,36,146999,6098,157047,0
spin_slow,spin,2.0,0.15,spin,2.0,0.15,55.1703,10,421920005,40,82147,6174,157032,4
spin_slow,spin,2.0,0.15,spin,2.0,0.15,55.1767,11,421929679,43,156607,6172,157038,4
spin_slow,spin,2.0,0.15,spin,2.0,0.15,55.1914,12,421940110,37,45873,6249,156989,4
spin_slow,spin,2.0,0.15,spin,2.0,0.15,55.1968,13,421950916,36,155836,6289,157000,4
spin_slow,spin,2.0,0.15,spin,2.0,0.15,55.2084,14,421961361,36,47133,6289,157024,4
spin_slow,spin,2.0,0.15,spin,2.0,0.15,55.22,15,421972842,44,114526,6363,157041,4
spin_slow,spin,2.0,0.15,spin,2.0,0.15,55.2358,16,421983732,38,81207,6405,157075,4
spin_slow,spin,2.0,0.15,spin,2.0,0.15,55.24,17,421992548,38,9704,6439,157015,4
spin_slow,spin,2.0,0.15,spin,2.0,0.15,55.2495,18,422004008,38,73788,6478,156984,4
spin_slow,spin,2.0,0.15,spin,2.0,0.15,55.2664,19,422014852,39,33260,6517,157014,4
spin_slow,spin,2.0,0.15,spin,2.0,0.15,55.2759,20,422025331,38,87633,6554,157011,4
spin_slow,spin,2.0,0.15,spin,2.0,0.15,55.2811,21,422034747,37,118072,6556,157014,4
spin_slow,spin,2.0,0.15,spin,2.0,0.15,55.299,22,422047772,37,134234,6632,157032,4
spin_slow,spin,2.0,0.15,spin,2.0,0.15,55.3053,23,422056442,39,37826,6669,157030,4
spin_slow,spin,2.0,0.15,spin,2.0,0.15,55.3138,24,422067371,40,11438,6710,157011,4
spin_slow,spin,2.0,0.15,spin,2.0,0.15,55.3285,25,422077784,42,54428,6821,157016,4
spin_slow,spin,2.0,0.15,spin,2.0,0.15,55.3338,26,422088462,40,142380,6821,157029,4
spin_slow,spin,2.0,0.15,spin,2.0,0.15,55.3443,27,422097637,40,131654,6901,157026,4
spin_slow,spin,2.0,0.15,spin,2.0,0.15,55.3581,28,422109070,41,33886,6936,157032,4
spin_slow,spin,2.0,0.15,spin,2.0,0.15,55.3676,29,422121661,42,132990,7013,157019,4
spin_slow,spin,2.0,0.15,spin,2.0,0.15,55.3844,30,422132536,46,97417,7088,157010,4
spin_slow,spin,2.0,0.15,spin,2.0,0.15,55.3897,31,422141360,51,27194,7126,157015,4
spin_slow,spin,2.0,0.15,spin,2.0,0.15,55.3982,32,422152304,42,160506,7165,157000,36
spin_slow,spin,2.0,0.15,spin,2.0,0.15,55.4087,33,422162913,42,79981,7163,157019,4
spin_slow,spin,2.0,0.15,spin,2.0,0.15,55.4256,34,422173813,45,48344,7242,157061,4
spin_slow,spin,2.0,0.15,spin,2.0,0.15,55.4277,35,422182639,43,135349,7241,157051,4
spin_slow,spin,2.0,0.15,spin,2.0,0.15,55.4393,36,422192915,43,154861,7280,157041,4
spin_slow,spin,2.0,0.15,spin,2.0,0.15,55.4498,37,422204192,43,30482,7279,157042,4
spin_slow,spin,2.0,0.15,spin,2.0,0.15,55.4624,38,422215064,43,151351,7279,157014,4
spin_slow,spin,2.0,0.15,spin,2.0,0.15,55.4741,39,422225742,43,82479,7356,157032,4
spin_slow,spin,2.0,0.15,spin,2.0,0.15,55.4836,40,422236105,44,117124,7432,157020,4
spin_slow,spin,2.0,0.15,spin,2.0,0.15,55.4931,41,422246713,45,36381,7469,157015,4
spin_slow,spin,2.0,0.15,spin,2.0,0.15,55.5089,42,422257615,45,162423,7507,157010,36
spin_slow,spin,2.0,0.15,spin,2.0,0.15,55.5121,43,422266429,45,90557,7547,157027,4
spin_slow,spin,2.0,0.15,spin,2.0,0.15,55.5238,44,422277873,45,151587,7588,157048,4
spin_slow,spin,2.0,0.15,spin,2.0,0.15,55.5343,45,422288742,44,114762,7623,157034,4
spin_slow,spin,2.0,0.15,spin,2.0,0.15,55.548,46,422299961,45,137674,7697,157016,4
spin_slow,spin,2.0,0.15,spin,2.0,0.15,55.5554,47,422310416,45,30561,7700,157055,4
spin_slow,spin,2.0,0.15,spin,2.0,0.15,55.5723,48,422321355,46,162598,7815,157061,36
spin_slow,spin,2.0,0.15,spin,2.0,0.15,55.5765,49,422330210,46,97416,7890,157046,4
spin_slow,spin,2.0,0.15,spin,2.0,0.15,55.5871,50,422341710,48,10571,7890,157075,4
spin_slow,spin,2.0,0.15,spin,2.0,0.15,55.6039,51,422352630,47,139258,7968,157067,4
spin_slow,spin,2.0,0.15,spin,2.0,0.15,55.6103,52,422361467,47,71077,8005,157035,4
spin_slow,spin,2.0,0.15,spin,2.0,0.15,55.6251,53,422373287,48,38843,8080,157052,4
spin_slow,spin,2.0,0.15,spin,2.0,0.15,55.6356,54,422381394,47,160870,8155,157035,36
spin_slow,spin,2.0,0.15,spin,2.0,0.15,55.6356,55,422382331,49,163143,8158,157032,32
spin_slow,spin,2.0,0.15,spin,2.0,0.15,55.6419,56,422383301,48,13862,8156,157047,0
spin_slow,spin,2.0,0.15,spin,2.0,0.15,55.6462,57,422384233,48,15333,8197,157035,0
spin_slow,spin,2.0,0.15,spin,2.0,0.15,55.6494,58,422388493,48,111470,8195,157047,4
spin_slow,spin,2.0,0.15,spin,2.0,0.15,55.6494,59,422388527,48,117134,8195,157047,8
spin_slow,spin,2.0,0.15,spin,2.0,0.15,55.662,60,422405963,49,97387,8348,157064,4
spin_slow,spin,2.0,0.15,spin,2.0,0.15,55.662,61,422406928,49,104387,8310,157061,0
spin_slow,spin,2.0,0.15,spin,2.0,0.15,55.6652,62,422416651,49,29812,8346,157022,4
spin_slow,spin,2.0,0.15,spin,2.0,0.15,55.6706,63,422427019,43,64723,8386,157080,4
spin_slow,spin,2.0,0.15,spin,2.0,0.15,55.6864,64,422436738,50,146513,8424,157036,4
spin_slow,spin,2.0,0.15,spin,2.0,0.15,55.697,65,422449338,50,89987,8500,157028,4
spin_slow,spin,2.0,0.15,spin,2.0,0.15,55.7055,66,422459452,50,81732,8463,157057,4
spin_slow,spin,2.0,0.15,spin,2.0,0.15,55.7181,67,422470521,51,78888,8537,157051,4
spin_slow,spin,2.0,0.15,spin,2.0,0.15,55.7276,68,422481248,51,17754,8539,157063,4
spin_slow,spin,2.0,0.15,spin,2.0,0.15,55.7382,69,422491846,42,92042,8578,157052,4
spin_slow,spin,2.0,0.15,spin,2.0,0.15,55.755,70,422502737,57,58703,8617,157068,4
spin_slow,spin,2.0,0.15,spin,2.0,0.15,55.7603,71,422511576,51,147766,8690,157028,4
spin_slow,spin,2.0,0.15,spin,2.0,0.15,55.7687,72,422522608,51,138577,8729,157064,4
spin_slow,spin,2.0,0.15,spin,2.0,0.15,55.7782,73,422533152,51,46258,8728,157051,4
spin_slow,spin,2.0,0.15,spin,2.0,0.15,55.793,74,422544012,51,164700,8766,157050,36
spin_slow,spin,2.0,0.15,spin,2.0,0.15,55.8015,75,422552850,52,96778,8806,157048,4
spin_slow,spin,2.0,0.15,spin,2.0,0.15,55.8099,76,422564095,52,123734,8847,157084,4
spin_slow,spin,2.0,0.15,spin,2.0,0.15,55.8194,77,422574435,47,153570,8920,157074,4
spin_slow,spin,2.0,0.15,spin,2.0,0.15,55.831,78,422585300,52,115837,8922,157062,4
spin_slow,spin,2.0,0.15,spin,2.0,0.15,55.8406,79,422595794,52,15156,8956,157015,4
spin_slow,spin,2.0,0.15,spin,2.0,0.15,55.8553,80,422606861,53,12152,9034,157028,4
spin_slow,spin,2.0,0.15,spin,2.0,0.15,55.8617,81,422615674,54,97080,9071,157021,4
spin_slow,spin,2.0,0.15,spin,2.0,0.15,55.8785,82,422628100,54,10612,9112,157044,4
spin_slow,spin,2.0,0.15,spin,2.0,0.15,55.8838,83,422638825,54,106484,9148,157016,4
spin_slow,spin,2.0,0.15,spin,2.0,0.15,55.8954,84,422647958,56,88848,9146,157017,4
spin_slow,spin,2.0,0.15,spin,2.0,0.15,55.907,85,422658708,54,31981,9187,157038,4
spin_slow,spin,2.0,0.15,spin,2.0,0.15,55.9144,86,422669127,55,75979,9258,157014,4
spin_slow,spin,2.0,0.15,spin,2.0,0.15,55.925,87,422679592,54,127601,9263,157020,4
spin_slow,spin,2.0,0.15,spin,2.0,0.15,55.9376,88,422690389,55,78649,9342,157045,4
spin_slow,spin,2.0,0.15,spin,2.0,0.15,55.9482,89,422701215,55,34726,9375,157015,4
spin_slow,spin,2.0,0.15,spin,2.0,0.15,55.9608,90,422712340,54,41833,9451,156989,4
spin_slow,spin,2.0,0.15,spin,2.0,0.15,55.9682,91,422722737,56,81967,9492,157047,4
spin_slow,spin,2.0,0.15,spin,2.0,0.15,55.9788,92,422733280,57,146946,9529,157023,4
spin_slow,spin,2.0,0.15,spin,2.0,0.15,55.9956,93,422744131,56,107230,9568,157030,4
spin_slow,spin,2.0,0.15,spin,2.0,0.15,56.001,94,422752959,56,37730,9566,157022,4
spin_slow,spin,2.0,0.15,spin,2.0,0.15,56.0115,95,422764266,57,75779,9643,157014,4
spin_slow,spin,2.0,0.15,spin,2.0,0.15,56.0231,96,422775723,57,139216,9642,157002,4
spin_slow,spin,2.0,0.15,spin,2.0,0.15,56.0305,97,422784530,57,66137,9680,157009,4
spin_slow,spin,2.0,0.15,spin,2.0,0.15,56.0484,98,422796946,53,135508,9722,157050,4
spin_slow,spin,2.0,0.15,spin,2.0,0.15,56.0548,99,422805619,58,39612,9722,157050,4
spin_slow,spin,2.0,0.15,spin,2.0,0.15,56.0642,100,422819168,57,144848,9759,157007,4
spin_slow,spin,2.0,0.15,spin,2.0,0.15,56.0748,101,422829658,58,44046,9795,157031,4
spin_slow,spin,2.0,0.15,spin,2.0,0.15,56.0884,102,422840456,58,152329,9833,157023,4
spin_slow,spin,2.0,0.15,spin,2.0,0.15,56.0948,103,422849277,58,81625,9909,157026,4
spin_slow,spin,2.0,0.15,spin,2.0,0.15,56.1042,104,422857999,59,151185,9909,157006,4
spin_slow,spin,2.0,0.15,spin,2.0,0.15,56.1295,105,422869480,52,62084,9984,156996,4
spin_slow,spin,2.0,0.15,spin,2.0,0.15,56.1454,106,422878935,58,99422,9947,156997,4
spin_slow,spin,2.0,0.15,spin,2.0,0.15,56.1486,107,422879871,65,101488,9984,157002,0
spin_slow,spin,2.0,0.15,spin,2.0,0.15,56.1507,108,422895279,59,51927,10023,157024,4
spin_slow,spin,2.0,0.15,spin,2.0,0.15,56.1529,109,422896244,60,58884,10022,157009,0
spin_slow,spin,2.0,0.15,spin,2.0,0.15,56.1729,110,422916815,58,101730,10097,156982,4
spin_slow,spin,2.0,0.15,spin,2.0,0.15,56.1751,111,422917754,60,104297,10099,156998,0
spin_slow,spin,2.0,0.15,spin,2.0,0.15,56.1772,112,422918717,60,111095,10138,157000,0
spin_slow,spin,2.0,0.15,spin,2.0,0.15,56.1772,113,422919671,59,116196,10100,157012,0
spin_slow,spin,2.0,0.15,spin,2.0,0.15,56.1847,114,422921730,60,152303,10138,157020,4
spin_slow,spin,2.0,0.15,spin,2.0,0.15,56.1847,115,422924690,59,27172,10104,157054,4
spin_slow,spin,2.0,0.15,spin,2.0,0.15,56.1868,116,422941880,59,123162,10175,156999,4
spin_slow,spin,2.0,0.15,spin,2.0,0.15,56.1921,117,422944570,60,109330,10176,157010,4
spin_slow,spin,2.0,0.15,spin,2.0,0.15,56.2005,118,422954987,60,152935,10217,157061,4
spin_slow,spin,2.0,0.15,spin,2.0,0.15,56.2112,119,422965851,60,115311,10255,157053,4
spin_slow,spin,2.0,0.15,spin,2.0,0.15,56.2273,120,422976740,61,81931,10329,157028,4
spin_slow,spin,2.0,0.15,spin,2.0,0.15,56.2327,121,422985589,62,15883,10333,157029,4
spin_slow,spin,2.0,0.15,spin,2.0,0.15,56.2423,122,422996769,61,31813,10407,157061,4
spin_slow,spin,2.0,0.15,spin,2.0,0.15,56.2529,123,423007246,62,85398,10446,157043,4
spin_slow,spin,2.0,0.15,spin,2.0,0.15,56.2689,124,423018293,55,78949,10483,157013,4
spin_slow,spin,2.0,0.15,spin,2.0,0.15,56.2743,125,423029047,62,22744,10559,157021,4
spin_slow,spin,2.0,0.15,spin,2.0,0.15,56.286,126,423039450,55,63999,10557,157018,4
spin_slow,spin,2.0,0.15,spin,2.0,0.15,56.2988,127,423049777,63,92391,10596,156999,4
spin_slow,spin,2.0,0.15,spin,2.0,0.15,56.318,0,423062173,63,158704,10632,157021,36
spin_slow,spin,2.0,0.15,spin,2.0,0.15,56.334,1,423082048,62,83457,10633,157002,4
spin_slow,spin,2.0,0.15,spin,2.0,0.15,56.3351,2,423083011,69,90239,10708,156997,0
spin_slow,spin,2.0,0.15,spin,2.0,0.15,56.3426,3,423096974,58,108887,10671,157023,4
spin_slow,spin,2.0,0.15,spin,2.0,0.15,56.3501,4,423103747,63,161307,10708,156998,36
spin_slow,spin,2.0,0.15,spin,2.0,0.15,56.3597,5,423115830,57,17247,10751,157033,4
spin_slow,spin,2.0,0.15,spin,2.0,0.15,56.3714,6,423125575,67,103372,10786,157025,4
spin_slow,spin,2.0,0.15,spin,2.0,0.15,56.383,7,423136238,64,31830,10862,157028,4
spin_slow,spin,2.0,0.15,spin,2.0,0.15,56.3937,8,423146692,64,81993,10898,157008,4
spin_slow,spin,2.0,0.15,spin,2.0,0.15,56.4055,9,423157186,64,138931,10939,157003,4
spin_slow,spin,2.0,0.15,spin,2.0,0.15,56.4183,10,423169484,65,31147,10938,157005,4
spin_slow,spin,2.0,0.15,spin,2.0,0.15,56.4237,11,423179154,58,104835,10978,157054,4
spin_slow,spin,2.0,0.15,spin,2.0,0.15,56.4343,12,423188224,70,76293,11018,157041,4
spin_slow,spin,2.0,0.15,spin,2.0,0.15,56.4501,13,423199615,64,128695,11052,157000,4
spin_slow,spin,2.0,0.15,spin,2.0,0.15,56.4555,14,423210287,65,58790,11089,157011,4
spin_slow,spin,2.0,0.15,spin,2.0,0.15,56.4671,15,423220786,66,116351,11054,157030,4
spin_slow,spin,2.0,0.15,spin,2.0,0.15,56.4777,16,423232256,66,24877,11129,157018,4
spin_slow,spin,2.0,0.15,spin,2.0,0.15,56.4959,17,423243115,65,143277,11133,157070,4
spin_slow,spin,2.0,0.15,spin,2.0,0.15,56.4981,18,423251961,71,76728,11168,157039,4
spin_slow,spin,2.0,0.15,spin,2.0,0.15,56.5098,19,423263434,65,142861,11167,156991,4
spin_slow,spin,2.0,0.15,spin,2.0,0.15,56.5193,20,423274764,66,27617,11246,157052,4
spin_slow,spin,2.0,0.15,spin,2.0,0.15,56.531,21,423285635,71,148213,11285,157065,4
spin_slow,spin,2.0,0.15,spin,2.0,0.15,56.5405,22,423296135,66,48650,11324,157058,4
spin_slow,spin,2.0,0.15,spin,2.0,0.15,56.5577,23,423306927,67,155679,11358,157031,4
spin_slow,spin,2.0,0.15,spin,2.0,0.15,56.563,24,423315767,67,88247,11397,157045,4
spin_slow,spin,2.0,0.15,spin,2.0,0.15,56.5725,25,423326932,67,101864,11432,157032,4
spin_slow,spin,2.0,0.15,spin,2.0,0.15,56.5821,26,423337397,67,153611,11471,157005,4
spin_slow,spin,2.0,0.15,spin,2.0,0.15,56.597,27,423348429,69,144760,11552,157058,4
spin_slow,spin,2.0,0.15,spin,2.0,0.15,56.6045,28,423359071,68,69576,11584,157025,4
spin_slow,spin,2.0,0.15,spin,2.0,0.15,56.6141,29,423369819,68,168523,11588,157066,36
spin_slow,spin,2.0,0.15,spin,2.0,0.15,56.6417,30,423385732,63,47645,11665,157046,4
spin_slow,spin,2.0,0.15,spin,2.0,0.15,56.6459,31,423386696,69,54612,11740,157047,0
spin_slow,spin,2.0,0.15,spin,2.0,0.15,56.6459,32,423387631,69,56512,11705,157052,0
spin_slow,spin,2.0,0.15,spin,2.0,0.15,56.6459,33,423388595,69,63176,11666,157063,0
spin_slow,spin,2.0,0.15,spin,2.0,0.15,56.6523,34,423393605,69,129775,11665,157050,4
spin_slow,spin,2.0,0.15,spin,2.0,0.15,56.6523,35,423393638,69,135439,11665,157050,8
spin_slow,spin,2.0,0.15,spin,2.0,0.15,56.6556,36,423394740,68,165566,11704,157044,36
spin_slow,spin,2.0,0.15,spin,2.0,0.15,56.662,37,423412481,69,40712,11778,157039,4
spin_slow,spin,2.0,0.15,spin,2.0,0.15,56.663,38,423413893,69,123643,11739,157020,0
spin_slow,spin,2.0,0.15,spin,2.0,0.15,56.6695,39,423423290,76,150519,11818,157059,4
spin_slow,spin,2.0,0.15,spin,2.0,0.15,56.6791,40,423432833,70,45171,11856,157048,4
spin_slow,spin,2.0,0.15,spin,2.0,0.15,56.6952,41,423444638,70,167606,11852,157004,36
spin_slow,spin,2.0,0.15,spin,2.0,0.15,56.7005,42,423455457,70,122371,11897,157062,4
spin_slow,spin,2.0,0.15,spin,2.0,0.15,56.7132,43,423465901,70,13511,11969,157028,4
spin_slow,spin,2.0,0.15,spin,2.0,0.15,56.7227,44,423477369,64,78756,11972,157045,4
spin_slow,spin,2.0,0.15,spin,2.0,0.15,56.7385,45,423488234,71,41249,12045,157028,4
spin_slow,spin,2.0,0.15,spin,2.0,0.15,56.7438,46,423497101,73,135339,12045,157018,4
spin_slow,spin,2.0,0.15,spin,2.0,0.15,56.7554,47,423508552,71,40603,12081,157009,4
spin_slow,spin,2.0,0.15,spin,2.0,0.15,56.766,48,423520260,72,146477,12121,157018,4
spin_slow,spin,2.0,0.15,spin,2.0,0.15,56.7808,49,423532337,72,158171,12160,157043,36
spin_slow,spin,2.0,0.15,spin,2.0,0.15,56.7913,50,423543136,71,109596,12160,157030,4
spin_slow,spin,2.0,0.15,spin,2.0,0.15,56.7966,51,423549865,72,154297,12158,157017,4
spin_slow,spin,2.0,0.15,spin,2.0,0.15,56.8073,52,423560873,72,141337,12199,157049,4
spin_slow,spin,2.0,0.15,spin,2.0,0.15,56.819,53,423573402,72,72879,12274,157024,4
spin_slow,spin,2.0,0.15,spin,2.0,0.15,56.8316,54,423584343,69,48336,12312,157022,4
spin_slow,spin,2.0,0.15,spin,2.0,0.15,56.8401,55,423594838,72,105369,12347,157036,4
spin_slow,spin,2.0,0.15,spin,2.0,0.15,56.8506,56,423605711,72,69726,12382,156998,4
spin_slow,spin,2.0,0.15,spin,2.0,0.15,56.8613,57,423616273,73,138268,12384,157005,4
spin_slow,spin,2.0,0.15,spin,2.0,0.15,56.8761,58,423627090,73,92981,12425,157027,4
spin_slow,spin,2.0,0.15,spin,2.0,0.15,56.8814,59,423635913,74,22650,12461,157025,4
spin_slow,spin,2.0,0.15,spin,2.0,0.15,56.8962,60,423648615,74,140597,12544,157031,4
spin_slow,spin,2.0,0.15,spin,2.0,0.15,56.9046,61,423659432,74,95155,12613,157012,4
spin_slow,spin,2.0,0.15,spin,2.0,0.15,56.9141,62,423669974,75,160447,12575,156999,36
spin_slow,spin,2.0,0.15,spin,2.0,0.15,56.9311,63,423680837,70,122975,12651,156995,4
spin_slow,spin,2.0,0.15,spin,2.0,0.15,56.9375,64,423689684,75,56597,12730,157015,4
spin_slow,spin,2.0,0.15,spin,2.0,0.15,56.946,65,423700603,75,28650,12731,157018,4
spin_slow,spin,2.0,0.15,spin,2.0,0.15,56.9554,66,423711239,69,109630,12807,157015,4
spin_slow,spin,2.0,0.15,spin,2.0,0.15,56.9725,67,423722109,76,73487,12842,156964,4
spin_slow,spin,2.0,0.15,spin,2.0,0.15,56.9778,68,423730951,75,163987,12879,156953,36
spin_slow,spin,2.0,0.15,spin,2.0,0.15,56.9873,69,423741866,82,135630,12920,157012,4
spin_slow,spin,2.0,0.15,spin,2.0,0.15,56.9979,70,423752487,77,57427,12958,156995,4
spin_slow,spin,2.0,0.15,spin,2.0,0.15,57.0106,71,423763368,77,23262,12997,156982,4
spin_slow,spin,2.0,0.15,spin,2.0,0.15,57.0191,72,423774190,72,135891,13034,156992,4
spin_slow,spin,2.0,0.15,spin,2.0,0.15,57.0296,73,423784994,82,88576,13109,157024,4
spin_slow,spin,2.0,0.15,spin,2.0,0.15,57.0465,74,423795889,78,56682,13150,156982,4
spin_slow,spin,2.0,0.15,spin,2.0,0.15,57.0519,75,423804726,77,146011,13187,157016,4
spin_slow,spin,2.0,0.15,spin,2.0,0.15,57.0604,76,423815665,78,121360,13266,157019,4
spin_slow,spin,2.0,0.15,spin,2.0,0.15,57.0721,77,423826263,78,39056,13259,157015,4
spin_slow,spin,2.0,0.15,spin,2.0,0.15,57.0848,78,423837164,78,165233,13260,156988,36
spin_slow,spin,2.0,0.15,spin,2.0,0.15,57.0953,79,423847999,79,123166,13340,157010,4
spin_slow,spin,2.0,0.15,spin,2.0,0.15,57.1038,80,423858486,79,21798,13376,157010,4
spin_slow,spin,2.0,0.15,spin,2.0,0.15,57.1175,81,423869437,79,156344,13417,156996,4
spin_slow,spin,2.0,0.15,spin,2.0,0.15,57.145,82,423885327,79,31236,13418,157015,4
spin_slow,spin,2.0,0.15,spin,2.0,0.15,57.145,83,423886261,79,33049,13489,157001,0
spin_slow,spin,2.0,0.15,spin,2.0,0.15,57.145,84,423887223,78,39512,13451,156988,0
spin_slow,spin,2.0,0.15,spin,2.0,0.15,57.1461,85,423888160,79,41833,13451,156988,0
spin_slow,spin,2.0,0.15,spin,2.0,0.15,57.1514,86,423893203,79,114168,13493,157001,4
spin_slow,spin,2.0,0.15,spin,2.0,0.15,57.1514,87,423893237,79,119832,13493,157001,8
spin_slow,spin,2.0,0.15,spin,2.0,0.15,57.1514,88,423894686,79,52152,13489,156998,4
spin_slow,spin,2.0,0.15,spin,2.0,0.15,57.1631,89,423912890,80,163486,13571,157055,36
spin_slow,spin,2.0,0.15,spin,2.0,0.15,57.1652,90,423913825,79,165375,13535,157040,32
spin_slow,spin,2.0,0.15,spin,2.0,0.15,57.1684,91,423921937,80,130915,13570,157028,4
spin_slow,spin,2.0,0.15,spin,2.0,0.15,57.1781,92,423932465,80,36312,13609,157008,4
spin_slow,spin,2.0,0.15,spin,2.0,0.15,57.1887,93,423943810,80,80320,13683,157047,4
spin_slow,spin,2.0,0.15,spin,2.0,0.15,57.2056,94,423954727,81,51682,13723,157032,4
spin_slow,spin,2.0,0.15,spin,2.0,0.15,57.2119,95,423963560,81,139854,13725,157068,4
spin_slow,spin,2.0,0.15,spin,2.0,0.15,57.2193,96,423974490,81,113354,13801,157066,4
spin_slow,spin,2.0,0.15,spin,2.0,0.15,57.2309,97,423985095,75,31845,13871,156998,4
spin_slow,spin,2.0,0.15,spin,2.0,0.15,57.2404,98,423996242,82,42497,13877,157046,4
spin_slow,spin,2.0,0.15,spin,2.0,0.15,57.2574,99,424007507,82,73142,13951,157025,4
spin_slow,spin,2.0,0.15,spin,2.0,0.15,57.2627,100,424018180,83,160242,13952,157046,36
spin_slow,spin,2.0,0.15,spin,2.0,0.15,57.2733,101,424027366,83,151346,14029,157061,4
spin_slow,spin,2.0,0.15,spin,2.0,0.15,57.2839,102,424038091,83,89963,14063,157009,4
spin_slow,spin,2.0,0.15,spin,2.0,0.15,57.2955,103,424048679,83,162739,14102,157021,36
spin_slow,spin,2.0,0.15,spin,2.0,0.15,57.306,104,424061398,83,126444,14144,157051,4
spin_slow,spin,2.0,0.15,spin,2.0,0.15,57.3197,105,424072258,84,88313,14215,157005,4
spin_slow,spin,2.0,0.15,spin,2.0,0.15,57.3303,106,424082483,84,99299,14256,157019,4
spin_slow,spin,2.0,0.15,spin,2.0,0.15,57.3366,107,424091261,85,21259,14336,157009,4
spin_slow,spin,2.0,0.15,spin,2.0,0.15,57.3545,108,424103811,84,113244,14378,157086,4
spin_slow,spin,2.0,0.15,spin,2.0,0.15,57.3598,109,424112488,85,17784,14409,157042,4
spin_slow,spin,2.0,0.15,spin,2.0,0.15,57.3693,110,424123870,85,68357,14447,157049,4
spin_slow,spin,2.0,0.15,spin,2.0,0.15,57.3809,111,424135188,86,107722,14527,157056,4
spin_slow,spin,2.0,0.15,spin,2.0,0.15,57.3967,112,424146051,86,69863,14528,157073,4
spin_slow,spin,2.0,0.15,spin,2.0,0.15,57.403,113,424154890,86,158893,14563,157023,36
spin_slow,spin,2.0,0.15,spin,2.0,0.15,57.4234,114,424165927,86,150848,14602,157049,4
spin_slow,spin,2.0,0.15,spin,2.0,0.15,57.4404,115,424175832,86,106961,14678,157046,4
spin_slow,spin,2.0,0.15,spin,2.0,0.15,57.4447,116,424188746,87,103460,14753,157038,4
spin_slow,spin,2.0,0.15,spin,2.0,0.15,57.4574,117,424207820,87,48168,14788,157024,4
spin_slow,spin,2.0,0.15,spin,2.0,0.15,57.4574,118,424208775,86,53564,14746,156997,0
spin_slow,spin,2.0,0.15,spin,2.0,0.15,57.4659,119,424218887,87,45609,14826,156994,4
spin_slow,spin,2.0,0.15,spin,2.0,0.15,57.4788,120,424231392,87,130254,14867,157026,4
spin_slow,spin,2.0,0.15,spin,2.0,0.15,57.4874,121,424242079,89,62942,14944,157009,4
spin_slow,spin,2.0,0.15,spin,2.0,0.15,57.498,122,424252731,89,146739,15054,156995,4
spin_slow,spin,2.0,0.15,spin,2.0,0.15,57.515,123,424263569,89,105274,15095,157003,4
spin_slow,spin,2.0,0.15,spin,2.0,0.15,57.5203,124,424272413,89,38657,15128,156989,4
spin_slow,spin,2.0,0.15,spin,2.0,0.15,57.5299,125,424283480,89,35971,15207,157001,4
spin_slow,spin,2.0,0.15,spin,2.0,0.15,57.5394,126,424295260,90,154136,15244,157018,4
spin_slow,spin,2.0,0.15,spin,2.0,0.15,57.5511,127,424306126,90,117214,15285,157012,4
spin_slow,spin,2.0,0.15,spin,2.0,0.15,57.5617,0,424316628,88,18524,15321,157019,4
spin_slow,spin,2.0,0.15,spin,2.0,0.15,57.5776,1,424327408,91,123849,15399,157021,4
spin_slow,spin,2.0,0.15,spin,2.0,0.15,57.5851,2,424336216,91,50714,15440,157046,4
spin_slow,spin,2.0,0.15,spin,2.0,0.15,57.5904,3,424346648,91,96757,15478,157062,4
spin_slow,spin,2.0,0.15,spin,2.0,0.15,57.6148,4,424356440,91,33849,15481,157070,4
spin_slow,spin,2.0,0.15,spin,2.0,0.15,57.6318,5,424380811,91,93969,15552,157003,4
spin_slow,spin,2.0,0.15,spin,2.0,0.15,57.6339,6,424381766,89,99416,15557,157043,0
spin_slow,spin,2.0,0.15,spin,2.0,0.15,57.6561,7,424403446,91,16417,15627,157012,4
spin_slow,spin,2.0,0.15,spin,2.0,0.15,57.6646,8,424404402,92,21870,15625,157011,0
spin_slow,spin,2.0,0.15,spin,2.0,0.15,57.6646,9,424405360,93,27824,15667,157018,0
spin_slow,spin,2.0,0.15,spin,2.0,0.15,57.6646,10,424406284,91,27754,15628,157028,0
spin_slow,spin,2.0,0.15,spin,2.0,0.15,57.6669,11,424408196,92,38921,15629,157015,4
spin_slow,spin,2.0,0.15,spin,2.0,0.15,57.6669,12,424410806,92,168552,15668,157043,36
spin_slow,spin,2.0,0.15,spin,2.0,0.15,57.6712,13,424416294,93,159134,15672,157046,36
spin_slow,spin,2.0,0.15,spin,2.0,0.15,57.6712,14,424416326,93,164782,15672,157046,40
spin_slow,spin,2.0,0.15,spin,2.0,0.15,57.6851,15,424432584,93,101819,15744,157051,4
spin_slow,spin,2.0,0.15,spin,2.0,0.15,57.6862,16,424433511,93,102461,15782,157054,0
spin_slow,spin,2.0,0.15,spin,2.0,0.15,57.6926,17,424443310,93,40969,15778,156994,4
spin_slow,spin,2.0,0.15,spin,2.0,0.15,57.6991,18,424454001,95,131427,15813,156981,4
spin_slow,spin,2.0,0.15,spin,2.0,0.15,57.7065,19,424463126,93,112831,15818,156990,4
spin_slow,spin,2.0,0.15,spin,2.0,0.15,57.7255,20,424474003,94,77956,15894,156965,4
spin_slow,spin,2.0,0.15,spin,2.0,0.15,57.7329,21,424484695,100,168485,15931,157006,36
spin_slow,spin,2.0,0.15,spin,2.0,0.15,57.7361,22,424493904,94,163934,15932,157001,36
spin_slow,spin,2.0,0.15,spin,2.0,0.15,57.752,23,424504679,94,111719,16044,157026,4
spin_slow,spin,2.0,0.15,spin,2.0,0.15,57.7615,24,424516590,93,95518,16047,156993,4
spin_slow,spin,2.0,0.15,spin,2.0,0.15,57.7731,25,424527469,94,60724,16082,156993,4
spin_slow,spin,2.0,0.15,spin,2.0,0.15,57.7858,26,424538179,95,154281,16121,157001,4
spin_slow,spin,2.0,0.15,spin,2.0,0.15,57.7942,27,424548614,94,44213,16160,157001,4
spin_slow,spin,2.0,0.15,spin,2.0,0.15,57.8102,28,424560268,95,141248,16169,157064,4
spin_slow,spin,2.0,0.15,spin,2.0,0.15,57.8166,29,424568933,96,44006,16233,157019,4
spin_slow,spin,2.0,0.15,spin,2.0,0.15,57.8241,30,424579864,95,18127,16237,157003,4
spin_slow,spin,2.0,0.15,spin,2.0,0.15,57.8357,31,424590389,103,80094,16280,157027,4
spin_slow,spin,2.0,0.15,spin,2.0,0.15,57.8515,32,424601257,96,43164,16353,157024,4
spin_slow,spin,2.0,0.15,spin,2.0,0.15,57.8557,33,424610095,99,132525,16386,157012,4
spin_slow,spin,2.0,0.15,spin,2.0,0.15,57.8662,34,424621531,102,35335,16431,157056,4
spin_slow,spin,2.0,0.15,spin,2.0,0.15,57.8789,35,424632357,98,148204,16464,157036,4
spin_slow,spin,2.0,0.15,spin,2.0,0.15,57.8915,36,424642819,97,42418,16506,157039,4
spin_slow,spin,2.0,0.15,spin,2.0,0.15,57.9021,37,424656407,98,153829,16544,157051,4
spin_slow,spin,2.0,0.15,spin,2.0,0.15,57.9094,38,424665404,97,113024,16581,157036,4
spin_slow,spin,2.0,0.15,spin,2.0,0.15,57.9263,39,424676204,97,64594,16622,157047,4
spin_slow,spin,2.0,0.15,spin,2.0,0.15,57.9337,40,424686514,96,89922,16656,157037,4
spin_slow,spin,2.0,0.15,spin,2.0,0.15,57.9411,41,424695701,99,81589,16659,157009,4
spin_slow,spin,2.0,0.15,spin,2.0,0.15,57.9579,42,424707847,93,105165,16697,156998,4
spin_slow,spin,2.0,0.15,spin,2.0,0.15,57.9621,43,424716521,99,166239,16770,157015,36
spin_slow,spin,2.0,0.15,spin,2.0,0.15,57.9727,44,424727616,98,167994,16771,157020,36
spin_slow,spin,2.0,0.15,spin,2.0,0.15,57.9821,45,424738088,95,64041,16854,157048,4
spin_slow,spin,2.0,0.15,spin,2.0,0.15,57.9959,46,424748842,99,164607,16848,157026,36
spin_slow,spin,2.0,0.15,spin,2.0,0.15,58.0012,47,424757474,99,61573,16929,157065,4
spin_slow,spin,2.0,0.15,spin,2.0,0.15,58.0139,48,424768575,98,64223,16925,157017,4
spin_slow,spin,2.0,0.15,spin,2.0,0.15,58.0224,49,424779033,100,114603,17001,157040,4
spin_slow,spin,2.0,0.15,spin,2.0,0.15,58.0341,50,424790378,100,159093,17040,157021,36
spin_slow,spin,2.0,0.15,spin,2.0,0.15,58.0499,51,424801665,103,36694,17077,157016,4
spin_slow,spin,2.0,0.15,spin,2.0,0.15,58.0594,52,424814264,96,137372,17112,156978,4
spin_slow,spin,2.0,0.15,spin,2.0,0.15,58.07,53,424825108,101,96760,17151,157007,4
spin_slow,spin,2.0,0.15,spin,2.0,0.15,58.0817,54,424834977,102,47247,17194,157039,4
spin_slow,spin,2.0,0.15,spin,2.0,0.15,58.0892,55,424845422,101,95328,17231,157045,4
spin_slow,spin,2.0,0.15,spin,2.0,0.15,58.103,56,424856283,101,57136,17266,157008,4
spin_slow,spin,2.0,0.15,spin,2.0,0.15,58.1116,57,424866679,102,97182,17307,157011,4
spin_slow,spin,2.0,0.15,spin,2.0,0.15,58.1381,58,424881556,102,114191,17341,156981,4
spin_slow,spin,2.0,0.15,spin,2.0,0.15,58.1402,59,424882481,102,114477,17383,157007,0
spin_slow,spin,2.0,0.15,spin,2.0,0.15,58.1402,60,424883433,98,119360,17344,157019,0
spin_slow,spin,2.0,0.15,spin,2.0,0.15,58.1434,61,424884402,102,127006,17305,157033,0
spin_slow,spin,2.0,0.15,spin,2.0,0.15,58.1434,62,424886124,103,105728,17347,157023,4
spin_slow,spin,2.0,0.15,spin,2.0,0.15,58.1477,63,424889430,102,39641,17343,157030,4
spin_slow,spin,2.0,0.15,spin,2.0,0.15,58.1499,64,424891605,103,95355,17378,157007,4
spin_slow,spin,2.0,0.15,spin,2.0,0.15,58.1594,65,424908574,103,153681,17386,157066,4
spin_slow,spin,2.0,0.15,spin,2.0,0.15,58.1616,66,424909534,103,159749,17385,157044,36
spin_slow,spin,2.0,0.15,spin,2.0,0.15,58.1658,67,424918936,103,30772,17495,157006,4
spin_slow,spin,2.0,0.15,spin,2.0,0.15,58.1765,68,424930215,110,64106,17497,157021,4
spin_slow,spin,2.0,0.15,spin,2.0,0.15,58.1861,69,424939041,104,151145,17576,157021,4
spin_slow,spin,2.0,0.15,spin,2.0,0.15,58.201,70,424950453,104,49732,17614,157040,4
spin_slow,spin,2.0,0.15,spin,2.0,0.15,58.2052,71,424961118,98,135715,17611,157018,4
spin_slow,spin,2.0,0.15,spin,2.0,0.15,58.2148,72,424970310,104,128063,17642,157021,4
spin_slow,spin,2.0,0.15,spin,2.0,0.15,58.2265,73,424981719,106,26382,17686,157025,4
spin_slow,spin,2.0,0.15,spin,2.0,0.15,58.2371,74,424992994,106,58684,17727,157055,4
spin_slow,spin,2.0,0.15,spin,2.0,0.15,58.2509,75,425003843,104,18815,17688,157005,4
spin_slow,spin,2.0,0.15,spin,2.0,0.15,58.2594,76,425014228,105,57031,17760,157023,4
spin_slow,spin,2.0,0.15,spin,2.0,0.15,58.2721,77,425025004,104,161736,17765,157036,36
spin_slow,spin,2.0,0.15,spin,2.0,0.15,58.2795,78,425035425,105,48721,17800,157038,4
spin_slow,spin,2.0,0.15,spin,2.0,0.15,58.2922,79,425046266,105,164317,17880,157044,36
spin_slow,spin,2.0,0.15,spin,2.0,0.15,58.3018,80,425056692,106,52410,17881,157012,4
spin_slow,spin,2.0,0.15,spin,2.0,0.15,58.3135,81,425067353,107,137438,17915,157031,4
spin_slow,spin,2.0,0.15,spin,2.0,0.15,58.323,82,425077813,106,31660,17988,157005,4
spin_slow,spin,2.0,0.15,spin,2.0,0.15,58.3336,83,425088258,107,79873,18111,157055,4
spin_slow,spin,2.0,0.15,spin,2.0,0.15,58.3442,84,425099004,106,22134,18072,157054,4
spin_slow,spin,2.0,0.15,spin,2.0,0.15,58.3549,85,425110541,106,99039,18107,157013,4
spin_slow,spin,2.0,0.15,spin,2.0,0.15,58.3676,86,425121322,107,47685,18140,157004,4
spin_slow,spin,2.0,0.15,spin,2.0,0.15,58.3771,87,425131729,108,89322,18227,157066,4
spin_slow,spin,2.0,0.15,spin,2.0,0.15,58.3867,88,425141908,108,92333,18226,157064,4
spin_slow,spin,2.0,0.15,spin,2.0,0.15,58.4037,89,425152775,107,55086,18179,157000,4
spin_slow,spin,2.0,0.15,spin,2.0,0.15,58.4058,90,425161583,107,139279,18259,157019,4
spin_slow,spin,2.0,0.15,spin,2.0,0.15,58.4175,91,425173051,107,47350,18261,157036,4
spin_slow,spin,2.0,0.15,spin,2.0,0.15,58.4291,92,425183854,114,156211,18336,157055,4
spin_slow,spin,2.0,0.15,spin,2.0,0.15,58.4398,93,425194331,111,52602,18380,157065,4
spin_slow,spin,2.0,0.15,spin,2.0,0.15,58.4514,94,425205166,109,166903,18379,157075,36
spin_slow,spin,2.0,0.15,spin,2.0,0.15,58.4652,95,425216930,108,125014,18453,157052,4
spin_slow,spin,2.0,0.15,spin,2.0,0.15,58.4706,96,425225725,107,49598,18492,157066,4
spin_slow,spin,2.0,0.15,spin,2.0,0.15,58.4875,97,425238116,111,114307,18526,157037,4
spin_slow,spin,2.0,0.15,spin,2.0,0.15,58.495,98,425246763,109,170902,18527,157060,36
spin_slow,spin,2.0,0.15,spin,2.0,0.15,58.5024,99,425257890,110,21133,18562,156990,4
spin_slow,spin,2.0,0.15,spin,2.0,0.15,58.5141,100,425268364,108,74527,18565,157012,4
spin_slow,spin,2.0,0.15,spin,2.0,0.15,58.5257,101,425279371,110,61494,18603,157011,4
spin_slow,spin,2.0,0.15,spin,2.0,0.15,58.5353,102,425290001,113,140662,18684,157068,4
spin_slow,spin,2.0,0.15,spin,2.0,0.15,58.5449,103,425300468,115,35330,18685,157071,4
spin_slow,spin,2.0,0.15,spin,2.0,0.15,58.5555,104,425310903,110,81495,18685,157072,4
spin_slow,spin,2.0,0.15,spin,2.0,0.15,58.565,105,425321917,109,69340,18756,157039,4
spin_slow,spin,2.0,0.15,spin,2.0,0.15,58.5789,106,425333160,117,96020,18798,157047,4
spin_slow,spin,2.0,0.15,spin,2.0,0.15,58.5917,107,425343797,111,19833,18793,157047,4
spin_slow,spin,2.0,0.15,spin,2.0,0.15,58.596,108,425354227,111,65458,18828,157000,4
spin_slow,spin,2.0,0.15,spin,2.0,0.15,58.612,109,425364450,110,76118,18870,157011,4
spin_slow,spin,2.0,0.15,spin,2.0,0.15,58.629,110,425377055,111,20791,18900,156998,4
spin_slow,spin,2.0,0.15,spin,2.0,0.15,58.6375,111,425382403,111,145023,18905,157000,4
spin_slow,spin,2.0,0.15,spin,2.0,0.15,58.6397,112,425383366,105,151738,18910,157042,0
spin_slow,spin,2.0,0.15,spin,2.0,0.15,58.6397,113,425384300,118,153372,18951,157047,0
spin_slow,spin,2.0,0.15,spin,2.0,0.15,58.6418,114,425385268,112,160856,18913,157042,36
spin_slow,spin,2.0,0.15,spin,2.0,0.15,58.6461,115,425389496,112,94425,18909,157044,4
spin_slow,spin,2.0,0.15,spin,2.0,0.15,58.6461,116,425389529,112,100089,18909,157044,8
spin_slow,spin,2.0,0.15,spin,2.0,0.15,58.6556,117,425407852,112,74149,18983,157015,4
spin_slow,spin,2.0,0.15,spin,2.0,0.15,58.6578,118,425408786,111,75910,18981,157010,0
spin_slow,spin,2.0,0.15,spin,2.0,0.15,58.662,119,425418045,109,79610,19060,157048,4
spin_slow,spin,2.0,0.15,spin,2.0,0.15,58.6737,120,425427956,112,37137,19020,157022,4
spin_slow,spin,2.0,0.15,spin,2.0,0.15,58.6822,121,425438465,112,96111,19096,157061,4
spin_slow,spin,2.0,0.15,spin,2.0,0.15,58.6959,122,425449491,112,86107,19141,157057,4
spin_slow,spin,2.0,0.15,spin,2.0,0.15,58.7055,123,425460123,113,166042,19176,157048,36
spin_slow,spin,2.0,0.15,spin,2.0,0.15,58.7213,124,425470557,114,55280,19174,157019,4
spin_slow,spin,2.0,0.15,spin,2.0,0.15,58.7319,125,425485651,114,108808,19250,157005,4
spin_slow,spin,2.0,0.15,spin,2.0,0.15,58.7519,126,425495657,120,82782,19248,157028,4
spin_slow,spin,2.0,0.15,spin,2.0,0.15,58.771,127,425502374,120,125467,19252,157045,4
spin_slow,spin,2.0,0.15,spin,2.0,0.15,58.7741,0,425518140,114,135936,19326,157028,4
spin_slow,spin,2.0,0.15,spin,2.0,0.15,58.7879,1,425538528,114,147338,19439,157003,4
spin_slow,spin,2.0,0.15,spin,2.0,0.15,58.79,2,425539490,114,153933,19402,157016,0
spin_slow,spin,2.0,0.15,spin,2.0,0.15,58.79,3,425543559,116,60500,19437,157007,4
spin_slow,spin,2.0,0.15,spin,2.0,0.15,58.8016,4,425556005,114,135357,19472,157012,4
spin_slow,spin,2.0,0.15,spin,2.0,0.15,58.8111,5,425567161,115,147581,19552,157002,4
spin_slow,spin,2.0,0.15,spin,2.0,0.15,58.8238,6,425577935,116,95171,19589,156984,4
spin_slow,spin,2.0,0.15,spin,2.0,0.15,58.8343,7,425588512,115,165819,19669,157005,36
spin_slow,spin,2.0,0.15,spin,2.0,0.15,58.8449,8,425599682,116,23461,19709,157021,4
spin_slow,spin,2.0,0.15,spin,2.0,0.15,58.8607,9,425610520,117,138603,19750,157047,4
spin_slow,spin,2.0,0.15,spin,2.0,0.15,58.8691,10,425621235,117,75646,19867,157069,4
spin_slow,spin,2.0,0.15,spin,2.0,0.15,58.8744,11,425630600,116,97109,19863,157050,4
spin_slow,spin,2.0,0.15,spin,2.0,0.15,58.8839,12,425639774,118,86274,19899,157058,4
spin_slow,spin,2.0,0.15,spin,2.0,0.15,58.8944,13,425650566,117,36308,19940,157029,4
spin_slow,spin,2.0,0.15,spin,2.0,0.15,58.9114,14,425661107,117,100815,19937,157037,4
spin_slow,spin,2.0,0.15,spin,2.0,0.15,58.9231,15,425674499,111,22233,20048,157028,4
spin_slow,spin,2.0,0.15,spin,2.0,0.15,58.9411,16,425684557,118,161740,20050,157021,36
spin_slow,spin,2.0,0.15,spin,2.0,0.15,58.9442,17,425691973,118,166414,20085,157004,36
spin_slow,spin,2.0,0.15,spin,2.0,0.15,58.9558,18,425707027,118,56094,20094,157044,4
spin_slow,spin,2.0,0.15,spin,2.0,0.15,58.9622,19,425717103,117,41704,20125,157009,4
spin_slow,spin,2.0,0.15,spin,2.0,0.15,58.9664,20,425724742,120,84260,20165,157021,4
spin_slow,spin,2.0,0.15,spin,2.0,0.15,58.9812,21,425735306,119,152691,20208,157069,4
spin_slow,spin,2.0,0.15,spin,2.0,0.15,58.9928,22,425747254,126,142282,20282,157017,4
spin_slow,spin,2.0,0.15,spin,2.0,0.15,59.0045,23,425758022,119,88500,20353,157017,4
spin_slow,spin,2.0,0.15,spin,2.0,0.15,59.014,24,425768390,120,123681,20316,157045,4
spin_slow,spin,2.0,0.15,spin,2.0,0.15,59.0256,25,425779240,119,83652,20398,157065,4
spin_slow,spin,2.0,0.15,spin,2.0,0.15,59.0331,26,425789584,120,114660,20433,157032,4
spin_slow,spin,2.0,0.15,spin,2.0,0.15,59.0447,27,425800364,121,62655,20507,157017,4
spin_slow,spin,2.0,0.15,spin,2.0,0.15,59.0553,28,425811045,121,150911,20516,157070,4
spin_slow,spin,2.0,0.15,spin,2.0,0.15,59.0679,29,425820924,121,102782,20547,157054,4
spin_slow,spin,2.0,0.15,spin,2.0,0.15,59.0743,30,425829836,118,47294,20547,157032,4
spin_slow,spin,2.0,0.15,spin,2.0,0.15,59.0912,31,425842197,121,107236,20582,157047,4
spin_slow,spin,2.0,0.15,spin,2.0,0.15,59.0965,32,425850853,122,165203,20664,157064,36
spin_slow,spin,2.0,0.15,spin,2.0,0.15,59.107,33,425861946,122,166299,20674,157093,36
spin_slow,spin,2.0,0.15,spin,2.0,0.15,59.1165,34,425872433,114,64251,20701,157065,4
spin_slow,spin,2.0,0.15,spin,2.0,0.15,59.1418,35,425888119,123,61186,20777,157020,4
spin_slow,spin,2.0,0.15,spin,2.0,0.15,59.146,36,425889053,122,62848,20776,157035,0
spin_slow,spin,2.0,0.15,spin,2.0,0.15,59.146,37,425890013,126,69102,20777,157044,0
spin_slow,spin,2.0,0.15,spin,2.0,0.15,59.146,38,425890953,123,71883,20777,157033,0
spin_slow,spin,2.0,0.15,spin,2.0,0.15,59.1503,39,425895993,122,143487,20744,157059,4
spin_slow,spin,2.0,0.15,spin,2.0,0.15,59.1566,40,425896028,122,149300,20744,157059,8
spin_slow,spin,2.0,0.15,spin,2.0,0.15,59.1566,41,425902001,123,65219,20857,157060,4
spin_slow,spin,2.0,0.15,spin,2.0,0.15,59.1661,42,425915391,129,142779,20887,157015,4
spin_slow,spin,2.0,0.15,spin,2.0,0.15,59.1683,43,425916356,124,149874,20927,157033,0
spin_slow,spin,2.0,0.15,spin,2.0,0.15,59.1725,44,425927130,122,97006,20969,157069,4
spin_slow,spin,2.0,0.15,spin,2.0,0.15,59.1852,45,425938355,124,120887,21005,157033,4
spin_slow,spin,2.0,0.15,spin,2.0,0.15,59.1915,46,425947143,124,44232,21083,157073,4
spin_slow,spin,2.0,0.15,spin,2.0,0.15,59.201,47,425956737,125,104470,21206,157078,4
spin_slow,spin,2.0,0.15,spin,2.0,0.15,59.2116,48,425967158,122,148232,21241,157104,4
spin_slow,spin,2.0,0.15,spin,2.0,0.15,59.2232,49,425977875,125,85357,21234,157039,4
spin_slow,spin,2.0,0.15,spin,2.0,0.15,59.2327,50,425988342,126,137095,21315,157088,4
spin_slow,spin,2.0,0.15,spin,2.0,0.15,59.2421,51,425998789,125,28396,21309,157046,4
spin_slow,spin,2.0,0.15,spin,2.0,0.15,59.2558,52,426009794,133,171808,21386,157028,36
spin_slow,spin,2.0,0.15,spin,2.0,0.15,59.2664,53,426020398,125,90127,21425,157035,4
spin_slow,spin,2.0,0.15,spin,2.0,0.15,59.278,54,426030944,126,155663,21420,157022,4
spin_slow,spin,2.0,0.15,spin,2.0,0.15,59.2875,55,426043684,120,123062,21469,157040,4
spin_slow,spin,2.0,0.15,spin,2.0,0.15,59.3043,56,426054458,126,69999,21463,157037,4
spin_slow,spin,2.0,0.15,spin,2.0,0.15,59.3149,57,426064789,129,98947,21499,157021,4
spin_slow,spin,2.0,0.15,spin,2.0,0.15,59.3212,58,426073632,127,31954,21538,157002,4
spin_slow,spin,2.0,0.15,spin,2.0,0.15,59.3296,59,426084963,128,73873,21583,157046,4
spin_slow,spin,2.0,0.15,spin,2.0,0.15,59.3391,60,426096206,127,100601,21655,157043,4
spin_slow,spin,2.0,0.15,spin,2.0,0.15,59.357,61,426107001,128,51097,21695,157070,4
spin_slow,spin,2.0,0.15,spin,2.0,0.15,59.3655,62,426117313,127,76554,21697,157087,4
spin_slow,spin,2.0,0.15,spin,2.0,0.15,59.3718,63,426126477,121,64029,21807,157046,4
spin_slow,spin,2.0,0.15,spin,2.0,0.15,59.3803,64,426136366,134,174673,21770,157065,36
spin_slow,spin,2.0,0.15,spin,2.0,0.15,59.394,65,426147388,128,163697,21847,157076,36
spin_slow,spin,2.0,0.15,spin,2.0,0.15,59.4035,66,426157973,129,78667,21917,157030,4
spin_slow,spin,2.0,0.15,spin,2.0,0.15,59.412,67,426168377,130,119840,22003,157058,4
spin_slow,spin,2.0,0.15,spin,2.0,0.15,59.4236,68,426178849,134,172552,22036,157042,36
spin_slow,spin,2.0,0.15,spin,2.0,0.15,59.4331,69,426189620,129,119115,22072,157019,4
spin_slow,spin,2.0,0.15,spin,2.0,0.15,59.451,70,426200813,124,137566,22178,157008,4
spin_slow,spin,2.0,0.15,spin,2.0,0.15,59.4573,71,426211129,131,164090,22221,157014,36
spin_slow,spin,2.0,0.15,spin,2.0,0.15,59.4668,72,426222402,132,39036,22298,157022,4
spin_slow,spin,2.0,0.15,spin,2.0,0.15,59.4773,73,426233158,134,140183,22338,157018,4
spin_slow,spin,2.0,0.15,spin,2.0,0.15,59.4879,74,426243790,126,63436,22413,156989,4
spin_slow,spin,2.0,0.15,spin,2.0,0.15,59.5048,75,426254569,132,168438,22417,157050,36
spin_slow,spin,2.0,0.15,spin,2.0,0.15,59.5112,76,426264904,132,40596,22461,157087,4
spin_slow,spin,2.0,0.15,spin,2.0,0.15,59.5196,77,426274084,132,30663,22493,157050,4
spin_slow,spin,2.0,0.15,spin,2.0,0.15,59.5323,78,426286232,133,54291,22494,157028,4
spin_slow,spin,2.0,0.15,spin,2.0,0.15,59.5418,79,426296934,141,146125,22533,157048,4
spin_slow,spin,2.0,0.15,spin,2.0,0.15,59.5514,80,426307564,135,68548,22535,157057,4
spin_slow,spin,2.0,0.15,spin,2.0,0.15,59.5683,81,426318363,134,176670,22610,157047,36
spin_slow,spin,2.0,0.15,spin,2.0,0.15,59.5757,82,426328714,134,51665,22645,157047,4
spin_slow,spin,2.0,0.15,spin,2.0,0.15,59.582,83,426337887,133,40708,22689,157059,4
spin_slow,spin,2.0,0.15,spin,2.0,0.15,59.5957,84,426350012,134,60577,22723,157023,4
spin_slow,spin,2.0,0.15,spin,2.0,0.15,59.6105,85,426360849,134,175236,22805,157070,36
spin_slow,spin,2.0,0.15,spin,2.0,0.15,59.6242,86,426371213,134,52420,22834,157068,4
spin_slow,spin,2.0,0.15,spin,2.0,0.15,59.6295,87,426380009,133,134226,22840,157082,4
spin_slow,spin,2.0,0.15,spin,2.0,0.15,59.6422,88,426389135,138,115190,22913,157049,4
spin_slow,spin,2.0,0.15,spin,2.0,0.15,59.6453,89,426390080,134,118751,22874,157050,0
spin_slow,spin,2.0,0.15,spin,2.0,0.15,59.6453,90,426391042,134,125148,22914,157049,0
spin_slow,spin,2.0,0.15,spin,2.0,0.15,59.6475,91,426391995,135,130163,22912,157069,0
spin_slow,spin,2.0,0.15,spin,2.0,0.15,59.6506,92,426395533,134,103358,22914,157051,4
spin_slow,spin,2.0,0.15,spin,2.0,0.15,59.6528,93,426395566,134,109022,22914,157051,8
spin_slow,spin,2.0,0.15,spin,2.0,0.15,59.657,94,426401017,134,93405,22912,157045,4
spin_slow,spin,2.0,0.15,spin,2.0,0.15,59.6643,95,426415677,136,72741,22944,157046,4
spin_slow,spin,2.0,0.15,spin,2.0,0.15,59.6686,96,426423278,135,108528,22991,157064,4
spin_slow,spin,2.0,0.15,spin,2.0,0.15,59.6812,97,426434172,135,76177,23021,157005,4
spin_slow,spin,2.0,0.15,spin,2.0,0.15,59.6865,98,426443334,135,63626,23023,157036,4
spin_slow,spin,2.0,0.15,spin,2.0,0.15,59.696,99,426452417,135,37454,23095,157004,4
spin_slow,spin,2.0,0.15,spin,2.0,0.15,59.7076,100,426463822,136,91958,23144,157061,4
spin_slow,spin,2.0,0.15,spin,2.0,0.15,59.7192,101,426474651,136,48365,23181,157061,4
spin_slow,spin,2.0,0.15,spin,2.0,0.15,59.7298,102,426485067,137,91645,23220,157053,4
spin_slow,spin,2.0,0.15,spin,2.0,0.15,59.7404,103,426495850,142,40342,23250,156996,4
spin_slow,spin,2.0,0.15,spin,2.0,0.15,59.7499,104,426506268,138,84229,23330,157021,4
spin_slow,spin,2.0,0.15,spin,2.0,0.15,59.7625,105,426516948,137,172520,23374,157053,36
spin_slow,spin,2.0,0.15,spin,2.0,0.15,59.771,106,426527418,137,67992,23443,157027,4
spin_slow,spin,2.0,0.15,spin,2.0,0.15,59.7837,107,426537848,139,113827,23483,157033,4
spin_slow,spin,2.0,0.15,spin,2.0,0.15,59.7921,108,426548980,137,121644,23490,157057,4
spin_slow,spin,2.0,0.15,spin,2.0,0.15,59.81,109,426559785,143,73770,23566,157060,4
spin_slow,spin,2.0,0.15,spin,2.0,0.15,59.8206,110,426570132,139,105118,23560,157035,4
spin_slow,spin,2.0,0.15,spin,2.0,0.15,59.829,111,426582365,141,143290,23634,157047,4
spin_slow,spin,2.0,0.15,spin,2.0,0.15,59.8354,112,426591505,139,126776,23674,157055,4
spin_slow,spin,2.0,0.15,spin,2.0,0.15,59.8533,113,426603915,140,38044,23714,157027,4
spin_slow,spin,2.0,0.15,spin,2.0,0.15,59.8575,114,426612565,140,95094,23710,157033,4
spin_slow,spin,2.0,0.15,spin,2.0,0.15,59.8691,115,426623960,140,147725,23795,157087,4
spin_slow,spin,2.0,0.15,spin,2.0,0.15,59.8797,116,426635293,140,32240,23753,157078,4
spin_slow,spin,2.0,0.15,spin,2.0,0.15,59.8955,117,426646089,140,139573,23834,157106,4
spin_slow,spin,2.0,0.15,spin,2.0,0.15,59.905,118,426656408,140,166101,23826,157042,36
spin_slow,spin,2.0,0.15,spin,2.0,0.15,59.9124,119,426665240,138,96981,23902,157058,4
spin_slow,spin,2.0,0.15,spin,2.0,0.15,59.9219,120,426676608,141,144833,23942,157045,4
spin_slow,spin,2.0,0.15,spin,2.0,0.15,59.9335,121,426687833,141,168510,23936,157036,36
spin_slow,spin,2.0,0.15,spin,2.0,0.15,59.943,122,426699052,141,33978,24019,157050,4
spin_slow,spin,2.0,0.15,spin,2.0,0.15,59.9599,123,426709866,142,144831,24058,157044,4
spin_slow,spin,2.0,0.15,spin,2.0,0.15,59.9694,124,426720215,148,176257,24057,157049,36
spin_slow,spin,2.0,0.15,spin,2.0,0.15,59.9768,125,426729047,141,106925,24096,157080,4
spin_slow,spin,2.0,0.15,spin,2.0,0.15,59.981,126,426738465,141,137286,24100,157065,4
spin_slow,spin,2.0,0.15,spin,2.0,0.15,59.9937,127,426748876,143,179307,24141,157103,36
spin_slow,spin,2.0,0.15,spin,2.0,0.15,60.0043,0,426760375,142,92045,24175,157066,4
spin_slow,spin,2.0,0.15,spin,2.0,0.15,60.0201,1,426771237,142,53660,24217,157094,4
spin_slow,spin,2.0,0.15,spin,2.0,0.15,60.0243,2,426781835,143,127338,24248,157085,4
spin_slow,spin,2.0,0.15,spin,2.0,0.15,60.0391,3,426791021,148,118286,24292,157066,4
