label,mode,volt,spin,t_host,seq,t_us,isr_high,cap_age,cap_high,cap_period,flags
spin_slow,spin,2.0,0.3,0.0169,6,666666068,360,153240,60235,156847,4
spin_slow,spin,2.0,0.3,0.0348,7,666684822,354,48326,60341,156804,4
spin_slow,spin,2.0,0.3,0.0569,8,666707360,356,115633,60496,156841,4
spin_slow,spin,2.0,0.3,0.0769,9,666726129,356,12627,60624,156844,4
spin_slow,spin,2.0,0.3,0.0937,10,666744912,357,68837,60730,156844,4
spin_slow,spin,2.0,0.3,0.119,11,666767418,359,130917,60886,156842,4
spin_slow,spin,2.0,0.3,0.138,12,666788689,359,139871,61015,156811,4
spin_slow,spin,2.0,0.3,0.1571,13,666807447,359,35500,61143,156800,4
spin_slow,spin,2.0,0.3,0.1773,14,666826216,360,89886,61276,156844,4
spin_slow,spin,2.0,0.3,0.1997,15,666849979,361,51466,61387,156857,4
spin_slow,spin,2.0,0.3,0.2189,16,666868740,362,103409,61509,156872,4
spin_slow,spin,2.0,0.3,0.237,17,666887536,362,4229,61622,156877,4
spin_slow,spin,2.0,0.3,0.2572,18,666907551,363,112816,61779,156886,4
spin_slow,spin,2.0,0.3,0.2826,19,666930077,365,21150,61992,156844,4
spin_slow,spin,2.0,0.3,0.2987,20,666950086,365,129006,62135,156798,4
spin_slow,spin,2.0,0.3,0.3178,21,666968865,368,27826,62293,156843,4
spin_slow,spin,2.0,0.3,0.3422,22,666991425,374,98490,62496,156877,4
spin_slow,spin,2.0,0.3,0.3591,23,667010169,369,148202,62601,156830,4
spin_slow,spin,2.0,0.3,0.3782,24,667028933,369,44304,62744,156847,4
spin_slow,spin,2.0,0.3,0.4025,25,667051461,377,109173,62902,156862,4
spin_slow,spin,2.0,0.3,0.4196,26,667070235,370,7283,63003,156808,4
spin_slow,spin,2.0,0.3,0.4388,27,667088989,371,58990,63206,156829,4
spin_slow,spin,2.0,0.3,0.462,28,667111542,373,129184,63428,156846,4
spin_slow,spin,2.0,0.3,0.4791,29,667130274,374,19524,63601,156876,4
spin_slow,spin,2.0,0.3,0.5025,30,667152834,376,90058,63801,156888,4
spin_slow,spin,2.0,0.3,0.5152,31,667165331,377,18246,63859,156847,4
spin_slow,spin,2.0,0.3,0.5226,32,667173697,376,28952,63933,156832,4
spin_slow,spin,2.0,0.3,0.5417,33,667192852,376,148167,64049,156867,4
spin_slow,spin,2.0,0.3,0.5629,34,667211658,378,51035,64191,156822,4
spin_slow,spin,2.0,0.3,0.5788,35,667230391,378,98652,64359,156855,4
spin_slow,spin,2.0,0.3,0.6181,36,667259200,380,133897,64669,156867,4
spin_slow,spin,2.0,0.3,0.6266,37,667276162,379,37013,64814,156860,4
spin_slow,spin,2.0,0.3,0.6425,38,667291738,383,18418,64930,156854,4
spin_slow,spin,2.0,0.3,0.6636,39,667314256,383,81427,65123,156891,4
spin_slow,spin,2.0,0.3,0.6826,40,667333047,384,138285,65240,156859,4
spin_slow,spin,2.0,0.3,0.7026,41,667351814,384,34377,65384,156855,4
spin_slow,spin,2.0,0.3,0.7248,42,667374331,386,97814,65542,156840,4
spin_slow,spin,2.0,0.3,0.7428,43,667394343,386,48843,65689,156853,4
spin_slow,spin,2.0,0.3,0.7649,44,667413128,381,105240,65844,156850,4
spin_slow,spin,2.0,0.3,0.7829,45,667434405,389,113815,66055,156922,4
spin_slow,spin,2.0,0.3,0.8019,46,667453174,390,10125,66153,156854,4
spin_slow,spin,2.0,0.3,0.8239,47,667475690,390,73708,66311,156873,4
spin_slow,spin,2.0,0.3,0.844,48,667494416,391,120164,66444,156838,4
spin_slow,spin,2.0,0.3,0.8671,49,667516976,391,34165,66601,156848,4
spin_slow,spin,2.0,0.3,0.884,50,667535763,393,90562,66755,156876,4
spin_slow,spin,2.0,0.3,0.9073,51,667558273,394,152320,66955,156865,4
spin_slow,spin,2.0,0.3,0.9241,52,667575801,394,151950,67055,156857,4
spin_slow,spin,2.0,0.3,0.9473,53,667595840,395,107804,67216,156835,4
spin_slow,spin,2.0,0.3,0.9642,54,667615869,396,61597,67338,156875,4
spin_slow,spin,2.0,0.3,0.9875,55,667638375,397,122741,67529,156868,4
spin_slow,spin,2.0,0.3,1.0097,56,667657157,398,21989,67627,156846,4
spin_slow,spin,2.0,0.3,1.0171,57,667667984,398,137461,67655,156810,4
spin_slow,spin,2.0,0.3,1.0234,58,667676411,401,1968,67722,156816,4
spin_slow,spin,2.0,0.3,1.0476,59,667697180,399,81987,67881,156832,4
spin_slow,spin,2.0,0.3,1.0645,60,667715958,400,137715,67949,156775,4
spin_slow,spin,2.0,0.3,1.0877,61,667738472,401,45005,68100,156815,4
spin_slow,spin,2.0,0.3,1.1077,62,667757228,401,97073,68219,156819,4
spin_slow,spin,2.0,0.3,1.1382,63,667777094,402,24456,68370,156817,4
spin_slow,spin,2.0,0.3,1.1552,64,667799340,404,42156,68548,156855,4
spin_slow,spin,2.0,0.3,1.1678,65,667818553,404,14622,68653,156823,4
spin_slow,spin,2.0,0.3,1.1878,66,667838572,405,124344,68801,156813,4
spin_slow,spin,2.0,0.3,1.2089,67,667861109,406,34643,69003,156852,4
spin_slow,spin,2.0,0.3,1.2278,68,667879863,407,85328,69157,156874,4
spin_slow,spin,2.0,0.3,1.2491,69,667901186,412,102631,69302,156828,4
spin_slow,spin,2.0,0.3,1.268,70,667919918,409,150424,69437,156813,4
spin_slow,spin,2.0,0.3,1.287,71,667938683,412,47056,69559,156819,4
spin_slow,spin,2.0,0.3,1.3091,72,667961182,410,108165,69755,156819,4
spin_slow,spin,2.0,0.3,1.3283,73,667979975,411,9988,69890,156795,4
spin_slow,spin,2.0,0.3,1.3525,74,668002484,413,72919,70128,156829,4
spin_slow,spin,2.0,0.3,1.3693,75,668021256,413,127517,70287,156834,4
spin_slow,spin,2.0,0.3,1.3928,76,668043773,416,34409,70437,156835,4
spin_slow,spin,2.0,0.3,1.4119,77,668063752,417,137261,70578,156831,4
spin_slow,spin,2.0,0.3,1.434,78,668082557,416,40784,70738,156815,4
spin_slow,spin,2.0,0.3,1.4488,79,668101335,416,96256,70904,156851,4
spin_slow,spin,2.0,0.3,1.473,80,668123858,418,4245,71030,156802,4
spin_slow,spin,2.0,0.3,1.4921,81,668142632,418,59338,71170,156844,4
spin_slow,spin,2.0,0.3,1.5154,82,668165137,426,121208,71369,156807,4
spin_slow,spin,2.0,0.3,1.5154,83,668167698,419,86055,71384,156820,4
spin_slow,spin,2.0,0.3,1.5324,84,668182671,427,122263,71590,156830,4
spin_slow,spin,2.0,0.3,1.5536,85,668205166,423,25697,71802,156816,4
spin_slow,spin,2.0,0.3,1.5726,86,668223952,423,83055,71955,156829,4
spin_slow,spin,2.0,0.3,1.5927,87,668242723,418,138176,72058,156788,4
spin_slow,spin,2.0,0.3,1.6097,88,668262725,425,88938,72251,156781,4
spin_slow,spin,2.0,0.3,1.633,89,668285242,426,152892,72370,156805,4
spin_slow,spin,2.0,0.3,1.652,90,668304025,431,53083,72549,156767,4
spin_slow,spin,2.0,0.3,1.6752,91,668326510,429,112777,72698,156771,4
spin_slow,spin,2.0,0.3,1.6964,92,668347771,429,120629,72886,156791,4
spin_slow,spin,2.0,0.3,1.7143,93,668366549,429,19830,73049,156801,4
spin_slow,spin,2.0,0.3,1.7334,94,668385333,430,76635,73185,156848,4
spin_slow,spin,2.0,0.3,1.7523,95,668404096,431,129449,73380,156833,4
spin_slow,spin,2.0,0.3,1.7744,96,668426623,433,38098,73488,156844,4
spin_slow,spin,2.0,0.3,1.7935,97,668445376,434,89223,73636,156853,4
spin_slow,spin,2.0,0.3,1.8125,98,668464166,432,146374,73758,156879,4
spin_slow,spin,2.0,0.3,1.8346,99,668486667,435,50428,73944,156850,4
spin_slow,spin,2.0,0.3,1.8535,100,668505449,436,106630,74099,156850,4
spin_slow,spin,2.0,0.3,1.8769,101,668527975,438,14259,74303,156875,4
spin_slow,spin,2.0,0.3,1.9138,102,668556762,438,44928,74437,156835,4
spin_slow,spin,2.0,0.3,1.9222,103,668573733,439,106627,74582,156833,4
spin_slow,spin,2.0,0.3,1.9338,104,668585801,440,118802,74671,156893,4
spin_slow,spin,2.0,0.3,1.9581,105,668609309,440,36222,74798,156873,4
spin_slow,spin,2.0,0.3,1.9781,106,668628088,435,91595,74903,156851,4
spin_slow,spin,2.0,0.3,1.994,107,668646822,440,139733,74966,156813,4
spin_slow,spin,2.0,0.3,2.0193,108,668670678,443,117489,75202,156826,4
spin_slow,spin,2.0,0.3,2.0225,109,668671631,442,122743,75206,156841,0
spin_slow,spin,2.0,0.3,2.0352,110,668686904,443,52814,75264,156814,4
spin_slow,spin,2.0,0.3,2.0573,111,668709433,444,118146,75447,156889,4
spin_slow,spin,2.0,0.3,2.0773,112,668728215,443,16974,75581,156829,4
spin_slow,spin,2.0,0.3,2.0983,113,668750708,443,76622,75718,156888,4
spin_slow,spin,2.0,0.3,2.1184,114,668769505,440,134807,75823,156875,4
spin_slow,spin,2.0,0.3,2.1373,115,668788265,446,29680,75925,156841,4
spin_slow,spin,2.0,0.3,2.1584,116,668810784,453,93742,76080,156828,4
spin_slow,spin,2.0,0.3,2.1775,117,668829576,448,151866,76189,156837,4
spin_slow,spin,2.0,0.3,2.1975,118,668848331,449,46660,76385,156835,4
spin_slow,spin,2.0,0.3,2.2197,119,668870862,457,112659,76664,156879,4
spin_slow,spin,2.0,0.3,2.2355,120,668889624,451,8551,76766,156844,4
spin_slow,spin,2.0,0.3,2.2587,121,668910911,454,19968,76952,156833,4
spin_slow,spin,2.0,0.3,2.2787,122,668930872,454,119648,77103,156830,4
spin_slow,spin,2.0,0.3,2.2977,123,668949691,455,25113,77271,156861,4
spin_slow,spin,2.0,0.3,2.3167,124,668968441,454,75370,77349,156874,4
spin_slow,spin,2.0,0.3,2.3389,125,668990993,457,144059,77538,156860,4
spin_slow,spin,2.0,0.3,2.3568,126,669008484,457,137367,77639,156857,4
spin_slow,spin,2.0,0.3,2.379,127,669031017,455,46959,77836,156839,4
spin_slow,spin,2.0,0.3,2.3959,0,669048527,459,43901,77967,156811,4
spin_slow,spin,2.0,0.3,2.4191,1,669071058,463,110145,78169,156842,4
spin_slow,spin,2.0,0.3,2.4539,2,669097186,460,2855,78417,156877,4
spin_slow,spin,2.0,0.3,2.4624,3,669114328,462,93426,78529,156849,4
spin_slow,spin,2.0,0.3,2.4792,4,669128613,469,12237,78649,156871,4
spin_slow,spin,2.0,0.3,2.4971,5,669149922,464,26698,78823,156853,4
spin_slow,spin,2.0,0.3,2.5193,6,669169971,465,141097,79061,156854,4
spin_slow,spin,2.0,0.3,2.5193,7,669170920,466,145593,79057,156862,0
spin_slow,spin,2.0,0.3,2.5382,8,669191169,461,137298,79229,156827,4
spin_slow,spin,2.0,0.3,2.5626,9,669213710,468,47930,79492,156885,4
spin_slow,spin,2.0,0.3,2.5794,10,669232507,468,105885,79600,156877,4
spin_slow,spin,2.0,0.3,2.5995,11,669252518,470,56806,79753,156873,4
spin_slow,spin,2.0,0.3,2.6186,12,669271289,469,110520,79862,156832,4
spin_slow,spin,2.0,0.3,2.642,13,669293807,470,17655,79986,156814,4
spin_slow,spin,2.0,0.3,2.659,14,669312602,474,76010,80185,156835,4
spin_slow,spin,2.0,0.3,2.6791,15,669331365,474,129231,80320,156833,4
spin_slow,spin,2.0,0.3,2.7013,16,669353882,473,35471,80462,156861,4
spin_slow,spin,2.0,0.3,2.7194,17,669372652,474,89836,80605,156836,4
spin_slow,spin,2.0,0.3,2.7385,18,669391414,475,142636,80706,156826,4
spin_slow,spin,2.0,0.3,2.7629,19,669413954,475,53464,80833,156823,4
spin_slow,spin,2.0,0.3,2.7788,20,669432727,476,108296,80985,156813,4
spin_slow,spin,2.0,0.3,2.8052,21,669455220,478,11081,81197,156863,4
spin_slow,spin,2.0,0.3,2.8199,22,669472763,478,13421,81310,156869,4
spin_slow,spin,2.0,0.3,2.8442,23,669496487,479,125506,81471,156830,4
spin_slow,spin,2.0,0.3,2.8632,24,669516548,480,85388,81635,156876,4
spin_slow,spin,2.0,0.3,2.8822,25,669535307,480,137770,81754,156845,4
spin_slow,spin,2.0,0.3,2.9043,26,669557816,482,43470,81907,156858,4
spin_slow,spin,2.0,0.3,2.9275,27,669576603,483,100162,82047,156813,4
spin_slow,spin,2.0,0.3,2.9454,28,669597870,483,107948,82175,156869,4
spin_slow,spin,2.0,0.3,2.9644,29,669616632,485,3512,82299,156870,4
spin_slow,spin,2.0,0.3,2.9823,30,669635439,493,63321,82443,156849,4
spin_slow,spin,2.0,0.3,3.0054,31,669657933,486,122387,82618,156891,4
spin_slow,spin,2.0,0.3,3.0181,32,669670481,487,59149,82657,156888,4
spin_slow,spin,2.0,0.3,3.0286,33,669678843,487,68552,82728,156894,4
spin_slow,spin,2.0,0.3,3.0486,34,669700513,488,143968,82894,156915,4
spin_slow,spin,2.0,0.3,3.0676,35,669719275,488,39190,82936,156851,4
spin_slow,spin,2.0,0.3,3.0886,36,669741820,489,106630,83112,156884,4
spin_slow,spin,2.0,0.3,3.1078,37,669760600,491,4201,83277,156913,4
spin_slow,spin,2.0,0.3,3.1279,38,669781842,496,6053,83472,156918,4
spin_slow,spin,2.0,0.3,3.1471,39,669800662,492,67314,83601,156870,4
spin_slow,spin,2.0,0.3,3.1672,40,669819416,493,117903,83752,156889,4
spin_slow,spin,2.0,0.3,3.2106,41,669855580,494,147414,84026,156886,4
spin_slow,spin,2.0,0.3,3.218,42,669871443,495,20216,84134,156865,4
spin_slow,spin,2.0,0.3,3.2286,43,669882839,495,75183,84194,156847,4
spin_slow,spin,2.0,0.3,3.2498,44,669903274,496,98328,84354,156849,4
spin_slow,spin,2.0,0.3,3.2689,45,669922040,491,151107,84514,156863,4
spin_slow,spin,2.0,0.3,3.2879,46,669942061,500,103261,84618,156867,4
spin_slow,spin,2.0,0.3,3.307,47,669960860,499,4724,84826,156898,4
spin_slow,spin,2.0,0.3,3.3304,48,669983357,505,63624,85018,156887,4
spin_slow,spin,2.0,0.3,3.3508,49,670002134,500,118908,85125,156839,4
spin_slow,spin,2.0,0.3,3.3715,50,670024666,501,27889,85298,156857,4
spin_slow,spin,2.0,0.3,3.3887,51,670043431,510,80908,85434,156825,4
spin_slow,spin,2.0,0.3,3.4149,52,670065923,503,139726,85612,156870,4
spin_slow,spin,2.0,0.3,3.4302,53,670083487,505,145354,85809,156860,4
spin_slow,spin,2.0,0.3,3.4542,54,670106014,507,52872,86058,156922,4
spin_slow,spin,2.0,0.3,3.4725,55,670124777,513,104649,86234,156882,4
spin_slow,spin,2.0,0.3,3.4938,56,670147321,509,14701,86431,156897,4
spin_slow,spin,2.0,0.3,3.5141,57,670166113,512,71165,86569,156880,4
spin_slow,spin,2.0,0.3,3.5227,58,670174464,511,78959,86614,156885,4
spin_slow,spin,2.0,0.3,3.5334,59,670187360,509,74605,86673,156871,4
spin_slow,spin,2.0,0.3,3.5526,60,670206164,511,133226,86912,156941,4
spin_slow,spin,2.0,0.3,3.5738,61,670228680,512,38820,87033,156896,4
spin_slow,spin,2.0,0.3,3.5929,62,670247447,514,91483,87128,156852,4
spin_slow,spin,2.0,0.3,3.6174,63,670269966,513,155076,87323,156875,4
spin_slow,spin,2.0,0.3,3.6333,64,670287499,515,155494,87486,156858,4
spin_slow,spin,2.0,0.3,3.6576,65,670310031,515,64718,87574,156844,4
spin_slow,spin,2.0,0.3,3.6746,66,670327478,518,50544,87758,156903,4
spin_slow,spin,2.0,0.3,3.6927,67,670347551,517,11111,87875,156895,4
spin_slow,spin,2.0,0.3,3.7201,68,670370106,518,80570,88038,156851,4
spin_slow,spin,2.0,0.3,3.7548,69,670398710,524,80198,88242,156883,4
spin_slow,spin,2.0,0.3,3.7622,70,670415843,520,11890,88392,156870,4
spin_slow,spin,2.0,0.3,3.7771,71,670431417,520,149348,88563,156886,4
spin_slow,spin,2.0,0.3,3.7975,72,670450201,524,47981,88676,156901,4
spin_slow,spin,2.0,0.3,3.8186,73,670472716,522,109935,88787,156893,4
spin_slow,spin,2.0,0.3,3.8429,74,670495246,524,18053,88963,156856,4
spin_slow,spin,2.0,0.3,3.8589,75,670514019,525,71981,89095,156889,4
spin_slow,spin,2.0,0.3,3.8779,76,670532781,525,124064,89196,156879,4
spin_slow,spin,2.0,0.3,3.9011,77,670555333,526,35899,89351,156866,4
spin_slow,spin,2.0,0.3,3.9191,78,670574084,526,86299,89411,156858,4
spin_slow,spin,2.0,0.3,3.9391,79,670592852,527,139404,89570,156862,4
spin_slow,spin,2.0,0.3,3.9624,80,670615402,529,51423,89748,156848,4
spin_slow,spin,2.0,0.3,3.9794,81,670634128,536,97917,89906,156844,4
spin_slow,spin,2.0,0.3,3.9985,82,670652919,529,155844,90001,156847,4
spin_slow,spin,2.0,0.3,4.0206,83,670672905,531,103519,90104,156813,4
spin_slow,spin,2.0,0.3,4.0217,84,670673877,530,111989,90089,156784,0
spin_slow,spin,2.0,0.3,4.0398,85,670694220,529,120824,90226,156809,4
spin_slow,spin,2.0,0.3,4.0633,86,670716733,531,26968,90425,156838,4
spin_slow,spin,2.0,0.3,4.0809,87,670735503,532,80517,90551,156853,4
spin_slow,spin,2.0,0.3,4.1037,88,670758031,534,145117,90762,156902,4
spin_slow,spin,2.0,0.3,4.1234,89,670776801,535,41382,90936,156903,4
spin_slow,spin,2.0,0.3,4.1451,90,670799332,535,106862,91036,156839,4
spin_slow,spin,2.0,0.3,4.1635,91,670818105,537,4068,91276,156854,4
spin_slow,spin,2.0,0.3,4.1868,92,670840626,538,67594,91410,156881,4
spin_slow,spin,2.0,0.3,4.2049,93,670859398,534,121716,91586,156874,4
spin_slow,spin,2.0,0.3,4.224,94,670878175,539,18841,91696,156916,4
spin_slow,spin,2.0,0.3,4.2463,95,670900707,541,83391,91897,156924,4
spin_slow,spin,2.0,0.3,4.2686,96,670920685,541,28276,92017,156883,4
spin_slow,spin,2.0,0.3,4.2846,97,670939488,542,87221,92144,156839,4
spin_slow,spin,2.0,0.3,4.3038,98,670958255,543,140898,92302,156852,4
spin_slow,spin,2.0,0.3,4.3262,99,670979543,541,151344,92528,156896,4
spin_slow,spin,2.0,0.3,4.3466,100,670999568,546,104360,92719,156887,4
spin_slow,spin,2.0,0.3,4.3669,101,671020851,546,113967,92847,156876,4
spin_slow,spin,2.0,0.3,4.3881,102,671042112,542,120642,93035,156866,4
spin_slow,spin,2.0,0.3,4.4051,103,671059653,549,122001,93267,156871,4
spin_slow,spin,2.0,0.3,4.4284,104,671082169,554,28097,93405,156842,4
spin_slow,spin,2.0,0.3,4.4495,105,671103435,551,35459,93584,156831,4
spin_slow,spin,2.0,0.3,4.4686,106,671122213,551,90740,93784,156846,4
spin_slow,spin,2.0,0.3,4.5068,107,671155822,553,156893,94043,156878,4
spin_slow,spin,2.0,0.3,4.5174,108,671169241,553,85866,94097,156845,4
spin_slow,spin,2.0,0.3,4.5237,109,671178314,554,59385,94141,156865,4
spin_slow,spin,2.0,0.3,4.529,110,671183221,554,109306,94191,156875,4
spin_slow,spin,2.0,0.3,4.5448,111,671201069,554,6184,94335,156868,4
spin_slow,spin,2.0,0.3,4.5682,112,671223575,556,67607,94469,156830,4
spin_slow,spin,2.0,0.3,4.5872,113,671242376,557,126522,94652,156894,4
spin_slow,spin,2.0,0.3,4.6062,114,671261120,558,18602,94753,156865,4
spin_slow,spin,2.0,0.3,4.6293,115,671283651,558,84126,94855,156842,4
spin_slow,spin,2.0,0.3,4.6472,116,671302424,560,138157,95044,156874,4
spin_slow,spin,2.0,0.3,4.6694,117,671324946,561,44842,95198,156848,4
spin_slow,spin,2.0,0.3,4.6896,118,671343735,561,101369,95374,156913,4
spin_slow,spin,2.0,0.3,4.7101,119,671366249,564,7154,95509,156862,4
spin_slow,spin,2.0,0.3,4.7287,120,671385027,568,62391,95653,156858,4
spin_slow,spin,2.0,0.3,4.7529,121,671407543,564,125540,95818,156828,4
spin_slow,spin,2.0,0.3,4.7725,122,671426305,564,21487,95880,156838,4
spin_slow,spin,2.0,0.3,4.7921,123,671447536,567,23060,96091,156876,4
spin_slow,spin,2.0,0.3,4.8147,124,671470097,567,93103,96253,156894,4
spin_slow,spin,2.0,0.3,4.8327,125,671488863,567,145971,96391,156906,4
spin_slow,spin,2.0,0.3,4.8517,126,671507645,569,44360,96541,156861,4
spin_slow,spin,2.0,0.3,4.874,127,671530160,569,107245,96654,156870,4
spin_slow,spin,2.0,0.3,4.8931,0,671548943,569,6449,96749,156826,4
spin_slow,spin,2.0,0.3,4.9122,1,671567719,570,60822,96877,156863,4
spin_slow,spin,2.0,0.3,4.9346,2,671590238,570,125083,97000,156793,4
spin_slow,spin,2.0,0.3,4.9537,3,671608998,571,20660,97087,156823,4
spin_slow,spin,2.0,0.3,4.9748,4,671631521,572,85722,97264,156866,4
spin_slow,spin,2.0,0.3,4.9939,5,671650300,573,141107,97343,156826,4
spin_slow,spin,2.0,0.3,5.0132,6,671669064,574,37552,97539,156814,4
spin_slow,spin,2.0,0.3,5.0327,7,671677447,575,51410,97580,156815,4
spin_slow,spin,2.0,0.3,5.0567,8,671697130,576,104010,97776,156816,4
spin_slow,spin,2.0,0.3,5.06,9,671718540,571,136252,97920,156817,4
spin_slow,spin,2.0,0.3,5.0788,10,671730342,576,104064,97995,156812,4
spin_slow,spin,2.0,0.3,5.0949,11,671751633,577,116567,98188,156813,4
spin_slow,spin,2.0,0.3,5.1177,12,671774165,579,25993,98412,156871,4
spin_slow,spin,2.0,0.3,5.137,13,671792929,580,78856,98527,156823,4
spin_slow,spin,2.0,0.3,5.1593,14,671815455,580,144310,98641,156810,4
spin_slow,spin,2.0,0.3,5.1784,15,671834212,582,39414,98824,156798,4
spin_slow,spin,2.0,0.3,5.1986,16,671852975,583,92778,98978,156800,4
spin_slow,spin,2.0,0.3,5.2199,17,671875506,583,3098,99191,156823,4
spin_slow,spin,2.0,0.3,5.2401,18,671894260,585,54957,99272,156793,4
spin_slow,spin,2.0,0.3,5.2602,19,671916789,586,121097,99500,156859,4
spin_slow,spin,2.0,0.3,5.2793,20,671935553,586,17492,99558,156770,4
spin_slow,spin,2.0,0.3,5.2994,21,671954306,587,69217,99761,156820,4
spin_slow,spin,2.0,0.3,5.3226,22,671976856,582,138801,99942,156813,4
spin_slow,spin,2.0,0.3,5.3396,23,671995607,589,33233,100148,156857,4
spin_slow,spin,2.0,0.3,5.3588,24,672014382,591,88219,100366,156841,4
spin_slow,spin,2.0,0.3,5.3822,25,672038103,592,42814,100605,156853,4
spin_slow,spin,2.0,0.3,5.4004,26,672056937,594,107192,100712,156881,4
spin_slow,spin,2.0,0.3,5.4195,27,672075683,593,156216,100826,156890,4
spin_slow,spin,2.0,0.3,5.4418,28,672098232,601,68103,100953,156860,4
spin_slow,spin,2.0,0.3,5.4598,29,672116987,595,120052,101134,156834,4
spin_slow,spin,2.0,0.3,5.4791,30,672135739,596,14303,101268,156871,4
spin_slow,spin,2.0,0.3,5.5025,31,672158288,595,82490,101407,156847,4
spin_slow,spin,2.0,0.3,5.5227,32,672178087,597,153779,101605,156880,4
spin_slow,spin,2.0,0.3,5.5249,33,672179054,595,4391,101601,156855,4
spin_slow,spin,2.0,0.3,5.5439,34,672199580,598,42830,101702,156836,4
spin_slow,spin,2.0,0.3,5.563,35,672218354,602,97535,101854,156828,4
spin_slow,spin,2.0,0.3,5.5843,36,672239631,599,107258,101978,156873,4
spin_slow,spin,2.0,0.3,5.6035,37,672259628,601,55409,102185,156882,4
spin_slow,spin,2.0,0.3,5.6225,38,672278434,599,115066,102242,156855,4
spin_slow,spin,2.0,0.3,5.6447,39,672300937,603,19294,102450,156875,4
spin_slow,spin,2.0,0.3,5.6636,40,672319675,604,67385,102630,156860,4
spin_slow,spin,2.0,0.3,5.6826,41,672338481,605,126957,102847,156884,4
spin_slow,spin,2.0,0.3,5.7038,42,672360993,606,32409,102924,156848,4
spin_slow,spin,2.0,0.3,5.7227,43,672379763,606,85792,103092,156854,4
spin_slow,spin,2.0,0.3,5.7417,44,672398560,607,143383,103196,156863,4
spin_slow,spin,2.0,0.3,5.7627,45,672419821,614,149628,103371,156878,4
spin_slow,spin,2.0,0.3,5.8018,46,672449866,609,80823,103527,156889,4
spin_slow,spin,2.0,0.3,5.8124,47,672466869,609,147466,103630,156860,4
spin_slow,spin,2.0,0.3,5.8229,48,672479897,610,9185,103693,156849,4
spin_slow,spin,2.0,0.3,5.8471,49,672502421,611,74332,103829,156834,4
spin_slow,spin,2.0,0.3,5.8673,50,672521169,611,124261,103917,156839,4
spin_slow,spin,2.0,0.3,5.8842,51,672541231,619,84027,104103,156848,4
spin_slow,spin,2.0,0.3,5.9032,52,672559983,613,134897,104252,156843,4
spin_slow,spin,2.0,0.3,5.9274,53,672582489,614,39589,104427,156875,4
spin_slow,spin,2.0,0.3,5.9474,54,672603752,614,46546,104533,156865,4
spin_slow,spin,2.0,0.3,5.9675,55,672622569,610,108478,104700,156834,4
spin_slow,spin,2.0,0.3,5.9843,56,672641334,617,4787,104847,156860,4
spin_slow,spin,2.0,0.3,6.0075,57,672663869,623,71332,105031,156852,4
spin_slow,spin,2.0,0.3,6.0223,58,672677638,618,59741,105119,156813,4
spin_slow,spin,2.0,0.3,6.0286,59,672686023,618,73940,105213,156849,4
spin_slow,spin,2.0,0.3,6.0476,60,672703880,620,129653,105349,156835,4
spin_slow,spin,2.0,0.3,6.0675,61,672722655,621,27800,105453,156817,4
spin_slow,spin,2.0,0.3,6.0886,62,672745177,622,92530,105654,156828,4
spin_slow,spin,2.0,0.3,6.1075,63,672763963,623,149189,105828,156858,4
spin_slow,spin,2.0,0.3,6.1296,64,672786476,624,55795,105972,156847,4
spin_slow,spin,2.0,0.3,6.1486,65,672805257,625,111672,106145,156824,4
spin_slow,spin,2.0,0.3,6.1709,66,672827756,625,15476,106298,156816,4
spin_slow,spin,2.0,0.3,6.1899,67,672846529,626,70135,106492,156818,4
spin_slow,spin,2.0,0.3,6.2088,68,672866548,628,22831,106681,156876,4
spin_slow,spin,2.0,0.3,6.232,69,672889070,628,86606,106813,156857,4
spin_slow,spin,2.0,0.3,6.25,70,672907854,629,142964,106920,156843,4
spin_slow,spin,2.0,0.3,6.2732,71,672930392,630,53236,107133,156822,4
spin_slow,spin,2.0,0.3,6.2932,72,672949147,633,104680,107308,156851,4
spin_slow,spin,2.0,0.3,6.3122,73,672969172,631,58331,107474,156822,4
spin_slow,spin,2.0,0.3,6.3628,74,673019244,635,101596,107918,156859,4
spin_slow,spin,2.0,0.3,6.3649,75,673020190,635,105707,107949,156843,0
spin_slow,spin,2.0,0.3,6.3776,76,673032163,642,101940,107978,156825,4
spin_slow,spin,2.0,0.3,6.3923,77,673049232,636,23524,108187,156850,4
spin_slow,spin,2.0,0.3,6.4144,78,673071747,637,86591,108288,156840,4
spin_slow,spin,2.0,0.3,6.4334,79,673090515,643,140253,108473,156839,4
spin_slow,spin,2.0,0.3,6.4523,80,673109318,639,43283,108600,156849,4
spin_slow,spin,2.0,0.3,6.4755,81,673131825,638,105091,108725,156857,4
spin_slow,spin,2.0,0.3,6.4945,82,673151840,641,56215,108895,156890,4
spin_slow,spin,2.0,0.3,6.5135,83,673170613,642,110703,109020,156836,4
spin_slow,spin,2.0,0.3,6.5241,84,673181482,641,76305,109081,156827,4
spin_slow,spin,2.0,0.3,6.5325,85,673189916,642,98532,109204,156838,4
spin_slow,spin,2.0,0.3,6.5546,86,673211916,649,73780,109363,156891,4
spin_slow,spin,2.0,0.3,6.5735,87,673230695,651,128972,109508,156828,4
spin_slow,spin,2.0,0.3,6.5969,88,673253203,645,33860,109655,156834,4
spin_slow,spin,2.0,0.3,6.6138,89,673271989,649,90557,109851,156837,4
spin_slow,spin,2.0,0.3,6.637,90,673294499,647,152614,109952,156855,4
spin_slow,spin,2.0,0.3,6.657,91,673313254,648,47201,110038,156838,4
spin_slow,spin,2.0,0.3,6.6783,92,673335786,653,113388,110207,156854,4
spin_slow,spin,2.0,0.3,6.6983,93,673354578,649,14287,110348,156841,4
spin_slow,spin,2.0,0.3,6.7194,94,673377104,650,78687,110505,156899,4
spin_slow,spin,2.0,0.3,6.7383,95,673395870,650,131301,110624,156878,4
spin_slow,spin,2.0,0.3,6.7594,96,673414655,652,30027,110792,156880,4
spin_slow,spin,2.0,0.3,6.7826,97,673438417,653,147671,110921,156851,4
spin_slow,spin,2.0,0.3,6.7996,98,673457184,653,44260,111063,156837,4
spin_slow,spin,2.0,0.3,6.8222,99,673479695,654,106184,111160,156862,4
spin_slow,spin,2.0,0.3,6.8402,100,673498479,654,5266,111299,156888,4
spin_slow,spin,2.0,0.3,6.8625,101,673517270,656,62207,111400,156876,4
spin_slow,spin,2.0,0.3,6.8805,102,673537279,655,12773,111501,156808,4
spin_slow,spin,2.0,0.3,6.9006,103,673558572,657,24977,111665,156873,4
spin_slow,spin,2.0,0.3,6.9187,104,673577330,658,76945,111817,156822,4
spin_slow,spin,2.0,0.3,6.9431,105,673599860,659,142721,112047,156853,4
spin_slow,spin,2.0,0.3,6.96,106,673618600,660,34973,112182,156851,4
spin_slow,spin,2.0,0.3,6.9845,107,673641132,661,101022,112409,156892,4
spin_slow,spin,2.0,0.3,7.0046,108,673659903,663,154487,112534,156894,4
spin_slow,spin,2.0,0.3,7.0248,109,673681175,664,6317,112673,156847,4
spin_slow,spin,2.0,0.3,7.028,110,673682121,665,10368,112688,156868,0
spin_slow,spin,2.0,0.3,7.0407,111,673698719,664,7958,112829,156895,4
spin_slow,spin,2.0,0.3,7.063,112,673721081,664,44760,112948,156805,4
spin_slow,spin,2.0,0.3,7.099,113,673747505,666,145783,113227,156840,4
spin_slow,spin,2.0,0.3,7.1085,114,673764532,667,60444,113304,156824,4
spin_slow,spin,2.0,0.3,7.1201,115,673778791,666,131835,113389,156820,4
spin_slow,spin,2.0,0.3,7.1433,116,673801316,666,39761,113600,156856,4
spin_slow,spin,2.0,0.3,7.1633,117,673820096,669,95477,113763,156876,4
spin_slow,spin,2.0,0.3,7.1843,118,673842593,669,155196,113881,156837,4
spin_slow,spin,2.0,0.3,7.2033,119,673861371,671,53171,114019,156867,4
spin_slow,spin,2.0,0.3,7.2233,120,673880144,677,107153,114223,156881,4
spin_slow,spin,2.0,0.3,7.2444,121,673902673,673,15013,114505,156899,4
spin_slow,spin,2.0,0.3,7.2644,122,673922729,674,129530,114659,156922,4
spin_slow,spin,2.0,0.3,7.2834,123,673941480,675,23261,114741,156807,4
spin_slow,spin,2.0,0.3,7.3056,124,673963995,677,86886,114986,156880,4
spin_slow,spin,2.0,0.3,7.3277,125,673982772,678,142386,115039,156852,4
spin_slow,spin,2.0,0.3,7.3488,126,674004053,676,152296,115194,156861,4
spin_slow,spin,2.0,0.3,7.3667,127,674025316,678,2490,115352,156870,4
spin_slow,spin,2.0,0.3,7.3847,0,674044082,680,55578,115536,156856,4
spin_slow,spin,2.0,0.3,7.4037,1,674062866,679,111642,115693,156860,4
spin_slow,spin,2.0,0.3,7.4281,2,674085394,681,19593,115849,156868,4
spin_slow,spin,2.0,0.3,7.445,3,674104151,683,70850,116048,156877,4
spin_slow,spin,2.0,0.3,7.4639,4,674122912,683,123493,116125,156842,4
spin_slow,spin,2.0,0.3,7.4882,5,674145438,684,31692,116294,156848,4
spin_slow,spin,2.0,0.3,7.5052,6,674164227,685,88459,116437,156889,4
spin_slow,spin,2.0,0.3,7.5296,7,674184249,686,41094,116555,156841,4
spin_slow,spin,2.0,0.3,7.5296,8,674185186,685,43504,116580,156875,0
spin_slow,spin,2.0,0.3,7.5486,9,674205532,686,51632,116716,156857,4
spin_slow,spin,2.0,0.3,7.5654,10,674224269,687,99770,116842,156865,4
spin_slow,spin,2.0,0.3,7.5886,11,674246820,689,11658,117086,156891,4
spin_slow,spin,2.0,0.3,7.6087,12,674265587,690,64595,117208,156894,4
spin_slow,spin,2.0,0.3,7.6582,13,674314381,691,44896,117518,156858,4
spin_slow,spin,2.0,0.3,7.6582,14,674315326,692,48722,117517,156860,0
spin_slow,spin,2.0,0.3,7.6687,15,674327734,692,118766,117624,156892,4
spin_slow,spin,2.0,0.3,7.6897,16,674349419,692,39843,117713,156857,4
spin_slow,spin,2.0,0.3,7.7087,17,674368192,693,93782,117839,156886,4
spin_slow,spin,2.0,0.3,7.7329,18,674390726,696,2460,117980,156873,4
spin_slow,spin,2.0,0.3,7.7519,19,674409486,694,54260,118087,156852,4
spin_slow,spin,2.0,0.3,7.774,20,674432040,690,123954,118229,156840,4
spin_slow,spin,2.0,0.3,7.7919,21,674450793,696,17649,118399,156866,4
spin_slow,spin,2.0,0.3,7.814,22,674473295,698,77810,118562,156876,4
spin_slow,spin,2.0,0.3,7.833,23,674492070,699,132113,118700,156856,4
spin_slow,spin,2.0,0.3,7.8551,24,674510820,700,25309,118809,156855,4
spin_slow,spin,2.0,0.3,7.874,25,674533385,700,96878,118992,156847,4
spin_slow,spin,2.0,0.3,7.893,26,674552137,701,147178,119185,156898,4
spin_slow,spin,2.0,0.3,7.9152,27,674574664,703,54375,119394,156914,4
spin_slow,spin,2.0,0.3,7.9341,28,674593455,703,110956,119525,156893,4
spin_slow,spin,2.0,0.3,7.9531,29,674612214,704,5488,119656,156867,4
spin_slow,spin,2.0,0.3,7.9784,30,674635854,705,102705,119817,156882,4
spin_slow,spin,2.0,0.3,7.9944,31,674653512,712,123904,119956,156882,4
spin_slow,spin,2.0,0.3,8.0197,32,674676057,706,34046,120114,156866,4
spin_slow,spin,2.0,0.3,8.0272,33,674683407,713,28498,120175,156891,4
spin_slow,spin,2.0,0.3,8.0389,34,674695668,708,73209,120283,156885,4
spin_slow,spin,2.0,0.3,8.0568,35,674714850,715,39972,120350,156817,4
spin_slow,spin,2.0,0.3,8.0747,36,674733620,710,93740,120527,156855,4
spin_slow,spin,2.0,0.3,8.0968,37,674756150,710,2744,120657,156833,4
spin_slow,spin,2.0,0.3,8.1168,38,674774901,711,52812,120846,156877,4
spin_slow,spin,2.0,0.3,8.1379,39,674797437,714,118700,121037,156871,4
spin_slow,spin,2.0,0.3,8.159,40,674816201,714,14341,121188,156870,4
spin_slow,spin,2.0,0.3,8.1769,41,674836228,720,124731,121402,156853,4
spin_slow,spin,2.0,0.3,8.2033,42,674858741,716,29850,121605,156876,4
spin_slow,spin,2.0,0.3,8.2181,43,674877377,717,60366,121803,156882,4
spin_slow,spin,2.0,0.3,8.2382,44,674896310,717,141095,121917,156854,4
spin_slow,spin,2.0,0.3,8.2583,45,674916331,717,93766,122037,156839,4
spin_slow,spin,2.0,0.3,8.2783,46,674936360,719,47243,122257,156881,4
spin_slow,spin,2.0,0.3,8.2994,47,674958854,720,106705,122385,156846,4
spin_slow,spin,2.0,0.3,8.3184,48,674977633,721,5283,122538,156857,4
spin_slow,spin,2.0,0.3,8.3384,49,674996412,722,60090,122727,156895,4
spin_slow,spin,2.0,0.3,8.3595,50,675018964,723,128384,122861,156863,4
spin_slow,spin,2.0,0.3,8.3946,51,675045230,723,44204,123005,156865,4
spin_slow,spin,2.0,0.3,8.4053,52,675062260,724,115709,123126,156875,4
spin_slow,spin,2.0,0.3,8.419,53,675079011,725,139668,123254,156879,4
spin_slow,spin,2.0,0.3,8.4432,54,675101549,726,49046,123397,156872,4
spin_slow,spin,2.0,0.3,8.4612,55,675120296,727,98628,123480,156838,4
spin_slow,spin,2.0,0.3,8.4791,56,675139090,727,156621,123626,156843,4
spin_slow,spin,2.0,0.3,8.5034,57,675161459,729,38212,123869,156847,4
spin_slow,spin,2.0,0.3,8.5224,58,675180375,729,116695,123982,156848,4
spin_slow,spin,2.0,0.3,8.5266,59,675182888,729,73350,124039,156870,4
spin_slow,spin,2.0,0.3,8.5434,60,675201659,730,126685,124163,156862,4
spin_slow,spin,2.0,0.3,8.5604,61,675220430,731,22712,124282,156888,4
spin_slow,spin,2.0,0.3,8.5794,62,675239203,731,76600,124405,156895,4
spin_slow,spin,2.0,0.3,8.6036,63,675261745,734,144079,124575,156877,4
spin_slow,spin,2.0,0.3,8.6205,64,675280510,733,39431,124662,156885,4
spin_slow,spin,2.0,0.3,8.6395,65,675299284,734,93158,124822,156896,4
spin_slow,spin,2.0,0.3,8.6637,66,675321831,741,3786,124992,156914,4
spin_slow,spin,2.0,0.3,8.6806,67,675340589,736,54203,125114,156930,4
spin_slow,spin,2.0,0.3,8.7038,68,675363114,736,117145,125247,156900,4
spin_slow,spin,2.0,0.3,8.7229,69,675381886,738,13338,125392,156894,4
spin_slow,spin,2.0,0.3,8.7429,70,675401943,739,127567,125540,156944,4
spin_slow,spin,2.0,0.3,8.7607,71,675420697,740,20694,125627,156903,4
spin_slow,spin,2.0,0.3,8.7839,72,675444332,740,116208,125782,156907,4
spin_slow,spin,2.0,0.3,8.803,73,675463247,738,36483,125892,156897,4
spin_slow,spin,2.0,0.3,8.823,74,675483274,742,146411,126090,156894,4
spin_slow,spin,2.0,0.3,8.843,75,675502059,743,45177,126244,156909,4
spin_slow,spin,2.0,0.3,8.8631,76,675522085,743,155174,126351,156858,4
spin_slow,spin,2.0,0.3,8.8842,77,675544588,745,59306,126496,156849,4
spin_slow,spin,2.0,0.3,8.9064,78,675565850,744,65894,126673,156875,4
spin_slow,spin,2.0,0.3,8.9485,79,675594531,746,78111,126875,156888,4
spin_slow,spin,2.0,0.3,8.9633,80,675611509,748,140345,127033,156889,4
spin_slow,spin,2.0,0.3,8.9728,81,675632913,749,13514,127139,156885,4
spin_slow,spin,2.0,0.3,8.9833,82,675642483,749,71580,127253,156888,4
spin_slow,spin,2.0,0.3,9.0024,83,675662245,750,136418,127434,156918,4
spin_slow,spin,2.0,0.3,9.0277,84,675685894,751,77358,127614,156903,4
spin_slow,spin,2.0,0.3,9.032,85,675686838,751,80938,127594,156882,0
spin_slow,spin,2.0,0.3,9.0436,86,675702608,756,94594,127717,156894,4
spin_slow,spin,2.0,0.3,9.0646,87,675724819,752,105414,127846,156862,4
spin_slow,spin,2.0,0.3,9.0836,88,675743597,753,3149,128025,156897,4
spin_slow,spin,2.0,0.3,9.1057,89,675766118,754,66329,128182,156902,4
spin_slow,spin,2.0,0.3,9.1246,90,675784887,755,118852,128398,156931,4
spin_slow,spin,2.0,0.3,9.1478,91,675807439,757,30742,128569,156859,4
spin_slow,spin,2.0,0.3,9.1657,92,675826190,758,81227,128756,156862,4
spin_slow,spin,2.0,0.3,9.1847,93,675844965,759,135135,128942,156929,4
spin_slow,spin,2.0,0.3,9.2079,94,675867515,759,45717,129097,156909,4
spin_slow,spin,2.0,0.3,9.2257,95,675886272,760,96280,129234,156929,4
spin_slow,spin,2.0,0.3,9.2479,96,675908813,762,5394,129360,156901,4
spin_slow,spin,2.0,0.3,9.27,97,675931365,762,73021,129537,156928,4
spin_slow,spin,2.0,0.3,9.2889,98,675950116,762,122702,129621,156899,4
spin_slow,spin,2.0,0.3,9.3079,99,675968886,763,19118,129728,156841,4
spin_slow,spin,2.0,0.3,9.33,100,675991414,765,84014,129928,156852,4
spin_slow,spin,2.0,0.3,9.35,101,676011284,764,11008,130100,156832,4
spin_slow,spin,2.0,0.3,9.37,102,676030184,766,86287,130287,156916,4
spin_slow,spin,2.0,0.3,9.3889,103,676051494,767,99988,130414,156925,4
spin_slow,spin,2.0,0.3,9.4131,104,676072753,768,105668,130532,156844,4
spin_slow,spin,2.0,0.3,9.43,105,676091543,769,5322,130703,156912,4
spin_slow,spin,2.0,0.3,9.4489,106,676110287,769,53781,130852,156911,4
spin_slow,spin,2.0,0.3,9.4731,107,676132833,772,121127,131054,156921,4
spin_slow,spin,2.0,0.3,9.49,108,676151610,772,17897,131160,156912,4
spin_slow,spin,2.0,0.3,9.5131,109,676174145,773,83063,131387,156956,4
spin_slow,spin,2.0,0.3,9.5237,110,676185007,773,46642,131394,156878,4
spin_slow,spin,2.0,0.3,9.53,111,676193408,773,62571,131471,156919,4
spin_slow,spin,2.0,0.3,9.5533,112,676214189,774,143397,131603,156889,4
spin_slow,spin,2.0,0.3,9.5734,113,676232965,775,40372,131691,156865,4
spin_slow,spin,2.0,0.3,9.5945,114,676255490,775,103842,131844,156866,4
spin_slow,spin,2.0,0.3,9.6135,115,676274111,777,131337,131945,156900,4
spin_slow,spin,2.0,0.3,9.6335,116,676293040,778,54388,132129,156888,4
spin_slow,spin,2.0,0.3,9.6578,117,676316816,778,17079,132238,156879,4
spin_slow,spin,2.0,0.3,9.6822,118,676335408,785,40598,132331,156858,4
spin_slow,spin,2.0,0.3,9.7096,119,676368106,780,109590,132553,156849,4
spin_slow,spin,2.0,0.3,9.7181,120,676377646,780,5740,132653,156877,4
spin_slow,spin,2.0,0.3,9.7351,121,676396897,781,140798,132768,156886,4
spin_slow,spin,2.0,0.3,9.7531,122,676414439,781,142587,132901,156874,4
spin_slow,spin,2.0,0.3,9.7754,123,676436853,783,31504,133058,156855,4
spin_slow,spin,2.0,0.3,9.7938,124,676455731,784,103089,133238,156893,4
spin_slow,spin,2.0,0.3,9.8182,125,676478262,792,11499,133419,156881,4
spin_slow,spin,2.0,0.3,9.8351,126,676497010,786,60737,133607,156922,4
spin_slow,spin,2.0,0.3,9.8541,127,676515777,787,113209,133746,156914,4
spin_slow,spin,2.0,0.3,9.8772,0,676538332,788,25158,133942,156915,4
spin_slow,spin,2.0,0.3,9.8972,1,676558200,788,108767,134019,156869,4
spin_slow,spin,2.0,0.3,9.9174,2,676577093,789,26303,134171,156871,4
spin_slow,spin,2.0,0.3,9.9386,3,676599630,790,92737,134344,156889,4
spin_slow,spin,2.0,0.3,9.9576,4,676618408,791,147816,134446,156854,4
spin_slow,spin,2.0,0.3,9.9776,5,676637167,792,43010,134554,156827,4
spin_slow,spin,2.0,0.3,9.9987,6,676659695,793,108057,134779,156864,4
spin_slow,spin,2.0,0.3,10.0178,7,676678470,794,6056,134948,156843,4
spin_slow,spin,2.0,0.3,10.0295,8,676689313,794,124161,134986,156842,4
spin_slow,spin,2.0,0.3,10.039,9,676699233,798,84960,135104,156848,4
spin_slow,spin,2.0,0.3,10.059,10,676720995,796,19487,135312,156870,4
spin_slow,spin,2.0,0.3,10.078,11,676739775,797,74755,135519,156848,4
spin_slow,spin,2.0,0.3,10.0991,12,676758554,799,129862,135709,156885,4
spin_slow,spin,2.0,0.3,10.1191,13,676781073,799,36296,135912,156900,4
spin_slow,spin,2.0,0.3,10.1381,14,676799772,801,77299,136010,156882,4
spin_slow,spin,2.0,0.3,10.1581,15,676818620,801,143666,136119,156858,4
spin_slow,spin,2.0,0.3,10.1781,16,676839755,802,128151,136267,156874,4
spin_slow,spin,2.0,0.3,10.197,17,676858670,803,49441,136439,156891,4
spin_slow,spin,2.0,0.3,10.2191,18,676881188,805,112333,136578,156879,4
spin_slow,spin,2.0,0.3,10.2602,19,676906090,805,109513,136814,156888,4
spin_slow,spin,2.0,0.3,10.275,20,676925556,805,124281,136930,156891,4
spin_slow,spin,2.0,0.3,10.2835,21,676946953,808,153127,137091,156913,4
spin_slow,spin,2.0,0.3,10.2985,22,676960036,807,23358,137225,156924,4
spin_slow,spin,2.0,0.3,10.3219,23,676982578,808,90005,137298,156876,4
spin_slow,spin,2.0,0.3,10.3388,24,677001340,808,141524,137476,156917,4
spin_slow,spin,2.0,0.3,10.3621,25,677023760,810,30173,137628,156907,4
spin_slow,spin,2.0,0.3,10.3812,26,677042516,811,80340,137788,156911,4
spin_slow,spin,2.0,0.3,10.4002,27,677061303,811,136293,137937,156865,4
spin_slow,spin,2.0,0.3,10.4236,28,677083842,812,45586,138139,156921,4
spin_slow,spin,2.0,0.3,10.4416,29,677102598,813,95590,138233,156896,4
spin_slow,spin,2.0,0.3,10.4587,30,677121370,814,148546,138430,156936,4
spin_slow,spin,2.0,0.3,10.4831,31,677143880,815,52452,138550,156912,4
spin_slow,spin,2.0,0.3,10.5043,32,677163928,816,8719,138660,156907,4
spin_slow,spin,2.0,0.3,10.5234,33,677183982,817,123249,138771,156904,4
spin_slow,spin,2.0,0.3,10.5266,34,677186577,817,93732,138777,156869,4
spin_slow,spin,2.0,0.3,10.5435,35,677205274,821,134319,138944,156928,4
spin_slow,spin,2.0,0.3,10.5635,36,677224028,820,27337,139033,156854,4
spin_slow,spin,2.0,0.3,10.5804,37,677242796,820,79960,139229,156945,4
spin_slow,spin,2.0,0.3,10.6036,38,677265332,819,144527,139285,156881,4
spin_slow,spin,2.0,0.3,10.6237,39,677284117,824,43125,139387,156868,4
spin_slow,spin,2.0,0.3,10.6447,40,677306626,824,104056,139574,156904,4
spin_slow,spin,2.0,0.3,10.6637,41,677325432,822,5585,139687,156906,4
spin_slow,spin,2.0,0.3,10.6847,42,677347930,823,64728,139803,156864,4
spin_slow,spin,2.0,0.3,10.7047,43,677366739,824,124808,139972,156881,4
spin_slow,spin,2.0,0.3,10.7269,44,677389251,831,29617,140157,156878,4
spin_slow,spin,2.0,0.3,10.745,45,677408035,824,84933,140334,156902,4
spin_slow,spin,2.0,0.3,10.7682,46,677430532,827,143924,140536,156903,4
spin_slow,spin,2.0,0.3,10.7893,47,677449308,827,40782,140657,156924,4
spin_slow,spin,2.0,0.3,10.8052,48,677468090,828,95613,140740,156890,4
spin_slow,spin,2.0,0.3,10.8284,49,677490622,836,3694,140957,156915,4
spin_slow,spin,2.0,0.3,10.8485,50,677509395,831,57134,141060,156906,4
spin_slow,spin,2.0,0.3,10.8653,51,677528179,830,112685,141170,156864,4
spin_slow,spin,2.0,0.3,10.8885,52,677550686,832,16670,141369,156871,4
spin_slow,spin,2.0,0.3,10.9075,53,677569492,833,76336,141624,156900,4
spin_slow,spin,2.0,0.3,10.9254,54,677588223,834,122499,141759,156880,4
spin_slow,spin,2.0,0.3,10.9486,55,677610776,835,34269,141921,156892,4
spin_slow,spin,2.0,0.3,10.9843,56,677630786,836,141049,142057,156868,4
spin_slow,spin,2.0,0.3,11.0002,57,677654153,836,34493,142185,156886,4
spin_slow,spin,2.0,0.3,11.0098,58,677671880,837,67444,142342,156893,4
spin_slow,spin,2.0,0.3,11.0246,59,677687074,838,140320,142493,156895,4
spin_slow,spin,2.0,0.3,11.0289,60,677692341,838,94377,142545,156903,4
spin_slow,spin,2.0,0.3,11.0479,61,677710913,840,114235,142674,156840,4
spin_slow,spin,2.0,0.3,11.07,62,677733403,841,15771,142930,156908,4
spin_slow,spin,2.0,0.3,11.089,63,677752167,842,67971,143063,156891,4
spin_slow,spin,2.0,0.3,11.1121,64,677774693,843,131819,143199,156870,4
spin_slow,spin,2.0,0.3,11.13,65,677793500,847,34765,143330,156848,4
spin_slow,spin,2.0,0.3,11.1532,66,677816034,843,101414,143423,156828,4
spin_slow,spin,2.0,0.3,11.1732,67,677834775,852,149892,143623,156889,4
spin_slow,spin,2.0,0.3,11.19,68,677853528,845,43158,143796,156901,4
spin_slow,spin,2.0,0.3,11.2132,69,677876073,847,110057,143987,156900,4
spin_slow,spin,2.0,0.3,11.2332,70,677894845,853,6949,144062,156857,4
spin_slow,spin,2.0,0.3,11.2542,71,677917370,848,70795,144260,156909,4
spin_slow,spin,2.0,0.3,11.2732,72,677936139,858,123768,144414,156908,4
spin_slow,spin,2.0,0.3,11.2953,73,677958698,855,36534,144575,156920,4
spin_slow,spin,2.0,0.3,11.3175,74,677978688,856,140069,144726,156876,4
spin_slow,spin,2.0,0.3,11.3343,75,677997469,852,38569,144878,156876,4
spin_slow,spin,2.0,0.3,11.3586,76,678019991,854,102791,145034,156880,4
spin_slow,spin,2.0,0.3,11.3754,77,678038746,852,154054,145140,156852,4
spin_slow,spin,2.0,0.3,11.3987,78,678061317,855,69252,145336,156877,4
spin_slow,spin,2.0,0.3,11.4167,79,678080062,855,118684,145462,156847,4
spin_slow,spin,2.0,0.3,11.4356,80,678098816,855,12518,145633,156866,4
spin_slow,spin,2.0,0.3,11.4578,81,678121384,857,84001,145730,156848,4
spin_slow,spin,2.0,0.3,11.4778,82,678140105,858,129399,145871,156876,4
spin_slow,spin,2.0,0.3,11.4989,83,678162634,859,37949,146016,156868,4
spin_slow,spin,2.0,0.3,11.518,84,678181420,865,93926,146144,156886,4
spin_slow,spin,2.0,0.3,11.5296,85,678192388,860,75644,146174,156874,4
spin_slow,spin,2.0,0.3,11.5517,86,678202002,860,141509,146215,156839,4
spin_slow,spin,2.0,0.3,11.5738,87,678223498,862,31130,146384,156856,4
spin_slow,spin,2.0,0.3,11.5801,88,678240676,861,127847,146457,156854,4
spin_slow,spin,2.0,0.3,11.6003,89,678262729,863,112570,146646,156853,4
spin_slow,spin,2.0,0.3,11.6185,90,678281507,863,10705,146767,156860,4
spin_slow,spin,2.0,0.3,11.6398,91,678304051,865,78734,146997,156859,4
spin_slow,spin,2.0,0.3,11.6622,92,678322818,865,131729,147094,156884,4
spin_slow,spin,2.0,0.3,11.6782,93,678341582,864,27186,147247,156883,4
spin_slow,spin,2.0,0.3,11.7015,94,678364100,867,90007,147469,156877,4
spin_slow,spin,2.0,0.3,11.7196,95,678382865,869,142397,147574,156867,4
spin_slow,spin,2.0,0.3,11.7386,96,678401678,869,46464,147711,156848,4
spin_slow,spin,2.0,0.3,11.7619,97,678424164,871,104281,147917,156867,4
spin_slow,spin,2.0,0.3,11.7789,98,678442936,872,1255,148099,156856,4
spin_slow,spin,2.0,0.3,11.8055,99,678465459,873,65159,148285,156894,4
spin_slow,spin,2.0,0.3,11.8214,100,678485482,873,17521,148419,156875,4
spin_slow,spin,2.0,0.3,11.8405,101,678504246,874,69724,148544,156884,4
spin_slow,spin,2.0,0.3,11.8596,102,678523017,875,123020,148740,156891,4
spin_slow,spin,2.0,0.3,11.8828,103,678545546,876,30782,148912,156911,4
spin_slow,spin,2.0,0.3,11.9019,104,678564342,877,88038,148995,156879,4
spin_slow,spin,2.0,0.3,11.9241,105,678583152,877,148125,149088,156857,4
spin_slow,spin,2.0,0.3,11.9411,106,678605623,879,45826,149306,156885,4
spin_slow,spin,2.0,0.3,11.9602,107,678624391,886,98907,149451,156840,4
spin_slow,spin,2.0,0.3,11.9836,108,678646933,881,9183,149700,156859,4
spin_slow,spin,2.0,0.3,12.0027,109,678665701,881,62570,149901,156870,4
spin_slow,spin,2.0,0.3,12.0294,110,678689069,883,113500,150118,156859,4
spin_slow,spin,2.0,0.3,12.0294,111,678690019,883,118020,150088,156867,0
spin_slow,spin,2.0,0.3,12.0401,112,678704517,883,72761,150222,156887,4
spin_slow,spin,2.0,0.3,12.0688,113,678727003,885,130303,150353,156865,4
spin_slow,spin,2.0,0.3,12.0848,114,678748289,885,140346,150522,156885,4
spin_slow,spin,2.0,0.3,12.1028,115,678767058,886,36254,150670,156879,4
spin_slow,spin,2.0,0.3,12.1229,116,678785819,886,88063,150832,156889,4
spin_slow,spin,2.0,0.3,12.143,117,678807088,888,95946,150950,156853,4
spin_slow,spin,2.0,0.3,12.1631,118,678825891,889,155059,151132,156865,4
spin_slow,spin,2.0,0.3,12.1842,119,678848389,890,57924,151309,156871,4
spin_slow,spin,2.0,0.3,12.2032,120,678867193,898,116948,151440,156887,4
spin_slow,spin,2.0,0.3,12.2232,121,678885942,892,9909,151579,156873,4
spin_slow,spin,2.0,0.3,12.2445,122,678908574,893,92567,151742,156884,4
spin_slow,spin,2.0,0.3,12.2634,123,678927238,893,127746,151842,156869,4
spin_slow,spin,2.0,0.3,12.3035,124,678957268,895,56147,152105,156864,4
spin_slow,spin,2.0,0.3,12.3119,125,678974398,899,144331,152264,156872,4
spin_slow,spin,2.0,0.3,12.3235,126,678986997,901,89513,152364,156897,4
spin_slow,spin,2.0,0.3,12.3446,127,679008610,899,155149,152536,156861,4
spin_slow,spin,2.0,0.3,12.3636,0,679027345,898,45870,152628,156895,4
spin_slow,spin,2.0,0.3,12.3847,1,679049867,899,109318,152751,156864,4
spin_slow,spin,2.0,0.3,12.4037,2,679068774,899,29235,152880,156880,4
spin_slow,spin,2.0,0.3,12.428,3,679091159,900,69536,152974,156858,4
spin_slow,spin,2.0,0.3,12.4449,4,679109940,901,125030,153115,156846,4
spin_slow,spin,2.0,0.3,12.4638,5,679128845,901,44611,153259,156877,4
spin_slow,spin,2.0,0.3,12.487,6,679151382,903,110208,153490,156918,4
spin_slow,spin,2.0,0.3,12.5102,7,679173878,903,12315,153586,156860,4
spin_slow,spin,2.0,0.3,12.5302,8,679193779,904,101319,153661,156859,4
spin_slow,spin,2.0,0.3,12.5334,9,679194725,904,105167,153689,156850,0
spin_slow,spin,2.0,0.3,12.5481,10,679211437,905,122336,153854,156902,4
spin_slow,spin,2.0,0.3,12.5692,11,679231391,905,63109,153939,156872,4
spin_slow,spin,2.0,0.3,12.5903,12,679253993,907,140239,154079,156897,4
spin_slow,spin,2.0,0.3,12.6084,13,679272757,908,35370,154238,156866,4
spin_slow,spin,2.0,0.3,12.6307,14,679295286,908,100416,154381,156857,4
spin_slow,spin,2.0,0.3,12.6488,15,679314047,909,152265,154594,156879,4
spin_slow,spin,2.0,0.3,12.6678,16,679332831,910,51231,154750,156844,4
spin_slow,spin,2.0,0.3,12.69,17,679355244,911,96750,154920,156863,4
spin_slow,spin,2.0,0.3,12.7102,18,679374127,912,12361,155094,156884,4
spin_slow,spin,2.0,0.3,12.7292,19,679394018,913,99719,155174,156850,4
spin_slow,spin,2.0,0.3,12.7483,20,679412925,916,19173,155408,156893,4
spin_slow,spin,2.0,0.3,12.7705,21,679435450,916,83120,155503,156874,4
spin_slow,spin,2.0,0.3,12.7896,22,679454188,916,131198,155637,156856,4
spin_slow,spin,2.0,0.3,12.8096,23,679472976,917,30789,155823,156889,4
spin_slow,spin,2.0,0.3,12.8319,24,679495514,916,96907,155973,156849,4
spin_slow,spin,2.0,0.3,12.8638,25,679514274,918,149471,156104,156827,4
spin_slow,spin,2.0,0.3,12.8798,26,679536298,918,129273,156263,156834,4
spin_slow,spin,2.0,0.3,12.8967,27,679555054,918,23492,156518,156899,4
spin_slow,spin,2.0,0.3,12.9105,28,679574361,3,10675,645,156907,4
spin_slow,spin,2.0,0.3,12.9328,29,679596869,4,72043,874,156867,4
spin_slow,spin,2.0,0.3,12.9498,30,679615630,6,123795,1065,156896,4
spin_slow,spin,2.0,0.3,12.9687,31,679634394,7,19365,1217,156843,4
spin_slow,spin,2.0,0.3,12.993,32,679656928,7,85054,1370,156931,4
spin_slow,spin,2.0,0.3,13.01,33,679675572,8,116599,1521,156910,4
spin_slow,spin,2.0,0.3,13.0344,34,679695572,4,64602,1674,156921,4
spin_slow,spin,2.0,0.3,13.0344,35,679696508,10,66877,1674,156897,0
spin_slow,spin,2.0,0.3,13.0523,36,679717014,10,100956,1788,156893,4
spin_slow,spin,2.0,0.3,13.0702,37,679735787,17,154642,1941,156902,4
spin_slow,spin,2.0,0.3,13.0934,38,679758309,13,60645,2131,156897,4
spin_slow,spin,2.0,0.3,13.1134,39,679777009,14,102129,2245,156883,4
spin_slow,spin,2.0,0.3,13.1348,40,679799606,19,21265,2397,156896,4
spin_slow,spin,2.0,0.3,13.1528,41,679818393,16,77061,2588,156897,4
spin_slow,spin,2.0,0.3,13.1749,42,679840907,22,139410,2701,156877,4
spin_slow,spin,2.0,0.3,13.1939,43,679859681,24,37115,2854,156874,4
spin_slow,spin,2.0,0.3,13.2182,44,679882205,18,101077,3045,156867,4
spin_slow,spin,2.0,0.3,13.2351,45,679900984,19,156421,3159,156833,4
spin_slow,spin,2.0,0.3,13.254,46,679919755,26,53534,3349,156835,4
spin_slow,spin,2.0,0.3,13.2783,47,679942264,20,115760,3501,156862,4
spin_slow,spin,2.0,0.3,13.2941,48,679959667,23,93613,3617,156883,4
spin_slow,spin,2.0,0.3,13.3142,49,679979802,22,65566,3731,156892,4
spin_slow,spin,2.0,0.3,13.3396,50,680002332,24,130367,3922,156866,4
spin_slow,spin,2.0,0.3,13.3558,51,680021096,24,26314,4034,156848,4
spin_slow,spin,2.0,0.3,13.3798,52,680043638,21,93340,4149,156894,4
spin_slow,spin,2.0,0.3,13.4007,53,680062392,26,143712,4302,156889,4
spin_slow,spin,2.0,0.3,13.4212,54,680084940,33,54773,4455,156902,4
spin_slow,spin,2.0,0.3,13.4385,55,680103710,25,108253,4569,156854,4
spin_slow,spin,2.0,0.3,13.4611,56,680126211,27,11746,4682,156886,4
spin_slow,spin,2.0,0.3,13.4805,57,680144975,28,63932,4834,156863,4
spin_slow,spin,2.0,0.3,13.4978,58,680163775,30,122172,4948,156884,4
spin_slow,spin,2.0,0.3,13.5225,59,680186282,30,26541,5099,156838,4
spin_slow,spin,2.0,0.3,13.531,60,680197137,31,146669,5216,156856,4
spin_slow,spin,2.0,0.3,13.5416,61,680206003,32,85476,5290,156822,4
spin_slow,spin,2.0,0.3,13.5597,62,680225057,30,30576,5443,156868,4
spin_slow,spin,2.0,0.3,13.5937,63,680247335,40,53417,5633,156816,4
spin_slow,spin,2.0,0.3,13.6055,64,680268334,35,16065,5823,156839,4
spin_slow,spin,2.0,0.3,13.6384,65,680302657,35,47531,6051,156834,4
spin_slow,spin,2.0,0.3,13.6469,66,680312228,36,106288,6090,156814,4
spin_slow,spin,2.0,0.3,13.6628,67,680326418,36,9569,6206,156857,4
spin_slow,spin,2.0,0.3,13.6797,68,680346421,35,116319,6356,156826,4
spin_slow,spin,2.0,0.3,13.703,69,680368960,46,26163,6511,156863,4
spin_slow,spin,2.0,0.3,13.7243,70,680387734,40,80347,6662,156875,4
spin_slow,spin,2.0,0.3,13.7445,71,680410248,43,143139,6892,156858,4
spin_slow,spin,2.0,0.3,13.7635,72,680429030,47,42312,7003,156828,4
spin_slow,spin,2.0,0.3,13.7858,73,680451514,42,100142,7195,156842,4
spin_slow,spin,2.0,0.3,13.8038,74,680470324,43,4009,7310,156870,4
spin_slow,spin,2.0,0.3,13.8229,75,680489077,44,54717,7426,156851,4
spin_slow,spin,2.0,0.3,13.8431,76,680507835,45,106122,7538,156885,4
spin_slow,spin,2.0,0.3,13.8632,77,680528986,46,94245,7766,156860,4
spin_slow,spin,2.0,0.3,13.8834,78,680547885,47,12763,7998,156899,4
spin_slow,spin,2.0,0.3,13.9056,79,680570432,49,80947,8187,156885,4
spin_slow,spin,2.0,0.3,13.9258,80,680589175,55,129879,8336,156844,4
spin_slow,spin,2.0,0.3,13.9438,81,680609199,50,82864,8528,156860,4
spin_slow,spin,2.0,0.3,13.966,82,680631719,58,146636,8643,156868,4
spin_slow,spin,2.0,0.3,13.9861,83,680650489,51,43263,8792,156848,4
spin_slow,spin,2.0,0.3,14.0041,84,680670518,51,154470,8947,156854,4
spin_slow,spin,2.0,0.3,14.0254,85,680689265,53,47788,9099,156851,4
spin_slow,spin,2.0,0.3,14.0329,86,680697661,52,63378,9177,156875,4
spin_slow,spin,2.0,0.3,14.0445,87,680709574,54,49592,9249,156830,4
spin_slow,spin,2.0,0.3,14.0636,88,680729331,55,114477,9403,156853,4
spin_slow,spin,2.0,0.3,14.0848,89,680751825,55,17254,9515,156836,4
spin_slow,spin,2.0,0.3,14.1051,90,680771852,57,128119,9666,156828,4
spin_slow,spin,2.0,0.3,14.1283,91,680790631,58,26535,9822,156842,4
spin_slow,spin,2.0,0.3,14.1451,92,680811878,59,30808,9939,156857,4
spin_slow,spin,2.0,0.3,14.1936,93,680843030,60,150606,10202,156850,4
spin_slow,spin,2.0,0.3,14.2083,94,680862516,60,12445,10357,156835,4
spin_slow,spin,2.0,0.3,14.2167,95,680883892,62,39315,10544,156819,4
spin_slow,spin,2.0,0.3,14.2262,96,680892807,61,142971,10585,156855,4
spin_slow,spin,2.0,0.3,14.2483,97,680914502,63,66355,10735,156843,4
spin_slow,spin,2.0,0.3,14.2683,98,680933269,64,119543,10854,156880,4
spin_slow,spin,2.0,0.3,14.2893,99,680955806,69,28780,11001,156869,4
spin_slow,spin,2.0,0.3,14.3135,100,680978332,59,93930,11118,156850,4
spin_slow,spin,2.0,0.3,14.3304,101,680997089,66,145506,11267,156870,4
spin_slow,spin,2.0,0.3,14.3493,102,681015884,70,46144,11349,156875,4
spin_slow,spin,2.0,0.3,14.3736,103,681038391,65,107097,11539,156887,4
spin_slow,spin,2.0,0.3,14.3905,104,681057145,69,878,11689,156851,4
spin_slow,spin,2.0,0.3,14.4136,105,681079678,70,66468,11880,156872,4
spin_slow,spin,2.0,0.3,14.4337,106,681099532,70,147458,11955,156844,4
spin_slow,spin,2.0,0.3,14.4528,107,681118461,72,71524,12147,156884,4
spin_slow,spin,2.0,0.3,14.4697,108,681137141,73,109402,12223,156865,4
spin_slow,spin,2.0,0.3,14.4919,109,681158522,69,135555,12380,156896,4
spin_slow,spin,2.0,0.3,14.5099,110,681177280,74,29787,12491,156893,4
spin_slow,spin,2.0,0.3,14.5299,111,681196073,74,86533,12604,156879,4
spin_slow,spin,2.0,0.3,14.5342,112,681198601,75,45648,12682,156895,4
spin_slow,spin,2.0,0.3,14.55,113,681217354,75,96237,12828,156850,4
spin_slow,spin,2.0,0.3,14.5731,114,681239889,76,5279,12986,156893,4
spin_slow,spin,2.0,0.3,14.5931,115,681258651,76,56832,13181,156911,4
spin_slow,spin,2.0,0.3,14.6111,116,681277431,78,111520,13293,156870,4
spin_slow,spin,2.0,0.3,14.6333,117,681299968,74,20538,13444,156915,4
spin_slow,spin,2.0,0.3,14.6533,118,681318726,80,71516,13558,156907,4
spin_slow,spin,2.0,0.3,14.6786,119,681341236,81,133008,13745,156858,4
spin_slow,spin,2.0,0.3,14.6933,120,681360016,85,31149,13904,156902,4
spin_slow,spin,2.0,0.3,14.7133,121,681379885,83,114820,14049,156855,4
spin_slow,spin,2.0,0.3,14.7396,122,681402564,85,48850,14238,156829,4
spin_slow,spin,2.0,0.3,14.7535,123,681420086,79,47390,14353,156839,4
spin_slow,spin,2.0,0.3,14.7758,124,681442604,86,110837,14545,156857,4
spin_slow,spin,2.0,0.3,14.798,125,681463887,86,120986,14696,156854,4
spin_slow,spin,2.0,0.3,14.8149,126,681482639,88,14223,14890,156888,4
spin_slow,spin,2.0,0.3,14.835,127,681501433,89,71368,15078,156878,4
spin_slow,spin,2.0,0.3,14.8584,0,681523930,90,130789,15268,156858,4
spin_slow,spin,2.0,0.3,14.8785,1,681543970,91,86671,15456,156829,4
spin_slow,spin,2.0,0.3,14.8965,2,681562726,92,137958,15575,156878,4
spin_slow,spin,2.0,0.3,14.9294,3,681594031,93,126330,15803,156890,4
spin_slow,spin,2.0,0.3,14.94,4,681606227,93,3384,15879,156870,4
spin_slow,spin,2.0,0.3,14.9696,5,681635278,95,78549,16110,156892,4
spin_slow,spin,2.0,0.3,14.9781,6,681644853,102,137478,16148,156891,4
spin_slow,spin,2.0,0.3,14.9982,7,681664101,96,115740,16293,156850,4
spin_slow,spin,2.0,0.3,15.0152,8,681682856,96,10376,16417,156890,4
spin_slow,spin,2.0,0.3,15.0323,9,681697888,98,55570,16561,156867,4
spin_slow,spin,2.0,0.3,15.0387,10,681706273,98,69380,16604,156853,4
spin_slow,spin,2.0,0.3,15.0599,11,681724172,98,132406,16714,156825,4
spin_slow,spin,2.0,0.3,15.0779,12,681744179,99,82939,16905,156846,4
spin_slow,spin,2.0,0.3,15.0959,13,681762954,93,137496,17023,156888,4
spin_slow,spin,2.0,0.3,15.1192,14,681785477,101,45389,17169,156833,4
spin_slow,spin,2.0,0.3,15.1393,15,681804257,102,100999,17369,156862,4
spin_slow,spin,2.0,0.3,15.1605,16,681826761,102,5313,17475,156856,4
spin_slow,spin,2.0,0.3,15.1785,17,681845542,104,61100,17549,156836,4
spin_slow,spin,2.0,0.3,15.1986,18,681864315,105,115283,17744,156843,4
spin_slow,spin,2.0,0.3,15.2198,19,681886844,105,24322,17890,156829,4
spin_slow,spin,2.0,0.3,15.2379,20,681905588,106,74083,18009,156832,4
spin_slow,spin,2.0,0.3,15.2591,21,681926697,107,55340,18157,156824,4
spin_slow,spin,2.0,0.3,15.2794,22,681946889,109,37921,18349,156827,4
spin_slow,spin,2.0,0.3,15.2995,23,681966906,109,147308,18467,156827,4
spin_slow,spin,2.0,0.3,15.3187,24,681985675,110,44954,18535,156809,4
spin_slow,spin,2.0,0.3,15.34,25,682008168,103,104891,18694,156842,4
spin_slow,spin,2.0,0.3,15.359,26,682026954,111,4892,18811,156852,4
spin_slow,spin,2.0,0.3,15.3803,27,682045721,111,58136,18924,156870,4
spin_slow,spin,2.0,0.3,15.4015,28,682068242,106,121917,19044,156873,4
spin_slow,spin,2.0,0.3,15.4195,29,682087007,113,18052,19153,156859,4
spin_slow,spin,2.0,0.3,15.4397,30,682105790,114,74486,19305,156840,4
spin_slow,spin,2.0,0.3,15.4598,31,682128293,114,134868,19493,156866,4
spin_slow,spin,2.0,0.3,15.5267,32,682176924,117,88379,19876,156872,4
spin_slow,spin,2.0,0.3,15.5267,33,682178372,112,20795,19915,156859,4
spin_slow,spin,2.0,0.3,15.5384,34,682203213,118,8676,20068,156868,4
spin_slow,spin,2.0,0.3,15.5384,35,682204158,118,12413,20067,156874,0
spin_slow,spin,2.0,0.3,15.5438,36,682210095,119,80620,20142,156844,4
spin_slow,spin,2.0,0.3,15.5607,37,682229498,119,85126,20263,156891,4
spin_slow,spin,2.0,0.3,15.5787,38,682247139,121,103697,20369,156877,4
spin_slow,spin,2.0,0.3,15.602,39,682269699,120,17977,20521,156836,4
spin_slow,spin,2.0,0.3,15.6211,40,682288463,122,70749,20671,156846,4
spin_slow,spin,2.0,0.3,15.6433,41,682310998,123,137581,20908,156863,4
spin_slow,spin,2.0,0.3,15.6634,42,682329754,117,32164,21025,156883,4
spin_slow,spin,2.0,0.3,15.6803,43,682348526,125,85698,21140,156896,4
spin_slow,spin,2.0,0.3,15.7028,44,682371058,126,151018,21358,156831,4
spin_slow,spin,2.0,0.3,15.721,45,682389834,127,48502,21523,156912,4
spin_slow,spin,2.0,0.3,15.7402,46,682408604,127,101649,21594,156873,4
spin_slow,spin,2.0,0.3,15.7636,47,682431147,128,11731,21824,156891,4
spin_slow,spin,2.0,0.3,15.7839,48,682452366,129,10841,22046,156858,4
spin_slow,spin,2.0,0.3,15.8031,49,682471203,131,75588,22240,156868,4
spin_slow,spin,2.0,0.3,15.8233,50,682489953,131,125191,22394,156893,4
spin_slow,spin,2.0,0.3,15.8455,51,682512301,139,2472,22543,156859,4
spin_slow,spin,2.0,0.3,15.8636,52,682531256,134,87624,22656,156865,4
spin_slow,spin,2.0,0.3,15.8848,53,682553788,134,153680,22807,156833,4
spin_slow,spin,2.0,0.3,15.9049,54,682572531,135,45775,22961,156860,4
spin_slow,spin,2.0,0.3,15.9239,55,682592530,136,151894,23076,156870,4
spin_slow,spin,2.0,0.3,15.943,56,682611335,137,54864,23232,156881,4
spin_slow,spin,2.0,0.3,15.9663,57,682633872,136,120902,23386,156891,4
spin_slow,spin,2.0,0.3,15.9843,58,682652608,139,11070,23542,156919,4
spin_slow,spin,2.0,0.3,16.0033,59,682671412,139,69668,23686,156864,4
spin_slow,spin,2.0,0.3,16.0267,60,682693924,141,131477,23879,156903,4
spin_slow,spin,2.0,0.3,16.0342,61,682702301,140,143560,23877,156911,4
spin_slow,spin,2.0,0.3,16.0448,62,682712282,146,114461,23954,156883,4
spin_slow,spin,2.0,0.3,16.0639,63,682732737,142,140645,24067,156858,4
spin_slow,spin,2.0,0.3,16.0884,64,682755255,138,46511,24263,156917,4
spin_slow,spin,2.0,0.3,16.1054,65,682774038,144,101602,24415,156894,4
spin_slow,spin,2.0,0.3,16.1245,66,682792641,145,126270,24601,156885,4
spin_slow,spin,2.0,0.3,16.1488,67,682815340,146,63433,24755,156859,4
spin_slow,spin,2.0,0.3,16.1657,68,682834122,151,119405,24905,156836,4
spin_slow,spin,2.0,0.3,16.1848,69,682852853,147,9154,24952,156923,4
spin_slow,spin,2.0,0.3,16.207,70,682875392,147,75933,25131,156857,4
spin_slow,spin,2.0,0.3,16.2304,71,682895428,155,30958,25289,156853,4
spin_slow,spin,2.0,0.3,16.2611,72,682926686,150,10622,25479,156876,4
spin_slow,spin,2.0,0.3,16.2686,73,682936302,145,76659,25519,156871,4
spin_slow,spin,2.0,0.3,16.2972,74,682959792,151,148338,25666,156852,4
spin_slow,spin,2.0,0.3,16.3059,75,682975037,152,73123,25778,156869,4
spin_slow,spin,2.0,0.3,16.3282,76,682995545,152,108268,25935,156889,4
spin_slow,spin,2.0,0.3,16.3495,77,683018036,154,10253,26120,156847,4
spin_slow,spin,2.0,0.3,16.3686,78,683036806,152,63875,26209,156894,4
spin_slow,spin,2.0,0.3,16.3879,79,683055584,155,118491,26315,156892,4
spin_slow,spin,2.0,0.3,16.408,80,683075444,156,42977,26509,156897,4
spin_slow,spin,2.0,0.3,16.4293,81,683098141,163,135857,26626,156891,4
spin_slow,spin,2.0,0.3,16.4485,82,683116907,158,32364,26768,156818,4
spin_slow,spin,2.0,0.3,16.471,83,683139407,159,93376,26997,156840,4
spin_slow,spin,2.0,0.3,16.4901,84,683158161,159,144733,27145,156856,4
spin_slow,spin,2.0,0.3,16.5093,85,683176924,162,40956,27305,156856,4
spin_slow,spin,2.0,0.3,16.5338,86,683200527,160,132036,27456,156835,4
spin_slow,spin,2.0,0.3,16.5338,87,683201474,162,136195,27493,156836,0
spin_slow,spin,2.0,0.3,16.5488,88,683218243,163,6575,27601,156845,4
spin_slow,spin,2.0,0.3,16.5733,89,683240744,163,67259,27718,156824,4
spin_slow,spin,2.0,0.3,16.5903,90,683259506,168,120362,27914,156854,4
spin_slow,spin,2.0,0.3,16.6105,91,683278259,165,14789,28063,156818,4
spin_slow,spin,2.0,0.3,16.6348,92,683299575,168,30901,28222,156869,4
spin_slow,spin,2.0,0.3,16.6497,93,683319566,172,135633,28362,156840,4
spin_slow,spin,2.0,0.3,16.6731,94,683342101,168,45290,28550,156826,4
spin_slow,spin,2.0,0.3,16.6932,95,683361966,168,128464,28712,156866,4
spin_slow,spin,2.0,0.3,16.7123,96,683380898,172,53108,28896,156811,4
spin_slow,spin,2.0,0.3,16.7304,97,683399631,171,101033,29046,156837,4
spin_slow,spin,2.0,0.3,16.7537,98,683420924,172,113733,29196,156838,4
spin_slow,spin,2.0,0.3,16.7706,99,683439659,173,4801,29400,156860,4
spin_slow,spin,2.0,0.3,16.8148,100,683469541,174,65782,29624,156861,4
spin_slow,spin,2.0,0.3,16.8306,101,683486514,174,127931,29779,156849,4
spin_slow,spin,2.0,0.3,16.8369,102,683507914,175,1076,29932,156889,4
spin_slow,spin,2.0,0.3,16.8548,103,683524761,177,41310,30051,156906,4
spin_slow,spin,2.0,0.3,16.8748,104,683543545,186,97038,30204,156873,4
spin_slow,spin,2.0,0.3,16.899,105,683566058,178,2229,30326,156917,4
spin_slow,spin,2.0,0.3,16.9148,106,683584812,179,52304,30471,156901,4
spin_slow,spin,2.0,0.3,16.939,107,683607360,179,119805,30628,156910,4
spin_slow,spin,2.0,0.3,16.959,108,683626134,181,17039,30758,156844,4
spin_slow,spin,2.0,0.3,16.979,109,683648672,182,83791,30916,156859,4
spin_slow,spin,2.0,0.3,16.9991,110,683668522,184,7127,31082,156880,4
spin_slow,spin,2.0,0.3,17.0191,111,683687451,184,87468,31229,156884,4
spin_slow,spin,2.0,0.3,17.0328,112,683701201,184,72039,31338,156850,4
spin_slow,spin,2.0,0.3,17.0402,113,683709601,185,88597,31410,156823,4
spin_slow,spin,2.0,0.3,17.0582,114,683727489,185,149081,31525,156831,4
spin_slow,spin,2.0,0.3,17.0792,115,683746242,186,43237,31641,156840,4
spin_slow,spin,2.0,0.3,17.0992,116,683768773,187,109589,31752,156827,4
spin_slow,spin,2.0,0.3,17.1192,117,683787561,188,9247,31918,156862,4
spin_slow,spin,2.0,0.3,17.1403,118,683810051,189,67694,32032,156906,4
spin_slow,spin,2.0,0.3,17.1592,119,683828830,190,122549,32220,156900,4
spin_slow,spin,2.0,0.3,17.1834,120,683851389,189,35701,32357,156807,4
spin_slow,spin,2.0,0.3,17.2003,121,683870120,191,82743,32444,156846,4
spin_slow,spin,2.0,0.3,17.2234,122,683892646,192,147233,32639,156851,4
spin_slow,spin,2.0,0.3,17.2446,123,683911429,191,46099,32754,156899,4
spin_slow,spin,2.0,0.3,17.2605,124,683930188,199,97592,32825,156854,4
spin_slow,spin,2.0,0.3,17.2836,125,683952566,195,137111,32974,156855,4
spin_slow,spin,2.0,0.3,17.3026,126,683971493,195,60695,33097,156892,4
spin_slow,spin,2.0,0.3,17.3216,127,683990248,202,111464,33214,156873,4
spin_slow,spin,2.0,0.3,17.344,0,684012780,196,20139,33363,156868,4
spin_slow,spin,2.0,0.3,17.363,1,684032797,197,128930,33554,156898,4
spin_slow,spin,2.0,0.3,17.383,2,684051571,198,26220,33658,156844,4
spin_slow,spin,2.0,0.3,17.3999,3,684070335,198,79032,33887,156859,4
spin_slow,spin,2.0,0.3,17.4231,4,684092859,201,143627,34035,156843,4
spin_slow,spin,2.0,0.3,17.4422,5,684111634,201,41465,34197,156880,4
spin_slow,spin,2.0,0.3,17.4654,6,684134144,202,103469,34340,156833,4
spin_slow,spin,2.0,0.3,17.4845,7,684152932,203,3633,34461,156862,4
spin_slow,spin,2.0,0.3,17.5035,8,684171668,210,52051,34614,156843,4
spin_slow,spin,2.0,0.3,17.5276,9,684194206,205,118621,34765,156848,4
spin_slow,spin,2.0,0.3,17.5363,10,684204744,205,28135,34798,156830,4
spin_slow,spin,2.0,0.3,17.5447,11,684215008,199,47675,34961,156864,4
spin_slow,spin,2.0,0.3,17.5753,12,684232711,206,76780,35069,156857,4
spin_slow,spin,2.0,0.3,17.588,13,684253719,208,40898,35262,156835,4
spin_slow,spin,2.0,0.3,17.6093,14,684271754,208,126349,35372,156862,4
spin_slow,spin,2.0,0.3,17.6346,15,684303321,210,2436,35561,156838,4
spin_slow,spin,2.0,0.3,17.644,16,684313885,210,72910,35645,156875,4
spin_slow,spin,2.0,0.3,17.6641,17,684334348,216,100676,35800,156867,4
spin_slow,spin,2.0,0.3,17.683,18,684353106,211,152225,35978,156847,4
spin_slow,spin,2.0,0.3,17.7051,19,684375641,214,62397,36244,156808,4
spin_slow,spin,2.0,0.3,17.7241,20,684394398,214,114434,36401,156836,4
spin_slow,spin,2.0,0.3,17.7483,21,684416919,214,21574,36518,156885,4
spin_slow,spin,2.0,0.3,17.7651,22,684435666,216,71589,36706,156827,4
spin_slow,spin,2.0,0.3,17.7883,23,684458210,217,139529,36898,156880,4
spin_slow,spin,2.0,0.3,17.8083,24,684476948,217,31437,36973,156831,4
spin_slow,spin,2.0,0.3,17.8293,25,684496961,218,140111,37085,156849,4
spin_slow,spin,2.0,0.3,17.8493,26,684519366,219,28264,37266,156802,4
spin_slow,spin,2.0,0.3,17.8683,27,684538274,216,105830,37471,156844,4
spin_slow,spin,2.0,0.3,17.8904,28,684560781,222,10024,37666,156868,4
spin_slow,spin,2.0,0.3,17.9104,29,684579565,222,66663,37771,156821,4
spin_slow,spin,2.0,0.3,17.9335,30,684602052,223,125146,37931,156854,4
spin_slow,spin,2.0,0.3,17.9504,31,684620840,223,25611,37995,156825,4
spin_slow,spin,2.0,0.3,17.9735,32,684643375,221,92781,38189,156824,4
spin_slow,spin,2.0,0.3,17.9926,33,684662132,225,144782,38313,156854,4
spin_slow,spin,2.0,0.3,18.0148,34,684684658,226,52966,38459,156850,4
spin_slow,spin,2.0,0.3,18.0349,35,684704670,230,4448,38647,156825,4
spin_slow,spin,2.0,0.3,18.038,36,684705617,227,8541,38642,156814,0
spin_slow,spin,2.0,0.3,18.0539,37,684722172,228,156493,38801,156844,4
spin_slow,spin,2.0,0.3,18.0719,38,684742199,229,110424,38918,156877,4
spin_slow,spin,2.0,0.3,18.1066,39,684762199,230,59199,39031,156849,4
spin_slow,spin,2.0,0.3,18.1276,40,684784041,238,7820,39224,156849,4
spin_slow,spin,2.0,0.3,18.1382,41,684806437,231,50524,39322,156803,4
spin_slow,spin,2.0,0.3,18.153,42,684823523,231,132250,39445,156839,4
spin_slow,spin,2.0,0.3,18.1751,43,684846041,233,39326,39599,156844,4
spin_slow,spin,2.0,0.3,18.194,44,684864833,233,97598,39662,156799,4
spin_slow,spin,2.0,0.3,18.2182,45,684888587,238,57782,39867,156873,4
spin_slow,spin,2.0,0.3,18.2383,46,684907336,235,107925,40021,156863,4
spin_slow,spin,2.0,0.3,18.2552,47,684926115,237,6192,40148,156897,4
spin_slow,spin,2.0,0.3,18.2794,48,684948634,237,69464,40285,156841,4
spin_slow,spin,2.0,0.3,18.2983,49,684967400,238,122652,40404,156878,4
spin_slow,spin,2.0,0.3,18.3194,50,684989916,239,29032,40552,156846,4
spin_slow,spin,2.0,0.3,18.3404,51,685008700,240,85404,40742,156847,4
spin_slow,spin,2.0,0.3,18.3584,52,685028695,240,33768,40900,156862,4
spin_slow,spin,2.0,0.3,18.3786,53,685047494,241,92159,41101,156884,4
spin_slow,spin,2.0,0.3,18.3998,54,685070021,244,156287,41238,156892,4
spin_slow,spin,2.0,0.3,18.4188,55,685089859,243,77698,41398,156873,4
spin_slow,spin,2.0,0.3,18.4391,56,685108797,244,3220,41509,156849,4
spin_slow,spin,2.0,0.3,18.4608,57,685127435,245,34754,41666,156875,4
spin_slow,spin,2.0,0.3,18.4802,58,685150087,239,120296,41819,156895,4
spin_slow,spin,2.0,0.3,18.4984,59,685168847,247,15481,41925,156848,4
spin_slow,spin,2.0,0.3,18.5214,60,685191362,241,78270,42161,156838,4
spin_slow,spin,2.0,0.3,18.5358,61,685203878,249,9877,42236,156880,4
spin_slow,spin,2.0,0.3,18.5402,62,685212249,248,20918,42271,156870,4
spin_slow,spin,2.0,0.3,18.5642,63,685233932,249,98621,42422,156866,4
spin_slow,spin,2.0,0.3,18.5836,64,685252690,244,149996,42590,156881,4
spin_slow,spin,2.0,0.3,18.6038,65,685275236,252,60944,42774,156884,4
spin_slow,spin,2.0,0.3,18.623,66,685294002,253,113401,42930,156907,4
spin_slow,spin,2.0,0.3,18.6432,67,685312766,253,9166,43115,156869,4
spin_slow,spin,2.0,0.3,18.6602,68,685332764,255,114558,43299,156880,4
spin_slow,spin,2.0,0.3,18.6847,69,685354045,249,124446,43492,156892,4
spin_slow,spin,2.0,0.3,18.705,70,685376577,256,32730,43657,156893,4
spin_slow,spin,2.0,0.3,18.7242,71,685395361,257,88137,43831,156870,4
spin_slow,spin,2.0,0.3,18.7432,72,685414118,258,139429,43951,156870,4
spin_slow,spin,2.0,0.3,18.7654,73,685436626,260,43560,44106,156879,4
spin_slow,spin,2.0,0.3,18.7846,74,685455442,261,104562,44290,156880,4
spin_slow,spin,2.0,0.3,18.809,75,685477936,262,6848,44432,156844,4
spin_slow,spin,2.0,0.3,18.8249,76,685496704,262,60792,44511,156831,4
spin_slow,spin,2.0,0.3,18.8439,77,685515485,262,116798,44633,156853,4
spin_slow,spin,2.0,0.3,18.8651,78,685535500,263,68883,44820,156829,4
spin_slow,spin,2.0,0.3,18.8959,79,685556785,261,79274,44938,156878,4
spin_slow,spin,2.0,0.3,18.9108,80,685576247,260,93824,45083,156871,4
spin_slow,spin,2.0,0.3,18.9352,81,685605583,264,61654,45269,156843,4
spin_slow,spin,2.0,0.3,18.9458,82,685617627,267,70081,45387,156852,4
spin_slow,spin,2.0,0.3,18.968,83,685638088,268,98167,45542,156851,4
spin_slow,spin,2.0,0.3,18.9848,84,685656842,269,149713,45654,156850,4
spin_slow,spin,2.0,0.3,19.008,85,685679384,270,61165,45838,156822,4
spin_slow,spin,2.0,0.3,19.0302,86,685699388,272,11540,45967,156891,4
spin_slow,spin,2.0,0.3,19.0355,87,685707819,271,32986,46038,156860,4
spin_slow,spin,2.0,0.3,19.046,88,685717696,271,143519,46084,156863,4
spin_slow,spin,2.0,0.3,19.0692,89,685739419,272,71724,46234,156885,4
spin_slow,spin,2.0,0.3,19.0882,90,685759460,279,27723,46342,156872,4
spin_slow,spin,2.0,0.3,19.1083,91,685778229,280,80985,46457,156859,4
spin_slow,spin,2.0,0.3,19.1294,92,685800721,274,140266,46607,156843,4
spin_slow,spin,2.0,0.3,19.1484,93,685819499,279,38291,46765,156855,4
spin_slow,spin,2.0,0.3,19.1684,94,685838266,269,91686,46877,156839,4
spin_slow,spin,2.0,0.3,19.1905,95,685862041,277,55435,47025,156843,4
spin_slow,spin,2.0,0.3,19.2095,96,685880800,271,108055,47125,156816,4
spin_slow,spin,2.0,0.3,19.2295,97,685900690,278,38688,47261,156868,4
spin_slow,spin,2.0,0.3,19.2484,98,685919598,279,115893,47401,156834,4
spin_slow,spin,2.0,0.3,19.2706,99,685942116,280,23076,47519,156840,4
spin_slow,spin,2.0,0.3,19.2895,100,685960883,280,77098,47719,156836,4
spin_slow,spin,2.0,0.3,19.3137,101,685983382,282,137277,47896,156851,4
spin_slow,spin,2.0,0.3,19.3306,102,686002155,283,35176,48017,156844,4
spin_slow,spin,2.0,0.3,19.3537,103,686024675,283,99512,48260,156857,4
spin_slow,spin,2.0,0.3,19.3737,104,686043444,284,153089,48314,156824,4
spin_slow,spin,2.0,0.3,19.3947,105,686065974,284,62112,48476,156853,4
spin_slow,spin,2.0,0.3,19.4347,106,686092044,286,101918,48630,156873,4
spin_slow,spin,2.0,0.3,19.4497,107,686108995,287,2925,48746,156871,4
spin_slow,spin,2.0,0.3,19.4581,108,686130397,289,33037,48924,156839,4
spin_slow,spin,2.0,0.3,19.475,109,686147297,289,82481,49092,156891,4
spin_slow,spin,2.0,0.3,19.494,110,686166069,285,136044,49241,156864,4
spin_slow,spin,2.0,0.3,19.514,111,686184834,291,32478,49424,156853,4
spin_slow,spin,2.0,0.3,19.5384,112,686206960,292,29127,49530,156813,4
spin_slow,spin,2.0,0.3,19.5384,113,686207879,291,28655,49515,156792,0
spin_slow,spin,2.0,0.3,19.5586,114,686228625,292,105462,49695,156810,4
spin_slow,spin,2.0,0.3,19.5755,115,686247390,300,1910,49829,156779,4
spin_slow,spin,2.0,0.3,19.5945,116,686266163,294,56931,49948,156813,4
spin_slow,spin,2.0,0.3,19.6188,117,686288675,296,120178,50218,156841,4
spin_slow,spin,2.0,0.3,19.6378,118,686308682,296,70981,50402,156830,4
spin_slow,spin,2.0,0.3,19.6557,119,686327435,296,122563,50559,156809,4
spin_slow,spin,2.0,0.3,19.6747,120,686346217,300,21143,50760,156855,4
spin_slow,spin,2.0,0.3,19.6979,121,686368736,299,85022,50870,156826,4
spin_slow,spin,2.0,0.3,19.7147,122,686387504,301,138938,51006,156811,4
spin_slow,spin,2.0,0.3,19.7379,123,686410025,301,46564,51144,156865,4
spin_slow,spin,2.0,0.3,19.7579,124,686428787,302,99756,51245,156832,4
spin_slow,spin,2.0,0.3,19.779,125,686451301,302,6315,51447,156845,4
spin_slow,spin,2.0,0.3,19.798,126,686470077,303,61344,51580,156802,4
spin_slow,spin,2.0,0.3,19.8202,127,686492569,305,120672,51764,156868,4
spin_slow,spin,2.0,0.3,19.8402,0,686512423,305,45061,51904,156847,4
spin_slow,spin,2.0,0.3,19.8592,1,686531370,306,129188,52051,156804,4
spin_slow,spin,2.0,0.3,19.8823,2,686553891,307,37162,52201,156838,4
spin_slow,spin,2.0,0.3,19.9002,3,686572651,306,89438,52359,156845,4
spin_slow,spin,2.0,0.3,19.9234,4,686595176,308,154225,52522,156846,4
spin_slow,spin,2.0,0.3,19.9434,5,686613943,310,51251,52614,156825,4
spin_slow,spin,2.0,0.3,19.9644,6,686636441,312,111883,52841,156819,4
spin_slow,spin,2.0,0.3,19.9844,7,686655231,309,12531,52925,156840,4
spin_slow,spin,2.0,0.3,20.0034,8,686675252,312,122383,53077,156825,4
spin_slow,spin,2.0,0.3,20.0255,9,686697734,313,23453,53216,156808,4
spin_slow,spin,2.0,0.3,20.0339,10,686708534,310,134274,53306,156834,4
spin_slow,spin,2.0,0.3,20.0455,11,686717295,313,55516,53346,156835,4
spin_slow,spin,2.0,0.3,20.0656,12,686737781,322,87234,53471,156867,4
spin_slow,spin,2.0,0.3,20.0846,13,686756548,315,140401,53612,156847,4
spin_slow,spin,2.0,0.3,20.1077,14,686778901,323,18302,53733,156862,4
spin_slow,spin,2.0,0.3,20.1256,15,686797831,317,100004,53872,156826,4
spin_slow,spin,2.0,0.3,20.1487,16,686821606,316,64496,54026,156808,4
spin_slow,spin,2.0,0.3,20.1687,17,686840361,321,116366,54142,156824,4
spin_slow,spin,2.0,0.3,20.2145,18,686859150,319,16756,54271,156866,4
spin_slow,spin,2.0,0.3,20.2304,19,686880638,328,61845,54459,156877,4
spin_slow,spin,2.0,0.3,20.2357,20,686909716,321,142279,54656,156874,4
spin_slow,spin,2.0,0.3,20.2484,21,686919435,322,68971,54733,156901,4
spin_slow,spin,2.0,0.3,20.2706,22,686942948,322,144690,54903,156833,4
spin_slow,spin,2.0,0.3,20.2897,23,686961711,323,40791,55052,156817,4
spin_slow,spin,2.0,0.3,20.3088,24,686980492,324,96662,55176,156829,4
spin_slow,spin,2.0,0.3,20.331,25,687002997,326,1337,55399,156820,4
spin_slow,spin,2.0,0.3,20.35,26,687021764,327,54688,55525,156867,4
spin_slow,spin,2.0,0.3,20.3681,27,687040543,328,110434,55655,156811,4
spin_slow,spin,2.0,0.3,20.3892,28,687060457,328,45652,55775,156821,4
spin_slow,spin,2.0,0.3,20.4104,29,687083056,330,123433,55974,156817,4
spin_slow,spin,2.0,0.3,20.4295,30,687101811,330,17963,56127,156820,4
spin_slow,spin,2.0,0.3,20.4486,31,687120602,339,75571,56287,156879,4
spin_slow,spin,2.0,0.3,20.4698,32,687143124,332,139994,56427,156825,4
spin_slow,spin,2.0,0.3,20.4888,33,687161901,339,38309,56581,156824,4
spin_slow,spin,2.0,0.3,20.513,34,687184409,334,100481,56771,156850,4
spin_slow,spin,2.0,0.3,20.5311,35,687203166,334,152400,56939,156857,4
spin_slow,spin,2.0,0.3,20.5385,36,687211576,335,13451,57043,156848,4
spin_slow,spin,2.0,0.3,20.5501,37,687222153,336,86015,57169,156861,4
spin_slow,spin,2.0,0.3,20.5726,38,687244449,337,111634,57301,156807,4
spin_slow,spin,2.0,0.3,20.593,39,687264477,339,65884,57527,156835,4
spin_slow,spin,2.0,0.3,20.6101,40,687283221,340,115623,57656,156846,4
spin_slow,spin,2.0,0.3,20.6336,41,687305745,340,23857,57832,156822,4
spin_slow,spin,2.0,0.3,20.6537,42,687324517,340,78208,57953,156843,4
spin_slow,spin,2.0,0.3,20.6749,43,687343205,342,118324,58070,156826,4
spin_slow,spin,2.0,0.3,20.6908,44,687363293,344,82412,58254,156831,4
spin_slow,spin,2.0,0.3,20.7249,45,687385741,343,134461,58417,156853,4
spin_slow,spin,2.0,0.3,20.7472,46,687406376,345,34738,58570,156876,4
spin_slow,spin,2.0,0.3,20.7568,47,687427647,346,42825,58723,156876,4
spin_slow,spin,2.0,0.3,20.7727,48,687444618,346,104188,58837,156843,4
spin_slow,spin,2.0,0.3,20.7939,49,687467163,347,14670,58996,156903,4
spin_slow,spin,2.0,0.3,20.8131,50,687485930,346,67423,59110,156881,4
spin_slow,spin,2.0,0.3,20.8335,51,687504694,348,119569,59262,156875,4
spin_slow,spin,2.0,0.3,20.8547,52,687527216,357,26777,59410,156871,4
spin_slow,spin,2.0,0.3,20.8728,53,687545986,350,79846,59571,156876,4
spin_slow,spin,2.0,0.3,20.8951,54,687568487,352,139659,59768,156873,4
spin_slow,spin,2.0,0.3,20.9143,55,687587277,357,39363,59903,156869,4
spin_slow,spin,2.0,0.3,20.9345,56,687607190,353,130495,60050,156865,4
spin_slow,spin,2.0,0.3,20.9535,57,687626055,354,43836,60159,156832,4
spin_slow,spin,2.0,0.3,20.9748,58,687648581,350,109017,60314,156840,4
spin_slow,spin,2.0,0.3,20.9938,59,687667349,356,5268,60447,156896,4
spin_slow,spin,2.0,0.3,21.0171,60,687689874,357,69070,60601,156895,4
spin_slow,spin,2.0,0.3,21.0383,61,687709894,357,21208,60697,156848,4
spin_slow,spin,2.0,0.3,21.0416,62,687710840,350,25169,60701,156854,0
spin_slow,spin,2.0,0.3,21.0542,63,687727394,357,15213,60825,156886,4
spin_slow,spin,2.0,0.3,21.0785,64,687749946,357,83850,60968,156877,4
spin_slow,spin,2.0,0.3,21.0954,65,687767443,360,77653,61092,156883,4
spin_slow,spin,2.0,0.3,21.1165,66,687788706,360,84031,61233,156852,4
spin_slow,spin,2.0,0.3,21.1356,67,687809995,364,95438,61353,156843,4
spin_slow,spin,2.0,0.3,21.1609,68,687831258,363,101902,61468,156864,4
spin_slow,spin,2.0,0.3,21.1748,69,687848695,362,86339,61565,156824,4
spin_slow,spin,2.0,0.3,21.198,70,687871308,363,9107,61735,156869,4
spin_slow,spin,2.0,0.3,21.218,71,687890053,365,59220,61878,156856,4
spin_slow,spin,2.0,0.3,21.239,72,687912567,366,121654,62117,156845,4
spin_slow,spin,2.0,0.3,21.259,73,687931346,366,20317,62302,156863,4
spin_slow,spin,2.0,0.3,21.279,74,687952608,365,27414,62402,156833,4
spin_slow,spin,2.0,0.3,21.3032,75,687975148,368,94608,62607,156869,4
spin_slow,spin,2.0,0.3,21.3243,76,687997662,370,156762,62757,156839,4
spin_slow,spin,2.0,0.3,21.3453,77,688016418,370,51987,62876,156853,4
spin_slow,spin,2.0,0.3,21.3633,78,688036452,371,6600,63020,156842,4
spin_slow,spin,2.0,0.3,21.3833,79,688055228,372,61177,63212,156866,4
spin_slow,spin,2.0,0.3,21.4044,80,688077713,373,119089,63410,156865,4
spin_slow,spin,2.0,0.3,21.4234,81,688096490,374,17211,63554,156852,4
spin_slow,spin,2.0,0.3,21.4455,82,688119005,378,80575,63791,156863,4
spin_slow,spin,2.0,0.3,21.4645,83,688137678,376,117970,63926,156833,4
spin_slow,spin,2.0,0.3,21.4994,84,688156539,376,30885,64004,156827,4
spin_slow,spin,2.0,0.3,21.5174,85,688180928,378,98542,64214,156835,4
spin_slow,spin,2.0,0.3,21.5279,86,688198704,378,139794,64356,156858,4
spin_slow,spin,2.0,0.3,21.5374,87,688211097,379,50550,64465,156846,4
spin_slow,spin,2.0,0.3,21.548,88,688221159,380,35751,64585,156841,4
spin_slow,spin,2.0,0.3,21.5649,89,688237879,381,54733,64750,156877,4
spin_slow,spin,2.0,0.3,21.587,90,688260376,383,114743,64957,156835,4
spin_slow,spin,2.0,0.3,21.606,91,688279156,383,13469,65043,156850,4
spin_slow,spin,2.0,0.3,21.624,92,688297898,384,62320,65236,156877,4
spin_slow,spin,2.0,0.3,21.6482,93,688320457,384,132471,65364,156885,4
spin_slow,spin,2.0,0.3,21.665,94,688339209,385,25686,65511,156896,4
spin_slow,spin,2.0,0.3,21.684,95,688357968,386,76589,65631,156893,4
spin_slow,spin,2.0,0.3,21.7071,96,688380508,388,143193,65821,156896,4
spin_slow,spin,2.0,0.3,21.7282,97,688400366,388,67497,65952,156881,4
spin_slow,spin,2.0,0.3,21.7492,98,688423049,389,1164,66139,156928,4
spin_slow,spin,2.0,0.3,21.7682,99,688441830,389,56256,66266,156883,4
spin_slow,spin,2.0,0.3,21.7882,100,688461858,391,9839,66414,156867,4
spin_slow,spin,2.0,0.3,21.8082,101,688480604,391,59179,66527,156854,4
spin_slow,spin,2.0,0.3,21.8293,102,688503122,386,121849,66676,156843,4
spin_slow,spin,2.0,0.3,21.8505,103,688521887,392,18020,66869,156858,4
spin_slow,spin,2.0,0.3,21.8695,104,688543171,395,28412,67036,156879,4
spin_slow,spin,2.0,0.3,21.8885,105,688561947,396,82545,67182,156886,4
spin_slow,spin,2.0,0.3,21.9097,106,688584456,396,143781,67344,156893,4
spin_slow,spin,2.0,0.3,21.9287,107,688603234,396,41687,67453,156880,4
spin_slow,spin,2.0,0.3,21.9477,108,688621995,398,93499,67596,156856,4
spin_slow,spin,2.0,0.3,21.9698,109,688644507,398,155868,67725,156831,4
spin_slow,spin,2.0,0.3,21.9887,110,688663284,399,54368,67810,156842,4
spin_slow,spin,2.0,0.3,22.013,111,688685796,400,116471,67976,156858,4
spin_slow,spin,2.0,0.3,22.0447,112,688704476,401,154733,68118,156836,4
spin_slow,spin,2.0,0.3,22.0511,113,688721319,401,37218,68213,156877,4
spin_slow,spin,2.0,0.3,22.0554,114,688729021,401,91684,68276,156856,4
spin_slow,spin,2.0,0.3,22.0809,115,688743308,403,10884,68336,156823,4
spin_slow,spin,2.0,0.3,22.0936,116,688765377,403,155358,68501,156826,4
spin_slow,spin,2.0,0.3,22.1097,117,688783382,403,79187,68650,156881,4
spin_slow,spin,2.0,0.3,22.1321,118,688805897,405,141712,68821,156872,4
spin_slow,spin,2.0,0.3,22.1532,119,688825934,406,96814,68973,156869,4
spin_slow,spin,2.0,0.3,22.1702,120,688844685,406,146852,69130,156882,4
spin_slow,spin,2.0,0.3,22.1934,121,688867215,408,55284,69269,156864,4
spin_slow,spin,2.0,0.3,22.2135,122,688885986,408,109152,69455,156834,4
spin_slow,spin,2.0,0.3,22.2303,123,688904763,415,7266,69573,156870,4
spin_slow,spin,2.0,0.3,22.2535,124,688927264,410,67737,69770,156864,4
spin_slow,spin,2.0,0.3,22.2725,125,688946036,406,121412,69912,156856,4
spin_slow,spin,2.0,0.3,22.2935,126,688965881,412,44312,70082,156891,4
spin_slow,spin,2.0,0.3,22.3146,127,688988588,414,139160,70264,156889,4
spin_slow,spin,2.0,0.3,22.3336,0,689007351,414,34517,70421,156869,4
spin_slow,spin,2.0,0.3,22.3557,1,689029862,415,95931,70616,156892,4
spin_slow,spin,2.0,0.3,22.3759,2,689048643,413,151348,70765,156893,4
spin_slow,spin,2.0,0.3,22.3939,3,689068670,418,104818,70872,156859,4
spin_slow,spin,2.0,0.3,22.4181,4,689091192,418,12007,71064,156858,4
spin_slow,spin,2.0,0.3,22.435,5,689109970,425,66518,71236,156906,4
spin_slow,spin,2.0,0.3,22.4602,6,689132499,420,130960,71382,156871,4
spin_slow,spin,2.0,0.3,22.4782,7,689152497,421,78701,71611,156908,4
spin_slow,spin,2.0,0.3,22.4983,8,689171268,422,131862,71798,156884,4
spin_slow,spin,2.0,0.3,22.5163,9,689190035,424,27588,71960,156917,4
spin_slow,spin,2.0,0.3,22.5437,10,689213823,431,148577,72190,156920,4
spin_slow,spin,2.0,0.3,22.5437,11,689214787,424,155520,72154,156908,0
spin_slow,spin,2.0,0.3,22.5574,12,689231336,425,144762,72240,156867,4
spin_slow,spin,2.0,0.3,22.5785,13,689251194,433,69501,72427,156845,4
spin_slow,spin,2.0,0.3,22.5997,14,689273842,428,154898,72595,156879,4
spin_slow,spin,2.0,0.3,22.6187,15,689292653,428,58174,72752,156892,4
spin_slow,spin,2.0,0.3,22.6387,16,689311418,429,110569,72904,156891,4
spin_slow,spin,2.0,0.3,22.6577,17,689331436,429,61992,73005,156867,4
spin_slow,spin,2.0,0.3,22.6787,18,689353903,431,116325,73213,156884,4
spin_slow,spin,2.0,0.3,22.6987,19,689372752,432,25930,73359,156877,4
spin_slow,spin,2.0,0.3,22.7187,20,689393969,432,24107,73479,156903,4
spin_slow,spin,2.0,0.3,22.743,21,689416549,433,97331,73649,156881,4
spin_slow,spin,2.0,0.3,22.7598,22,689435301,435,147659,73783,156900,4
spin_slow,spin,2.0,0.3,22.783,23,689457838,435,56773,73954,156868,4
spin_slow,spin,2.0,0.3,22.8199,24,689484040,437,118726,74228,156878,4
spin_slow,spin,2.0,0.3,22.8284,25,689500505,437,94091,74300,156868,4
spin_slow,spin,2.0,0.3,22.8431,26,689515385,437,113789,74368,156849,4
spin_slow,spin,2.0,0.3,22.8599,27,689535331,438,53989,74542,156884,4
spin_slow,spin,2.0,0.3,22.8831,28,689557937,439,132274,74658,156871,4
spin_slow,spin,2.0,0.3,22.9031,29,689576698,438,26941,74805,156870,4
spin_slow,spin,2.0,0.3,22.9242,30,689599162,441,80462,74909,156852,4
spin_slow,spin,2.0,0.3,22.9431,31,689618015,442,147561,75044,156910,4
spin_slow,spin,2.0,0.3,22.9653,32,689640459,443,40784,75223,156887,4
spin_slow,spin,2.0,0.3,22.9842,33,689659235,443,94576,75309,156927,4
spin_slow,spin,2.0,0.3,23.0032,34,689678067,444,1643,75436,156854,4
spin_slow,spin,2.0,0.3,23.0263,35,689700531,444,55864,75589,156845,4
spin_slow,spin,2.0,0.3,23.039,36,689713039,446,142944,75662,156840,4
spin_slow,spin,2.0,0.3,23.0453,37,689721447,445,3471,75765,156905,4
spin_slow,spin,2.0,0.3,23.0642,38,689739367,446,68970,75839,156894,4
spin_slow,spin,2.0,0.3,23.0885,39,689761830,456,122667,75983,156863,4
spin_slow,spin,2.0,0.3,23.1053,40,689780601,448,19504,76124,156852,4
spin_slow,spin,2.0,0.3,23.1285,41,689803147,449,87352,76285,156872,4
spin_slow,spin,2.0,0.3,23.1486,42,689823024,449,15372,76435,156869,4
spin_slow,spin,2.0,0.3,23.1686,43,689841940,450,93809,76697,156860,4
spin_slow,spin,2.0,0.3,23.1896,44,689864450,453,155879,76900,156871,4
spin_slow,spin,2.0,0.3,23.2085,45,689883204,454,49778,77019,156891,4
spin_slow,spin,2.0,0.3,23.2307,46,689905729,453,113794,77195,156878,4
spin_slow,spin,2.0,0.3,23.2497,47,689924500,454,10584,77305,156859,4
spin_slow,spin,2.0,0.3,23.2686,48,689943268,455,64120,77445,156851,4
spin_slow,spin,2.0,0.3,23.2907,49,689965768,458,124660,77568,156847,4
spin_slow,spin,2.0,0.3,23.3097,50,689984534,459,21139,77712,156830,4
spin_slow,spin,2.0,0.3,23.3329,51,690008304,458,140978,77878,156876,4
spin_slow,spin,2.0,0.3,23.3529,52,690027098,460,42251,78063,156845,4
spin_slow,spin,2.0,0.3,23.3889,53,690051406,468,96535,78335,156883,4
spin_slow,spin,2.0,0.3,23.4006,54,690072718,468,111862,78490,156849,4
spin_slow,spin,2.0,0.3,23.4132,55,690087121,463,50822,78595,156849,4
spin_slow,spin,2.0,0.3,23.4332,56,690108354,464,52811,78813,156884,4
spin_slow,spin,2.0,0.3,23.4553,57,690130911,463,122417,78991,156867,4
spin_slow,spin,2.0,0.3,23.4753,58,690150918,466,72280,79175,156871,4
spin_slow,spin,2.0,0.3,23.4943,59,690169704,474,128457,79315,156861,4
spin_slow,spin,2.0,0.3,23.5185,60,690192236,467,37281,79470,156850,4
spin_slow,spin,2.0,0.3,23.5365,61,690211002,470,90369,79679,156869,4
spin_slow,spin,2.0,0.3,23.5428,62,690219425,469,110246,79713,156872,4
spin_slow,spin,2.0,0.3,23.5554,63,690231009,470,40594,79762,156831,4
spin_slow,spin,2.0,0.3,23.5786,64,690253535,469,106166,79906,156818,4
spin_slow,spin,2.0,0.3,23.5987,65,690272294,478,1498,80056,156878,4
spin_slow,spin,2.0,0.3,23.6166,66,690291053,472,52981,80203,156865,4
spin_slow,spin,2.0,0.3,23.6377,67,690313582,473,117841,80407,156871,4
spin_slow,spin,2.0,0.3,23.6578,68,690332337,474,11991,80504,156850,4
spin_slow,spin,2.0,0.3,23.6757,69,690351125,474,68443,80648,156908,4
spin_slow,spin,2.0,0.3,23.6978,70,690373628,475,129050,80785,156864,4
spin_slow,spin,2.0,0.3,23.7178,71,690393628,475,77636,80918,156848,4
spin_slow,spin,2.0,0.3,23.7399,72,690416176,478,146403,81103,156842,4
spin_slow,spin,2.0,0.3,23.7589,73,690434952,477,44240,81260,156860,4
spin_slow,spin,2.0,0.3,23.7831,74,690457465,477,106529,81430,156878,4
spin_slow,spin,2.0,0.3,23.7999,75,690476232,482,3172,81561,156855,4
spin_slow,spin,2.0,0.3,23.8231,76,690498753,481,67502,81670,156826,4
spin_slow,spin,2.0,0.3,23.8431,77,690517517,482,120585,81839,156877,4
spin_slow,spin,2.0,0.3,23.8641,78,690540027,483,25768,82029,156859,4
spin_slow,spin,2.0,0.3,23.8831,79,690558786,484,77569,82190,156862,4
spin_slow,spin,2.0,0.3,23.9052,80,690581316,483,143444,82247,156830,4
spin_slow,spin,2.0,0.3,23.9242,81,690600078,485,38929,82406,156852,4
spin_slow,spin,2.0,0.3,23.9484,82,690622591,492,101577,82521,156858,4
spin_slow,spin,2.0,0.3,23.9652,83,690641365,486,156096,82635,156866,4
spin_slow,spin,2.0,0.3,23.9886,84,690663870,492,60517,82778,156845,4
spin_slow,spin,2.0,0.3,24.0086,85,690682635,488,114652,82862,156769,4
spin_slow,spin,2.0,0.3,24.0287,86,690703860,487,115947,83028,156793,4
spin_slow,spin,2.0,0.3,24.0382,87,690715438,489,45495,83154,156833,4
spin_slow,spin,2.0,0.3,24.0487,88,690723613,489,23802,83197,156833,4
spin_slow,spin,2.0,0.3,24.0687,89,690745194,491,85787,83372,156804,4
spin_slow,spin,2.0,0.3,24.0887,90,690763952,485,137379,83570,156897,4
spin_slow,spin,2.0,0.3,24.1246,91,690788292,493,39871,83774,156859,4
spin_slow,spin,2.0,0.3,24.1393,92,690807352,493,142612,83900,156855,4
spin_slow,spin,2.0,0.3,24.1477,93,690824817,500,131962,84006,156837,4
spin_slow,spin,2.0,0.3,24.1699,94,690846511,495,55705,84148,156829,4
spin_slow,spin,2.0,0.3,24.1888,95,690865282,496,109706,84245,156816,4
spin_slow,spin,2.0,0.3,24.213,96,690887780,497,13901,84479,156808,4
spin_slow,spin,2.0,0.3,24.2299,97,690906555,498,68871,84640,156901,4
spin_slow,spin,2.0,0.3,24.253,98,690929074,505,132256,84789,156830,4
spin_slow,spin,2.0,0.3,24.273,99,690947850,499,30716,84974,156822,4
spin_slow,spin,2.0,0.3,24.2931,100,690969080,500,31859,85116,156862,4
spin_slow,spin,2.0,0.3,24.3131,101,690987888,508,91750,85291,156859,4
spin_slow,spin,2.0,0.3,24.3341,102,691010380,503,151266,85457,156842,4
spin_slow,spin,2.0,0.3,24.3531,103,691029166,503,51495,85593,156842,4
spin_slow,spin,2.0,0.3,24.3752,104,691051662,504,111334,85804,156858,4
spin_slow,spin,2.0,0.3,24.3941,105,691070429,506,7231,85956,156866,4
spin_slow,spin,2.0,0.3,24.4183,106,691092949,507,70613,86279,156902,4
spin_slow,spin,2.0,0.3,24.4362,107,691111733,509,126970,86348,156830,4
spin_slow,spin,2.0,0.3,24.4594,108,691134236,510,30862,86565,156864,4
spin_slow,spin,2.0,0.3,24.4783,109,691155507,510,38608,86721,156875,4
spin_slow,spin,2.0,0.3,24.4983,110,691173029,517,36806,86827,156875,4
spin_slow,spin,2.0,0.3,24.5215,111,691195543,512,99618,87011,156851,4
spin_slow,spin,2.0,0.3,24.5406,112,691215583,513,55497,87132,156859,4
spin_slow,spin,2.0,0.3,24.5427,113,691216519,512,57745,87134,156858,0
spin_slow,spin,2.0,0.3,24.5606,114,691236845,514,61957,87292,156874,4
spin_slow,spin,2.0,0.3,24.5796,115,691255498,516,95975,87383,156824,4
spin_slow,spin,2.0,0.3,24.5986,116,691274372,513,10766,87551,156864,4
spin_slow,spin,2.0,0.3,24.621,117,691296863,516,70196,87696,156853,4
spin_slow,spin,2.0,0.3,24.6391,118,691315653,517,127198,87861,156879,4
spin_slow,spin,2.0,0.3,24.6635,119,691338164,518,32685,88006,156861,4
spin_slow,spin,2.0,0.3,24.7039,120,691364302,524,84302,88204,156867,4
spin_slow,spin,2.0,0.3,24.7188,121,691383765,520,98508,88360,156883,4
spin_slow,spin,2.0,0.3,24.7283,122,691405099,520,116805,88558,156889,4
spin_slow,spin,2.0,0.3,24.7399,123,691416991,522,99127,88662,156859,4
spin_slow,spin,2.0,0.3,24.7631,124,691439526,522,8290,88810,156873,4
spin_slow,spin,2.0,0.3,24.7842,125,691458283,523,59551,88926,156867,4
spin_slow,spin,2.0,0.3,24.8033,126,691478298,523,11807,89017,156819,4
spin_slow,spin,2.0,0.3,24.8233,127,691497064,524,65369,89112,156859,4
spin_slow,spin,2.0,0.3,24.8402,0,691517086,525,18141,89264,156855,4
spin_slow,spin,2.0,0.3,24.8634,1,691539569,525,76404,89376,156802,4
spin_slow,spin,2.0,0.3,24.8835,2,691558350,527,132222,89520,156840,4
spin_slow,spin,2.0,0.3,24.9004,3,691577133,527,31027,89715,156911,4
spin_slow,spin,2.0,0.3,24.9238,4,691600896,529,148627,89891,156906,4
spin_slow,spin,2.0,0.3,24.9429,5,691618392,529,142767,89985,156822,4
spin_slow,spin,2.0,0.3,24.9599,6,691637174,531,41510,90133,156850,4
spin_slow,spin,2.0,0.3,24.9831,7,691659713,527,108496,90267,156867,4
spin_slow,spin,2.0,0.3,25.0031,8,691678474,531,3338,90406,156864,4
spin_slow,spin,2.0,0.3,25.02,9,691697218,532,52488,90501,156831,4
spin_slow,spin,2.0,0.3,25.0465,10,691720845,533,147500,90701,156830,4
spin_slow,spin,2.0,0.3,25.0486,11,691721790,534,151365,90702,156842,0
spin_slow,spin,2.0,0.3,25.0633,12,691738507,534,13450,90789,156812,4
spin_slow,spin,2.0,0.3,25.0844,13,691761032,536,78398,91053,156857,4
spin_slow,spin,2.0,0.3,25.1035,14,691779810,536,133971,91181,156821,4
spin_slow,spin,2.0,0.3,25.1224,15,691798576,537,30289,91364,156862,4
spin_slow,spin,2.0,0.3,25.1436,16,691818473,539,119068,91509,156881,4
spin_slow,spin,2.0,0.3,25.1646,17,691841088,539,42511,91637,156816,4
spin_slow,spin,2.0,0.3,25.1835,18,691859863,540,97801,91834,156835,4
spin_slow,spin,2.0,0.3,25.2057,19,691882381,541,4315,91978,156881,4
spin_slow,spin,2.0,0.3,25.2238,20,691901149,543,57427,92158,156857,4
spin_slow,spin,2.0,0.3,25.2428,21,691919931,549,113237,92313,156863,4
spin_slow,spin,2.0,0.3,25.2649,22,691942439,542,17595,92480,156896,4
spin_slow,spin,2.0,0.3,25.2839,23,691961206,545,70297,92626,156879,4
spin_slow,spin,2.0,0.3,25.3029,24,691979981,546,124423,92780,156866,4
spin_slow,spin,2.0,0.3,25.325,25,692002488,553,29169,92947,156837,4
spin_slow,spin,2.0,0.3,25.344,26,692021254,548,82083,93144,156852,4
spin_slow,spin,2.0,0.3,25.3629,27,692040033,549,137381,93378,156863,4
spin_slow,spin,2.0,0.3,25.385,28,692062535,551,41969,93519,156835,4
spin_slow,spin,2.0,0.3,25.4231,29,692091292,551,68569,93760,156849,4
spin_slow,spin,2.0,0.3,25.4358,30,692108180,550,116445,93871,156857,4
spin_slow,spin,2.0,0.3,25.4453,31,692122186,558,144463,93989,156880,4
spin_slow,spin,2.0,0.3,25.4654,32,692142631,554,12313,94145,156870,4
spin_slow,spin,2.0,0.3,25.4844,33,692161379,561,62275,94261,156870,4
spin_slow,spin,2.0,0.3,25.5033,34,692180160,555,118299,94364,156861,4
spin_slow,spin,2.0,0.3,25.5254,35,692202648,556,20695,94459,156827,4
spin_slow,spin,2.0,0.3,25.5412,36,692217665,556,63989,94568,156824,4
spin_slow,spin,2.0,0.3,25.5486,37,692226082,557,83381,94653,156841,4
spin_slow,spin,2.0,0.3,25.5686,38,692243927,558,136656,94791,156860,4
spin_slow,spin,2.0,0.3,25.5855,39,692262695,558,33526,94895,156789,4
spin_slow,spin,2.0,0.3,25.6077,40,692285237,560,101619,95123,156844,4
spin_slow,spin,2.0,0.3,25.6279,41,692305249,560,53034,95244,156867,4
spin_slow,spin,2.0,0.3,25.6491,42,692324010,561,105023,95432,156877,4
spin_slow,spin,2.0,0.3,25.6661,43,692342763,562,155417,95575,156871,4
spin_slow,spin,2.0,0.3,25.6895,44,692365298,563,64532,95713,156875,4
spin_slow,spin,2.0,0.3,25.7064,45,692384050,564,114924,95897,156867,4
spin_slow,spin,2.0,0.3,25.7287,46,692406553,569,17977,96011,156872,4
spin_slow,spin,2.0,0.3,25.7478,47,692425339,572,73752,96176,156887,4
spin_slow,spin,2.0,0.3,25.7679,48,692444129,570,130213,96347,156898,4
spin_slow,spin,2.0,0.3,25.7901,49,692466578,566,24634,96422,156852,4
spin_slow,spin,2.0,0.3,25.8115,50,692486662,574,144178,96572,156886,4
spin_slow,spin,2.0,0.3,25.8284,51,692505444,569,42441,96731,156867,4
spin_slow,spin,2.0,0.3,25.8506,52,692527951,569,103690,96793,156861,4
spin_slow,spin,2.0,0.3,25.8696,53,692546742,570,3772,96962,156864,4
spin_slow,spin,2.0,0.3,25.8885,54,692565519,571,58558,96995,156858,4
spin_slow,spin,2.0,0.3,25.9106,55,692588007,571,117238,97188,156848,4
spin_slow,spin,2.0,0.3,25.9295,56,692606781,572,14460,97318,156889,4
spin_slow,spin,2.0,0.3,25.9496,57,692626790,574,121135,97417,156878,4
spin_slow,spin,2.0,0.3,25.9728,58,692649332,575,31516,97663,156890,4
spin_slow,spin,2.0,0.3,26.0117,59,692675443,580,78172,97862,156845,4
spin_slow,spin,2.0,0.3,26.0276,60,692692412,577,139025,98036,156880,4
spin_slow,spin,2.0,0.3,26.0381,61,692714629,572,150228,98199,156922,4
spin_slow,spin,2.0,0.3,26.0445,62,692719638,578,60219,98210,156911,4
spin_slow,spin,2.0,0.3,26.0497,63,692728924,578,69771,98268,156887,4
spin_slow,spin,2.0,0.3,26.0697,64,692746925,580,148696,98472,156905,4
spin_slow,spin,2.0,0.3,26.0929,65,692769465,580,58051,98582,156898,4
spin_slow,spin,2.0,0.3,26.1171,66,692788209,581,106898,98788,156920,4
spin_slow,spin,2.0,0.3,26.1287,67,692806987,582,3754,98943,156923,4
spin_slow,spin,2.0,0.3,26.153,68,692829513,583,67210,99131,156927,4
spin_slow,spin,2.0,0.3,26.1698,69,692848280,582,119458,99224,156875,4
spin_slow,spin,2.0,0.3,26.193,70,692870823,584,29844,99352,156857,4
spin_slow,spin,2.0,0.3,26.213,71,692889585,586,81604,99550,156874,4
spin_slow,spin,2.0,0.3,26.2299,72,692908352,586,134402,99680,156873,4
spin_slow,spin,2.0,0.3,26.2532,73,692930872,587,40783,99907,156884,4
spin_slow,spin,2.0,0.3,26.2754,74,692953393,590,103786,100109,156901,4
spin_slow,spin,2.0,0.3,26.2976,75,692972129,590,150558,100301,156902,4
spin_slow,spin,2.0,0.3,26.3137,76,692990942,590,53795,100459,156925,4
spin_slow,spin,2.0,0.3,26.336,77,693013466,592,116801,100647,156890,4
spin_slow,spin,2.0,0.3,26.354,78,693032259,593,16693,100733,156871,4
spin_slow,spin,2.0,0.3,26.3732,79,693051022,592,68354,100907,156889,4
spin_slow,spin,2.0,0.3,26.3987,80,693073531,595,129775,101073,156880,4
spin_slow,spin,2.0,0.3,26.4146,81,693092305,594,26984,101119,156876,4
spin_slow,spin,2.0,0.3,26.4368,82,693114836,596,91794,101328,156899,4
spin_slow,spin,2.0,0.3,26.4547,83,693133587,597,141339,101487,156918,4
spin_slow,spin,2.0,0.3,26.4747,84,693152371,598,39293,101610,156934,4
spin_slow,spin,2.0,0.3,26.4979,85,693174908,599,104975,101746,156856,4
spin_slow,spin,2.0,0.3,26.5149,86,693193657,600,154828,101904,156901,4
spin_slow,spin,2.0,0.3,26.5339,87,693212450,600,54693,102037,156882,4
spin_slow,spin,2.0,0.3,26.5455,88,693223341,600,23677,102100,156865,4
spin_slow,spin,2.0,0.3,26.555,89,693233040,601,103626,102171,156909,4
spin_slow,spin,2.0,0.3,26.574,90,693252455,602,109363,102332,156929,4
spin_slow,spin,2.0,0.3,26.5972,91,693274997,603,19901,102504,156847,4
spin_slow,spin,2.0,0.3,26.6195,92,693293794,604,77477,102697,156901,4
spin_slow,spin,2.0,0.3,26.6344,93,693312561,605,129617,102847,156896,4
spin_slow,spin,2.0,0.3,26.6588,94,693335077,605,34940,102983,156869,4
spin_slow,spin,2.0,0.3,26.6747,95,693353829,606,85318,103108,156889,4
spin_slow,spin,2.0,0.3,26.699,96,693372628,608,143446,103285,156874,4
spin_slow,spin,2.0,0.3,26.7265,97,693401410,609,15303,103427,156921,4
spin_slow,spin,2.0,0.3,26.7486,98,693413583,609,44816,103552,156930,4
spin_slow,spin,2.0,0.3,26.7581,99,693434517,616,151740,103614,156871,4
spin_slow,spin,2.0,0.3,26.775,100,693453974,610,7582,103765,156910,4
spin_slow,spin,2.0,0.3,26.7982,101,693476482,613,68088,103918,156908,4
spin_slow,spin,2.0,0.3,26.8182,102,693495261,612,122259,104046,156911,4
spin_slow,spin,2.0,0.3,26.8382,103,693515271,613,71953,104185,156910,4
spin_slow,spin,2.0,0.3,26.8583,104,693536495,614,71257,104378,156912,4
spin_slow,spin,2.0,0.3,26.8794,105,693555314,614,132230,104478,156916,4
spin_slow,spin,2.0,0.3,26.8994,106,693577831,616,37544,104665,156930,4
spin_slow,spin,2.0,0.3,26.9184,107,693596627,616,95180,104752,156890,4
spin_slow,spin,2.0,0.3,26.9384,108,693615373,617,144175,104925,156859,4
spin_slow,spin,2.0,0.3,26.9605,109,693639163,613,109515,105143,156872,4
spin_slow,spin,2.0,0.3,26.9796,110,693657931,619,5097,105300,156916,4
spin_slow,spin,2.0,0.3,26.9986,111,693676689,620,55481,105474,156951,4
spin_slow,spin,2.0,0.3,27.0198,112,693699207,622,116947,105664,156932,4
spin_slow,spin,2.0,0.3,27.0399,113,693718006,622,18233,105751,156860,4
spin_slow,spin,2.0,0.3,27.0442,114,693720539,622,135053,105764,156862,4
spin_slow,spin,2.0,0.3,27.0589,115,693736757,623,68618,105867,156872,4
spin_slow,spin,2.0,0.3,27.08,116,693759277,625,131744,106097,156883,4
spin_slow,spin,2.0,0.3,27.1,117,693777990,625,17983,106238,156911,4
spin_slow,spin,2.0,0.3,27.1201,118,693798059,620,134604,106399,156905,4
spin_slow,spin,2.0,0.3,27.1391,119,693818057,627,82541,106546,156906,4
spin_slow,spin,2.0,0.3,27.1633,120,693840620,629,152836,106702,156882,4
spin_slow,spin,2.0,0.3,27.1802,121,693859384,630,47983,106952,156935,4
spin_slow,spin,2.0,0.3,27.1992,122,693878169,629,103387,106992,156890,4
spin_slow,spin,2.0,0.3,27.2235,123,693900677,630,7289,107235,156913,4
spin_slow,spin,2.0,0.3,27.2404,124,693919462,631,62760,107371,156888,4
spin_slow,spin,2.0,0.3,27.2678,125,693941983,633,126493,107542,156863,4
spin_slow,spin,2.0,0.3,27.2858,126,693959508,633,125271,107708,156856,4
spin_slow,spin,2.0,0.3,27.3259,127,693988120,637,126493,107933,156864,4
spin_slow,spin,2.0,0.3,27.3407,0,694007574,637,139324,108112,156882,4
spin_slow,spin,2.0,0.3,27.3502,1,694028880,637,152579,108259,156927,4
spin_slow,spin,2.0,0.3,27.3608,2,694040402,641,71730,108355,156931,4
spin_slow,spin,2.0,0.3,27.3829,3,694060835,638,93155,108501,156921,4
spin_slow,spin,2.0,0.3,27.4009,4,694079609,639,146610,108585,156896,4
spin_slow,spin,2.0,0.3,27.4231,5,694102130,640,52731,108733,156873,4
spin_slow,spin,2.0,0.3,27.4431,6,694122136,640,1959,108849,156879,4
spin_slow,spin,2.0,0.3,27.4632,7,694140914,642,56245,109042,156928,4
spin_slow,spin,2.0,0.3,27.4843,8,694163450,637,121845,109172,156892,4
spin_slow,spin,2.0,0.3,27.5033,9,694182217,644,17257,109396,156891,4
spin_slow,spin,2.0,0.3,27.5233,10,694200993,644,71230,109525,156910,4
spin_slow,spin,2.0,0.3,27.5485,11,694224767,645,33772,109735,156888,4
spin_slow,spin,2.0,0.3,27.5485,12,694225715,646,38036,109721,156871,0
spin_slow,spin,2.0,0.3,27.5685,13,694246042,646,41905,109864,156904,4
spin_slow,spin,2.0,0.3,27.5854,14,694264816,649,95964,109993,156874,4
spin_slow,spin,2.0,0.3,27.6088,15,694287358,647,6015,110079,156844,4
spin_slow,spin,2.0,0.3,27.6288,16,694308597,649,8110,110266,156882,4
spin_slow,spin,2.0,0.3,27.6478,17,694327385,650,64313,110386,156893,4
spin_slow,spin,2.0,0.3,27.6679,18,694346146,656,116373,110504,156833,4
spin_slow,spin,2.0,0.3,27.6879,19,694367419,645,124495,110644,156872,4
spin_slow,spin,2.0,0.3,27.7082,20,694386185,652,20006,110812,156909,4
spin_slow,spin,2.0,0.3,27.7293,21,694407420,654,21629,110995,156893,4
spin_slow,spin,2.0,0.3,27.7535,22,694426203,653,77266,111061,156880,4
spin_slow,spin,2.0,0.3,27.7683,23,694446243,654,32242,111183,156889,4
spin_slow,spin,2.0,0.3,27.7895,24,694468761,654,94894,111282,156874,4
spin_slow,spin,2.0,0.3,27.8085,25,694487547,656,151061,111431,156872,4
spin_slow,spin,2.0,0.3,27.8306,26,694510041,657,53055,111608,156894,4
spin_slow,spin,2.0,0.3,27.8496,27,694528818,657,107123,111719,156890,4
spin_slow,spin,2.0,0.3,27.8686,28,694547611,659,7113,111907,156890,4
spin_slow,spin,2.0,0.3,27.8907,29,694570122,660,68105,112100,156891,4
spin_slow,spin,2.0,0.3,27.9097,30,694588878,660,118214,112276,156906,4
spin_slow,spin,2.0,0.3,27.9286,31,694607642,662,13280,112383,156860,4
spin_slow,spin,2.0,0.3,27.9507,32,694630173,662,78128,112597,156895,4
spin_slow,spin,2.0,0.3,27.9698,33,694648926,665,128653,112665,156877,4
spin_slow,spin,2.0,0.3,27.993,34,694671460,664,36899,112843,156865,4
spin_slow,spin,2.0,0.3,28.01,35,694690245,667,92596,113053,156892,4
spin_slow,spin,2.0,0.3,28.0511,36,694723984,667,24174,113272,156827,4
spin_slow,spin,2.0,0.3,28.0533,37,694724936,667,29049,113266,156826,0
spin_slow,spin,2.0,0.3,28.0617,38,694738403,667,122414,113392,156877,4
spin_slow,spin,2.0,0.3,28.0701,39,694749901,667,37744,113435,156845,4
spin_slow,spin,2.0,0.3,28.0903,40,694770315,668,57078,113624,156899,4
spin_slow,spin,2.0,0.3,28.1094,41,694789089,669,110422,113788,156910,4
spin_slow,spin,2.0,0.3,28.1336,42,694811600,670,14995,113884,156895,4
spin_slow,spin,2.0,0.3,28.1536,43,694830361,671,66381,114049,156901,4
spin_slow,spin,2.0,0.3,28.1736,44,694851648,672,76614,114223,156880,4
spin_slow,spin,2.0,0.3,28.1906,45,694870416,674,129835,114447,156912,4
spin_slow,spin,2.0,0.3,28.2129,46,694892944,674,37212,114701,156907,4
spin_slow,spin,2.0,0.3,28.2329,47,694911700,675,88126,114780,156865,4
spin_slow,spin,2.0,0.3,28.2497,48,694930486,676,144309,114907,156867,4
spin_slow,spin,2.0,0.3,28.274,49,694954235,678,102537,115096,156881,4
spin_slow,spin,2.0,0.3,28.294,50,694974216,681,48221,115194,156858,4
spin_slow,spin,2.0,0.3,28.3129,51,694993042,679,111008,115360,156875,4
spin_slow,spin,2.0,0.3,28.335,52,695015575,680,19282,115559,156886,4
spin_slow,spin,2.0,0.3,28.354,53,695034339,679,71040,115703,156924,4
spin_slow,spin,2.0,0.3,28.3782,54,695056853,686,132885,115919,156907,4
spin_slow,spin,2.0,0.3,28.395,55,695075623,682,29129,116011,156878,4
spin_slow,spin,2.0,0.3,28.4182,56,695098150,683,93236,116165,156880,4
spin_slow,spin,2.0,0.3,28.4382,57,695116905,685,143772,116344,156897,4
spin_slow,spin,2.0,0.3,28.455,58,695135674,683,39459,116406,156893,4
spin_slow,spin,2.0,0.3,28.4782,59,695158227,687,107805,116638,156903,4
spin_slow,spin,2.0,0.3,28.4982,60,695176991,687,2726,116775,156926,4
spin_slow,spin,2.0,0.3,28.5213,61,695199510,687,65283,116901,156901,4
spin_slow,spin,2.0,0.3,28.5403,62,695219534,689,17707,117107,156918,4
spin_slow,spin,2.0,0.3,28.5487,63,695227977,689,40911,117141,156911,4
spin_slow,spin,2.0,0.3,28.5634,64,695238557,690,113250,117281,156942,4
spin_slow,spin,2.0,0.3,28.5803,65,695260766,690,122636,117439,156952,4
spin_slow,spin,2.0,0.3,28.5993,66,695279576,691,25124,117480,156901,4
spin_slow,spin,2.0,0.3,28.6414,67,695304465,693,19928,117677,156916,4
spin_slow,spin,2.0,0.3,28.6563,68,695323927,693,33792,117778,156891,4
spin_slow,spin,2.0,0.3,28.6637,69,695345275,698,54331,117912,156922,4
spin_slow,spin,2.0,0.3,28.6838,70,695362181,694,103993,118027,156926,4
spin_slow,spin,2.0,0.3,28.7006,71,695380957,696,156880,118203,156880,4
spin_slow,spin,2.0,0.3,28.7239,72,695403479,696,64259,118254,156880,4
spin_slow,spin,2.0,0.3,28.7429,73,695422231,697,114478,118445,156878,4
spin_slow,spin,2.0,0.3,28.7599,74,695440998,704,9949,118585,156905,4
spin_slow,spin,2.0,0.3,28.783,75,695463524,698,73785,118769,156895,4
spin_slow,spin,2.0,0.3,28.8041,76,695482307,699,129005,118871,156886,4
spin_slow,spin,2.0,0.3,28.8241,77,695504802,700,30818,119023,156879,4
spin_slow,spin,2.0,0.3,28.843,78,695523594,701,87671,119234,156908,4
spin_slow,spin,2.0,0.3,28.863,79,695543567,703,31091,119380,156903,4
spin_slow,spin,2.0,0.3,28.8851,80,695566138,703,102469,119559,156888,4
spin_slow,spin,2.0,0.3,28.9041,81,695584901,711,154339,119699,156868,4
spin_slow,spin,2.0,0.3,28.9283,82,695607407,707,58055,119879,156899,4
spin_slow,spin,2.0,0.3,28.9451,83,695626182,707,111097,120050,156929,4
spin_slow,spin,2.0,0.3,28.9683,84,695648737,707,22424,120186,156907,4
spin_slow,spin,2.0,0.3,28.9894,85,695667485,708,71421,120292,156893,4
spin_slow,spin,2.0,0.3,29.0052,86,695686270,709,126801,120453,156930,4
spin_slow,spin,2.0,0.3,29.0284,87,695708812,710,35908,120617,156925,4
spin_slow,spin,2.0,0.3,29.0484,88,695726151,710,2344,120748,156896,4
spin_slow,spin,2.0,0.3,29.0484,89,695727099,710,6617,120758,156899,0
spin_slow,spin,2.0,0.3,29.0685,90,695747595,711,39150,120956,156922,4
spin_slow,spin,2.0,0.3,29.0895,91,695770092,713,97425,121149,156919,4
spin_slow,spin,2.0,0.3,29.1086,92,695788875,713,152115,121273,156909,4
spin_slow,spin,2.0,0.3,29.1276,93,695807642,715,47306,121496,156927,4
spin_slow,spin,2.0,0.3,29.1487,94,695830174,715,111751,121681,156922,4
spin_slow,spin,2.0,0.3,29.1687,95,695850147,717,55561,121810,156890,4
spin_slow,spin,2.0,0.3,29.1887,96,695868962,717,116362,121911,156864,4
spin_slow,spin,2.0,0.3,29.21,97,695891475,718,21276,122127,156900,4
spin_slow,spin,2.0,0.3,29.229,98,695910254,720,75453,122341,156937,4
spin_slow,spin,2.0,0.3,29.2491,99,695929048,719,131884,122506,156928,4
spin_slow,spin,2.0,0.3,29.2712,100,695951555,721,34837,122616,156894,4
spin_slow,spin,2.0,0.3,29.2891,101,695970335,723,89501,122764,156939,4
spin_slow,spin,2.0,0.3,29.3134,102,695992853,719,151719,122872,156896,4
spin_slow,spin,2.0,0.3,29.3429,103,696011387,724,7275,123024,156933,4
spin_slow,spin,2.0,0.3,29.3556,104,696032266,724,104909,123107,156892,4
spin_slow,spin,2.0,0.3,29.3883,105,696066663,725,146665,123337,156915,4
spin_slow,spin,2.0,0.3,29.3956,106,696076125,726,29053,123445,156934,4
spin_slow,spin,2.0,0.3,29.4147,107,696095446,727,18321,123576,156911,4
spin_slow,spin,2.0,0.3,29.4348,108,696114222,728,71517,123764,156956,4
spin_slow,spin,2.0,0.3,29.4547,109,696135474,732,74870,123915,156907,4
spin_slow,spin,2.0,0.3,29.4748,110,696154279,729,133887,124053,156866,4
spin_slow,spin,2.0,0.3,29.4937,111,696174293,730,84509,124180,156901,4
spin_slow,spin,2.0,0.3,29.5148,112,696196828,732,149387,124354,156925,4
spin_slow,spin,2.0,0.3,29.5337,113,696215584,732,42713,124494,156911,4
spin_slow,spin,2.0,0.3,29.5454,114,696226485,733,13111,124517,156894,4
spin_slow,spin,2.0,0.3,29.5548,115,696236208,733,97209,124594,156891,4
spin_slow,spin,2.0,0.3,29.578,116,696259413,734,119258,124734,156881,4
spin_slow,spin,2.0,0.3,29.598,117,696278156,735,10502,124914,156923,4
spin_slow,spin,2.0,0.3,29.616,118,696296932,735,64188,124998,156884,4
spin_slow,spin,2.0,0.3,29.6392,119,696319450,737,126622,125147,156868,4
spin_slow,spin,2.0,0.3,29.6583,120,696338237,737,26240,125243,156848,4
spin_slow,spin,2.0,0.3,29.6762,121,696356983,737,75652,125401,156902,4
spin_slow,spin,2.0,0.3,29.6983,122,696379508,739,139784,125532,156875,4
spin_slow,spin,2.0,0.3,29.7173,123,696398282,740,35887,125708,156953,4
spin_slow,spin,2.0,0.3,29.7384,124,696418288,741,141535,125825,156898,4
spin_slow,spin,2.0,0.3,29.7596,125,696440832,741,51461,125969,156901,4
spin_slow,spin,2.0,0.3,29.7786,126,696459623,742,107561,126157,156948,4
spin_slow,spin,2.0,0.3,29.7987,127,696478386,743,1854,126326,156920,4
spin_slow,spin,2.0,0.3,29.8198,0,696500918,744,66195,126481,156921,4
spin_slow,spin,2.0,0.3,29.8388,1,696518415,744,59243,126587,156860,4
spin_slow,spin,2.0,0.3,29.8589,2,696540944,747,123566,126735,156905,4
spin_slow,spin,2.0,0.3,29.8781,3,696559737,747,22800,126926,156899,4
spin_slow,spin,2.0,0.3,29.8993,4,696578495,747,73790,126973,156871,4
spin_slow,spin,2.0,0.3,29.9491,5,696615882,749,153524,127335,156946,4
spin_slow,spin,2.0,0.3,29.9628,6,696632847,750,55853,127472,156920,4
spin_slow,spin,2.0,0.3,29.966,7,696641661,750,142089,127542,156902,4
spin_slow,spin,2.0,0.3,29.9798,8,696659841,752,93804,127672,156928,4
spin_slow,spin,2.0,0.3,29.9981,9,696679850,752,43777,127773,156872,4
spin_slow,spin,2.0,0.3,30.0195,10,696699847,752,148549,127912,156916,4
spin_slow,spin,2.0,0.3,30.0408,11,696722393,753,58619,128105,156903,4
spin_slow,spin,2.0,0.3,30.0483,12,696730827,753,80051,128107,156905,4
spin_slow,spin,2.0,0.3,30.06,13,696741431,755,156631,128265,156903,4
spin_slow,spin,2.0,0.3,30.0791,14,696761197,762,64653,128460,156919,4
spin_slow,spin,2.0,0.3,30.1024,15,696783730,757,129704,128707,156893,4
spin_slow,spin,2.0,0.3,30.1215,16,696802484,758,22954,128784,156854,4
spin_slow,spin,2.0,0.3,30.1427,17,696825003,759,86084,128943,156857,4
spin_slow,spin,2.0,0.3,30.1607,18,696843778,759,139839,129132,156907,4
spin_slow,spin,2.0,0.3,30.1788,19,696861301,755,137662,129231,156892,4
spin_slow,spin,2.0,0.3,30.2021,20,696883830,761,45101,129377,156877,4
spin_slow,spin,2.0,0.3,30.2212,21,696902603,761,98984,129480,156864,4
spin_slow,spin,2.0,0.3,30.2434,22,696925124,763,5213,129681,156917,4
spin_slow,spin,2.0,0.3,30.2635,23,696943882,763,55730,129834,156921,4
spin_slow,spin,2.0,0.3,30.2805,24,696962676,765,112339,129989,156927,4
spin_slow,spin,2.0,0.3,30.3038,25,696985142,766,8774,130193,156891,4
spin_slow,spin,2.0,0.3,30.3196,26,697002703,766,13067,130315,156903,4
spin_slow,spin,2.0,0.3,30.343,27,697023976,768,20676,130395,156862,4
spin_slow,spin,2.0,0.3,30.3609,28,697042730,767,71489,130536,156850,4
spin_slow,spin,2.0,0.3,30.3851,29,697067761,769,90388,130735,156908,4
spin_slow,spin,2.0,0.3,30.404,30,697086525,771,142153,130910,156875,4
spin_slow,spin,2.0,0.3,30.423,31,697105302,771,39278,131062,156888,4
spin_slow,spin,2.0,0.3,30.4452,32,697127842,772,105660,131150,156855,4
spin_slow,spin,2.0,0.3,30.4642,33,697146595,773,156240,131308,156847,4
spin_slow,spin,2.0,0.3,30.4832,34,697165380,773,55251,131466,156863,4
spin_slow,spin,2.0,0.3,30.5053,35,697187867,775,112614,131596,156886,4
spin_slow,spin,2.0,0.3,30.5243,36,697206649,775,10322,131739,156876,4
spin_slow,spin,2.0,0.3,30.5485,37,697229179,776,75312,131867,156849,4
spin_slow,spin,2.0,0.3,30.5506,38,697231710,776,34973,131848,156863,4
spin_slow,spin,2.0,0.3,30.5644,39,697246649,776,64418,132002,156872,4
spin_slow,spin,2.0,0.3,30.5888,40,697269227,777,137472,132131,156883,4
spin_slow,spin,2.0,0.3,30.6057,41,697287981,778,30529,132247,156894,4
spin_slow,spin,2.0,0.3,30.6279,42,697310507,779,94015,132422,156921,4
spin_slow,spin,2.0,0.3,30.6511,43,697329276,783,146395,132573,156919,4
spin_slow,spin,2.0,0.3,30.6784,44,697358061,780,18585,132760,156913,4
spin_slow,spin,2.0,0.3,30.7006,45,697370297,781,58795,132820,156895,4
spin_slow,spin,2.0,0.3,30.71,46,697391257,782,13045,133053,156940,4
spin_slow,spin,2.0,0.3,30.7279,47,697410623,783,10006,133184,156918,4
spin_slow,spin,2.0,0.3,30.7532,48,697433167,785,76857,133329,156909,4
spin_slow,spin,2.0,0.3,30.7701,49,697453169,793,25635,133499,156884,4
spin_slow,spin,2.0,0.3,30.7891,50,697471949,786,79886,133629,156908,4
spin_slow,spin,2.0,0.3,30.808,51,697490719,787,133019,133794,156873,4
spin_slow,spin,2.0,0.3,30.8302,52,697513241,788,38774,133997,156931,4
spin_slow,spin,2.0,0.3,30.8492,53,697531963,797,83155,134105,156924,4
spin_slow,spin,2.0,0.3,30.8736,54,697554546,790,155717,134260,156943,4
spin_slow,spin,2.0,0.3,30.8905,55,697573321,791,52483,134421,156896,4
spin_slow,spin,2.0,0.3,30.9095,56,697592090,790,104926,134547,156908,4
spin_slow,spin,2.0,0.3,30.9285,57,697610848,793,156037,134674,156891,4
spin_slow,spin,2.0,0.3,30.9506,58,697633360,793,60871,134834,156888,4
spin_slow,spin,2.0,0.3,30.9696,59,697652138,794,115466,134963,156856,4
spin_slow,spin,2.0,0.3,30.9909,60,697674660,796,21792,135232,156907,4
spin_slow,spin,2.0,0.3,31.0131,61,697693439,795,75953,135432,156919,4
spin_slow,spin,2.0,0.3,31.031,62,697713465,798,28663,135602,156895,4
spin_slow,spin,2.0,0.3,31.0459,63,697728471,798,69342,135688,156864,4
spin_slow,spin,2.0,0.3,31.0543,64,697736929,799,95198,135767,156912,4
spin_slow,spin,2.0,0.3,31.0733,65,697754758,799,144640,135944,156933,4
spin_slow,spin,2.0,0.3,31.0903,66,697773518,801,38624,136063,156900,4
spin_slow,spin,2.0,0.3,31.1092,67,697792247,807,84807,136206,156932,4
spin_slow,spin,2.0,0.3,31.1324,68,697814820,810,156163,136330,156926,4
spin_slow,spin,2.0,0.3,31.1546,69,697833593,803,52266,136494,156920,4
spin_slow,spin,2.0,0.3,31.1736,70,697856105,805,113310,136717,156950,4
spin_slow,spin,2.0,0.3,31.1936,71,697874895,805,11922,136822,156941,4
spin_slow,spin,2.0,0.3,31.2147,72,697897422,807,75452,136942,156904,4
spin_slow,spin,2.0,0.3,31.2642,73,697928548,808,31813,137183,156915,4
spin_slow,spin,2.0,0.3,31.2789,74,697948007,808,44670,137286,156903,4
spin_slow,spin,2.0,0.3,31.2936,75,697972197,809,77107,137454,156922,4
spin_slow,spin,2.0,0.3,31.2979,76,697980708,809,111925,137510,156897,4
spin_slow,spin,2.0,0.3,31.3189,77,698001307,809,5098,137710,156912,4
spin_slow,spin,2.0,0.3,31.3368,78,698020048,811,53092,137840,156881,4
spin_slow,spin,2.0,0.3,31.359,79,698042588,820,118932,138097,156958,4
spin_slow,spin,2.0,0.3,31.38,80,698062596,814,67918,138224,156929,4
spin_slow,spin,2.0,0.3,31.399,81,698082624,814,20372,138327,156918,4
spin_slow,spin,2.0,0.3,31.419,82,698102589,814,119588,138468,156907,4
spin_slow,spin,2.0,0.3,31.4412,83,698121415,816,24689,138620,156946,4
spin_slow,spin,2.0,0.3,31.4612,84,698141432,816,132492,138689,156901,4
spin_slow,spin,2.0,0.3,31.4792,85,698162731,817,143944,138861,156918,4
spin_slow,spin,2.0,0.3,31.4981,86,698181498,818,39519,138998,156903,4
spin_slow,spin,2.0,0.3,31.5234,87,698204011,819,100646,139173,156931,4
spin_slow,spin,2.0,0.3,31.5414,88,698224032,820,51784,139310,156952,4
spin_slow,spin,2.0,0.3,31.5478,89,698232472,827,74232,139338,156941,4
spin_slow,spin,2.0,0.3,31.5604,90,698243081,820,151313,139413,156943,4
spin_slow,spin,2.0,0.3,31.5836,91,698266597,821,68650,139519,156928,4
spin_slow,spin,2.0,0.3,31.6026,92,698285367,822,121130,139626,156922,4
spin_slow,spin,2.0,0.3,31.6236,93,698306650,822,129821,139794,156943,4
spin_slow,spin,2.0,0.3,31.6426,94,698325391,823,20467,139907,156938,4
spin_slow,spin,2.0,0.3,31.6617,95,698344173,827,75036,140056,156935,4
spin_slow,spin,2.0,0.3,31.6829,96,698366702,826,139053,140255,156903,4
spin_slow,spin,2.0,0.3,31.704,97,698386677,827,83395,140418,156870,4
spin_slow,spin,2.0,0.3,31.723,98,698405494,828,144155,140592,156936,4
spin_slow,spin,2.0,0.3,31.7399,99,698424251,827,37910,140647,156868,4
spin_slow,spin,2.0,0.3,31.761,100,698444276,829,147634,140788,156875,4
spin_slow,spin,2.0,0.3,31.7832,101,698466814,829,56511,140999,156926,4
spin_slow,spin,2.0,0.3,31.8011,102,698484329,830,53173,141141,156910,4
spin_slow,spin,2.0,0.3,31.8243,103,698506846,831,114932,141343,156924,4
spin_slow,spin,2.0,0.3,31.8497,104,698525605,832,8597,141476,156902,4
spin_slow,spin,2.0,0.3,31.8635,105,698544682,833,113389,141677,156917,4
spin_slow,spin,2.0,0.3,31.8803,106,698564409,834,14612,141836,156924,4
spin_slow,spin,2.0,0.3,31.9035,107,698586955,835,81206,141974,156908,4
spin_slow,spin,2.0,0.3,31.9235,108,698605702,836,129921,142163,156944,4
spin_slow,spin,2.0,0.3,31.9405,109,698624482,837,27208,142224,156930,4
spin_slow,spin,2.0,0.3,31.9647,110,698647027,841,93789,142442,156921,4
spin_slow,spin,2.0,0.3,32.0038,111,698681849,839,51830,142708,156878,4
spin_slow,spin,2.0,0.3,32.0113,112,698695176,847,121113,142891,156909,4
spin_slow,spin,2.0,0.3,32.023,113,698706101,841,95425,142962,156901,4
spin_slow,spin,2.0,0.3,32.0401,114,698725860,843,2026,143126,156917,4
spin_slow,spin,2.0,0.3,32.0496,115,698734217,840,10730,143202,156918,4
spin_slow,spin,2.0,0.3,32.0634,116,698747106,843,5006,143274,156912,4
spin_slow,spin,2.0,0.3,32.0855,117,698769647,844,70837,143435,156919,4
spin_slow,spin,2.0,0.3,32.1044,118,698788419,850,123183,143558,156933,4
spin_slow,spin,2.0,0.3,32.1278,119,698810955,845,31339,143711,156930,4
spin_slow,spin,2.0,0.3,32.1447,120,698829716,846,82365,143854,156921,4
spin_slow,spin,2.0,0.3,32.1638,121,698848488,847,135065,143962,156913,4
spin_slow,spin,2.0,0.3,32.188,122,698871023,849,42885,144153,156915,4
spin_slow,spin,2.0,0.3,32.2049,123,698889788,848,94849,144295,156904,4
spin_slow,spin,2.0,0.3,32.2239,124,698908564,849,148427,144436,156920,4
spin_slow,spin,2.0,0.3,32.2482,125,698931101,850,56380,144605,156906,4
spin_slow,spin,2.0,0.3,32.2641,126,698948557,851,42196,144797,156952,4
spin_slow,spin,2.0,0.3,32.2893,127,698971134,852,114735,144914,156911,4
spin_slow,spin,2.0,0.3,32.3083,0,698991173,854,69117,145128,156938,4
spin_slow,spin,2.0,0.3,32.3293,1,699013679,855,128973,145243,156899,4
spin_slow,spin,2.0,0.3,32.3485,2,699032456,855,25945,145387,156932,4
spin_slow,spin,2.0,0.3,32.3685,3,699051218,855,76855,145506,156938,4
spin_slow,spin,2.0,0.3,32.3896,4,699073768,857,144107,145702,156902,4
spin_slow,spin,2.0,0.3,32.4087,5,699092542,858,40138,145845,156932,4
spin_slow,spin,2.0,0.3,32.4278,6,699111309,858,92312,145904,156914,4
spin_slow,spin,2.0,0.3,32.4489,7,699133814,860,152179,146085,156938,4
spin_slow,spin,2.0,0.3,32.4679,8,699152614,860,52795,146173,156916,4
spin_slow,spin,2.0,0.3,32.488,9,699171353,862,100422,146246,156874,4
spin_slow,spin,2.0,0.3,32.509,10,699193894,861,10216,146428,156903,4
spin_slow,spin,2.0,0.3,32.528,11,699212662,862,63066,146592,156917,4
spin_slow,spin,2.0,0.3,32.5596,12,699232636,869,6704,146704,156914,4
spin_slow,spin,2.0,0.3,32.5596,13,699233588,863,11602,146745,156917,0
spin_slow,spin,2.0,0.3,32.5712,14,699253578,864,115259,146837,156891,4
spin_slow,spin,2.0,0.3,32.604,15,699283819,865,78652,147070,156897,4
spin_slow,spin,2.0,0.3,32.6135,16,699296209,866,145385,147162,156873,4
spin_slow,spin,2.0,0.3,32.6314,17,699315274,867,91702,147314,156912,4
spin_slow,spin,2.0,0.3,32.6493,18,699334028,867,141556,147506,156918,4
spin_slow,spin,2.0,0.3,32.6683,19,699352821,876,40820,147636,156935,4
spin_slow,spin,2.0,0.3,32.6904,20,699375342,870,102981,147810,156914,4
spin_slow,spin,2.0,0.3,32.7094,21,699394099,871,153358,148022,156973,4
spin_slow,spin,2.0,0.3,32.7336,22,699417881,872,115797,148236,156963,4
spin_slow,spin,2.0,0.3,32.7536,23,699436670,872,14091,148315,156926,4
spin_slow,spin,2.0,0.3,32.7736,24,699455446,874,66923,148537,156959,4
spin_slow,spin,2.0,0.3,32.7905,25,699475477,875,19019,148630,156938,4
spin_slow,spin,2.0,0.3,32.8106,26,699495439,875,117006,148789,156942,4
spin_slow,spin,2.0,0.3,32.8337,27,699518018,876,32554,148887,156886,4
spin_slow,spin,2.0,0.3,32.8537,28,699536791,880,85888,149101,156910,4
spin_slow,spin,2.0,0.3,32.8737,29,699559300,877,146800,149234,156931,4
spin_slow,spin,2.0,0.3,32.8937,30,699578067,876,41891,149334,156913,4
spin_slow,spin,2.0,0.3,32.9147,31,699600608,880,107904,149584,156899,4
spin_slow,spin,2.0,0.3,32.9348,32,699619384,881,4957,149788,156911,4
spin_slow,spin,2.0,0.3,32.9579,33,699641897,881,66149,150074,156970,4
spin_slow,spin,2.0,0.3,32.9749,34,699660660,883,116924,150186,156930,4
spin_slow,spin,2.0,0.3,32.9981,35,699683196,890,25342,150244,156871,4
spin_slow,spin,2.0,0.3,33.0181,36,699701973,885,79676,150416,156893,4
spin_slow,spin,2.0,0.3,33.0392,37,699724499,886,143068,150641,156925,4
spin_slow,spin,2.0,0.3,33.0498,38,699735380,887,109898,150678,156928,4
spin_slow,spin,2.0,0.3,33.0583,39,699743709,887,113408,150737,156908,4
spin_slow,spin,2.0,0.3,33.0783,40,699762030,887,90407,150858,156876,4
spin_slow,spin,2.0,0.3,33.0993,41,699784515,895,146854,151086,156914,4
spin_slow,spin,2.0,0.3,33.1183,42,699803330,890,49812,151252,156928,4
spin_slow,spin,2.0,0.3,33.1405,43,699825859,892,112977,151432,156958,4
spin_slow,spin,2.0,0.3,33.1595,44,699844622,890,7298,151496,156906,4
spin_slow,spin,2.0,0.3,33.1784,45,699863401,891,61367,151661,156917,4
spin_slow,spin,2.0,0.3,33.2016,46,699885926,893,124570,151794,156899,4
spin_slow,spin,2.0,0.3,33.2196,47,699904673,893,16324,151957,156909,4
spin_slow,spin,2.0,0.3,33.2428,48,699927204,896,80177,152207,156970,4
spin_slow,spin,2.0,0.3,33.2597,49,699946003,896,136863,152330,156940,4
spin_slow,spin,2.0,0.3,33.305,50,699964751,902,28286,152429,156926,4
spin_slow,spin,2.0,0.3,33.3208,51,699986329,898,86568,152558,156939,4
spin_slow,spin,2.0,0.3,33.3293,52,700015253,899,138099,152811,156966,4
spin_slow,spin,2.0,0.3,33.3421,53,700025089,900,83515,152827,156942,4
spin_slow,spin,2.0,0.3,33.364,54,700048633,900,5236,152962,156925,4
spin_slow,spin,2.0,0.3,33.3804,55,700066084,900,147620,153056,156904,4
spin_slow,spin,2.0,0.3,33.4037,56,700088661,901,62414,153285,156943,4
spin_slow,spin,2.0,0.3,33.4242,57,700107447,902,116838,153426,156969,4
spin_slow,spin,2.0,0.3,33.443,58,700129957,903,20203,153521,156912,4
spin_slow,spin,2.0,0.3,33.4651,59,700151227,904,27032,153662,156900,4
spin_slow,spin,2.0,0.3,33.4837,60,700169993,905,79156,153752,156914,4
spin_slow,spin,2.0,0.3,33.5094,61,700192511,905,141287,153966,156938,4
spin_slow,spin,2.0,0.3,33.5265,62,700212549,906,95305,154092,156950,4
spin_slow,spin,2.0,0.3,33.5457,63,700231316,914,147385,154139,156882,4
spin_slow,spin,2.0,0.3,33.5543,64,700239781,913,17232,154308,156938,4
spin_slow,spin,2.0,0.3,33.565,65,700251361,908,102885,154357,156910,4
spin_slow,spin,2.0,0.3,33.5896,66,700273872,909,6802,154579,156902,4
spin_slow,spin,2.0,0.3,33.6076,67,700292635,910,58546,154762,156934,4
spin_slow,spin,2.0,0.3,33.6308,68,700315161,911,122348,154883,156864,4
spin_slow,spin,2.0,0.3,33.6489,69,700335129,913,65515,155038,156867,4
spin_slow,spin,2.0,0.3,33.6658,70,700352707,913,72624,155192,156907,4
spin_slow,spin,2.0,0.3,33.689,71,700375237,919,136759,155297,156896,4
spin_slow,spin,2.0,0.3,33.709,72,700395248,915,86561,155506,156915,4
spin_slow,spin,2.0,0.3,33.728,73,700414026,915,140876,155606,156901,4
spin_slow,spin,2.0,0.3,33.7502,74,700436541,918,45938,155855,156921,4
spin_slow,spin,2.0,0.3,33.7692,75,700455286,918,94454,155958,156910,4
spin_slow,spin,2.0,0.3,33.7882,76,700474089,920,152917,156116,156916,6
spin_slow,spin,2.0,0.3,33.8114,77,700496574,919,53092,156304,156914,4
spin_slow,spin,2.0,0.3,33.8294,78,700515363,919,108767,156454,156949,4
spin_slow,spin,2.0,0.3,33.8495,79,700534149,4,7346,607,156925,4
spin_slow,spin,2.0,0.3,33.8832,80,700556505,3,42584,759,156915,4
spin_slow,spin,2.0,0.3,33.9042,81,700577265,3,119648,988,156903,4
spin_slow,spin,2.0,0.3,33.9137,82,700598534,7,126481,1141,156908,4
spin_slow,spin,2.0,0.3,33.9326,83,700615445,5,20410,1292,156880,4
spin_slow,spin,2.0,0.3,33.9506,84,700636727,8,29790,1446,156895,4
spin_slow,spin,2.0,0.3,33.9737,85,700659269,9,96357,1636,156914,4
spin_slow,spin,2.0,0.3,33.9937,86,700678012,10,144931,1788,156879,4
spin_slow,spin,2.0,0.3,34.0147,87,700700541,13,52797,1939,156859,4
spin_slow,spin,2.0,0.3,34.0337,88,700719313,4,106218,2093,156914,4
spin_slow,spin,2.0,0.3,34.0506,89,700735583,13,47741,2207,156896,4
spin_slow,spin,2.0,0.3,34.0581,90,700744019,13,70061,2207,156897,4
spin_slow,spin,2.0,0.3,34.0749,91,700761840,15,118604,2397,156882,4
spin_slow,spin,2.0,0.3,34.094,92,700780618,14,16145,2512,156915,4
spin_slow,spin,2.0,0.3,34.1142,93,700799386,16,68803,2664,156919,4
spin_slow,spin,2.0,0.3,34.1354,94,700821935,17,136553,2817,156897,4
spin_slow,spin,2.0,0.3,34.1555,95,700840666,18,26118,2969,156855,4
spin_slow,spin,2.0,0.3,34.1724,96,700859455,18,82066,3083,156893,4
spin_slow,spin,2.0,0.3,34.1956,97,700881922,14,135895,3274,156900,4
spin_slow,spin,2.0,0.3,34.2146,98,700900736,20,39711,3425,156885,4
spin_slow,spin,2.0,0.3,34.2379,99,700923248,21,101894,3578,156861,4
spin_slow,spin,2.0,0.3,34.255,100,700942020,22,155894,3691,156823,4
spin_slow,spin,2.0,0.3,34.2792,101,700964547,22,64009,3882,156847,4
spin_slow,spin,2.0,0.3,34.2982,102,700983313,23,117258,3997,156856,4
spin_slow,spin,2.0,0.3,34.3203,103,701005820,24,21426,4148,156872,4
spin_slow,spin,2.0,0.3,34.3382,104,701024584,25,73584,4225,156895,4
spin_slow,spin,2.0,0.3,34.3561,105,701043352,26,126269,4378,156901,4
spin_slow,spin,2.0,0.3,34.3795,106,701065865,26,30763,4531,156898,4
spin_slow,spin,2.0,0.3,34.3985,107,701084659,27,88152,4607,156877,4
spin_slow,spin,2.0,0.3,34.4175,108,701103426,29,140767,4798,156870,4
spin_slow,spin,2.0,0.3,34.4396,109,701124689,29,147487,4912,156887,4
spin_slow,spin,2.0,0.3,34.4597,110,701143450,30,42403,5065,156884,4
spin_slow,spin,2.0,0.3,34.4798,111,701165958,30,102703,5218,156888,4
spin_slow,spin,2.0,0.3,34.4989,112,701185952,31,49873,5369,156876,4
spin_slow,spin,2.0,0.3,34.52,113,701204748,33,107271,5558,156896,4
spin_slow,spin,2.0,0.3,34.5381,114,701223532,34,5558,5674,156876,4
spin_slow,spin,2.0,0.3,34.5498,115,701236020,34,88922,5789,156922,4
spin_slow,spin,2.0,0.3,34.5604,116,701246921,35,59613,5865,156897,4
spin_slow,spin,2.0,0.3,34.5942,117,701267321,36,75507,5979,156915,4
spin_slow,spin,2.0,0.3,34.6101,118,701288252,43,24805,6170,156889,4
spin_slow,spin,2.0,0.3,34.6196,119,701305532,35,137971,6283,156901,4
spin_slow,spin,2.0,0.3,34.6388,120,701326126,38,30178,6434,156914,4
spin_slow,spin,2.0,0.3,34.6578,121,701344910,39,85347,6586,156898,4
spin_slow,spin,2.0,0.3,34.68,122,701367414,39,145824,6739,156870,4
spin_slow,spin,2.0,0.3,34.6991,123,701386171,41,39239,6894,156931,4
spin_slow,spin,2.0,0.3,34.7192,124,701404965,41,95959,7045,156914,4
spin_slow,spin,2.0,0.3,34.7404,125,701427494,49,3565,7198,156879,4
spin_slow,spin,2.0,0.3,34.7596,126,701446195,44,44939,7387,156861,4
spin_slow,spin,2.0,0.3,34.7808,127,701468784,44,119689,7502,156897,4
spin_slow,spin,2.0,0.3,34.8001,0,701487543,51,14203,7652,156872,4
spin_slow,spin,2.0,0.3,34.8224,1,701506298,46,64798,7844,156907,4
spin_slow,spin,2.0,0.3,34.8414,2,701526324,47,17165,8036,156898,4
spin_slow,spin,2.0,0.3,34.8638,3,701548857,49,82404,8265,156915,4
spin_slow,spin,2.0,0.3,34.8808,4,701567615,49,133446,8419,156927,4
spin_slow,spin,2.0,0.3,34.9051,5,701590129,52,38474,8609,156918,4
spin_slow,spin,2.0,0.3,34.922,6,701608905,50,92739,8679,156851,4
spin_slow,spin,2.0,0.3,34.94,7,701627678,59,146301,8834,156873,4
spin_slow,spin,2.0,0.3,34.9602,8,701647699,53,98127,8950,156915,4
spin_slow,spin,2.0,0.3,34.9834,9,701670234,60,7024,9137,156857,4
spin_slow,spin,2.0,0.3,35.0017,10,701688977,55,56053,9329,156881,4
spin_slow,spin,2.0,0.3,35.02,11,701707719,53,105029,9479,156835,4
spin_slow,spin,2.0,0.3,35.0511,12,701732764,55,127356,9597,156897,4
spin_slow,spin,2.0,0.3,35.0567,13,701741336,57,15738,9675,156929,4
spin_slow,spin,2.0,0.3,35.0667,14,701750921,57,76175,9709,156885,4
spin_slow,spin,2.0,0.3,35.0865,15,701772808,64,31691,9863,156899,4
spin_slow,spin,2.0,0.3,35.1054,16,701792817,59,138451,10013,156871,4
spin_slow,spin,2.0,0.3,35.1284,17,701815335,60,44146,10206,156904,4
spin_slow,spin,2.0,0.3,35.1457,18,701834100,61,96476,10319,156881,4
spin_slow,spin,2.0,0.3,35.166,19,701854117,57,47597,10512,156895,4
spin_slow,spin,2.0,0.3,35.2115,20,701885220,63,1176,10739,156878,4
spin_slow,spin,2.0,0.3,35.2274,21,701902173,64,59364,10855,156891,4
spin_slow,spin,2.0,0.3,35.2338,22,701923550,64,84695,10970,156894,4
spin_slow,spin,2.0,0.3,35.2465,23,701934217,65,15454,11043,156874,4
spin_slow,spin,2.0,0.3,35.2698,24,701956716,64,74931,11194,156872,4
spin_slow,spin,2.0,0.3,35.2887,25,701976739,66,26895,11349,156901,4
spin_slow,spin,2.0,0.3,35.3088,26,701995526,67,83084,11464,156873,4
spin_slow,spin,2.0,0.3,35.3287,27,702016733,69,80043,11655,156860,4
spin_slow,spin,2.0,0.3,35.3563,28,702039286,66,148495,11808,156900,4
spin_slow,spin,2.0,0.3,35.3689,29,702056834,74,150366,11884,156910,4
spin_slow,spin,2.0,0.3,35.3911,30,702079347,71,55356,12034,156883,4
spin_slow,spin,2.0,0.3,35.4101,31,702098096,65,105175,12185,156861,4
spin_slow,spin,2.0,0.3,35.4291,32,702116868,72,1810,12263,156878,4
spin_slow,spin,2.0,0.3,35.4513,33,702139382,73,64388,12452,156833,4
spin_slow,spin,2.0,0.3,35.4703,34,702158144,72,116139,12571,156931,4
spin_slow,spin,2.0,0.3,35.4893,35,702176928,75,14624,12718,156853,4
spin_slow,spin,2.0,0.3,35.5114,36,702199439,73,76174,12915,156898,4
spin_slow,spin,2.0,0.3,35.5314,37,702218205,77,128043,13069,156932,4
spin_slow,spin,2.0,0.3,35.5546,38,702239319,78,108900,13291,156899,4
spin_slow,spin,2.0,0.3,35.5546,39,702240267,78,113206,13217,156896,0
spin_slow,spin,2.0,0.3,35.5747,40,702260753,79,144108,13403,156873,4
spin_slow,spin,2.0,0.3,35.5938,41,702280778,81,96819,13556,156894,4
spin_slow,spin,2.0,0.3,35.6138,42,702299503,81,142346,13671,156880,4
spin_slow,spin,2.0,0.3,35.6328,43,702319567,81,101409,13791,156901,4
spin_slow,spin,2.0,0.3,35.6507,44,702338320,83,151170,13980,156891,4
spin_slow,spin,2.0,0.3,35.6739,45,702360873,84,62667,14168,156879,4
spin_slow,spin,2.0,0.3,35.6929,46,702380884,84,13020,14318,156889,4
spin_slow,spin,2.0,0.3,35.7108,47,702399629,78,61772,14436,156905,4
spin_slow,spin,2.0,0.3,35.734,48,702422170,86,128186,14662,156888,4
spin_slow,spin,2.0,0.3,35.754,49,702440935,87,23705,14778,156896,4
spin_slow,spin,2.0,0.3,35.774,50,702460953,88,132517,14963,156861,4
spin_slow,spin,2.0,0.3,35.795,51,702483472,89,38646,15198,156912,4
spin_slow,spin,2.0,0.3,35.8192,52,702506014,91,105406,15390,156897,4
spin_slow,spin,2.0,0.3,35.8361,53,702524760,92,154383,15540,156890,4
spin_slow,spin,2.0,0.3,35.8551,54,702543524,98,49598,15652,156886,4
spin_slow,spin,2.0,0.3,35.8783,55,702566071,93,116718,15804,156893,4
spin_slow,spin,2.0,0.3,35.9014,56,702583340,94,71387,15956,156863,4
spin_slow,spin,2.0,0.3,35.9341,57,702612305,95,132619,16109,156877,4
spin_slow,spin,2.0,0.3,35.9426,58,702629213,96,26362,16260,156851,4
spin_slow,spin,2.0,0.3,35.9563,59,702644871,89,21487,16338,156856,4
spin_slow,spin,2.0,0.3,35.9794,60,702667391,97,84729,16528,156895,4
spin_slow,spin,2.0,0.3,35.9994,61,702686143,99,135024,16645,156907,4
spin_slow,spin,2.0,0.3,36.0205,62,702708676,99,44141,16829,156844,4
spin_slow,spin,2.0,0.3,36.0395,63,702727441,100,96194,16990,156915,4
spin_slow,spin,2.0,0.3,36.0489,64,702738951,100,13277,17059,156894,4
spin_slow,spin,2.0,0.3,36.0595,65,702747213,100,5796,17098,156877,4
spin_slow,spin,2.0,0.3,36.0794,66,702766245,100,103991,17253,156876,4
spin_slow,spin,2.0,0.3,36.1005,67,702788741,102,5947,17447,156898,4
spin_slow,spin,2.0,0.3,36.1247,68,702811256,103,68229,17594,156868,4
spin_slow,spin,2.0,0.3,36.1416,69,702830007,104,118484,17712,156901,4
spin_slow,spin,2.0,0.3,36.1608,70,702848817,98,21561,17861,156857,4
spin_slow,spin,2.0,0.3,36.1875,71,702872516,106,127800,18015,156891,4
spin_slow,spin,2.0,0.3,36.2034,72,702890076,105,132057,18165,156861,4
spin_slow,spin,2.0,0.3,36.2238,73,702912608,108,39982,18321,156916,4
spin_slow,spin,2.0,0.3,36.2441,74,702931379,102,92439,18438,156915,4
spin_slow,spin,2.0,0.3,36.2611,75,702950150,109,145266,18512,156922,4
spin_slow,spin,2.0,0.3,36.2844,76,702972652,112,48247,18702,156902,4
spin_slow,spin,2.0,0.3,36.3056,77,702991431,110,102963,18736,156865,4
spin_slow,spin,2.0,0.3,36.3256,78,703013946,112,8529,18886,156856,4
spin_slow,spin,2.0,0.3,36.3447,79,703032706,112,60083,19048,156885,4
spin_slow,spin,2.0,0.3,36.364,80,703051484,113,114724,19157,156875,4
spin_slow,spin,2.0,0.3,36.3852,81,703073988,113,18626,19236,156896,4
spin_slow,spin,2.0,0.3,36.4053,82,703092773,114,74638,19417,156846,4
spin_slow,spin,2.0,0.3,36.4233,83,703111535,116,126913,19618,156882,4
spin_slow,spin,2.0,0.3,36.4466,84,703134037,117,30164,19801,156852,4
spin_slow,spin,2.0,0.3,36.4647,85,703152818,118,85232,19957,156865,4
spin_slow,spin,2.0,0.3,36.486,86,703172804,118,31692,20104,156857,4
spin_slow,spin,2.0,0.3,36.5263,87,703198927,119,79970,20289,156849,4
spin_slow,spin,2.0,0.3,36.5412,88,703218384,120,93502,20449,156868,4
spin_slow,spin,2.0,0.3,36.5528,89,703240763,121,133137,20567,156874,4
spin_slow,spin,2.0,0.3,36.5571,90,703241710,122,137261,20567,156876,0
spin_slow,spin,2.0,0.3,36.5656,91,703254768,121,3557,20685,156900,4
spin_slow,spin,2.0,0.3,36.5878,92,703275420,116,62949,20870,156891,4
spin_slow,spin,2.0,0.3,36.606,93,703295424,126,12541,21054,156849,4
spin_slow,spin,2.0,0.3,36.625,94,703314200,127,66840,21172,156862,4
spin_slow,spin,2.0,0.3,36.6481,95,703336720,126,129923,21331,156889,4
spin_slow,spin,2.0,0.3,36.6681,96,703355484,129,24968,21444,156910,4
spin_slow,spin,2.0,0.3,36.6892,97,703378013,128,88960,21677,156911,4
spin_slow,spin,2.0,0.3,36.7082,98,703396794,135,143865,21818,156844,4
spin_slow,spin,2.0,0.3,36.7303,99,703419287,123,46269,22010,156854,4
spin_slow,spin,2.0,0.3,36.7493,100,703438088,131,104629,22209,156875,4
spin_slow,spin,2.0,0.3,36.7703,101,703459299,131,102298,22389,156842,4
spin_slow,spin,2.0,0.3,36.7914,102,703478121,132,7867,22513,156902,4
spin_slow,spin,2.0,0.3,36.8135,103,703501878,134,124617,22612,156843,4
spin_slow,spin,2.0,0.3,36.8315,104,703520651,135,21725,22774,156866,4
spin_slow,spin,2.0,0.3,36.8505,105,703539390,140,69579,22969,156881,4
spin_slow,spin,2.0,0.3,36.874,106,703561931,129,136117,23047,156897,4
spin_slow,spin,2.0,0.3,36.8911,107,703580680,137,29081,23226,156841,4
spin_slow,spin,2.0,0.3,36.9144,108,703603193,139,91558,23425,156879,4
spin_slow,spin,2.0,0.3,36.9346,109,703621896,139,133101,23537,156858,4
spin_slow,spin,2.0,0.3,36.9547,110,703642001,139,99541,23686,156877,4
spin_slow,spin,2.0,0.3,36.9727,111,703660765,138,151725,23728,156902,4
spin_slow,spin,2.0,0.3,36.9939,112,703683284,140,57568,23951,156853,4
spin_slow,spin,2.0,0.3,37.014,113,703702051,142,110411,24107,156892,4
spin_slow,spin,2.0,0.3,37.032,114,703720817,144,6255,24217,156855,4
spin_slow,spin,2.0,0.3,37.0575,115,703744427,144,98707,24414,156878,4
spin_slow,spin,2.0,0.3,37.0596,116,703745375,149,102921,24411,156898,0
spin_slow,spin,2.0,0.3,37.0745,117,703762067,145,116784,24599,156867,4
spin_slow,spin,2.0,0.3,37.0955,118,703784624,146,29479,24753,156845,4
spin_slow,spin,2.0,0.3,37.1145,119,703803389,146,82240,24906,156879,4
spin_slow,spin,2.0,0.3,37.1346,120,703822163,146,136010,24988,156888,4
spin_slow,spin,2.0,0.3,37.1546,121,703842169,148,85370,25133,156873,4
spin_slow,spin,2.0,0.3,37.1736,122,703862210,148,40629,25253,156881,4
spin_slow,spin,2.0,0.3,37.1947,123,703884700,149,99165,25365,156872,4
spin_slow,spin,2.0,0.3,37.2348,124,703917264,151,143901,25598,156916,4
spin_slow,spin,2.0,0.3,37.2454,125,703932858,152,127411,25704,156911,4
spin_slow,spin,2.0,0.3,37.2549,126,703944265,151,27054,25780,156874,4
spin_slow,spin,2.0,0.3,37.277,127,703966046,153,121845,25940,156886,4
spin_slow,spin,2.0,0.3,37.2949,0,703984807,153,17062,26045,156857,4
spin_slow,spin,2.0,0.3,37.3149,1,704003578,154,70829,26190,156830,4
spin_slow,spin,2.0,0.3,37.336,2,704026071,155,130003,26346,156862,4
spin_slow,spin,2.0,0.3,37.3562,3,704044811,163,21700,26462,156851,4
spin_slow,spin,2.0,0.3,37.385,4,704067372,150,91915,26629,156894,4
spin_slow,spin,2.0,0.3,37.3956,5,704084890,158,88387,26780,156905,4
spin_slow,spin,2.0,0.3,37.4189,6,704107424,158,153496,26962,156870,4
spin_slow,spin,2.0,0.3,37.4358,7,704126168,166,45764,27152,156855,4
spin_slow,spin,2.0,0.3,37.4549,8,704144948,160,100512,27277,156917,4
spin_slow,spin,2.0,0.3,37.4806,9,704167489,162,9974,27468,156902,4
spin_slow,spin,2.0,0.3,37.4966,10,704186228,162,57889,27577,156913,4
spin_slow,spin,2.0,0.3,37.519,11,704208749,157,121045,27765,156924,4
spin_slow,spin,2.0,0.3,37.5371,12,704227521,164,17492,27884,156895,4
spin_slow,spin,2.0,0.3,37.5541,13,704242538,167,59922,28041,156907,4
spin_slow,spin,2.0,0.3,37.5605,14,704250972,165,81531,28116,156925,4
spin_slow,spin,2.0,0.3,37.5796,15,704268812,166,133034,28227,156889,4
spin_slow,spin,2.0,0.3,37.5998,16,704287585,168,30096,28408,156869,4
spin_slow,spin,2.0,0.3,37.6199,17,704310084,169,89569,28557,156884,4
spin_slow,spin,2.0,0.3,37.639,18,704328834,168,139332,28676,156865,4
spin_slow,spin,2.0,0.3,37.6591,19,704348881,170,95852,28866,156854,4
spin_slow,spin,2.0,0.3,37.6782,20,704367640,171,147148,29062,156927,4
spin_slow,spin,2.0,0.3,37.7005,21,704390164,172,53719,29246,156873,4
spin_slow,spin,2.0,0.3,37.7196,22,704408950,180,109361,29413,156941,4
spin_slow,spin,2.0,0.3,37.7429,23,704431462,174,13751,29548,156852,4
spin_slow,spin,2.0,0.3,37.7599,24,704450213,175,64028,29709,156877,4
spin_slow,spin,2.0,0.3,37.78,25,704470224,177,14299,29865,156908,4
spin_slow,spin,2.0,0.3,37.8001,26,704489012,177,71073,30002,156845,4
spin_slow,spin,2.0,0.3,37.8414,27,704515092,177,112390,30164,156906,4
spin_slow,spin,2.0,0.3,37.8584,28,704534300,179,82941,30315,156872,4
spin_slow,spin,2.0,0.3,37.8691,29,704555892,179,145437,30468,156901,4
spin_slow,spin,2.0,0.3,37.8807,30,704569063,180,31331,30542,156872,4
spin_slow,spin,2.0,0.3,37.9041,31,704592812,179,146476,30736,156895,4
spin_slow,spin,2.0,0.3,37.9211,32,704610353,182,147090,30858,156912,4
spin_slow,spin,2.0,0.3,37.9424,33,704631647,183,1255,31054,156934,4
spin_slow,spin,2.0,0.3,37.9636,34,704652893,184,3832,31201,156917,4
spin_slow,spin,2.0,0.3,37.9837,35,704671665,185,57215,31347,156884,4
spin_slow,spin,2.0,0.3,38.0038,36,704694216,188,125357,31505,156918,4
spin_slow,spin,2.0,0.3,38.0231,37,704712946,186,14567,31615,156884,4
spin_slow,spin,2.0,0.3,38.0411,38,704731709,187,66698,31760,156871,4
spin_slow,spin,2.0,0.3,38.0538,39,704744244,187,1368,31836,156878,4
spin_slow,spin,2.0,0.3,38.0644,40,704755117,181,123857,31961,156900,4
spin_slow,spin,2.0,0.3,38.0844,41,704773020,188,30076,31991,156881,4
spin_slow,spin,2.0,0.3,38.1044,42,704793016,186,135007,32141,156853,4
spin_slow,spin,2.0,0.3,38.1254,43,704815542,190,41848,32293,156895,4
spin_slow,spin,2.0,0.3,38.1465,44,704834276,192,88806,32451,156892,4
spin_slow,spin,2.0,0.3,38.1644,45,704854331,192,46611,32570,156910,4
spin_slow,spin,2.0,0.3,38.1856,46,704873092,192,97464,32683,156893,4
spin_slow,spin,2.0,0.3,38.2067,47,704895615,193,4165,32832,156892,4
spin_slow,spin,2.0,0.3,38.2257,48,704914392,194,57957,32956,156923,4
spin_slow,spin,2.0,0.3,38.2438,49,704934427,194,11539,33068,156938,4
spin_slow,spin,2.0,0.3,38.268,50,704956941,195,73361,33252,156934,4
spin_slow,spin,2.0,0.3,38.2849,51,704975692,196,122843,33327,156857,4
spin_slow,spin,2.0,0.3,38.304,52,704994470,197,20446,33481,156878,4
spin_slow,spin,2.0,0.3,38.3261,53,705016991,203,82833,33670,156921,4
spin_slow,spin,2.0,0.3,38.345,54,705035766,199,136344,33790,156911,4
spin_slow,spin,2.0,0.3,38.3692,55,705058278,199,40861,34013,156892,4
spin_slow,spin,2.0,0.3,38.3893,56,705078302,194,150681,34161,156875,4
spin_slow,spin,2.0,0.3,38.4061,57,705097050,202,43290,34311,156866,4
spin_slow,spin,2.0,0.3,38.4293,58,705119580,202,108039,34437,156926,4
spin_slow,spin,2.0,0.3,38.4494,59,705139558,207,52418,34578,156879,4
spin_slow,spin,2.0,0.3,38.4688,60,705158382,211,114601,34731,156899,4
spin_slow,spin,2.0,0.3,38.4885,61,705178382,205,63192,34884,156853,4
spin_slow,spin,2.0,0.3,38.5228,62,705200891,206,124098,35083,156901,4
spin_slow,spin,2.0,0.3,38.5406,63,705221838,207,76488,35241,156917,4
spin_slow,spin,2.0,0.3,38.5645,64,705253305,208,91593,35453,156870,4
spin_slow,spin,2.0,0.3,38.5678,65,705254252,209,95657,35415,156875,0
spin_slow,spin,2.0,0.3,38.5743,66,705266342,208,111185,35529,156879,4
spin_slow,spin,2.0,0.3,38.5947,67,705283471,210,42332,35684,156881,4
spin_slow,spin,2.0,0.3,38.6152,68,705305984,211,104052,35838,156865,4
spin_slow,spin,2.0,0.3,38.6344,69,705324777,212,4217,35986,156877,4
spin_slow,spin,2.0,0.3,38.6546,70,705343523,215,53083,36192,156907,4
spin_slow,spin,2.0,0.3,38.6748,71,705366040,222,115694,36456,156908,4
spin_slow,spin,2.0,0.3,38.6982,72,705384800,216,9823,36573,156885,4
spin_slow,spin,2.0,0.3,38.7162,73,705407333,216,74960,36727,156895,4
spin_slow,spin,2.0,0.3,38.7353,74,705426064,217,120917,36831,156900,4
spin_slow,spin,2.0,0.3,38.7543,75,705444858,218,21105,36953,156905,4
spin_slow,spin,2.0,0.3,38.7766,76,705467386,224,85328,37139,156888,4
spin_slow,spin,2.0,0.3,38.7957,77,705486146,214,136561,37286,156886,4
spin_slow,spin,2.0,0.3,38.819,78,705508668,221,43252,37482,156888,4
spin_slow,spin,2.0,0.3,38.838,79,705527420,221,93268,37602,156930,4
spin_slow,spin,2.0,0.3,38.856,80,705547445,219,45696,37781,156883,4
spin_slow,spin,2.0,0.3,38.8762,81,705566202,224,96373,37944,156919,4
spin_slow,spin,2.0,0.3,38.8973,82,705588743,224,5768,38055,156899,4
spin_slow,spin,2.0,0.3,38.9164,83,705607494,231,55799,38165,156871,4
spin_slow,spin,2.0,0.3,38.9357,84,705626280,224,111491,38328,156932,4
spin_slow,spin,2.0,0.3,38.9549,85,705646301,227,62778,38433,156913,4
spin_slow,spin,2.0,0.3,38.9782,86,705668809,228,123682,38627,156898,4
spin_slow,spin,2.0,0.3,38.9963,87,705687584,228,20284,38745,156906,4
spin_slow,spin,2.0,0.3,39.0196,88,705710111,230,84344,38926,156877,4
spin_slow,spin,2.0,0.3,39.0397,89,705730104,231,32111,39079,156892,4
spin_slow,spin,2.0,0.3,39.0545,90,705745132,225,76490,39162,156924,4
spin_slow,spin,2.0,0.3,39.0597,91,705747660,231,35585,39165,156914,4
spin_slow,spin,2.0,0.3,39.0798,92,705770159,231,94630,39312,156871,4
spin_slow,spin,2.0,0.3,39.0997,93,705790190,232,48261,39433,156916,4
spin_slow,spin,2.0,0.3,39.1336,94,705808946,233,98472,39544,156886,4
spin_slow,spin,2.0,0.3,39.1484,95,705830828,233,52925,39718,156862,4
spin_slow,spin,2.0,0.3,39.1653,96,705850270,234,63734,39833,156859,4
spin_slow,spin,2.0,0.3,39.1802,97,705870247,235,8352,39994,156921,4
spin_slow,spin,2.0,0.3,39.2024,98,705892760,236,70243,40100,156867,4
spin_slow,spin,2.0,0.3,39.2203,99,705911512,230,120572,40260,156888,4
spin_slow,spin,2.0,0.3,39.2414,100,705930313,240,21502,40378,156924,4
spin_slow,spin,2.0,0.3,39.2646,101,705954064,238,136231,40568,156914,4
spin_slow,spin,2.0,0.3,39.2846,102,705975322,239,140895,40729,156920,4
spin_slow,spin,2.0,0.3,39.3035,103,705994124,241,41939,40872,156888,4
spin_slow,spin,2.0,0.3,39.3279,104,706016656,247,106495,41076,156932,4
spin_slow,spin,2.0,0.3,39.3448,105,706036678,243,57842,41220,156909,4
spin_slow,spin,2.0,0.3,39.3637,106,706055441,243,109150,41373,156903,4
spin_slow,spin,2.0,0.3,39.3861,107,706077948,244,12858,41523,156911,4
spin_slow,spin,2.0,0.3,39.4051,108,706096726,246,67625,41631,156909,4
spin_slow,spin,2.0,0.3,39.4294,109,706119232,246,127579,41805,156878,4
spin_slow,spin,2.0,0.3,39.4462,110,706138026,247,27895,41963,156862,4
spin_slow,spin,2.0,0.3,39.4695,111,706160527,248,88119,42127,156876,4
spin_slow,spin,2.0,0.3,39.4896,112,706179302,248,141627,42221,156836,4
spin_slow,spin,2.0,0.3,39.5066,113,706198075,253,38675,42429,156880,4
spin_slow,spin,2.0,0.3,39.5299,114,706220600,251,102941,42610,156861,4
spin_slow,spin,2.0,0.3,39.548,115,706239351,252,153543,42723,156836,4
spin_slow,spin,2.0,0.3,39.5607,116,706250219,252,118879,42797,156841,4
spin_slow,spin,2.0,0.3,39.565,117,706258580,252,128339,42924,156886,4
spin_slow,spin,2.0,0.3,39.5892,118,706279363,253,52921,43064,156872,4
spin_slow,spin,2.0,0.3,39.6052,119,706298150,255,109206,43258,156884,4
spin_slow,spin,2.0,0.3,39.6286,120,706319425,256,118053,43454,156844,4
spin_slow,spin,2.0,0.3,39.6509,121,706341919,257,19947,43607,156879,4
spin_slow,spin,2.0,0.3,39.6689,122,706359451,258,19354,43771,156902,4
spin_slow,spin,2.0,0.3,39.6901,123,706381948,259,78899,43947,156868,4
spin_slow,spin,2.0,0.3,39.7103,124,706400720,259,132623,44067,156878,4
spin_slow,spin,2.0,0.3,39.7283,125,706419500,261,30545,44244,156860,4
spin_slow,spin,2.0,0.3,39.7505,126,706442006,261,91330,44375,156886,4
spin_slow,spin,2.0,0.3,39.7716,127,706462026,262,42979,44521,156894,4
spin_slow,spin,2.0,0.3,39.7887,0,706480804,263,97409,44639,156896,4
spin_slow,spin,2.0,0.3,39.8248,1,706503305,264,156729,44754,156896,4
spin_slow,spin,2.0,0.3,39.8409,2,706523959,265,60166,44910,156894,4
spin_slow,spin,2.0,0.3,39.8526,3,706541761,265,105715,45057,156894,4
spin_slow,spin,2.0,0.3,39.8728,4,706563350,266,11277,45165,156852,4
spin_slow,spin,2.0,0.3,39.8939,5,706582126,266,65425,45326,156900,4
spin_slow,spin,2.0,0.3,39.9099,6,706602151,268,18123,45515,156879,4
spin_slow,spin,2.0,0.3,39.9343,7,706624659,276,79180,45673,156910,4
spin_slow,spin,2.0,0.3,39.9512,8,706643444,270,134773,45809,156848,4
spin_slow,spin,2.0,0.3,39.9713,9,706662179,271,25461,45924,156864,4
spin_slow,spin,2.0,0.3,39.9936,10,706684711,265,91196,46038,156847,4
spin_slow,spin,2.0,0.3,40.0136,11,706703481,272,144502,46201,156871,4
spin_slow,spin,2.0,0.3,40.0317,12,706722246,273,39753,46307,156853,4
spin_slow,spin,2.0,0.3,40.0572,13,706744780,273,105331,46425,156866,4
spin_slow,spin,2.0,0.3,40.0667,14,706753278,279,137971,46509,156898,4
spin_slow,spin,2.0,0.3,40.0731,15,706764021,274,81421,46588,156908,4
spin_slow,spin,2.0,0.3,40.0942,16,706784777,275,1291,46735,156883,4
spin_slow,spin,2.0,0.3,40.1133,17,706803580,276,60087,46851,156893,4
spin_slow,spin,2.0,0.3,40.1344,18,706826111,271,125045,47010,156912,4
spin_slow,spin,2.0,0.3,40.1535,19,706844876,277,20015,47123,156918,4
spin_slow,spin,2.0,0.3,40.1736,20,706863624,278,68836,47235,156903,4
spin_slow,spin,2.0,0.3,40.1949,21,706886166,279,135460,47325,156840,4
spin_slow,spin,2.0,0.3,40.2128,22,706904924,280,30174,47454,156893,4
spin_slow,spin,2.0,0.3,40.2307,23,706923676,281,80431,47674,156857,4
spin_slow,spin,2.0,0.3,40.2539,24,706946199,281,144758,47792,156860,4
spin_slow,spin,2.0,0.3,40.2739,25,706964960,282,39802,47983,156878,4
spin_slow,spin,2.0,0.3,40.295,26,706987485,284,103606,48179,156892,4
spin_slow,spin,2.0,0.3,40.3139,27,707006268,284,2127,48305,156906,4
spin_slow,spin,2.0,0.3,40.336,28,707028755,285,60153,48440,156895,4
spin_slow,spin,2.0,0.3,40.355,29,707047530,285,114306,48508,156844,4
spin_slow,spin,2.0,0.3,40.3792,30,707071294,287,75251,48704,156880,4
spin_slow,spin,2.0,0.3,40.3992,31,707091279,288,21510,48863,156877,4
spin_slow,spin,2.0,0.3,40.4192,32,707110072,288,78880,49036,156832,4
spin_slow,spin,2.0,0.3,40.4644,33,707139929,290,134530,49274,156872,4
spin_slow,spin,2.0,0.3,40.4802,34,707159387,291,148148,49448,156934,4
spin_slow,spin,2.0,0.3,40.4897,35,707180773,291,17988,49551,156885,4
spin_slow,spin,2.0,0.3,40.5003,36,707192644,292,153472,49665,156874,4
spin_slow,spin,2.0,0.3,40.5213,37,707213928,293,6371,49810,156843,4
spin_slow,spin,2.0,0.3,40.5403,38,707232673,294,55824,49957,156865,4
spin_slow,spin,2.0,0.3,40.5614,39,707252656,296,2427,50149,156841,4
spin_slow,spin,2.0,0.3,40.5646,40,707253602,295,6453,50145,156852,0
spin_slow,spin,2.0,0.3,40.5814,41,707273947,299,14144,50374,156840,4
spin_slow,spin,2.0,0.3,40.6004,42,707292702,298,64853,50587,156911,4
spin_slow,spin,2.0,0.3,40.6239,43,707315241,299,131161,50726,156849,4
spin_slow,spin,2.0,0.3,40.6408,44,707334001,299,26061,50849,156880,4
spin_slow,spin,2.0,0.3,40.6597,45,707352777,301,80369,50986,156842,4
spin_slow,spin,2.0,0.3,40.6872,46,707375264,300,138155,51149,156878,4
spin_slow,spin,2.0,0.3,40.7009,47,707394060,301,39109,51261,156880,4
spin_slow,spin,2.0,0.3,40.7241,48,707416591,303,104319,51413,156882,4
spin_slow,spin,2.0,0.3,40.7441,49,707435337,302,153871,51533,156882,4
spin_slow,spin,2.0,0.3,40.7652,50,707457838,303,57212,51715,156861,4
spin_slow,spin,2.0,0.3,40.7873,51,707476607,305,110890,51863,156836,4
spin_slow,spin,2.0,0.3,40.8064,52,707499114,312,15554,52030,156888,4
spin_slow,spin,2.0,0.3,40.8253,53,707517885,307,69145,52178,156858,4
spin_slow,spin,2.0,0.3,40.8444,54,707536656,299,122649,52291,156882,4
spin_slow,spin,2.0,0.3,40.8655,55,707557898,308,126026,52423,156830,4
spin_slow,spin,2.0,0.3,40.8845,56,707576691,309,27006,52589,156857,4
spin_slow,spin,2.0,0.3,40.9077,57,707599196,311,88136,52746,156862,4
spin_slow,spin,2.0,0.3,40.9256,58,707617955,311,139709,52895,156866,4
spin_slow,spin,2.0,0.3,40.9446,59,707636716,312,34975,53013,156872,4
spin_slow,spin,2.0,0.3,40.9657,60,707659246,313,100097,53203,156889,4
spin_slow,spin,2.0,0.3,40.9858,61,707677975,317,146146,53270,156876,4
spin_slow,spin,2.0,0.3,41.0089,62,707700520,314,57035,53426,156847,4
spin_slow,spin,2.0,0.3,41.031,63,707723028,315,118339,53629,156888,4
spin_slow,spin,2.0,0.3,41.0489,64,707740566,322,118806,53700,156878,4
spin_slow,spin,2.0,0.3,41.0605,65,707752617,317,128023,53818,156896,4
spin_slow,spin,2.0,0.3,41.0658,66,707761003,317,141885,53876,156842,4
spin_slow,spin,2.0,0.3,41.089,67,707781834,313,75548,54000,156869,4
spin_slow,spin,2.0,0.3,41.109,68,707800610,318,130242,54104,156834,4
spin_slow,spin,2.0,0.3,41.1447,69,707826871,320,45755,54266,156854,4
spin_slow,spin,2.0,0.3,41.1521,70,707843751,313,91844,54384,156863,4
spin_slow,spin,2.0,0.3,41.169,71,707860655,321,142235,54537,156864,4
spin_slow,spin,2.0,0.3,41.19,72,707883137,323,42012,54691,156884,4
spin_slow,spin,2.0,0.3,41.209,73,707901929,323,99488,54835,156854,4
spin_slow,spin,2.0,0.3,41.2312,74,707924434,323,3430,54989,156862,4
spin_slow,spin,2.0,0.3,41.2512,75,707943160,325,49608,55170,156842,4
spin_slow,spin,2.0,0.3,41.2701,76,707963218,325,8165,55314,156900,4
spin_slow,spin,2.0,0.3,41.2943,77,707985750,327,73588,55480,156826,4
spin_slow,spin,2.0,0.3,41.3112,78,708004502,325,124117,55681,156869,4
spin_slow,spin,2.0,0.3,41.3343,79,708027015,329,29886,55794,156867,4
spin_slow,spin,2.0,0.3,41.3543,80,708045763,329,79833,55941,156869,4
spin_slow,spin,2.0,0.3,41.3754,81,708068263,330,139629,56139,156882,4
spin_slow,spin,2.0,0.3,41.3945,82,708087070,331,41893,56313,156930,4
spin_slow,spin,2.0,0.3,41.4166,83,708109557,332,99337,56418,156895,4
spin_slow,spin,2.0,0.3,41.4355,84,708128334,333,153504,56594,156876,4
spin_slow,spin,2.0,0.3,41.4598,85,708150851,337,59683,56746,156884,4
spin_slow,spin,2.0,0.3,41.4767,86,708169633,336,115561,56981,156895,4
spin_slow,spin,2.0,0.3,41.4957,87,708188364,343,5331,57137,156888,4
spin_slow,spin,2.0,0.3,41.5179,88,708210890,337,69986,57348,156858,4
spin_slow,spin,2.0,0.3,41.5358,89,708229674,338,126159,57512,156885,4
spin_slow,spin,2.0,0.3,41.559,90,708249691,343,77993,57650,156846,4
spin_slow,spin,2.0,0.3,41.559,91,708250625,339,79954,57646,156844,0
spin_slow,spin,2.0,0.3,41.5781,92,708270957,340,85137,57817,156914,4
spin_slow,spin,2.0,0.3,41.5992,93,708289724,345,137566,57944,156890,4
spin_slow,spin,2.0,0.3,41.6161,94,708309729,341,86876,58081,156872,4
spin_slow,spin,2.0,0.3,41.6395,95,708332269,336,153236,58279,156894,4
spin_slow,spin,2.0,0.3,41.6596,96,708351032,344,47689,58410,156951,4
spin_slow,spin,2.0,0.3,41.6776,97,708369783,345,96989,58553,156926,4
spin_slow,spin,2.0,0.3,41.6989,98,708392327,347,7194,58695,156894,4
spin_slow,spin,2.0,0.3,41.7189,99,708411087,346,58229,58860,156913,4
spin_slow,spin,2.0,0.3,41.7633,100,708433600,346,119379,58957,156874,4
spin_slow,spin,2.0,0.3,41.7791,101,708464455,349,30607,59202,156907,4
spin_slow,spin,2.0,0.3,41.7886,102,708478032,349,142092,59299,156865,4
spin_slow,spin,2.0,0.3,41.7992,103,708491432,354,66901,59389,156902,4
spin_slow,spin,2.0,0.3,41.8192,104,708512388,350,20652,59532,156897,4
spin_slow,spin,2.0,0.3,41.8413,105,708534944,352,89226,59773,156914,4
spin_slow,spin,2.0,0.3,41.8603,106,708553700,353,139103,59916,156924,4
spin_slow,spin,2.0,0.3,41.8793,107,708572488,353,38176,60033,156881,4
spin_slow,spin,2.0,0.3,41.9014,108,708594981,355,96491,60193,156928,4
spin_slow,spin,2.0,0.3,41.9203,109,708613777,357,153658,60268,156906,4
spin_slow,spin,2.0,0.3,41.9445,110,708636298,356,60146,60459,156918,4
spin_slow,spin,2.0,0.3,41.9615,111,708655058,356,110687,60547,156898,4
spin_slow,spin,2.0,0.3,41.9804,112,708673821,357,5794,60678,156895,4
spin_slow,spin,2.0,0.3,42.0046,113,708696347,358,69133,60836,156912,4
spin_slow,spin,2.0,0.3,42.0246,114,708715103,358,119433,60942,156872,4
spin_slow,spin,2.0,0.3,42.0418,115,708735141,358,73288,61104,156920,4
spin_slow,spin,2.0,0.3,42.065,116,708755118,360,17906,61202,156867,4
spin_slow,spin,2.0,0.3,42.065,117,708756069,360,22703,61199,156865,0
spin_slow,spin,2.0,0.3,42.0839,118,708777696,361,89969,61383,156946,4
spin_slow,spin,2.0,0.3,42.104,119,708796457,367,141234,61431,156871,4
spin_slow,spin,2.0,0.3,42.1208,120,708815164,362,26057,61600,156920,4
spin_slow,spin,2.0,0.3,42.144,121,708837749,364,98788,61759,156931,4
spin_slow,spin,2.0,0.3,42.164,122,708856518,365,151058,61909,156918,4
spin_slow,spin,2.0,0.3,42.185,123,708879038,369,56260,62090,156903,4
spin_slow,spin,2.0,0.3,42.2053,124,708897821,369,111443,62286,156895,4
spin_slow,spin,2.0,0.3,42.2264,125,708920326,368,14818,62434,156903,4
spin_slow,spin,2.0,0.3,42.2454,126,708939095,374,67527,62590,156903,4
spin_slow,spin,2.0,0.3,42.2696,127,708961625,367,131866,62744,156926,4
spin_slow,spin,2.0,0.3,42.2865,0,708980394,370,26870,62879,156968,4
spin_slow,spin,2.0,0.3,42.3056,1,708999157,364,77771,63014,156954,4
spin_slow,spin,2.0,0.3,42.3279,2,709021688,372,141864,63198,156898,4
spin_slow,spin,2.0,0.3,42.3461,3,709040437,373,34426,63341,156896,4
spin_slow,spin,2.0,0.3,42.3674,4,709059210,374,87327,63528,156895,4
spin_slow,spin,2.0,0.3,42.3887,5,709081731,369,150176,63724,156899,4
spin_slow,spin,2.0,0.3,42.4058,6,709100513,375,48358,63841,156907,4
spin_slow,spin,2.0,0.3,42.446,7,709133034,377,85410,64103,156869,4
spin_slow,spin,2.0,0.3,42.4546,8,709147411,378,19394,64171,156871,4
spin_slow,spin,2.0,0.3,42.4686,9,709160559,381,58246,64315,156864,4
spin_slow,spin,2.0,0.3,42.4867,10,709180581,379,9838,64537,156932,4
spin_slow,spin,2.0,0.3,42.509,11,709203098,380,71912,64756,156900,4
spin_slow,spin,2.0,0.3,42.5271,12,709221876,383,126290,64917,156914,4
spin_slow,spin,2.0,0.3,42.5516,13,709244414,384,35338,65058,156902,4
spin_slow,spin,2.0,0.3,42.5591,14,709252794,383,47757,65147,156913,4
spin_slow,spin,2.0,0.3,42.5676,15,709262706,384,6534,65219,156917,4
spin_slow,spin,2.0,0.3,42.5888,16,709283199,385,37836,65347,156946,4
spin_slow,spin,2.0,0.3,42.6122,17,709301939,385,85369,65471,156892,4
spin_slow,spin,2.0,0.3,42.6302,18,709324458,384,148169,65632,156880,4
spin_slow,spin,2.0,0.3,42.6494,19,709343248,387,47999,65780,156894,4
spin_slow,spin,2.0,0.3,42.6716,20,709361988,387,96102,65860,156897,4
spin_slow,spin,2.0,0.3,42.6928,21,709384477,388,154033,66037,156860,4
spin_slow,spin,2.0,0.3,42.7107,22,709404538,389,112868,66239,156893,4
spin_slow,spin,2.0,0.3,42.7296,23,709423319,390,11012,66354,156879,4
spin_slow,spin,2.0,0.3,42.7539,24,709447070,391,126062,66506,156917,4
spin_slow,spin,2.0,0.3,42.7707,25,709465836,393,20858,66686,156944,4
spin_slow,spin,2.0,0.3,42.7907,26,709484616,393,75472,66814,156903,4
spin_slow,spin,2.0,0.3,42.8139,27,709507147,394,140111,67009,156906,4
spin_slow,spin,2.0,0.3,42.8317,28,709525915,395,35454,67114,156881,4
spin_slow,spin,2.0,0.3,42.8549,29,709548422,396,96259,67271,156894,4
spin_slow,spin,2.0,0.3,42.8739,30,709567199,397,150496,67419,156898,4
spin_slow,spin,2.0,0.3,42.895,31,709589693,397,52024,67567,156888,4
spin_slow,spin,2.0,0.3,42.9139,32,709608478,392,107528,67728,156893,4
spin_slow,spin,2.0,0.3,42.9392,33,709632241,400,67501,67885,156924,4
spin_slow,spin,2.0,0.3,42.9539,34,709648509,400,9099,67950,156891,4
spin_slow,spin,2.0,0.3,42.976,35,709671040,404,73675,68121,156932,4
spin_slow,spin,2.0,0.3,42.995,36,709689756,401,117407,68219,156881,4
spin_slow,spin,2.0,0.3,43.0192,37,709712309,402,28865,68410,156897,4
spin_slow,spin,2.0,0.3,43.036,38,709731068,404,79779,68507,156883,4
spin_slow,spin,2.0,0.3,43.0939,39,709782228,405,148954,68854,156904,4
spin_slow,spin,2.0,0.3,43.0971,40,709783173,405,152669,68866,156889,0
spin_slow,spin,2.0,0.3,43.0971,41,709784885,406,129958,68932,156908,4
spin_slow,spin,2.0,0.3,43.1045,42,709796886,406,130987,68959,156837,4
spin_slow,spin,2.0,0.3,43.1162,43,709811138,407,43998,69075,156843,4
spin_slow,spin,2.0,0.3,43.1393,44,709833648,406,106180,69264,156827,4
spin_slow,spin,2.0,0.3,43.1593,45,709852413,407,2548,69425,156854,4
spin_slow,spin,2.0,0.3,43.1814,46,709874937,409,67251,69569,156849,4
spin_slow,spin,2.0,0.3,43.2004,47,709894943,411,17184,69779,156879,4
spin_slow,spin,2.0,0.3,43.2195,48,709913701,411,68784,69912,156858,4
spin_slow,spin,2.0,0.3,43.2416,49,709936224,413,132944,70115,156868,4
spin_slow,spin,2.0,0.3,43.2606,50,709954990,413,29286,70259,156854,4
spin_slow,spin,2.0,0.3,43.2795,51,709973755,414,81886,70394,156917,4
spin_slow,spin,2.0,0.3,43.3038,52,709997490,422,37653,70609,156878,4
spin_slow,spin,2.0,0.3,43.3217,53,710016283,418,95061,70741,156906,4
spin_slow,spin,2.0,0.3,43.3407,54,710035020,417,142646,70852,156906,4
spin_slow,spin,2.0,0.3,43.3639,55,710057571,417,54062,70986,156854,4
spin_slow,spin,2.0,0.3,43.3817,56,710076329,419,104806,71211,156919,4
spin_slow,spin,2.0,0.3,43.4039,57,710098862,420,12151,71343,156887,4
spin_slow,spin,2.0,0.3,43.4239,58,710117623,420,63815,71552,156870,4
spin_slow,spin,2.0,0.3,43.4407,59,710136379,422,114522,71745,156872,4
spin_slow,spin,2.0,0.3,43.4639,60,710158908,423,22330,71988,156883,4
spin_slow,spin,2.0,0.3,43.4839,61,710177674,424,74370,72115,156909,4
spin_slow,spin,2.0,0.3,43.505,62,710200181,427,134979,72289,156882,4
spin_slow,spin,2.0,0.3,43.525,63,710220215,426,89246,72439,156877,4
spin_slow,spin,2.0,0.3,43.544,64,710238956,427,137629,72560,156888,4
spin_slow,spin,2.0,0.3,43.5598,65,710253968,428,22198,72716,156907,4
spin_slow,spin,2.0,0.3,43.5661,66,710262410,428,45251,72765,156921,4
spin_slow,spin,2.0,0.3,43.5862,67,710281486,430,149796,72910,156912,4
spin_slow,spin,2.0,0.3,43.6052,68,710300274,429,49132,73014,156893,4
spin_slow,spin,2.0,0.3,43.6242,69,710319034,431,100207,73141,156913,4
spin_slow,spin,2.0,0.3,43.6464,70,710341567,431,8184,73330,156919,4
spin_slow,spin,2.0,0.3,43.6653,71,710360333,433,60434,73461,156872,4
spin_slow,spin,2.0,0.3,43.6906,72,710382846,433,122690,73644,156856,4
spin_slow,spin,2.0,0.3,43.7077,73,710402891,434,78547,73798,156896,4
spin_slow,spin,2.0,0.3,43.7321,74,710421405,435,88126,73931,156901,4
spin_slow,spin,2.0,0.3,43.7595,75,710450394,438,152000,74165,156894,4
spin_slow,spin,2.0,0.3,43.7658,76,710462562,437,24276,74215,156843,4
spin_slow,spin,2.0,0.3,43.789,77,710484211,444,96037,74401,156925,4
spin_slow,spin,2.0,0.3,43.809,78,710502970,439,147208,74499,156898,4
spin_slow,spin,2.0,0.3,43.8259,79,710521721,445,40189,74651,156873,4
spin_slow,spin,2.0,0.3,43.849,80,710544220,442,99273,74760,156869,4
spin_slow,spin,2.0,0.3,43.8711,81,710563008,441,155227,74936,156920,4
spin_slow,spin,2.0,0.3,43.8901,82,710585541,441,63628,75020,156857,4
spin_slow,spin,2.0,0.3,43.9143,83,710605478,442,1718,75132,156865,4
spin_slow,spin,2.0,0.3,43.9311,84,710626818,444,20880,75343,156897,4
spin_slow,spin,2.0,0.3,43.9501,85,710645591,444,74662,75423,156828,4
spin_slow,spin,2.0,0.3,43.9743,86,710668091,441,134733,75565,156866,4
spin_slow,spin,2.0,0.3,43.9911,87,710686868,445,32334,75701,156870,4
spin_slow,spin,2.0,0.3,44.0102,88,710705615,446,81550,75861,156896,4
spin_slow,spin,2.0,0.3,44.0345,89,710728148,447,146624,75967,156902,4
spin_slow,spin,2.0,0.3,44.0515,90,710746895,448,38758,76098,156879,4
spin_slow,spin,2.0,0.3,44.0599,91,710757705,446,150610,76134,156882,4
spin_slow,spin,2.0,0.3,44.0715,92,710766464,455,70707,76261,156903,4
spin_slow,spin,2.0,0.3,44.0908,93,710786953,449,102083,76446,156883,4
spin_slow,spin,2.0,0.3,44.1142,94,710809449,451,4331,76672,156893,4
spin_slow,spin,2.0,0.3,44.1344,95,710829460,456,111336,76832,156903,4
spin_slow,spin,2.0,0.3,44.1545,96,710848242,452,9432,76971,156877,4
spin_slow,spin,2.0,0.3,44.1715,97,710867005,453,61297,77153,156936,4
spin_slow,spin,2.0,0.3,44.1947,98,710889529,455,124032,77332,156911,4
spin_slow,spin,2.0,0.3,44.214,99,710908309,456,21261,77409,156916,4
spin_slow,spin,2.0,0.3,44.2309,100,710927078,463,73641,77560,156921,4
spin_slow,spin,2.0,0.3,44.2551,101,710949598,454,136066,77757,156917,4
spin_slow,spin,2.0,0.3,44.2741,102,710968373,458,32882,77881,156877,4
spin_slow,spin,2.0,0.3,44.291,103,710987131,462,83524,78020,156915,4
spin_slow,spin,2.0,0.3,44.3142,104,711009660,460,147538,78271,156890,4
spin_slow,spin,2.0,0.3,44.3342,105,711028422,461,42152,78391,156907,4
spin_slow,spin,2.0,0.3,44.3679,106,711050935,462,103704,78550,156904,4
spin_slow,spin,2.0,0.3,44.389,107,711072742,463,45364,78733,156891,4
spin_slow,spin,2.0,0.3,44.4006,108,711094121,463,70919,78972,156899,4
spin_slow,spin,2.0,0.3,44.4144,109,711108497,465,4824,79092,156862,4
spin_slow,spin,2.0,0.3,44.4365,110,711130966,473,58966,79282,156910,4
spin_slow,spin,2.0,0.3,44.4566,111,711152273,470,72606,79445,156880,4
spin_slow,spin,2.0,0.3,44.4755,112,711171034,468,124265,79614,156876,4
spin_slow,spin,2.0,0.3,44.4997,113,711193558,469,31648,79754,156868,4
spin_slow,spin,2.0,0.3,44.5187,114,711212332,470,85890,79901,156872,4
spin_slow,spin,2.0,0.3,44.5361,115,711232329,470,33951,80013,156858,4
spin_slow,spin,2.0,0.3,44.5616,116,711256046,472,144057,80167,156897,4
spin_slow,spin,2.0,0.3,44.5648,117,711256999,475,149269,80210,156869,0
spin_slow,spin,2.0,0.3,44.5765,118,711272371,471,95328,80314,156859,4
spin_slow,spin,2.0,0.3,44.5998,119,711294892,478,1798,80484,156896,4
spin_slow,spin,2.0,0.3,44.6178,120,711313658,474,54700,80611,156849,4
spin_slow,spin,2.0,0.3,44.6358,121,711332412,475,105741,80720,156880,4
spin_slow,spin,2.0,0.3,44.6592,122,711354933,475,12761,80876,156832,4
spin_slow,spin,2.0,0.3,44.6794,123,711373700,475,66204,81013,156874,4
spin_slow,spin,2.0,0.3,44.7006,124,711396211,477,128364,81195,156866,4
spin_slow,spin,2.0,0.3,44.7196,125,711414923,483,14753,81316,156883,4
spin_slow,spin,2.0,0.3,44.7398,126,711433749,486,77394,81512,156897,4
spin_slow,spin,2.0,0.3,44.76,127,711456241,475,135191,81632,156900,4
spin_slow,spin,2.0,0.3,44.7791,0,711475037,481,35632,81791,156907,4
spin_slow,spin,2.0,0.3,44.7982,1,711493787,482,85235,81919,156872,4
spin_slow,spin,2.0,0.3,44.8204,2,711516318,483,150048,82083,156908,4
spin_slow,spin,2.0,0.3,44.8395,3,711535087,484,45978,82180,156869,4
spin_slow,spin,2.0,0.3,44.8616,4,711557587,480,105654,82342,156897,4
spin_slow,spin,2.0,0.3,44.8808,5,711576341,485,156161,82462,156877,4
spin_slow,spin,2.0,0.3,44.8987,6,711595138,486,56592,82547,156903,4
spin_slow,spin,2.0,0.3,44.9209,7,711617646,487,117107,82695,156900,4
spin_slow,spin,2.0,0.3,44.9399,8,711636403,487,11298,82814,156906,4
spin_slow,spin,2.0,0.3,44.9641,9,711658916,488,72948,82998,156901,4
spin_slow,spin,2.0,0.3,44.9809,10,711677693,488,127427,83104,156885,4
spin_slow,spin,2.0,0.3,45.0041,11,711700214,496,33936,83303,156890,4
spin_slow,spin,2.0,0.3,45.0337,12,711720188,489,134716,83506,156898,4
spin_slow,spin,2.0,0.3,45.0527,13,711739910,493,35037,83661,156923,4
spin_slow,spin,2.0,0.3,45.0674,14,711757937,493,118509,83803,156896,4
spin_slow,spin,2.0,0.3,45.0696,15,711758883,493,122370,83806,156907,0
spin_slow,spin,2.0,0.3,45.0843,16,711779034,493,96229,83898,156889,4
spin_slow,spin,2.0,0.3,45.1054,17,711801538,495,156601,84070,156917,4
spin_slow,spin,2.0,0.3,45.1243,18,711820321,496,54668,84196,156922,4
spin_slow,spin,2.0,0.3,45.1465,19,711842834,497,116339,84425,156907,4
spin_slow,spin,2.0,0.3,45.1654,20,711861597,497,10863,84520,156884,4
spin_slow,spin,2.0,0.3,45.1896,21,711884151,499,78790,84728,156924,4
spin_slow,spin,2.0,0.3,45.2096,22,711904156,500,27571,84924,156950,4
spin_slow,spin,2.0,0.3,45.2266,23,711922892,500,74406,85035,156919,4
spin_slow,spin,2.0,0.3,45.2487,24,711945435,501,140772,85195,156892,4
spin_slow,spin,2.0,0.3,45.2688,25,711964190,502,34108,85336,156919,4
spin_slow,spin,2.0,0.3,45.2889,26,711985444,503,38719,85501,156866,4
spin_slow,spin,2.0,0.3,45.3089,27,712004229,504,94412,85670,156891,4
spin_slow,spin,2.0,0.3,45.3299,28,712026737,505,155527,85824,156923,4
spin_slow,spin,2.0,0.3,45.349,29,712045516,513,52558,86094,156914,4
spin_slow,spin,2.0,0.3,45.369,30,712064276,512,103702,86272,156855,4
spin_slow,spin,2.0,0.3,45.39,31,712086797,509,9563,86493,156944,4
spin_slow,spin,2.0,0.3,45.4143,32,712109319,509,72278,86620,156900,4
spin_slow,spin,2.0,0.3,45.4344,33,712128089,510,124521,86691,156905,4
spin_slow,spin,2.0,0.3,45.4533,34,712149351,509,130517,86892,156898,4
spin_slow,spin,2.0,0.3,45.4713,35,712168126,512,27154,87045,156909,4
spin_slow,spin,2.0,0.3,45.4923,36,712186892,514,79103,87165,156921,4
spin_slow,spin,2.0,0.3,45.5102,37,712206907,513,29959,87301,156914,4
spin_slow,spin,2.0,0.3,45.5344,38,712229427,515,92623,87536,156881,4
spin_slow,spin,2.0,0.3,45.5534,39,712248206,516,147245,87618,156913,4
spin_slow,spin,2.0,0.3,45.564,40,712259001,516,99228,87730,156894,4
spin_slow,spin,2.0,0.3,45.5746,41,712270264,516,131309,87772,156902,4
spin_slow,spin,2.0,0.3,45.5938,42,712290738,516,3277,87906,156883,4
spin_slow,spin,2.0,0.3,45.615,43,712309502,518,54984,88059,156884,4
spin_slow,spin,2.0,0.3,45.6342,44,712329542,520,10007,88220,156896,4
spin_slow,spin,2.0,0.3,45.6554,45,712352034,520,67825,88345,156915,4
spin_slow,spin,2.0,0.3,45.6945,46,712380656,522,69224,88584,156871,4
spin_slow,spin,2.0,0.3,45.7019,47,712397725,522,146779,88667,156895,4
spin_slow,spin,2.0,0.3,45.7146,48,712409800,522,3068,88835,156910,4
spin_slow,spin,2.0,0.3,45.7346,49,712429609,523,75673,88948,156915,4
spin_slow,spin,2.0,0.3,45.7577,50,712452138,524,140138,89096,156876,4
spin_slow,spin,2.0,0.3,45.7756,51,712472137,524,88796,89163,156879,4
spin_slow,spin,2.0,0.3,45.7988,52,712490912,523,142716,89277,156877,4
spin_slow,spin,2.0,0.3,45.8166,53,712513420,526,47332,89430,156870,4
spin_slow,spin,2.0,0.3,45.8366,54,712533421,521,152483,89632,156917,4
spin_slow,spin,2.0,0.3,45.8556,55,712552201,529,50614,89835,156922,4
spin_slow,spin,2.0,0.3,45.8787,56,712574729,529,114802,89923,156889,4
spin_slow,spin,2.0,0.3,45.8966,57,712593471,530,6621,90037,156886,4
spin_slow,spin,2.0,0.3,45.9187,58,712616022,529,75343,90195,156885,4
spin_slow,spin,2.0,0.3,45.9387,59,712634758,537,122355,90321,156908,4
spin_slow,spin,2.0,0.3,45.9599,60,712654792,533,76499,90434,156909,4
spin_slow,spin,2.0,0.3,45.9789,61,712674809,540,27478,90593,156906,4
spin_slow,spin,2.0,0.3,45.9999,62,712697335,535,90701,90739,156906,4
spin_slow,spin,2.0,0.3,46.02,63,712717327,535,38675,90955,156891,4
spin_slow,spin,2.0,0.3,46.0394,64,712736092,536,90574,91110,156893,4
spin_slow,spin,2.0,0.3,46.0638,65,712759830,537,46581,91309,156921,4
spin_slow,spin,2.0,0.3,46.0659,66,712760777,537,50595,91369,156937,0
spin_slow,spin,2.0,0.3,46.0796,67,712776145,538,152840,91441,156868,4
spin_slow,spin,2.0,0.3,46.1008,68,712798659,544,58004,91582,156861,4
spin_slow,spin,2.0,0.3,46.1199,69,712817411,541,107954,91768,156907,4
spin_slow,spin,2.0,0.3,46.1442,70,712837400,541,54003,91907,156887,4
spin_slow,spin,2.0,0.3,46.1612,71,712858707,541,67601,92025,156911,4
spin_slow,spin,2.0,0.3,46.1802,72,712877486,543,122142,92226,156899,4
spin_slow,spin,2.0,0.3,46.1993,73,712896247,544,16499,92404,156943,4
spin_slow,spin,2.0,0.3,46.2248,74,712918756,545,77054,92572,156916,4
spin_slow,spin,2.0,0.3,46.2418,75,712938754,548,25314,92725,156848,4
spin_slow,spin,2.0,0.3,46.2599,76,712957538,546,80884,92851,156871,4
spin_slow,spin,2.0,0.3,46.2853,77,712980046,548,141589,93063,156912,4
spin_slow,spin,2.0,0.3,46.3022,78,712998824,549,38667,93277,156943,4
spin_slow,spin,2.0,0.3,46.3213,79,713017590,550,90392,93413,156926,4
spin_slow,spin,2.0,0.3,46.3551,80,713041366,549,52062,93653,156942,4
spin_slow,spin,2.0,0.3,46.3625,81,713059707,552,31450,93786,156908,4
spin_slow,spin,2.0,0.3,46.3805,82,713077667,553,103197,93911,156901,4
spin_slow,spin,2.0,0.3,46.4048,83,713100188,553,8671,94062,156927,4
spin_slow,spin,2.0,0.3,46.4218,84,713118919,554,54582,94165,156908,4
spin_slow,spin,2.0,0.3,46.4398,85,713137720,555,112724,94313,156888,4
spin_slow,spin,2.0,0.3,46.4642,86,713160226,556,16490,94474,156902,4
spin_slow,spin,2.0,0.3,46.4811,87,713179006,556,70980,94577,156886,4
spin_slow,spin,2.0,0.3,46.5043,88,713201527,558,133598,94752,156937,4
spin_slow,spin,2.0,0.3,46.5232,89,713220306,559,30624,94905,156924,4
spin_slow,spin,2.0,0.3,46.5412,90,713239058,559,80514,95044,156911,4
spin_slow,spin,2.0,0.3,46.5666,91,713262762,560,30432,95199,156923,4
spin_slow,spin,2.0,0.3,46.5687,92,713263709,561,34443,95259,156938,0
spin_slow,spin,2.0,0.3,46.5814,93,713279085,562,137941,95345,156878,4
spin_slow,spin,2.0,0.3,46.6046,94,713301615,562,45605,95524,156882,4
spin_slow,spin,2.0,0.3,46.6246,95,713320383,563,97665,95668,156966,4
spin_slow,spin,2.0,0.3,46.6416,96,713339126,563,145604,95751,156915,4
spin_slow,spin,2.0,0.3,46.664,97,713361661,564,54299,95914,156892,4
spin_slow,spin,2.0,0.3,46.6843,98,713380433,565,107369,96076,156919,4
spin_slow,spin,2.0,0.3,46.7045,99,713401673,566,109410,96220,156891,4
spin_slow,spin,2.0,0.3,46.7247,100,713420478,567,11163,96355,156924,4
spin_slow,spin,2.0,0.3,46.7438,101,713440483,567,116995,96467,156909,4
spin_slow,spin,2.0,0.3,46.7651,102,713462995,569,21621,96623,156876,4
spin_slow,spin,2.0,0.3,46.7853,103,713481750,571,72188,96782,156889,4
spin_slow,spin,2.0,0.3,46.8045,104,713500516,570,124801,96899,156877,4
spin_slow,spin,2.0,0.3,46.8258,105,713523031,571,29920,97016,156899,4
spin_slow,spin,2.0,0.3,46.8448,106,713543052,572,138880,97123,156881,4
spin_slow,spin,2.0,0.3,46.8638,107,713561813,572,33745,97246,156887,4
spin_slow,spin,2.0,0.3,46.8892,108,713584326,573,95982,97375,156913,4
spin_slow,spin,2.0,0.3,46.9061,109,713604357,580,49441,97499,156878,4
spin_slow,spin,2.0,0.3,46.9261,110,713624356,575,154354,97694,156914,4
spin_slow,spin,2.0,0.3,46.9461,111,713644393,569,108359,97908,156927,4
spin_slow,spin,2.0,0.3,46.979,112,713663028,569,137866,98050,156912,4
spin_slow,spin,2.0,0.3,46.9938,113,713685218,577,144608,98174,156852,4
spin_slow,spin,2.0,0.3,47.0044,114,713703424,578,101610,98349,156905,4
spin_slow,spin,2.0,0.3,47.0265,115,713724452,579,67302,98469,156906,4
spin_slow,spin,2.0,0.3,47.0455,116,713743234,580,122194,98611,156895,4
spin_slow,spin,2.0,0.3,47.0665,117,713763161,581,58510,98794,156872,4
spin_slow,spin,2.0,0.3,47.0697,118,713764132,581,66769,98784,156864,0
spin_slow,spin,2.0,0.3,47.0866,119,713784507,582,79066,98982,156871,4
spin_slow,spin,2.0,0.3,47.1076,120,713803262,583,129899,99138,156881,4
spin_slow,spin,2.0,0.3,47.1255,121,713823287,582,82157,99267,156899,4
spin_slow,spin,2.0,0.3,47.1497,122,713845790,584,141690,99524,156955,4
spin_slow,spin,2.0,0.3,47.1666,123,713864570,586,38787,99605,156900,4
spin_slow,spin,2.0,0.3,47.1897,124,713887096,587,102096,99769,156904,4
spin_slow,spin,2.0,0.3,47.2089,125,713905869,587,155225,99903,156877,4
spin_slow,spin,2.0,0.3,47.23,126,713928386,589,60232,100169,156934,4
spin_slow,spin,2.0,0.3,47.249,127,713945898,591,55707,100355,156878,4
spin_slow,spin,2.0,0.3,47.27,0,713968374,592,111568,100529,156934,4
spin_slow,spin,2.0,0.3,47.289,1,713987183,593,14293,100615,156872,4
spin_slow,spin,2.0,0.3,47.3111,2,714009700,593,76856,100793,156904,4
spin_slow,spin,2.0,0.3,47.3342,3,714028471,594,129674,100921,156903,4
spin_slow,spin,2.0,0.3,47.3511,4,714049725,600,133948,101054,156905,4
spin_slow,spin,2.0,0.3,47.3742,5,714072272,593,44619,101280,156885,4
spin_slow,spin,2.0,0.3,47.3942,6,714091031,596,96037,101394,156887,4
spin_slow,spin,2.0,0.3,47.4111,7,714109799,597,149240,101530,156873,4
spin_slow,spin,2.0,0.3,47.4342,8,714132289,605,50565,101713,156857,4
spin_slow,spin,2.0,0.3,47.4542,9,714151076,599,106420,101862,156904,4
spin_slow,spin,2.0,0.3,47.4754,10,714173584,606,10192,101975,156907,4
spin_slow,spin,2.0,0.3,47.4943,11,714192364,601,64757,102105,156877,4
spin_slow,spin,2.0,0.3,47.5165,12,714214879,603,126380,102284,156903,4
spin_slow,spin,2.0,0.3,47.5388,13,714233632,602,19134,102370,156931,4
spin_slow,spin,2.0,0.3,47.5578,14,714254899,603,26107,102589,156908,4
spin_slow,spin,2.0,0.3,47.5641,15,714263400,604,58874,102718,156927,4
spin_slow,spin,2.0,0.3,47.5747,16,714273195,604,155027,102792,156919,4
spin_slow,spin,2.0,0.3,47.5947,17,714293689,608,29962,102949,156935,4
spin_slow,spin,2.0,0.3,47.619,18,714316219,608,94081,103129,156929,4
spin_slow,spin,2.0,0.3,47.6506,19,714339351,608,104367,103301,156884,4
spin_slow,spin,2.0,0.3,47.6591,20,714358353,615,39465,103377,156884,4
spin_slow,spin,2.0,0.3,47.6781,21,714376276,608,105125,103467,156913,4
spin_slow,spin,2.0,0.3,47.696,22,714395037,609,156471,103558,156887,4
spin_slow,spin,2.0,0.3,47.715,23,714413820,610,54724,103680,156898,4
spin_slow,spin,2.0,0.3,47.7392,24,714436320,611,114050,103876,156889,4
spin_slow,spin,2.0,0.3,47.7561,25,714455083,613,8919,103977,156874,4
spin_slow,spin,2.0,0.3,47.7751,26,714473866,612,63731,104109,156915,4
spin_slow,spin,2.0,0.3,47.7993,27,714496391,614,126457,104307,156901,4
spin_slow,spin,2.0,0.3,47.8162,28,714515150,614,20006,104428,156928,4
spin_slow,spin,2.0,0.3,47.8394,29,714535151,609,124633,104548,156928,4
spin_slow,spin,2.0,0.3,47.8562,30,714555194,616,79515,104693,156925,4
spin_slow,spin,2.0,0.3,47.8752,31,714573967,617,132460,104845,156910,4
spin_slow,spin,2.0,0.3,47.8994,32,714596494,622,39389,105035,156921,4
spin_slow,spin,2.0,0.3,47.9205,33,714619011,624,101359,105268,156927,4
spin_slow,spin,2.0,0.3,47.9394,34,714637791,627,155324,105403,156899,4
spin_slow,spin,2.0,0.3,47.9616,35,714660285,622,56981,105533,156878,4
spin_slow,spin,2.0,0.3,47.9826,36,714679065,622,111594,105722,156905,4
spin_slow,spin,2.0,0.3,48.0006,37,714699086,623,62743,105882,156936,4
spin_slow,spin,2.0,0.3,48.0237,38,714721604,623,124413,106038,156942,4
spin_slow,spin,2.0,0.3,48.0416,39,714740362,624,17774,106204,156904,4
spin_slow,spin,2.0,0.3,48.0617,40,714759132,632,70716,106337,156879,4
spin_slow,spin,2.0,0.3,48.0691,41,714767566,628,92540,106387,156902,4
spin_slow,spin,2.0,0.3,48.0807,42,714780391,626,75768,106501,156904,4
spin_slow,spin,2.0,0.3,48.1007,43,714799184,628,131957,106697,156950,4
spin_slow,spin,2.0,0.3,48.1239,44,714822913,635,85500,106817,156916,4
spin_slow,spin,2.0,0.3,48.1439,45,714841723,629,145510,106952,156875,4
spin_slow,spin,2.0,0.3,48.1649,46,714864234,630,50191,107141,156883,4
spin_slow,spin,2.0,0.3,48.1849,47,714884251,632,1127,107405,156935,4
spin_slow,spin,2.0,0.3,48.2074,48,714902960,632,43370,107492,156894,4
spin_slow,spin,2.0,0.3,48.2253,49,714924307,633,63111,107723,156956,4
spin_slow,spin,2.0,0.3,48.2497,50,714946831,635,125185,107947,156955,4
spin_slow,spin,2.0,0.3,48.2888,51,714979161,636,128904,108133,156924,4
spin_slow,spin,2.0,0.3,48.2994,52,714996251,637,52714,108261,156906,4
spin_slow,spin,2.0,0.3,48.3089,53,715007662,638,109685,108284,156898,4
spin_slow,spin,2.0,0.3,48.3248,54,715024386,640,128295,108422,156904,4
spin_slow,spin,2.0,0.3,48.3448,55,715044410,639,80564,108559,156907,4
spin_slow,spin,2.0,0.3,48.3649,56,715064419,640,30184,108719,156904,4
spin_slow,spin,2.0,0.3,48.3891,57,715086950,640,94972,108834,156908,4
spin_slow,spin,2.0,0.3,48.405,58,715104432,641,85175,109029,156918,4
spin_slow,spin,2.0,0.3,48.4293,59,715127016,643,1142,109213,156957,4
spin_slow,spin,2.0,0.3,48.4462,60,715145766,644,50099,109336,156907,4
spin_slow,spin,2.0,0.3,48.4673,61,715164514,644,98786,109489,156927,4
spin_slow,spin,2.0,0.3,48.4895,62,715187063,645,9522,109680,156911,4
spin_slow,spin,2.0,0.3,48.5064,63,715205821,646,60366,109811,156884,4
spin_slow,spin,2.0,0.3,48.5295,64,715228352,640,124697,109924,156906,4
spin_slow,spin,2.0,0.3,48.5496,65,715247130,647,21847,110102,156920,4
spin_slow,spin,2.0,0.3,48.5716,66,715267080,649,118160,110216,156912,4
spin_slow,spin,2.0,0.3,48.5716,67,715268026,648,121933,110216,156920,0
spin_slow,spin,2.0,0.3,48.5907,68,715289654,650,32199,110386,156941,4
spin_slow,spin,2.0,0.3,48.6108,69,715308420,649,83940,110467,156901,4
spin_slow,spin,2.0,0.3,48.6288,70,715327189,650,135846,110648,156962,4
spin_slow,spin,2.0,0.3,48.6499,71,715349727,652,43919,110794,156930,4
spin_slow,spin,2.0,0.3,48.6689,72,715368511,653,98429,110940,156923,4
spin_slow,spin,2.0,0.3,48.689,73,715388523,660,47962,111037,156900,4
spin_slow,spin,2.0,0.3,48.709,74,715408488,655,146571,111170,156946,4
spin_slow,spin,2.0,0.3,48.7291,75,715427306,655,50437,111284,156929,4
spin_slow,spin,2.0,0.3,48.7502,76,715449814,656,111037,111401,156883,4
spin_slow,spin,2.0,0.3,48.7693,77,715468597,656,8814,111590,156933,4
spin_slow,spin,2.0,0.3,48.7893,78,715488601,657,113555,111718,156931,4
spin_slow,spin,2.0,0.3,48.8116,79,715511126,658,19506,111859,156931,4
spin_slow,spin,2.0,0.3,48.8318,80,715529904,659,73305,111973,156880,4
spin_slow,spin,2.0,0.3,48.8481,81,715548685,660,128146,112190,156879,4
spin_slow,spin,2.0,0.3,48.8699,82,715569935,664,132169,112334,156839,4
spin_slow,spin,2.0,0.3,48.8938,83,715592468,662,41087,112514,156890,4
spin_slow,spin,2.0,0.3,48.9124,84,715611217,663,90426,112661,156886,4
spin_slow,spin,2.0,0.3,48.9454,85,715636239,669,107962,112811,156885,4
spin_slow,spin,2.0,0.3,48.9551,86,715653131,665,155689,112928,156894,4
spin_slow,spin,2.0,0.3,48.9744,87,715672492,665,152478,113072,156880,4
spin_slow,spin,2.0,0.3,49.0011,88,715694944,666,47647,113277,156887,4
spin_slow,spin,2.0,0.3,49.0149,89,715713773,667,111075,113397,156892,4
spin_slow,spin,2.0,0.3,49.0352,90,715733818,668,67200,113585,156886,4
spin_slow,spin,2.0,0.3,49.0566,91,715756336,668,130116,113723,156895,4
spin_slow,spin,2.0,0.3,49.0674,92,715767115,669,80100,113785,156848,4
spin_slow,spin,2.0,0.3,49.0738,93,715775501,670,94034,113879,156883,4
spin_slow,spin,2.0,0.3,49.0961,94,715796369,671,33176,113995,156882,4
spin_slow,spin,2.0,0.3,49.1152,95,715815124,672,83949,114182,156876,4
spin_slow,spin,2.0,0.3,49.1395,96,715837624,673,144071,114409,156875,4
spin_slow,spin,2.0,0.3,49.1566,97,715856388,674,39185,114621,156900,4
spin_slow,spin,2.0,0.3,49.1756,98,715875170,677,94105,114757,156887,4
spin_slow,spin,2.0,0.3,49.1989,99,715897707,676,3127,114901,156874,4
spin_slow,spin,2.0,0.3,49.2158,100,715916440,675,49296,115092,156926,4
spin_slow,spin,2.0,0.3,49.2402,101,715938984,677,116459,115192,156886,4
spin_slow,spin,2.0,0.3,49.2594,102,715957727,678,8230,115286,156875,4
spin_slow,spin,2.0,0.3,49.2795,103,715978954,679,8448,115490,156892,4
spin_slow,spin,2.0,0.3,49.3006,104,715997760,680,67847,115675,156884,4
spin_slow,spin,2.0,0.3,49.3196,105,716019024,681,74570,115829,156887,4
spin_slow,spin,2.0,0.3,49.3396,106,716037805,684,129252,115994,156907,4
spin_slow,spin,2.0,0.3,49.3606,107,716060319,682,34672,116121,156871,4
spin_slow,spin,2.0,0.3,49.3796,108,716079066,683,84428,116251,156891,4
spin_slow,spin,2.0,0.3,49.4007,109,716097844,685,138752,116414,156919,4
spin_slow,spin,2.0,0.3,49.4196,110,716117879,684,92502,116491,156904,4
spin_slow,spin,2.0,0.3,49.4407,111,716140372,680,150445,116690,156888,4
spin_slow,spin,2.0,0.3,49.4618,112,716159143,687,46590,116812,156877,4
spin_slow,spin,2.0,0.3,49.4839,113,716182904,695,7133,117045,156877,4
spin_slow,spin,2.0,0.3,49.5017,114,716201671,689,59491,117166,156891,4
spin_slow,spin,2.0,0.3,49.5208,115,716220440,690,112707,117298,156865,4
spin_slow,spin,2.0,0.3,49.544,116,716242968,691,20054,117498,156923,4
spin_slow,spin,2.0,0.3,49.5714,117,716261600,692,49429,117600,156910,4
spin_slow,spin,2.0,0.3,49.5788,118,716266881,691,5868,117610,156880,4
spin_slow,spin,2.0,0.3,49.5946,119,716281989,693,64300,117732,156887,4
spin_slow,spin,2.0,0.3,49.6031,120,716302411,694,84072,117886,156932,4
spin_slow,spin,2.0,0.3,49.6252,121,716324294,694,37990,117995,156935,4
spin_slow,spin,2.0,0.3,49.6442,122,716344310,695,145733,118103,156904,4
spin_slow,spin,2.0,0.3,49.6642,123,716363064,702,38893,118221,156886,4
spin_slow,spin,2.0,0.3,49.6842,124,716383091,696,148890,118332,156859,4
spin_slow,spin,2.0,0.3,49.7056,125,716405584,698,50386,118569,156884,4
spin_slow,spin,2.0,0.3,49.7246,126,716424376,697,107222,118617,156851,4
spin_slow,spin,2.0,0.3,49.7437,127,716443133,699,1297,118792,156874,4
spin_slow,spin,2.0,0.3,49.7648,0,716465648,700,63512,118997,156898,4
spin_slow,spin,2.0,0.3,49.7837,1,716484424,701,117746,119137,156882,4
spin_slow,spin,2.0,0.3,49.8048,2,716505688,706,123857,119321,156923,4
spin_slow,spin,2.0,0.3,49.8237,3,716524451,702,18233,119483,156937,4
spin_slow,spin,2.0,0.3,49.8459,4,716546972,704,80681,119636,156891,4
spin_slow,spin,2.0,0.3,49.8662,5,716565703,705,126282,119810,156925,4
spin_slow,spin,2.0,0.3,49.8842,6,716584521,706,30185,119977,156942,4
spin_slow,spin,2.0,0.3,49.9074,7,716607019,706,88648,120056,156895,4
spin_slow,spin,2.0,0.3,49.9254,8,716625817,708,146317,120245,156884,4
spin_slow,spin,2.0,0.3,49.9444,9,716644556,708,37171,120337,156858,4
spin_slow,spin,2.0,0.3,49.9666,10,716667087,709,101570,120527,156908,4
spin_slow,spin,2.0,0.3,49.9856,11,716685846,709,152725,120644,156871,4
spin_slow,spin,2.0,0.3,50.0056,12,716704620,711,49638,120845,156919,4
spin_slow,spin,2.0,0.3,50.0289,13,716728389,712,11049,120996,156868,4
spin_slow,spin,2.0,0.3,50.0458,14,716747148,713,62525,121174,156904,4
spin_slow,spin,2.0,0.3,50.0701,15,716767113,714,5288,121338,156868,4
spin_slow,spin,2.0,0.3,50.0701,16,716768060,708,9464,121341,156872,0
spin_slow,spin,2.0,0.3,50.0849,17,716785913,714,63665,121471,156856,4
spin_slow,spin,2.0,0.3,50.1091,18,716808437,716,127632,121765,156882,4
spin_slow,spin,2.0,0.3,50.126,19,716827208,717,23854,121889,156897,4
spin_slow,spin,2.0,0.3,50.1491,20,716849710,719,83987,122039,156886,4
spin_slow,spin,2.0,0.3,50.1691,21,716868482,719,137798,122229,156875,4
spin_slow,spin,2.0,0.3,50.1902,22,716891000,720,43226,122363,156912,4
spin_slow,spin,2.0,0.3,50.2091,23,716909768,721,95488,122510,156911,4
spin_slow,spin,2.0,0.3,50.243,24,716933559,722,60812,122671,156876,4
spin_slow,spin,2.0,0.3,50.2516,25,716950431,723,104954,122756,156883,4
spin_slow,spin,2.0,0.3,50.2697,26,716969848,724,111139,122913,156894,4
spin_slow,spin,2.0,0.3,50.2908,27,716992342,724,12785,123062,156887,4
spin_slow,spin,2.0,0.3,50.3108,28,717011120,725,66917,123203,156918,4
spin_slow,spin,2.0,0.3,50.3298,29,717029894,726,119551,123333,156936,4
spin_slow,spin,2.0,0.3,50.3498,30,717049932,726,73954,123451,156895,4
spin_slow,spin,2.0,0.3,50.3709,31,717072421,727,131325,123627,156899,4
spin_slow,spin,2.0,0.3,50.3899,32,717091196,730,27964,123800,156903,4
spin_slow,spin,2.0,0.3,50.4089,33,717109951,728,78390,123919,156863,4
spin_slow,spin,2.0,0.3,50.4289,34,717129952,730,26660,124111,156913,4
spin_slow,spin,2.0,0.3,50.4521,35,717152503,730,95155,124227,156868,4
spin_slow,spin,2.0,0.3,50.47,36,717171265,732,146558,124378,156920,4
spin_slow,spin,2.0,0.3,50.4921,37,717193781,733,52038,124530,156910,4
spin_slow,spin,2.0,0.3,50.5152,38,717216303,733,115521,124653,156871,4
spin_slow,spin,2.0,0.3,50.5342,39,717235069,734,11411,124767,156872,4
spin_slow,spin,2.0,0.3,50.5542,40,717253825,735,62107,124941,156904,4
spin_slow,spin,2.0,0.3,50.5752,41,717267582,743,47091,125024,156910,4
spin_slow,spin,2.0,0.3,50.5774,42,717276121,736,86567,125105,156907,4
spin_slow,spin,2.0,0.3,50.5953,43,717296374,736,77406,125209,156902,4
spin_slow,spin,2.0,0.3,50.6143,44,717315147,738,130159,125342,156944,4
spin_slow,spin,2.0,0.3,50.6368,45,717337659,739,34554,125492,156925,4
spin_slow,spin,2.0,0.3,50.655,46,717356432,739,87668,125593,156908,4
spin_slow,spin,2.0,0.3,50.6741,47,717375211,740,141640,125742,156887,4
spin_slow,spin,2.0,0.3,50.6964,48,717397715,741,44559,125902,156960,4
spin_slow,spin,2.0,0.3,50.7155,49,717416430,742,88022,126026,156879,4
spin_slow,spin,2.0,0.3,50.7345,50,717435258,743,151144,126198,156896,4
spin_slow,spin,2.0,0.3,50.7567,51,717457761,744,54540,126380,156890,4
spin_slow,spin,2.0,0.3,50.7758,52,717476538,744,108842,126484,156874,4
spin_slow,spin,2.0,0.3,50.799,53,717499059,745,15058,126699,156906,4
spin_slow,spin,2.0,0.3,50.8192,54,717517815,746,65528,126739,156865,4
spin_slow,spin,2.0,0.3,50.8361,55,717537820,746,14991,126935,156867,4
spin_slow,spin,2.0,0.3,50.8551,56,717556578,748,65871,127088,156917,4
spin_slow,spin,2.0,0.3,50.8962,57,717586438,749,121465,127306,156905,4
spin_slow,spin,2.0,0.3,50.9047,58,717603521,750,44616,127424,156911,4
spin_slow,spin,2.0,0.3,50.9153,59,717616628,752,76003,127570,156907,4
spin_slow,spin,2.0,0.3,50.9384,60,717639160,752,140258,127742,156916,4
spin_slow,spin,2.0,0.3,50.9575,61,717657922,757,35475,127799,156854,4
spin_slow,spin,2.0,0.3,50.9754,62,717676676,754,85841,127993,156903,4
spin_slow,spin,2.0,0.3,50.9997,63,717699155,752,141252,128124,156901,4
spin_slow,spin,2.0,0.3,51.0166,64,717717963,755,43328,128298,156905,4
spin_slow,spin,2.0,0.3,51.0347,65,717736742,757,97663,128499,156922,4
spin_slow,spin,2.0,0.3,51.0571,66,717759288,763,7308,128717,156904,4
spin_slow,spin,2.0,0.3,51.07,67,717770077,758,115556,128804,156881,4
spin_slow,spin,2.0,0.3,51.0754,68,717778496,758,134459,128934,156933,4
spin_slow,spin,2.0,0.3,51.0988,69,717799306,759,63339,129012,156891,4
spin_slow,spin,2.0,0.3,51.1199,70,717821830,760,125889,129256,156953,4
spin_slow,spin,2.0,0.3,51.1399,71,717841838,761,75060,129312,156888,4
spin_slow,spin,2.0,0.3,51.1589,72,717860642,762,132691,129456,156936,4
spin_slow,spin,2.0,0.3,51.1778,73,717879408,763,27149,129617,156939,4
spin_slow,spin,2.0,0.3,51.2031,74,717901912,763,86271,129767,156937,4
spin_slow,spin,2.0,0.3,51.2199,75,717923200,766,95694,129901,156912,4
spin_slow,spin,2.0,0.3,51.241,76,717944464,766,100686,130130,156955,4
spin_slow,spin,2.0,0.3,51.2632,77,717965717,767,103852,130273,156948,4
spin_slow,spin,2.0,0.3,51.2812,78,717983274,768,106713,130427,156945,4
spin_slow,spin,2.0,0.3,51.3045,79,718005800,768,12748,130556,156917,4
spin_slow,spin,2.0,0.3,51.3246,80,718024568,768,64813,130715,156922,4
spin_slow,spin,2.0,0.3,51.3415,81,718043325,770,114885,130844,156941,4
spin_slow,spin,2.0,0.3,51.3647,82,718065877,770,25048,130990,156937,4
spin_slow,spin,2.0,0.3,51.3827,83,718084610,771,71100,131102,156936,4
spin_slow,spin,2.0,0.3,51.4028,84,718103409,773,127546,131328,156979,4
spin_slow,spin,2.0,0.3,51.4239,85,718125938,772,34091,131392,156917,4
spin_slow,spin,2.0,0.3,51.4429,86,718144689,774,83114,131567,156898,4
spin_slow,spin,2.0,0.3,51.4611,87,718163473,775,138380,131701,156909,4
spin_slow,spin,2.0,0.3,51.4843,88,718185997,775,44426,131818,156918,4
spin_slow,spin,2.0,0.3,51.5022,89,718204746,776,93078,131963,156916,4
spin_slow,spin,2.0,0.3,51.5391,90,718231030,777,10717,132156,156919,4
spin_slow,spin,2.0,0.3,51.5507,91,718247914,777,56118,132241,156929,4
spin_slow,spin,2.0,0.3,51.5635,92,718264806,778,103060,132362,156935,4
spin_slow,spin,2.0,0.3,51.5751,93,718272826,778,54065,132381,156908,4
spin_slow,spin,2.0,0.3,51.5856,94,718286330,777,153052,132490,156905,4
spin_slow,spin,2.0,0.3,51.6037,95,718306103,781,62164,132614,156917,4
spin_slow,spin,2.0,0.3,51.6238,96,718324853,781,111373,132738,156932,4
spin_slow,spin,2.0,0.3,51.6449,97,718347378,782,18274,132903,156901,4
spin_slow,spin,2.0,0.3,51.6649,98,718366172,782,74977,133052,156944,4
spin_slow,spin,2.0,0.3,51.6849,99,718386159,784,20350,133199,156894,4
spin_slow,spin,2.0,0.3,51.706,100,718406196,784,130772,133375,156922,4
spin_slow,spin,2.0,0.3,51.7291,101,718429960,785,90239,133588,156944,4
spin_slow,spin,2.0,0.3,51.746,102,718448729,787,142132,133738,156959,4
spin_slow,spin,2.0,0.3,51.7691,103,718471265,788,49264,133937,156955,4
spin_slow,spin,2.0,0.3,51.7891,104,718490031,788,100455,134043,156942,4
spin_slow,spin,2.0,0.3,51.8102,105,718512556,790,6239,134229,156932,4
spin_slow,spin,2.0,0.3,51.8302,106,718532543,790,108239,134345,156939,4
spin_slow,spin,2.0,0.3,51.8491,107,718551359,795,11256,134497,156941,4
spin_slow,spin,2.0,0.3,51.8733,108,718573885,793,73998,134706,156960,4
spin_slow,spin,2.0,0.3,51.8913,109,718593890,792,22424,134790,156919,4
spin_slow,spin,2.0,0.3,51.9102,110,718612675,793,77666,134918,156903,4
spin_slow,spin,2.0,0.3,51.9323,111,718631449,800,130842,135076,156907,4
spin_slow,spin,2.0,0.3,51.9544,112,718655203,795,89279,135307,156902,4
spin_slow,spin,2.0,0.3,51.9713,113,718673968,804,140932,135517,156950,4
spin_slow,spin,2.0,0.3,51.9903,114,718692749,798,37497,135722,156947,4
spin_slow,spin,2.0,0.3,52.0145,115,718716556,800,3555,135906,156940,4
spin_slow,spin,2.0,0.3,52.0345,116,718735316,800,53552,136017,156934,4
spin_slow,spin,2.0,0.3,52.0513,117,718754066,808,102188,136165,156931,4
spin_slow,spin,2.0,0.3,52.0703,118,718772842,807,155353,136316,156929,4
spin_slow,spin,2.0,0.3,52.0756,119,718775384,802,116800,136297,156947,4
spin_slow,spin,2.0,0.3,52.0956,120,718797849,802,11954,136490,156950,4
spin_slow,spin,2.0,0.3,52.1167,121,718817868,804,118948,136650,156959,4
spin_slow,spin,2.0,0.3,52.1347,122,718836651,804,15705,136819,156982,4
spin_slow,spin,2.0,0.3,52.1569,123,718859188,806,80104,136966,156972,4
spin_slow,spin,2.0,0.3,52.1791,124,718876469,806,35799,137043,156933,4
spin_slow,spin,2.0,0.3,52.2054,125,718905486,808,104088,137231,156927,4
spin_slow,spin,2.0,0.3,52.2149,126,718916986,809,18842,137364,156948,4
spin_slow,spin,2.0,0.3,52.2339,127,718936757,809,84620,137475,156944,4
spin_slow,spin,2.0,0.3,52.256,0,718959289,809,148829,137650,156925,4
spin_slow,spin,2.0,0.3,52.2782,1,718978047,810,42105,137767,156930,4
spin_slow,spin,2.0,0.3,52.3014,2,718998083,812,152975,137950,156937,4
spin_slow,spin,2.0,0.3,52.3151,3,719016851,812,47816,138128,156948,4
spin_slow,spin,2.0,0.3,52.3362,4,719039368,811,109041,138270,156940,4
spin_slow,spin,2.0,0.3,52.3556,5,719058144,814,5788,138346,156901,4
spin_slow,spin,2.0,0.3,52.379,6,719080642,814,64151,138506,156907,4
spin_slow,spin,2.0,0.3,52.3991,7,719099402,816,114638,138637,156926,4
spin_slow,spin,2.0,0.3,52.4192,8,719119440,816,68799,138793,156928,4
spin_slow,spin,2.0,0.3,52.436,9,719139465,818,20676,138920,156941,4
spin_slow,spin,2.0,0.3,52.4602,10,719161998,819,84517,139057,156926,4
spin_slow,spin,2.0,0.3,52.4792,11,719180764,819,136372,139188,156903,4
spin_slow,spin,2.0,0.3,52.4961,12,719199523,823,30204,139276,156918,4
spin_slow,spin,2.0,0.3,52.5204,13,719222056,819,94488,139413,156898,4
spin_slow,spin,2.0,0.3,52.5404,14,719240824,821,147094,139525,156898,4
spin_slow,spin,2.0,0.3,52.5604,15,719263318,822,49270,139671,156887,4
spin_slow,spin,2.0,0.3,52.5699,16,719274145,821,7152,139748,156890,4
spin_slow,spin,2.0,0.3,52.5794,17,719282547,822,23548,139779,156881,4
spin_slow,spin,2.0,0.3,52.6017,18,719303357,823,109488,139920,156869,4
spin_slow,spin,2.0,0.3,52.6206,19,719322147,824,8779,140138,156941,4
spin_slow,spin,2.0,0.3,52.6398,20,719340888,825,56004,140285,156935,4
spin_slow,spin,2.0,0.3,52.6599,21,719363429,826,121540,140488,156909,4
spin_slow,spin,2.0,0.3,52.6799,22,719383397,827,63902,140623,156927,4
spin_slow,spin,2.0,0.3,52.6989,23,719402207,828,123147,140757,156906,4
spin_slow,spin,2.0,0.3,52.7189,24,719420978,828,18744,140943,156948,4
spin_slow,spin,2.0,0.3,52.74,25,719443511,829,82916,141087,156937,4
spin_slow,spin,2.0,0.3,52.76,26,719462265,832,132379,141185,156921,4
spin_slow,spin,2.0,0.3,52.7789,27,719482274,832,81512,141375,156919,4
spin_slow,spin,2.0,0.3,52.801,28,719504812,833,146884,141592,156916,4
spin_slow,spin,2.0,0.3,52.8347,29,719528565,836,105028,141812,156940,4
spin_slow,spin,2.0,0.3,52.8442,30,719546972,835,95549,141925,156934,4
spin_slow,spin,2.0,0.3,52.8653,31,719568632,836,11634,142061,156918,4
spin_slow,spin,2.0,0.3,52.8842,32,719587391,842,62222,142212,156923,4
spin_slow,spin,2.0,0.3,52.9042,33,719606165,838,115153,142321,156911,4
spin_slow,spin,2.0,0.3,52.9253,34,719628679,845,19324,142541,156945,4
spin_slow,spin,2.0,0.3,52.9444,35,719647467,839,74633,142724,156937,4
spin_slow,spin,2.0,0.3,52.9657,36,719669978,841,134337,142920,156939,4
spin_slow,spin,2.0,0.3,52.9848,37,719688695,841,20642,143059,156928,4
spin_slow,spin,2.0,0.3,53.0091,38,719707514,842,81629,143221,156935,4
spin_slow,spin,2.0,0.3,53.0302,39,719730029,843,143008,143340,156901,4
spin_slow,spin,2.0,0.3,53.045,40,719747547,844,139409,143508,156918,4
spin_slow,spin,2.0,0.3,53.0664,41,719770080,844,47117,143599,156892,4
spin_slow,spin,2.0,0.3,53.0727,42,719772596,850,4272,143623,156879,4
spin_slow,spin,2.0,0.3,53.0843,43,719787605,846,45328,143760,156941,4
spin_slow,spin,2.0,0.3,53.1066,44,719810100,846,103391,143946,156938,4
spin_slow,spin,2.0,0.3,53.1255,45,719828873,847,156633,144034,156939,4
spin_slow,spin,2.0,0.3,53.1445,46,719847651,848,53347,144204,156890,4
spin_slow,spin,2.0,0.3,53.1666,47,719870178,849,117304,144420,156915,4
spin_slow,spin,2.0,0.3,53.1856,48,719888921,850,8422,144546,156926,4
spin_slow,spin,2.0,0.3,53.2088,49,719911463,852,74130,144696,156964,4
spin_slow,spin,2.0,0.3,53.2299,50,719933982,852,135874,144901,156941,4
spin_slow,spin,2.0,0.3,53.252,51,719952701,855,22221,145057,156944,4
spin_slow,spin,2.0,0.3,53.2752,52,719974010,854,35723,145176,156910,4
spin_slow,spin,2.0,0.3,53.287,53,719991542,857,34711,145335,156915,4
spin_slow,spin,2.0,0.3,53.3102,54,720014066,863,97884,145496,156926,4
spin_slow,spin,2.0,0.3,53.3292,55,720032844,857,151796,145636,156898,4
spin_slow,spin,2.0,0.3,53.3502,56,720051588,857,43254,145755,156916,4
spin_slow,spin,2.0,0.3,53.3703,57,720071611,857,151766,145821,156925,4
spin_slow,spin,2.0,0.3,53.3894,58,720091621,858,101269,145958,156890,4
spin_slow,spin,2.0,0.3,53.4105,59,720114170,860,11688,146158,156941,4
spin_slow,spin,2.0,0.3,53.4295,60,720132941,861,64040,146263,156932,4
spin_slow,spin,2.0,0.3,53.4517,61,720155443,861,123305,146378,156891,4
spin_slow,spin,2.0,0.3,53.5012,62,720204179,863,92049,146674,156882,4
spin_slow,spin,2.0,0.3,53.5045,63,720205127,863,96230,146673,156881,0
spin_slow,spin,2.0,0.3,53.5109,64,720217250,864,117462,146794,156928,4
spin_slow,spin,2.0,0.3,53.5341,65,720238037,865,42360,146969,156910,4
spin_slow,spin,2.0,0.3,53.5541,66,720256784,866,90706,147146,156938,4
spin_slow,spin,2.0,0.3,53.5752,67,720275554,865,143479,147268,156906,4
spin_slow,spin,2.0,0.3,53.5752,68,720276503,867,147164,147258,156896,0
spin_slow,spin,2.0,0.3,53.5942,69,720298071,867,49341,147406,156887,4
spin_slow,spin,2.0,0.3,53.6154,70,720316812,868,97786,147544,156876,4
spin_slow,spin,2.0,0.3,53.6312,71,720335601,873,154044,147733,156905,4
spin_slow,spin,2.0,0.3,53.6555,72,720358119,870,59479,147917,156906,4
spin_slow,spin,2.0,0.3,53.6744,73,720376889,873,111998,148126,156927,4
spin_slow,spin,2.0,0.3,53.6955,74,720399397,873,15541,148224,156869,4
spin_slow,spin,2.0,0.3,53.7145,75,720418186,873,71403,148410,156905,4
spin_slow,spin,2.0,0.3,53.7345,76,720436923,876,118543,148546,156888,4
spin_slow,spin,2.0,0.3,53.7545,77,720458206,880,127780,148700,156889,4
spin_slow,spin,2.0,0.3,53.7766,78,720480716,876,31667,148880,156920,4
spin_slow,spin,2.0,0.3,53.7956,79,720499493,876,85981,148998,156882,4
spin_slow,spin,2.0,0.3,53.8145,80,720518252,877,137228,149118,156887,4
spin_slow,spin,2.0,0.3,53.8366,81,720540763,878,41684,149324,156903,4
spin_slow,spin,2.0,0.3,53.8556,82,720559510,879,91111,149460,156888,4
spin_slow,spin,2.0,0.3,53.8756,83,720579545,881,45486,149696,156894,4
spin_slow,spin,2.0,0.3,53.8946,84,720598322,888,100140,149913,156882,4
spin_slow,spin,2.0,0.3,53.9167,85,720620836,883,5537,150080,156899,4
spin_slow,spin,2.0,0.3,53.9358,86,720639591,885,55356,150250,156918,4
spin_slow,spin,2.0,0.3,53.9538,87,720658378,885,111156,150362,156914,4
spin_slow,spin,2.0,0.3,53.977,88,720680877,885,12653,150552,156954,4
spin_slow,spin,2.0,0.3,53.9949,89,720699669,886,68571,150663,156951,4
spin_slow,spin,2.0,0.3,54.015,90,720718427,887,118511,150764,156900,4
spin_slow,spin,2.0,0.3,54.0361,91,720740961,888,26067,150991,156933,4
spin_slow,spin,2.0,0.3,54.0552,92,720759713,887,75632,151162,156915,4
spin_slow,spin,2.0,0.3,54.0755,93,720774739,889,119755,151184,156860,4
spin_slow,spin,2.0,0.3,54.0787,94,720783179,890,142469,151288,156926,4
spin_slow,spin,2.0,0.3,54.0987,95,720801007,891,34814,151420,156906,4
spin_slow,spin,2.0,0.3,54.1313,96,720826026,890,51731,151586,156919,4
spin_slow,spin,2.0,0.3,54.1397,97,720842939,892,103032,151680,156861,4
spin_slow,spin,2.0,0.3,54.1587,98,720862300,897,99761,151857,156885,4
spin_slow,spin,2.0,0.3,54.1798,99,720882322,895,51497,152078,156956,4
spin_slow,spin,2.0,0.3,54.1966,100,720901105,895,106059,152216,156942,4
spin_slow,spin,2.0,0.3,54.2197,101,720923623,896,11018,152323,156894,4
spin_slow,spin,2.0,0.3,54.2398,102,720942379,897,61156,152511,156931,4
spin_slow,spin,2.0,0.3,54.2608,103,720964891,900,122413,152575,156918,4
spin_slow,spin,2.0,0.3,54.2797,104,720983679,900,21185,152685,156874,4
spin_slow,spin,2.0,0.3,54.3019,105,721006175,899,79502,152944,156946,4
spin_slow,spin,2.0,0.3,54.3209,106,721024946,899,132469,152986,156910,4
spin_slow,spin,2.0,0.3,54.3399,107,721044969,901,84641,153122,156893,4
spin_slow,spin,2.0,0.3,54.3599,108,721064990,900,36146,153256,156914,4
spin_slow,spin,2.0,0.3,54.3842,109,721087507,903,98515,153470,156899,4
spin_slow,spin,2.0,0.3,54.4012,110,721106263,903,148952,153566,156919,4
spin_slow,spin,2.0,0.3,54.4202,111,721125027,909,43642,153714,156914,4
spin_slow,spin,2.0,0.3,54.4448,112,721148778,912,1306,153877,156925,4
spin_slow,spin,2.0,0.3,54.4649,113,721167576,912,58267,153992,156926,4
spin_slow,spin,2.0,0.3,54.4808,114,721186355,907,112828,154076,156895,4
spin_slow,spin,2.0,0.3,54.5052,115,721208864,914,16950,154244,156911,4
spin_slow,spin,2.0,0.3,54.5232,116,721227656,908,73748,154416,156892,4
spin_slow,spin,2.0,0.3,54.5413,117,721246381,916,118638,154605,156929,4
spin_slow,spin,2.0,0.3,54.5647,118,721268922,911,27628,154785,156880,4
spin_slow,spin,2.0,0.3,54.5754,119,721279727,910,138553,154895,156914,4
spin_slow,spin,2.0,0.3,54.5818,120,721288149,912,1198,154971,156914,4
spin_slow,spin,2.0,0.3,54.6052,121,721308940,913,83373,155142,156933,4
spin_slow,spin,2.0,0.3,54.6264,122,721330234,913,94432,155289,156927,4
spin_slow,spin,2.0,0.3,54.6456,123,721347760,914,92269,155349,156911,4
spin_slow,spin,2.0,0.3,54.6647,124,721369037,915,100250,155505,156916,4
spin_slow,spin,2.0,0.3,54.6816,125,721387761,916,145190,155668,156926,4
spin_slow,spin,2.0,0.3,54.705,126,721409072,918,1672,155831,156897,4
spin_slow,spin,2.0,0.3,54.7271,127,721430329,920,6399,156039,156915,6
spin_slow,spin,2.0,0.3,54.745,0,721450340,920,112812,156202,156926,6
spin_slow,spin,2.0,0.3,54.7756,1,721468980,920,143363,156358,156930,6
spin_slow,spin,2.0,0.3,54.7926,2,721491138,920,144268,156469,156926,6
spin_slow,spin,2.0,0.3,54.801,3,721508142,3,53291,608,156942,4
spin_slow,spin,2.0,0.3,54.8242,4,721529170,4,18077,798,156931,4
spin_slow,spin,2.0,0.3,54.8442,5,721547954,5,72555,989,156934,4
spin_slow,spin,2.0,0.3,54.8653,6,721570465,6,132909,1179,156921,4
spin_slow,spin,2.0,0.3,54.8844,7,721589262,7,32836,1332,156932,4
spin_slow,spin,2.0,0.3,54.9088,8,721611778,12,94725,1483,156895,4
spin_slow,spin,2.0,0.3,54.927,9,721631777,10,42167,1674,156924,4
spin_slow,spin,2.0,0.3,54.944,10,721649276,17,34938,1751,156958,4
spin_slow,spin,2.0,0.3,54.9672,11,721671826,12,101964,1941,156923,4
spin_slow,spin,2.0,0.3,54.9862,12,721691830,13,50178,2094,156935,4
spin_slow,spin,2.0,0.3,55.0063,13,721711887,13,7421,2245,156888,4
spin_slow,spin,2.0,0.3,55.0263,14,721730647,16,58292,2359,156885,4
spin_slow,spin,2.0,0.3,55.0454,15,721749425,15,112414,2550,156881,4
spin_slow,spin,2.0,0.3,55.0675,16,721771908,16,12095,2703,156874,4
spin_slow,spin,2.0,0.3,55.0739,17,721780310,17,28208,2740,156918,4
spin_slow,spin,2.0,0.3,55.0855,18,721790239,16,147293,2779,156888,4
spin_slow,spin,2.0,0.3,55.1066,19,721810705,16,17915,2893,156911,4
spin_slow,spin,2.0,0.3,55.1245,20,721829492,18,73298,3122,156913,4
spin_slow,spin,2.0,0.3,55.1466,21,721851994,19,132738,3273,156917,4
spin_slow,spin,2.0,0.3,55.1697,22,721870776,20,30519,3425,156905,4
spin_slow,spin,2.0,0.3,55.1866,23,721892035,25,35812,3541,156906,4
spin_slow,spin,2.0,0.3,55.2056,24,721910830,21,93012,3654,156899,4
spin_slow,spin,2.0,0.3,55.2256,25,721930786,22,33573,3846,156910,4
spin_slow,spin,2.0,0.3,55.2488,26,721953367,24,106069,4000,156948,4
spin_slow,spin,2.0,0.3,55.2699,27,721975866,26,8203,4150,156869,4
spin_slow,spin,2.0,0.3,55.2899,28,721994655,25,63922,4265,156898,4
spin_slow,spin,2.0,0.3,55.3089,29,722013400,26,112261,4342,156900,4
spin_slow,spin,2.0,0.3,55.33,30,722035935,27,20604,4531,156908,4
spin_slow,spin,2.0,0.3,55.3489,31,722054709,27,74134,4647,156937,4
spin_slow,spin,2.0,0.3,55.371,32,722077222,24,134785,4761,156941,4
spin_slow,spin,2.0,0.3,55.39,33,722095975,29,26972,4914,156953,4
spin_slow,spin,2.0,0.3,55.4269,34,722123529,29,3151,5106,156934,4
spin_slow,spin,2.0,0.3,55.4365,35,722140480,31,59849,5256,156940,4
spin_slow,spin,2.0,0.3,55.4503,36,722156059,32,40094,5372,156958,4
spin_slow,spin,2.0,0.3,55.4736,37,722178594,33,104241,5561,156932,4
spin_slow,spin,2.0,0.3,55.4908,38,722197359,41,155519,5750,156903,4
spin_slow,spin,2.0,0.3,55.5141,39,722219870,35,59269,5905,156950,4
spin_slow,spin,2.0,0.3,55.5341,40,722239866,36,7231,6055,156870,4
spin_slow,spin,2.0,0.3,55.5541,41,722258665,37,65552,6207,156904,4
spin_slow,spin,2.0,0.3,55.5752,42,722278635,37,8664,6283,156910,4
spin_slow,spin,2.0,0.3,55.5752,43,722279581,37,12561,6321,156883,0
spin_slow,spin,2.0,0.3,55.5954,44,722299970,44,27296,6473,156904,4
spin_slow,spin,2.0,0.3,55.6123,45,722318707,39,74529,6628,156907,4
spin_slow,spin,2.0,0.3,55.6323,46,722337483,47,128053,6779,156898,4
spin_slow,spin,2.0,0.3,55.6545,47,722358760,42,136397,6969,156906,4
spin_slow,spin,2.0,0.3,55.6713,48,722377509,42,28885,7084,156892,4
spin_slow,spin,2.0,0.3,55.6945,49,722400070,43,98308,7276,156932,4
spin_slow,spin,2.0,0.3,55.7146,50,722418807,43,145150,7388,156938,4
spin_slow,spin,2.0,0.3,55.7346,51,722438851,44,100116,7540,156890,4
spin_slow,spin,2.0,0.3,55.7557,52,722461358,45,3592,7695,156896,4
spin_slow,spin,2.0,0.3,55.7747,53,722480157,47,61163,7882,156898,4
spin_slow,spin,2.0,0.3,55.7938,54,722498898,41,109253,8110,156869,4
spin_slow,spin,2.0,0.3,55.8149,55,722521389,49,10202,8338,156907,4
spin_slow,spin,2.0,0.3,55.8338,56,722540174,50,65697,8455,156885,4
spin_slow,spin,2.0,0.3,55.8559,57,722562705,50,129854,8610,156939,4
spin_slow,spin,2.0,0.3,55.8749,58,722581463,52,22854,8724,156956,4
spin_slow,spin,2.0,0.3,55.8939,59,722600253,53,78207,8875,156915,4
spin_slow,spin,2.0,0.3,55.916,60,722622784,54,141945,9030,156974,4
spin_slow,spin,2.0,0.3,55.935,61,722641542,47,34929,9180,156934,4
spin_slow,spin,2.0,0.3,55.954,62,722660300,60,85038,9294,156929,4
spin_slow,spin,2.0,0.3,55.9761,63,722682846,55,151420,9486,156953,4
spin_slow,spin,2.0,0.3,55.9951,64,722701619,56,46599,9602,156994,4
spin_slow,spin,2.0,0.3,56.0141,65,722720379,57,96267,9678,156960,4
spin_slow,spin,2.0,0.3,56.0362,66,722742899,58,1129,9864,156918,4
spin_slow,spin,2.0,0.3,56.0593,67,722761672,59,53776,9979,156925,4
spin_slow,spin,2.0,0.3,56.0962,68,722789029,60,153455,10206,156927,4
spin_slow,spin,2.0,0.3,56.0962,69,722790519,58,92883,10248,156939,4
spin_slow,spin,2.0,0.3,56.1046,70,722809933,61,97713,10398,156928,4
spin_slow,spin,2.0,0.3,56.1195,71,722822987,62,119747,10515,156939,4
spin_slow,spin,2.0,0.3,56.1363,72,722843005,62,70183,10629,156960,4
spin_slow,spin,2.0,0.3,56.1606,73,722865561,63,138377,10856,156931,4
spin_slow,spin,2.0,0.3,56.1796,74,722884300,71,28901,10932,156928,4
spin_slow,spin,2.0,0.3,56.1997,75,722906824,65,91914,11082,156892,4
spin_slow,spin,2.0,0.3,56.2197,76,722925612,70,147683,11157,156893,4
spin_slow,spin,2.0,0.3,56.2397,77,722946874,67,153719,11347,156869,4
spin_slow,spin,2.0,0.3,56.264,78,722969377,67,56441,11507,156929,4
spin_slow,spin,2.0,0.3,56.2808,79,722988147,68,109142,11655,156913,4
spin_slow,spin,2.0,0.3,56.3041,80,723010680,69,17686,11806,156890,4
spin_slow,spin,2.0,0.3,56.322,81,723029451,70,70462,11923,156934,4
spin_slow,spin,2.0,0.3,56.341,82,723048224,71,123420,12037,156919,4
spin_slow,spin,2.0,0.3,56.3642,83,723070741,77,28822,12189,156942,4
spin_slow,spin,2.0,0.3,56.3842,84,723089514,73,81716,12342,156920,4
spin_slow,spin,2.0,0.3,56.4045,85,723110765,73,85306,12455,156903,4
spin_slow,spin,2.0,0.3,56.4256,86,723129551,74,140535,12569,156913,4
spin_slow,spin,2.0,0.3,56.4445,87,723149577,80,92343,12763,156955,4
spin_slow,spin,2.0,0.3,56.4655,88,723172084,77,152260,12992,156925,4
spin_slow,spin,2.0,0.3,56.4908,89,723190683,83,18870,13104,156918,4
spin_slow,spin,2.0,0.3,56.5045,90,723210906,78,4685,13254,156904,4
spin_slow,spin,2.0,0.3,56.5266,91,723233385,81,60555,13407,156887,4
spin_slow,spin,2.0,0.3,56.5456,92,723252146,80,111633,13565,156942,4
spin_slow,spin,2.0,0.3,56.5719,93,723274689,81,21169,13674,156901,4
spin_slow,spin,2.0,0.3,56.5772,94,723283216,81,58468,13749,156937,4
spin_slow,spin,2.0,0.3,56.5866,95,723292322,81,37250,13866,156940,4
spin_slow,spin,2.0,0.3,56.6066,96,723313473,82,23818,14055,156920,4
spin_slow,spin,2.0,0.3,56.6258,97,723333476,83,128997,14172,156949,4
spin_slow,spin,2.0,0.3,56.649,98,723356030,84,39928,14360,156911,4
spin_slow,spin,2.0,0.3,56.6691,99,723374773,85,88195,14476,156926,4
spin_slow,spin,2.0,0.3,56.6859,100,723393527,92,138523,14588,156898,4
spin_slow,spin,2.0,0.3,56.724,101,723421072,87,113935,14854,156930,4
spin_slow,spin,2.0,0.3,56.7314,102,723438007,89,11736,15045,156878,4
spin_slow,spin,2.0,0.3,56.7492,103,723454868,89,53625,15235,156909,4
spin_slow,spin,2.0,0.3,56.7703,104,723477380,91,114238,15389,156934,4
spin_slow,spin,2.0,0.3,56.7893,105,723496175,92,13985,15540,156917,4
spin_slow,spin,2.0,0.3,56.8094,106,723514913,92,61161,15689,156889,4
spin_slow,spin,2.0,0.3,56.8295,107,723534944,93,14394,15808,156932,4
spin_slow,spin,2.0,0.3,56.8505,108,723557454,94,74649,15960,156928,4
spin_slow,spin,2.0,0.3,56.8716,109,723576247,94,130694,16113,156953,4
spin_slow,spin,2.0,0.3,56.8895,110,723596281,95,83948,16232,156942,4
spin_slow,spin,2.0,0.3,56.9116,111,723618783,97,142832,16424,156968,4
spin_slow,spin,2.0,0.3,56.9306,112,723637553,97,37911,16531,156926,4
spin_slow,spin,2.0,0.3,56.9496,113,723656328,98,91115,16682,156907,4
spin_slow,spin,2.0,0.3,56.9697,114,723677553,99,89983,16879,156944,4
spin_slow,spin,2.0,0.3,56.9898,115,723696370,100,150249,16994,156911,4
spin_slow,spin,2.0,0.3,57.0112,116,723718861,101,50617,17142,156912,4
spin_slow,spin,2.0,0.3,57.0304,117,723737654,100,106841,17298,156942,4
spin_slow,spin,2.0,0.3,57.0495,118,723756445,102,6160,17370,156944,4
spin_slow,spin,2.0,0.3,57.076,119,723778938,101,63965,17553,156876,4
spin_slow,spin,2.0,0.3,57.0803,120,723787371,105,85627,17673,156890,4
spin_slow,spin,2.0,0.3,57.0909,121,723797974,104,5353,17712,156907,4
spin_slow,spin,2.0,0.3,57.1112,122,723817705,105,64576,17826,156915,4
spin_slow,spin,2.0,0.3,57.1346,123,723841491,105,27981,18015,156919,4
spin_slow,spin,2.0,0.3,57.1529,124,723860251,99,79210,18170,156894,4
spin_slow,spin,2.0,0.3,57.1711,125,723879010,107,129581,18286,156924,4
spin_slow,spin,2.0,0.3,57.1977,126,723901557,108,39269,18402,156901,4
spin_slow,spin,2.0,0.3,57.2147,127,723920305,109,88586,18507,156855,4
spin_slow,spin,2.0,0.3,57.2317,0,723939081,112,142330,18669,156938,4
spin_slow,spin,2.0,0.3,57.256,1,723961581,111,44542,18777,156888,4
spin_slow,spin,2.0,0.3,57.274,2,723981618,111,155565,18897,156923,4
spin_slow,spin,2.0,0.3,57.2931,3,724000374,107,48363,19014,156952,4
spin_slow,spin,2.0,0.3,57.3163,4,724022896,118,110651,19119,156917,4
spin_slow,spin,2.0,0.3,57.3354,5,724042928,107,63483,19315,156907,4
spin_slow,spin,2.0,0.3,57.3543,6,724061708,114,117643,19425,156923,4
spin_slow,spin,2.0,0.3,57.3914,7,724090292,116,112173,19655,156920,4
spin_slow,spin,2.0,0.3,57.4,8,724107413,117,41601,19879,156884,4
spin_slow,spin,2.0,0.3,57.4139,9,724120476,121,65837,19918,156874,4
spin_slow,spin,2.0,0.3,57.4353,10,724143028,118,133825,20115,156893,4
spin_slow,spin,2.0,0.3,57.4545,11,724161773,119,25648,20225,156889,4
spin_slow,spin,2.0,0.3,57.476,12,724184299,120,88954,20382,156927,4
spin_slow,spin,2.0,0.3,57.4961,13,724203053,121,139126,20532,156894,4
spin_slow,spin,2.0,0.3,57.5141,14,724221826,121,35299,20648,156915,4
spin_slow,spin,2.0,0.3,57.5341,15,724241845,123,144177,20788,156865,4
spin_slow,spin,2.0,0.3,57.5563,16,724264356,124,48302,21026,156921,4
spin_slow,spin,2.0,0.3,57.5795,17,724284338,125,149841,21141,156934,4
spin_slow,spin,2.0,0.3,57.5816,18,724285288,125,154391,21144,156937,0
spin_slow,spin,2.0,0.3,57.5954,19,724301906,126,154985,21291,156889,4
spin_slow,spin,2.0,0.3,57.6166,20,724324423,126,60220,21445,156922,4
spin_slow,spin,2.0,0.3,57.6356,21,724343198,132,113900,21598,156899,4
spin_slow,spin,2.0,0.3,57.6588,22,724365684,137,14610,21780,156853,4
spin_slow,spin,2.0,0.3,57.6758,23,724384479,129,72092,21942,156894,4
spin_slow,spin,2.0,0.3,57.6958,24,724403245,125,124345,22128,156901,4
spin_slow,spin,2.0,0.3,57.7223,25,724425762,133,29281,22322,156920,4
spin_slow,spin,2.0,0.3,57.7349,26,724443254,133,21433,22505,156871,4
spin_slow,spin,2.0,0.3,57.756,27,724463294,133,133514,22588,156892,4
spin_slow,spin,2.0,0.3,57.7791,28,724485784,134,33949,22777,156909,4
spin_slow,spin,2.0,0.3,57.8003,29,724508338,138,101988,22934,156950,4
spin_slow,spin,2.0,0.3,57.8193,30,724527108,135,154122,23009,156914,4
spin_slow,spin,2.0,0.3,57.8393,31,724547114,143,102882,23198,156898,4
spin_slow,spin,2.0,0.3,57.8593,32,724565874,137,153852,23342,156896,4
spin_slow,spin,2.0,0.3,57.8803,33,724587166,138,7898,23468,156936,4
spin_slow,spin,2.0,0.3,57.8993,34,724607163,139,112789,23649,156869,4
spin_slow,spin,2.0,0.3,57.9246,35,724630927,140,73178,23808,156913,4
spin_slow,spin,2.0,0.3,57.9426,36,724649707,141,127722,23918,156882,4
spin_slow,spin,2.0,0.3,57.9647,37,724672250,144,37541,24066,156895,4
spin_slow,spin,2.0,0.3,57.9837,38,724690979,143,83394,24231,156933,4
spin_slow,spin,2.0,0.3,58.0206,39,724718526,149,59051,24451,156881,4
spin_slow,spin,2.0,0.3,58.0292,40,724735476,146,116268,24607,156922,4
spin_slow,spin,2.0,0.3,58.042,41,724749777,146,36930,24723,156930,4
spin_slow,spin,2.0,0.3,58.0653,42,724772320,146,103739,24877,156913,4
spin_slow,spin,2.0,0.3,58.0759,43,724783812,153,17465,24991,156936,4
spin_slow,spin,2.0,0.3,58.0855,44,724792167,147,25787,24980,156857,4
spin_slow,spin,2.0,0.3,58.1076,45,724811051,150,97652,25151,156915,4
spin_slow,spin,2.0,0.3,58.1246,46,724832382,149,113589,25262,156943,4
spin_slow,spin,2.0,0.3,58.1447,47,724851140,150,6415,25382,156977,4
spin_slow,spin,2.0,0.3,58.1616,48,724869882,150,53408,25488,156925,4
spin_slow,spin,2.0,0.3,58.1847,49,724892449,151,123204,25686,156975,4
spin_slow,spin,2.0,0.3,58.2038,50,724911206,152,15976,25751,156904,4
spin_slow,spin,2.0,0.3,58.2217,51,724929973,152,68256,25909,156938,4
spin_slow,spin,2.0,0.3,58.2438,52,724952506,152,132026,26064,156954,4
spin_slow,spin,2.0,0.3,58.2638,53,724971259,153,24390,26133,156919,4
spin_slow,spin,2.0,0.3,58.2849,54,724993800,154,89844,26321,156921,4
spin_slow,spin,2.0,0.3,58.304,55,725012570,156,142669,26468,156858,4
spin_slow,spin,2.0,0.3,58.3262,56,725035073,158,45209,26621,156872,4
spin_slow,spin,2.0,0.3,58.3451,57,725053849,157,99426,26776,156890,4
spin_slow,spin,2.0,0.3,58.3683,58,725076367,159,5366,26925,156879,4
spin_slow,spin,2.0,0.3,58.3862,59,725095120,160,55720,27116,156881,4
spin_slow,spin,2.0,0.3,58.4105,60,725118886,160,16312,27278,156938,4
spin_slow,spin,2.0,0.3,58.4306,61,725137655,162,68616,27462,156899,4
spin_slow,spin,2.0,0.3,58.4488,62,725156434,163,123098,27617,156887,4
spin_slow,spin,2.0,0.3,58.471,63,725178973,164,31541,27769,156919,4
spin_slow,spin,2.0,0.3,58.489,64,725197735,164,82586,27918,156898,4
spin_slow,spin,2.0,0.3,58.5092,65,725217760,166,34851,28068,156914,4
spin_slow,spin,2.0,0.3,58.5293,66,725236483,166,80217,28217,156880,4
spin_slow,spin,2.0,0.3,58.5526,67,725260270,167,45394,28406,156880,4
spin_slow,spin,2.0,0.3,58.5748,68,725279037,168,97425,28527,156896,4
spin_slow,spin,2.0,0.3,58.5812,69,725287530,169,129049,28649,156907,4
spin_slow,spin,2.0,0.3,58.5918,70,725298500,170,111071,28720,156884,4
spin_slow,spin,2.0,0.3,58.6098,71,725317810,168,98898,28875,156891,4
spin_slow,spin,2.0,0.3,58.6289,72,725337830,171,50034,29025,156902,4
spin_slow,spin,2.0,0.3,58.6522,73,725360340,172,111259,29255,156913,4
spin_slow,spin,2.0,0.3,58.6891,74,725387690,175,53742,29443,156924,4
spin_slow,spin,2.0,0.3,58.6964,75,725404854,174,147289,29599,156913,4
spin_slow,spin,2.0,0.3,58.7112,76,725419134,175,64854,29711,156894,4
spin_slow,spin,2.0,0.3,58.7343,77,725441664,175,128913,29903,156932,4
spin_slow,spin,2.0,0.3,58.7512,78,725460441,179,25479,30015,156881,4
spin_slow,spin,2.0,0.3,58.7755,79,725482938,178,84182,30205,156903,4
spin_slow,spin,2.0,0.3,58.7945,80,725501714,178,137750,30282,156900,4
spin_slow,spin,2.0,0.3,58.8113,81,725520491,178,34453,30442,156940,4
spin_slow,spin,2.0,0.3,58.8345,82,725543015,182,97589,30579,156904,4
spin_slow,spin,2.0,0.3,58.8545,83,725561761,181,146044,30738,156894,4
spin_slow,spin,2.0,0.3,58.8756,84,725584324,181,59216,30930,156891,4
spin_slow,spin,2.0,0.3,58.8946,85,725603058,182,105848,31038,156891,4
spin_slow,spin,2.0,0.3,58.9139,86,725621811,184,156323,31236,156907,4
spin_slow,spin,2.0,0.3,58.935,87,725644353,179,65780,31347,156933,4
spin_slow,spin,2.0,0.3,58.954,88,725663107,186,115857,31494,156893,4
spin_slow,spin,2.0,0.3,58.974,89,725681860,188,9123,31615,156916,4
spin_slow,spin,2.0,0.3,58.9951,90,725704362,188,69322,31760,156858,4
spin_slow,spin,2.0,0.3,59.0141,91,725723154,188,126286,31915,156882,4
spin_slow,spin,2.0,0.3,59.0321,92,725741920,188,22142,32037,156926,4
spin_slow,spin,2.0,0.3,59.0565,93,725764426,190,82632,32187,156907,4
spin_slow,spin,2.0,0.3,59.0797,94,725783216,185,138675,32304,156918,4
spin_slow,spin,2.0,0.3,59.0819,95,725791679,191,8041,32393,156943,4
spin_slow,spin,2.0,0.3,59.0956,96,725802278,189,83997,32411,156888,4
spin_slow,spin,2.0,0.3,59.1158,97,725825721,192,147442,32561,156860,4
spin_slow,spin,2.0,0.3,59.1349,98,725844507,192,46776,32714,156872,4
spin_slow,spin,2.0,0.3,59.1551,99,725863265,193,98079,32834,156901,4
spin_slow,spin,2.0,0.3,59.1773,100,725885765,194,816,32943,156899,4
spin_slow,spin,2.0,0.3,59.1953,101,725904547,195,55874,33098,156874,4
spin_slow,spin,2.0,0.3,59.2144,102,725923333,195,111327,33176,156906,4
spin_slow,spin,2.0,0.3,59.2366,103,725945820,197,11163,33319,156873,4
spin_slow,spin,2.0,0.3,59.2568,104,725964592,198,64591,33483,156901,4
spin_slow,spin,2.0,0.3,59.2748,105,725984591,196,12399,33637,156923,4
spin_slow,spin,2.0,0.3,59.315,106,726015920,199,3554,33859,156890,4
spin_slow,spin,2.0,0.3,59.3246,107,726032882,193,62689,34050,156925,4
spin_slow,spin,2.0,0.3,59.3364,108,726044950,201,74171,34172,156922,4
spin_slow,spin,2.0,0.3,59.3564,109,726064706,202,137131,34282,156930,4
spin_slow,spin,2.0,0.3,59.3796,110,726087208,207,39372,34444,156948,4
spin_slow,spin,2.0,0.3,59.3976,111,726105970,199,90055,34591,156955,4
spin_slow,spin,2.0,0.3,59.4189,112,726128517,211,156575,34746,156922,4
spin_slow,spin,2.0,0.3,59.4401,113,726147272,199,49376,34894,156939,4
spin_slow,spin,2.0,0.3,59.4569,114,726166066,206,105897,35046,156921,4
spin_slow,spin,2.0,0.3,59.4843,115,726188594,207,12393,35196,156914,4
spin_slow,spin,2.0,0.3,59.499,116,726207330,208,59132,35353,156930,4
spin_slow,spin,2.0,0.3,59.5201,117,726229865,209,123848,35509,156904,4
spin_slow,spin,2.0,0.3,59.539,118,726248644,209,21143,35613,156908,4
spin_slow,spin,2.0,0.3,59.5612,119,726271147,211,80346,35806,156918,4
spin_slow,spin,2.0,0.3,59.5844,120,726291165,212,31669,36000,156920,4
spin_slow,spin,2.0,0.3,59.5844,121,726292113,211,35790,35964,156920,0
spin_slow,spin,2.0,0.3,59.5992,122,726308697,213,30521,36151,156908,4
spin_slow,spin,2.0,0.3,59.6214,123,726331213,207,92607,36373,156916,4
spin_slow,spin,2.0,0.3,59.6405,124,726349987,215,146389,36528,156894,4
spin_slow,spin,2.0,0.3,59.6648,125,726372504,216,52216,36675,156869,4
spin_slow,spin,2.0,0.3,59.6816,126,726391263,217,103461,36827,156858,4
spin_slow,spin,2.0,0.3,59.7006,127,726410030,217,156199,36940,156868,4
spin_slow,spin,2.0,0.3,59.7248,0,726432555,215,62586,37101,156922,4
spin_slow,spin,2.0,0.3,59.7427,1,726451314,219,113737,37259,156948,4
spin_slow,spin,2.0,0.3,59.7648,2,726473860,222,23737,37402,156895,4
spin_slow,spin,2.0,0.3,59.784,3,726492603,222,72156,37602,156895,4
spin_slow,spin,2.0,0.3,59.8062,4,726515141,217,137028,37757,156958,4
spin_slow,spin,2.0,0.3,59.8241,5,726533908,222,31660,37903,156920,4
spin_slow,spin,2.0,0.3,59.8463,6,726556441,224,95946,38070,156954,4
spin_slow,spin,2.0,0.3,59.8652,7,726575201,225,146377,38176,156938,4
spin_slow,spin,2.0,0.3,59.8874,8,726596444,226,147770,38329,156950,4
spin_slow,spin,2.0,0.3,59.9053,9,726615252,226,49578,38442,156938,4
spin_slow,spin,2.0,0.3,59.9295,10,726637767,227,111029,38634,156911,4
spin_slow,spin,2.0,0.3,59.9463,11,726656539,229,6962,38741,156894,4
spin_slow,spin,2.0,0.3,59.9843,12,726685177,230,10911,38937,156924,4
spin_slow,spin,2.0,0.3,59.9938,13,726702288,230,95656,39083,156885,4
