label,mode,volt,spin,t_host,seq,t_us,isr_high,cap_age,cap_high,cap_period,flags
move_0,spin,2.0,0.15,0.0147,6,928086843,231,120269,39372,156834,4
move_0,spin,2.0,0.15,0.0349,7,928105597,233,14664,39411,156861,4
move_0,spin,2.0,0.15,0.0561,8,928128125,232,79607,39458,156874,4
move_0,spin,2.0,0.15,0.0752,9,928146922,229,137734,39528,156854,4
move_0,spin,2.0,0.15,0.0943,10,928165702,233,36005,39575,156903,4
move_0,spin,2.0,0.15,0.1176,11,928188210,233,97054,39648,156900,4
move_0,spin,2.0,0.15,0.1346,12,928207006,233,155552,39730,156830,4
move_0,spin,2.0,0.15,0.158,13,928229530,234,64019,39777,156799,4
move_0,spin,2.0,0.15,0.1792,14,928248289,236,116363,39865,156825,4
move_0,spin,2.0,0.15,0.1963,15,928267063,234,14200,39906,156848,4
move_0,spin,2.0,0.15,0.2176,16,928289577,236,77292,40010,156809,4
move_0,spin,2.0,0.15,0.2389,17,928308343,237,131036,40044,156809,4
move_0,spin,2.0,0.15,0.2559,18,928328354,237,83078,40129,156824,4
move_0,spin,2.0,0.15,0.2792,19,928350901,236,151915,40239,156815,4
move_0,spin,2.0,0.15,0.2983,20,928369675,236,50161,40249,156829,4
move_0,spin,2.0,0.15,0.3173,21,928388440,244,103136,40364,156853,4
move_0,spin,2.0,0.15,0.3386,22,928410989,238,15474,40426,156813,4
move_0,spin,2.0,0.15,0.3577,23,928429725,238,64449,40465,156794,4
move_0,spin,2.0,0.15,0.3768,24,928448518,239,122662,40588,156807,4
move_0,spin,2.0,0.15,0.4014,25,928471038,240,30652,40664,156824,4
move_0,spin,2.0,0.15,0.4194,26,928491072,240,142737,40735,156844,4
move_0,spin,2.0,0.15,0.4387,27,928511084,241,94542,40850,156844,4
move_0,spin,2.0,0.15,0.4589,28,928529823,241,143572,40886,156802,4
move_0,spin,2.0,0.15,0.4813,29,928552367,242,55590,41026,156786,4
move_0,spin,2.0,0.15,0.5004,30,928571131,241,109147,41083,156819,4
move_0,spin,2.0,0.15,0.5154,31,928586156,242,154228,41108,156809,4
move_0,spin,2.0,0.15,0.5207,32,928594648,243,29540,41160,156843,4
move_0,spin,2.0,0.15,0.5419,33,928612441,243,74816,41237,156849,4
move_0,spin,2.0,0.15,0.5588,34,928631200,242,126918,41318,156840,4
move_0,spin,2.0,0.15,0.5809,35,928653725,249,34524,41426,156827,4
move_0,spin,2.0,0.15,0.5999,36,928672519,251,92290,41465,156838,4
move_0,spin,2.0,0.15,0.6201,37,928691278,245,144014,41544,156870,4
move_0,spin,2.0,0.15,0.6391,38,928711298,245,96763,41615,156827,4
move_0,spin,2.0,0.15,0.6633,39,928733817,246,3976,41699,156858,4
move_0,spin,2.0,0.15,0.6802,40,928752600,247,60136,41771,156852,4
move_0,spin,2.0,0.15,0.7044,41,928775128,246,125283,41846,156863,4
move_0,spin,2.0,0.15,0.7245,42,928795145,245,77079,41933,156887,4
move_0,spin,2.0,0.15,0.7414,43,928813929,249,132971,42009,156880,4
move_0,spin,2.0,0.15,0.7603,44,928832702,248,30235,42069,156831,4
move_0,spin,2.0,0.15,0.7835,45,928855223,246,94318,42157,156879,4
move_0,spin,2.0,0.15,0.8004,46,928874006,255,150283,42196,156864,4
move_0,spin,2.0,0.15,0.8235,47,928895232,248,150771,42317,156899,4
move_0,spin,2.0,0.15,0.8435,48,928914043,249,54452,42374,156845,4
move_0,spin,2.0,0.15,0.8604,49,928932851,249,114546,42473,156896,4
move_0,spin,2.0,0.15,0.8826,50,928955337,248,15910,42532,156861,4
move_0,spin,2.0,0.15,0.9026,51,928974121,251,72250,42614,156864,4
move_0,spin,2.0,0.15,0.9195,52,928992893,252,126431,42727,156867,4
move_0,spin,2.0,0.15,0.9427,53,929015441,258,38169,42777,156897,4
move_0,spin,2.0,0.15,0.9608,54,929034200,253,89665,42874,156833,4
move_0,spin,2.0,0.15,0.984,55,929056729,253,155268,43037,156868,4
move_0,spin,2.0,0.15,1.0008,56,929075489,254,50616,43058,156840,4
move_0,spin,2.0,0.15,1.0198,57,929088014,254,141009,43146,156843,4
move_0,spin,2.0,0.15,1.0251,58,929096746,254,56921,43185,156833,4
move_0,spin,2.0,0.15,1.042,59,929115548,255,116240,43267,156865,4
move_0,spin,2.0,0.15,1.0641,60,929136818,252,124114,43327,156860,4
move_0,spin,2.0,0.15,1.083,61,929155591,261,21809,43406,156845,4
move_0,spin,2.0,0.15,1.1051,62,929178130,258,88715,43561,156845,4
move_0,spin,2.0,0.15,1.1568,63,929205483,256,32618,43641,156847,4
move_0,spin,2.0,0.15,1.1695,64,929233804,258,141552,43752,156858,4
move_0,spin,2.0,0.15,1.18,65,929252802,258,76984,43840,156885,4
move_0,spin,2.0,0.15,1.1864,66,929258336,252,76444,43833,156890,4
move_0,spin,2.0,0.15,1.2043,67,929277023,258,115769,43916,156873,4
move_0,spin,2.0,0.15,1.2285,68,929299523,259,19295,44019,156844,4
move_0,spin,2.0,0.15,1.2454,69,929318304,259,74561,44139,156890,4
move_0,spin,2.0,0.15,1.2643,70,929337082,260,129578,44180,156877,4
move_0,spin,2.0,0.15,1.2888,71,929360866,258,93958,44253,156883,4
move_0,spin,2.0,0.15,1.3088,72,929379637,263,147616,44332,156872,4
move_0,spin,2.0,0.15,1.3288,73,929399627,262,94655,44379,156854,4
move_0,spin,2.0,0.15,1.3489,74,929420933,262,108720,44489,156877,4
move_0,spin,2.0,0.15,1.3657,75,929439719,262,7963,44512,156850,4
move_0,spin,2.0,0.15,1.3889,76,929462241,263,71600,44606,156911,4
move_0,spin,2.0,0.15,1.409,77,929481015,263,125517,44672,156864,4
move_0,spin,2.0,0.15,1.427,78,929499804,267,25328,44709,156859,4
move_0,spin,2.0,0.15,1.4503,79,929522320,264,87887,44790,156873,4
move_0,spin,2.0,0.15,1.4684,80,929541095,264,141931,44859,156877,4
move_0,spin,2.0,0.15,1.4865,81,929559878,268,40628,44897,156858,4
move_0,spin,2.0,0.15,1.5182,82,929582420,264,107933,44959,156820,4
move_0,spin,2.0,0.15,1.5298,83,929594989,267,49243,45042,156819,4
move_0,spin,2.0,0.15,1.5319,84,929605567,262,122246,45054,156860,4
move_0,spin,2.0,0.15,1.5489,85,929621230,266,118333,45160,156852,4
move_0,spin,2.0,0.15,1.569,86,929642861,266,31124,45203,156857,4
move_0,spin,2.0,0.15,1.5882,87,929661245,266,19092,45276,156863,4
move_0,spin,2.0,0.15,1.6094,88,929681217,264,120445,45349,156878,4
move_0,spin,2.0,0.15,1.6318,89,929703814,269,40588,45462,156845,4
move_0,spin,2.0,0.15,1.6499,90,929723829,267,149240,45537,156819,4
move_0,spin,2.0,0.15,1.6691,91,929742616,269,49828,45582,156825,4
move_0,spin,2.0,0.15,1.6926,92,929765117,275,111052,45675,156789,4
move_0,spin,2.0,0.15,1.7097,93,929783881,269,7580,45793,156817,4
move_0,spin,2.0,0.15,1.7288,94,929802641,269,60104,45838,156842,4
move_0,spin,2.0,0.15,1.751,95,929825190,270,129651,45907,156815,4
move_0,spin,2.0,0.15,1.77,96,929843937,272,23328,45952,156836,4
move_0,spin,2.0,0.15,1.789,97,929862733,279,81558,46047,156870,4
move_0,spin,2.0,0.15,1.8133,98,929885234,272,142271,46073,156846,4
move_0,spin,2.0,0.15,1.8302,99,929904018,271,41935,46097,156813,4
move_0,spin,2.0,0.15,1.8492,100,929922777,272,94030,46234,156834,4
move_0,spin,2.0,0.15,1.8714,101,929945303,271,2612,46300,156848,4
move_0,spin,2.0,0.15,1.8903,102,929964087,272,59205,46339,156840,4
move_0,spin,2.0,0.15,1.9145,103,929986553,273,114417,46419,156851,4
move_0,spin,2.0,0.15,1.9316,104,930005373,273,20147,46495,156856,4
move_0,spin,2.0,0.15,1.9496,105,930024161,273,77157,46532,156835,4
move_0,spin,2.0,0.15,1.9739,106,930046684,275,142384,46641,156820,4
move_0,spin,2.0,0.15,1.9918,107,930065454,275,39638,46676,156816,4
move_0,spin,2.0,0.15,2.016,108,930089167,275,149491,46770,156830,4
move_0,spin,2.0,0.15,2.0192,109,930090112,281,153226,46754,156850,0
move_0,spin,2.0,0.15,2.0308,110,930105491,276,101190,46825,156803,4
move_0,spin,2.0,0.15,2.054,111,930128024,275,10359,46873,156867,4
move_0,spin,2.0,0.15,2.0741,112,930146808,281,66616,46946,156826,4
move_0,spin,2.0,0.15,2.0909,113,930165563,276,118225,47020,156814,4
move_0,spin,2.0,0.15,2.1143,114,930188066,277,23014,47108,156857,4
move_0,spin,2.0,0.15,2.1344,115,930206858,277,80658,47127,156842,4
move_0,spin,2.0,0.15,2.1546,116,930229381,277,145252,47211,156844,4
move_0,spin,2.0,0.15,2.1737,117,930248162,278,44631,47284,156824,4
move_0,spin,2.0,0.15,2.193,118,930266927,285,97899,47377,156885,4
move_0,spin,2.0,0.15,2.2131,119,930286897,280,42424,47402,156805,4
move_0,spin,2.0,0.15,2.2344,120,930308247,280,64715,47490,156883,4
move_0,spin,2.0,0.15,2.2578,121,930330732,284,122646,47564,156843,4
move_0,spin,2.0,0.15,2.2758,122,930350767,278,77914,47624,156797,4
move_0,spin,2.0,0.15,2.2949,123,930369561,282,136538,47742,156829,4
move_0,spin,2.0,0.15,2.3141,124,930388321,282,32215,47795,156862,4
move_0,spin,2.0,0.15,2.3375,125,930410843,288,96532,47900,156848,4
move_0,spin,2.0,0.15,2.3618,126,930429615,282,151005,47988,156856,4
move_0,spin,2.0,0.15,2.3745,127,930449676,282,110570,48058,156835,4
move_0,spin,2.0,0.15,2.3968,0,930470916,283,113954,48170,156853,4
move_0,spin,2.0,0.15,2.4263,1,930489657,283,6291,48201,156840,4
move_0,spin,2.0,0.15,2.4484,2,930510637,285,122784,48313,156827,4
move_0,spin,2.0,0.15,2.4769,3,930531622,285,83569,48357,156834,4
move_0,spin,2.0,0.15,2.4864,4,930559166,285,61022,48439,156852,4
move_0,spin,2.0,0.15,2.4959,5,930570617,285,125502,48471,156830,4
move_0,spin,2.0,0.15,2.5202,6,930593508,286,95878,48549,156840,4
move_0,spin,2.0,0.15,2.5223,7,930594451,285,99280,48548,156866,0
move_0,spin,2.0,0.15,2.5381,8,930609818,286,45073,48631,156849,4
move_0,spin,2.0,0.15,2.5582,9,930632337,287,109668,48662,156828,4
move_0,spin,2.0,0.15,2.5761,10,930651124,286,10190,48741,156851,4
move_0,spin,2.0,0.15,2.5982,11,930669903,283,65521,48814,156857,4
move_0,spin,2.0,0.15,2.6203,12,930693677,288,28907,48942,156896,4
move_0,spin,2.0,0.15,2.6393,13,930712432,289,79777,49038,156819,4
move_0,spin,2.0,0.15,2.6603,14,930734979,290,148505,49136,156893,4
move_0,spin,2.0,0.15,2.6793,15,930753740,289,43642,49161,156857,4
move_0,spin,2.0,0.15,2.6993,16,930772507,289,97157,49275,156824,4
move_0,spin,2.0,0.15,2.7203,17,930795032,290,5310,49356,156851,4
move_0,spin,2.0,0.15,2.7393,18,930813823,290,62855,49432,156848,4
move_0,spin,2.0,0.15,2.7614,19,930836321,292,123469,49508,156860,4
move_0,spin,2.0,0.15,2.7803,20,930855083,291,19003,49545,156888,4
move_0,spin,2.0,0.15,2.7993,21,930873873,288,75466,49628,156883,4
move_0,spin,2.0,0.15,2.8214,22,930896426,292,144833,49680,156853,4
move_0,spin,2.0,0.15,2.8403,23,930915195,294,41258,49769,156864,4
move_0,spin,2.0,0.15,2.8635,24,930936469,294,49718,49890,156880,4
move_0,spin,2.0,0.15,2.8814,25,930956489,294,1914,49907,156835,4
move_0,spin,2.0,0.15,2.9045,26,930979043,295,71304,50028,156839,4
move_0,spin,2.0,0.15,2.9235,27,930997803,295,123756,50191,156852,4
move_0,spin,2.0,0.15,2.9414,28,931016569,295,19553,50269,156877,4
move_0,spin,2.0,0.15,2.9636,29,931039097,296,84881,50380,156860,4
move_0,spin,2.0,0.15,2.9836,30,931057880,297,140506,50456,156856,4
move_0,spin,2.0,0.15,3.0015,31,931076647,299,36797,50580,156874,4
move_0,spin,2.0,0.15,3.0215,32,931091683,298,83026,50611,156875,4
move_0,spin,2.0,0.15,3.0257,33,931100274,299,131640,50655,156877,4
move_0,spin,2.0,0.15,3.0436,34,931117959,302,808,50731,156884,4
move_0,spin,2.0,0.15,3.0637,35,931139217,299,6827,50792,156832,4
move_0,spin,2.0,0.15,3.0837,36,931158019,300,66229,50872,156860,4
move_0,spin,2.0,0.15,3.1047,37,931180547,300,131175,50916,156858,4
move_0,spin,2.0,0.15,3.1237,38,931199321,301,28383,50961,156900,4
move_0,spin,2.0,0.15,3.1458,39,931221842,300,92126,51062,156853,4
move_0,spin,2.0,0.15,3.1649,40,931240600,301,143962,51144,156871,4
move_0,spin,2.0,0.15,3.1902,41,931263143,301,54958,51212,156822,4
move_0,spin,2.0,0.15,3.2059,42,931281907,296,107618,51257,156892,4
move_0,spin,2.0,0.15,3.2291,43,931304440,303,16644,51383,156888,4
move_0,spin,2.0,0.15,3.2492,44,931323219,308,71794,51436,156831,4
move_0,spin,2.0,0.15,3.2703,45,931345745,303,136701,51523,156852,4
move_0,spin,2.0,0.15,3.2893,46,931364545,303,39095,51556,156827,4
move_0,spin,2.0,0.15,3.3094,47,931383297,304,90135,51628,156835,4
move_0,spin,2.0,0.15,3.3304,48,931405820,304,154101,51726,156878,4
move_0,spin,2.0,0.15,3.3495,49,931424591,304,51219,51789,156861,4
move_0,spin,2.0,0.15,3.3685,50,931444583,305,155566,51868,156833,4
move_0,spin,2.0,0.15,3.3885,51,931464632,308,113508,51972,156803,4
move_0,spin,2.0,0.15,3.4085,52,931483399,306,10475,51999,156796,4
move_0,spin,2.0,0.15,3.4296,53,931505940,306,78647,52078,156839,4
move_0,spin,2.0,0.15,3.4487,54,931524714,307,133709,52157,156798,4
move_0,spin,2.0,0.15,3.4719,55,931547205,306,36829,52234,156822,4
move_0,spin,2.0,0.15,3.4909,56,931565995,308,94375,52329,156838,4
move_0,spin,2.0,0.15,3.5089,57,931584765,308,148165,52364,156859,4
move_0,spin,2.0,0.15,3.5205,58,931597697,308,150702,52432,156856,4
move_0,spin,2.0,0.15,3.531,59,931606854,309,138878,52440,156850,4
move_0,spin,2.0,0.15,3.5511,60,931627325,309,11653,52545,156835,4
move_0,spin,2.0,0.15,3.5712,61,931646089,310,64670,52588,156824,4
move_0,spin,2.0,0.15,3.5912,62,931666103,315,16917,52663,156842,4
move_0,spin,2.0,0.15,3.6091,63,931684891,310,74345,52771,156812,4
move_0,spin,2.0,0.15,3.6312,64,931707381,308,133613,52847,156836,4
move_0,spin,2.0,0.15,3.6544,65,931726132,311,28260,52881,156803,4
move_0,spin,2.0,0.15,3.6745,66,931749938,312,155012,52994,156833,4
move_0,spin,2.0,0.15,3.6935,67,931768705,313,51843,53051,156851,4
move_0,spin,2.0,0.15,3.7105,68,931787474,306,105664,53120,156875,4
move_0,spin,2.0,0.15,3.7684,69,931807502,313,60307,53189,156814,4
move_0,spin,2.0,0.15,3.7852,70,931853282,314,1434,53333,156790,4
move_0,spin,2.0,0.15,3.7852,71,931854227,322,5275,53336,156812,0
move_0,spin,2.0,0.15,3.7936,72,931869680,308,123081,53384,156848,4
move_0,spin,2.0,0.15,3.8147,73,931890112,314,146227,53453,156821,4
move_0,spin,2.0,0.15,3.8337,74,931910124,315,98242,53535,156819,4
move_0,spin,2.0,0.15,3.8538,75,931928895,309,152210,53577,156832,4
move_0,spin,2.0,0.15,3.8707,76,931947659,322,48657,53649,156847,4
move_0,spin,2.0,0.15,3.8938,77,931970206,316,117889,53718,156789,4
move_0,spin,2.0,0.15,3.9138,78,931988981,316,16278,53797,156837,4
move_0,spin,2.0,0.15,3.935,79,932011485,311,77678,53847,156842,4
move_0,spin,2.0,0.15,3.9552,80,932030229,317,127602,53904,156822,4
move_0,spin,2.0,0.15,3.9733,81,932049005,318,26198,53988,156833,4
move_0,spin,2.0,0.15,3.9956,82,932071567,318,97706,54075,156809,4
pos_0,hold,2.0,0.0,0.015,89,932142889,319,145390,54186,156874,4
pos_0,hold,2.0,0.0,0.0341,90,932161664,319,42906,54203,156894,4
pos_0,hold,2.0,0.0,0.0573,91,932184185,314,106818,54152,156887,4
pos_0,hold,2.0,0.0,0.0741,92,932202953,324,3219,54198,156869,4
pos_0,hold,2.0,0.0,0.0973,93,932225493,319,70622,54172,156828,4
pos_0,hold,2.0,0.0,0.1174,94,932244260,319,124661,54135,156821,4
pos_0,hold,2.0,0.0,0.1374,95,932263022,318,20465,54192,156851,4
pos_0,hold,2.0,0.0,0.1574,96,932284301,319,30254,54190,156880,4
pos_0,hold,2.0,0.0,0.1743,97,932303047,319,79600,54181,156847,4
pos_0,hold,2.0,0.0,0.1975,98,932325619,319,152317,54171,156828,4
pos_0,hold,2.0,0.0,0.2175,99,932344390,320,49749,54182,156838,4
pos_0,hold,2.0,0.0,0.2344,100,932363162,322,103931,54181,156839,4
pos_0,hold,2.0,0.0,0.2576,101,932385679,319,10798,54174,156835,4
pos_0,hold,2.0,0.0,0.2797,102,932404449,318,64934,54170,156828,4
pos_0,hold,2.0,0.0,0.2997,103,932425726,325,74640,54182,156836,4
pos_0,hold,2.0,0.0,0.3187,104,932445762,319,30217,54134,156810,4
pos_0,hold,2.0,0.0,0.3389,105,932467010,320,35505,54171,156813,4
pos_0,hold,2.0,0.0,0.36,106,932485804,315,93980,54191,156831,4
pos_0,hold,2.0,0.0,0.3779,107,932505811,319,44903,54183,156832,4
pos_0,hold,2.0,0.0,0.4,108,932528330,319,108632,54194,156856,4
pos_0,hold,2.0,0.0,0.4191,109,932547103,319,6197,54193,156870,4
pos_0,hold,2.0,0.0,0.4381,110,932565875,319,60038,54189,156846,4
pos_0,hold,2.0,0.0,0.4602,111,932588419,319,127779,54187,156850,4
pos_0,hold,2.0,0.0,0.4782,112,932607192,318,25432,54152,156845,4
pos_0,hold,2.0,0.0,0.5025,113,932629711,324,89073,54172,156813,4
pos_0,hold,2.0,0.0,0.5151,114,932642223,319,20504,54184,156839,4
pos_0,hold,2.0,0.0,0.5225,115,932650611,319,34998,54180,156826,4
pos_0,hold,2.0,0.0,0.5393,116,932668487,318,93963,54141,156853,4
pos_0,hold,2.0,0.0,0.5584,117,932687283,312,152390,54193,156845,4
pos_0,hold,2.0,0.0,0.5828,118,932709777,318,55311,54201,156879,4
pos_0,hold,2.0,0.0,0.5998,119,932728573,318,113571,54192,156866,4
pos_0,hold,2.0,0.0,0.6188,120,932747346,319,10944,54191,156856,4
pos_0,hold,2.0,0.0,0.6431,121,932769861,325,74609,54171,156798,4
pos_0,hold,2.0,0.0,0.66,122,932788627,319,128063,54167,156803,4
pos_0,hold,2.0,0.0,0.6812,123,932807400,319,26220,54178,156814,4
pos_0,hold,2.0,0.0,0.7013,124,932829914,318,89327,54187,156845,4
pos_0,hold,2.0,0.0,0.7193,125,932848653,319,137425,54193,156887,4
pos_0,hold,2.0,0.0,0.7425,126,932871234,319,55104,54179,156837,4
pos_0,hold,2.0,0.0,0.7625,127,932890001,319,108734,54176,156833,4
pos_0,hold,2.0,0.0,0.7794,0,932908773,320,5959,54156,156866,4
pos_0,hold,2.0,0.0,0.8025,1,932931293,320,69713,54176,156841,4
pos_0,hold,2.0,0.0,0.8226,2,932950059,317,123099,54149,156858,4
pos_0,hold,2.0,0.0,0.8394,3,932968829,319,20910,54175,156810,4
pos_0,hold,2.0,0.0,0.8626,4,932991368,322,89230,54182,156828,4
pos_0,hold,2.0,0.0,0.8826,5,933010134,320,142501,54189,156836,4
pos_0,hold,2.0,0.0,0.8996,6,933028876,321,35155,54178,156814,4
pos_0,hold,2.0,0.0,0.9228,7,933051421,319,103567,54138,156824,4
pos_0,hold,2.0,0.0,0.9419,8,933070191,319,1288,54138,156818,4
pos_0,hold,2.0,0.0,0.961,9,933088958,318,54979,54172,156823,4
pos_0,hold,2.0,0.0,0.9948,10,933111499,319,123092,54131,156818,4
pos_0,hold,2.0,0.0,1.0054,11,933133271,319,60552,54170,156822,4
pos_0,hold,2.0,0.0,1.0255,12,933144248,319,44592,54180,156849,4
pos_0,hold,2.0,0.0,1.0435,13,933163596,319,39976,54187,156838,4
pos_0,hold,2.0,0.0,1.0572,14,933177175,319,152587,54169,156834,4
pos_0,hold,2.0,0.0,1.0636,15,933193466,319,99076,54176,156841,4
pos_0,hold,2.0,0.0,1.0825,16,933211570,319,39919,54175,156815,4
pos_0,hold,2.0,0.0,1.1046,17,933234116,319,108888,54169,156796,4
pos_0,hold,2.0,0.0,1.1237,18,933252884,319,6049,54217,156832,4
pos_0,hold,2.0,0.0,1.1428,19,933271655,325,60010,54191,156865,4
pos_0,hold,2.0,0.0,1.1649,20,933294173,312,123401,54194,156871,4
pos_0,hold,2.0,0.0,1.1831,21,933312974,319,25408,54190,156873,4
pos_0,hold,2.0,0.0,1.2043,22,933334220,319,30274,54196,156882,4
pos_0,hold,2.0,0.0,1.2234,23,933352993,319,84502,54191,156855,4
pos_0,hold,2.0,0.0,1.2435,24,933371759,319,137563,54142,156843,4
pos_0,hold,2.0,0.0,1.2647,25,933394308,325,49844,54178,156811,4
pos_0,hold,2.0,0.0,1.2837,26,933413047,319,98983,54173,156818,4
pos_0,hold,2.0,0.0,1.3028,27,933431846,319,1527,54163,156790,4
pos_0,hold,2.0,0.0,1.3271,28,933454358,316,65331,54169,156813,4
pos_0,hold,2.0,0.0,1.3441,29,933474361,320,16004,54173,156817,4
pos_0,hold,2.0,0.0,1.3631,30,933493158,323,75119,54155,156802,4
pos_0,hold,2.0,0.0,1.3875,31,933515635,319,133277,54162,156807,4
pos_0,hold,2.0,0.0,1.4045,32,933534401,319,30725,54173,156816,4
pos_0,hold,2.0,0.0,1.4236,33,933553200,319,90359,54173,156832,4
pos_0,hold,2.0,0.0,1.448,34,933575706,319,152219,54194,156845,4
pos_0,hold,2.0,0.0,1.465,35,933594481,319,49823,54188,156867,4
pos_0,hold,2.0,0.0,1.4872,36,933616999,319,113652,54189,156812,4
pos_0,hold,2.0,0.0,1.5072,37,933635768,319,11025,54179,156817,4
pos_0,hold,2.0,0.0,1.5178,38,933646578,319,123878,54121,156793,4
pos_0,hold,2.0,0.0,1.5231,39,933654990,317,142797,54176,156802,4
pos_0,hold,2.0,0.0,1.5473,40,933675807,318,75004,54163,156792,4
pos_0,hold,2.0,0.0,1.5642,41,933694546,318,124368,54182,156828,4
pos_0,hold,2.0,0.0,1.5873,42,933717113,319,40813,54165,156788,4
pos_0,hold,2.0,0.0,1.6064,43,933735883,318,95728,54184,156841,4
pos_0,hold,2.0,0.0,1.6244,44,933754643,327,148444,54173,156834,4
pos_0,hold,2.0,0.0,1.6476,45,933777186,319,59921,54184,156844,4
pos_0,hold,2.0,0.0,1.6677,46,933795924,319,108639,54176,156834,4
pos_0,hold,2.0,0.0,1.6888,47,933818468,326,20676,54172,156800,4
pos_0,hold,2.0,0.0,1.7077,48,933837238,319,74661,54175,156815,4
pos_0,hold,2.0,0.0,1.7277,49,933855976,319,123759,54176,156812,4
pos_0,hold,2.0,0.0,1.7488,50,933878514,319,35257,54168,156795,4
pos_0,hold,2.0,0.0,1.7678,51,933897286,319,90173,54182,156830,4
pos_0,hold,2.0,0.0,1.7878,52,933916044,319,142378,54187,156829,4
pos_0,hold,2.0,0.0,1.8088,53,933938564,319,49649,54188,156862,4
pos_0,hold,2.0,0.0,1.8278,54,933957336,318,103992,54145,156859,4
pos_0,hold,2.0,0.0,1.8467,55,933976133,319,6006,54175,156825,4
pos_0,hold,2.0,0.0,1.8699,56,933999858,320,118312,54197,156862,4
pos_0,hold,2.0,0.0,1.8899,57,934018657,319,20455,54183,156845,4
pos_0,hold,2.0,0.0,1.9099,58,934039935,318,30305,54175,156804,4
pos_0,hold,2.0,0.0,1.9289,59,934058706,319,84847,54145,156842,4
pos_0,hold,2.0,0.0,1.9479,60,934077467,319,137495,54181,156828,4
pos_0,hold,2.0,0.0,1.97,61,934099985,318,44771,54189,156845,4
pos_0,hold,2.0,0.0,1.989,62,934118757,319,99054,54189,156836,4
pos_0,hold,2.0,0.0,2.0121,63,934141275,319,5842,54193,156852,4
pos_0,hold,2.0,0.0,2.0206,64,934149693,319,25016,54178,156845,4
pos_0,hold,2.0,0.0,2.029,65,934159640,319,147364,54194,156847,4
pos_0,hold,2.0,0.0,2.0522,66,934181330,319,69690,54180,156862,4
pos_0,hold,2.0,0.0,2.0701,67,934200102,319,123446,54198,156890,4
pos_0,hold,2.0,0.0,2.089,68,934218873,319,20603,54197,156871,4
pos_0,hold,2.0,0.0,2.1122,69,934241392,319,84253,54185,156849,4
pos_0,hold,2.0,0.0,2.1323,70,934262645,317,89092,54152,156857,4
pos_0,hold,2.0,0.0,2.1523,71,934281444,319,147478,54195,156877,4
pos_0,hold,2.0,0.0,2.1733,72,934304002,321,60390,54153,156871,4
pos_0,hold,2.0,0.0,2.1923,73,934322768,318,113467,54166,156847,4
pos_0,hold,2.0,0.0,2.2145,74,934345261,319,15754,54195,156863,4
pos_0,hold,2.0,0.0,2.2336,75,934364060,319,74784,54179,156851,4
pos_0,hold,2.0,0.0,2.2527,76,934382826,319,128118,54177,156861,4
pos_0,hold,2.0,0.0,2.276,77,934405347,319,35066,54187,156851,4
pos_0,hold,2.0,0.0,2.2941,78,934424121,318,89283,54185,156853,4
pos_0,hold,2.0,0.0,2.3675,79,934488993,320,137434,54184,156847,4
pos_0,hold,2.0,0.0,2.3825,80,934507597,319,5715,54161,156902,4
pos_0,hold,2.0,0.0,2.3846,81,934508548,312,10421,54210,156905,0
pos_0,hold,2.0,0.0,2.3868,82,934509489,319,13579,54168,156882,0
pos_0,hold,2.0,0.0,2.3952,83,934526273,319,42882,54199,156881,4
pos_0,hold,2.0,0.0,2.4143,84,934544293,319,126287,54174,156823,4
pos_0,hold,2.0,0.0,2.4366,85,934566781,319,28200,54191,156866,4
pos_0,hold,2.0,0.0,2.458,86,934586792,318,135758,54155,156865,4
pos_0,hold,2.0,0.0,2.475,87,934605591,320,37551,54183,156846,4
pos_0,hold,2.0,0.0,2.4973,88,934628131,317,105192,54171,156844,4
pos_0,hold,2.0,0.0,2.5227,89,934648063,319,43414,54165,156801,4
pos_0,hold,2.0,0.0,2.5227,90,934649007,325,47129,54181,156807,0
pos_0,hold,2.0,0.0,2.5343,91,934665644,318,52487,54190,156865,4
pos_0,hold,2.0,0.0,2.5576,92,934688181,319,118932,54183,156865,4
pos_0,hold,2.0,0.0,2.5767,93,934706951,319,15589,54192,156869,4
pos_0,hold,2.0,0.0,2.5989,94,934729499,319,84208,54153,156874,4
pos_0,hold,2.0,0.0,2.6179,95,934748257,319,135955,54184,156846,4
pos_0,hold,2.0,0.0,2.638,96,934767026,319,33085,54134,156813,4
pos_0,hold,2.0,0.0,2.6582,97,934789543,319,96974,54142,156835,4
pos_0,hold,2.0,0.0,2.6772,98,934808310,319,150382,54148,156858,4
pos_0,hold,2.0,0.0,2.6972,99,934827083,319,47932,54195,156888,4
pos_0,hold,2.0,0.0,2.7183,100,934849601,319,111411,54150,156875,4
pos_0,hold,2.0,0.0,2.7383,101,934869587,320,58050,54188,156856,4
pos_0,hold,2.0,0.0,2.7572,102,934888386,324,116337,54147,156826,4
pos_0,hold,2.0,0.0,2.7793,103,934910905,319,23154,54184,156843,4
pos_0,hold,2.0,0.0,2.8004,104,934929705,318,81919,54154,156890,4
pos_0,hold,2.0,0.0,2.8183,105,934949718,319,32925,54189,156855,4
pos_0,hold,2.0,0.0,2.8425,106,934972233,319,96726,54186,156829,4
pos_0,hold,2.0,0.0,2.8593,107,934990998,315,150246,54176,156819,4
pos_0,hold,2.0,0.0,2.8825,108,935013548,319,63221,54184,156837,4
pos_0,hold,2.0,0.0,2.9025,109,935032283,318,111545,54144,156837,4
pos_0,hold,2.0,0.0,2.9193,110,935051082,319,13783,54175,156812,4
pos_0,hold,2.0,0.0,2.9425,111,935073600,318,77478,54178,156832,4
pos_0,hold,2.0,0.0,2.9625,112,935092367,319,130799,54173,156822,4
pos_0,hold,2.0,0.0,2.9825,113,935112380,319,82172,54196,156856,4
pos_0,hold,2.0,0.0,3.0036,114,935134915,318,148061,54194,156887,4
pos_0,hold,2.0,0.0,3.0194,115,935149883,319,25987,54190,156876,4
pos_0,hold,2.0,0.0,3.0278,116,935158328,319,49612,54192,156884,4
pos_0,hold,2.0,0.0,3.0447,117,935176207,314,108821,54140,156833,4
pos_0,hold,2.0,0.0,3.0636,118,935194978,319,5810,54188,156858,4
pos_0,hold,2.0,0.0,3.0878,119,935217496,319,69628,54177,156841,4
pos_0,hold,2.0,0.0,3.1047,120,935236255,319,121803,54178,156830,4
pos_0,hold,2.0,0.0,3.1236,121,935255035,318,20532,54183,156841,4
pos_0,hold,2.0,0.0,3.1478,122,935277556,319,84262,54145,156873,4
pos_0,hold,2.0,0.0,3.1689,123,935300102,316,152073,54193,156861,4
pos_0,hold,2.0,0.0,3.189,124,935318877,324,49482,54200,156888,4
pos_0,hold,2.0,0.0,3.208,125,935337649,323,103532,54156,156848,4
pos_0,hold,2.0,0.0,3.2291,126,935360174,319,10762,54148,156863,4
pos_0,hold,2.0,0.0,3.2492,127,935378949,317,65025,54150,156842,4
pos_0,hold,2.0,0.0,3.2671,0,935398958,319,15651,54197,156874,4
pos_0,hold,2.0,0.0,3.2892,1,935421480,318,79424,54150,156841,4
pos_0,hold,2.0,0.0,3.3082,2,935440220,318,128212,54157,156856,4
pos_0,hold,2.0,0.0,3.3272,3,935459053,320,35165,54162,156882,4
pos_0,hold,2.0,0.0,3.3493,4,935481572,319,98574,54151,156852,4
pos_0,hold,2.0,0.0,3.3727,5,935504096,322,6103,54184,156831,4
pos_0,hold,2.0,0.0,3.3927,6,935522866,325,60053,54193,156850,4
pos_0,hold,2.0,0.0,3.4097,7,935541635,319,113490,54188,156840,4
pos_0,hold,2.0,0.0,3.4329,8,935564154,319,20766,54183,156841,4
pos_0,hold,2.0,0.0,3.4519,9,935582926,323,74544,54163,156870,4
pos_0,hold,2.0,0.0,3.47,10,935601695,319,128063,54144,156870,4
pos_0,hold,2.0,0.0,3.4922,11,935624215,326,35222,54188,156834,4
pos_0,hold,2.0,0.0,3.5122,12,935642984,316,89149,54146,156845,4
pos_0,hold,2.0,0.0,3.5228,13,935653794,319,44449,54199,156885,4
pos_0,hold,2.0,0.0,3.5291,14,935662219,313,64696,54152,156875,4
pos_0,hold,2.0,0.0,3.5523,15,935683025,319,150272,54197,156878,4
pos_0,hold,2.0,0.0,3.5734,16,935705553,320,57806,54194,156870,4
pos_0,hold,2.0,0.0,3.5923,17,935724295,318,106565,54196,156888,4
pos_0,hold,2.0,0.0,3.6187,18,935742890,319,130107,54198,156902,4
pos_0,hold,2.0,0.0,3.6514,19,935771911,319,42766,54162,156883,4
pos_0,hold,2.0,0.0,3.6652,20,935788837,319,96394,54186,156850,4
pos_0,hold,2.0,0.0,3.6747,21,935806590,326,133832,54209,156886,4
pos_0,hold,2.0,0.0,3.6938,22,935825735,316,93908,54201,156893,4
pos_0,hold,2.0,0.0,3.7128,23,935844495,319,145506,54203,156900,4
pos_0,hold,2.0,0.0,3.7349,24,935867016,319,51932,54199,156884,4
pos_0,hold,2.0,0.0,3.7538,25,935885796,316,106260,54195,156883,4
pos_0,hold,2.0,0.0,3.778,26,935908337,319,15806,54157,156877,4
pos_0,hold,2.0,0.0,3.7949,27,935927079,319,64900,54187,156862,4
pos_0,hold,2.0,0.0,3.818,28,935949641,319,135759,54167,156871,4
pos_0,hold,2.0,0.0,3.838,29,935968387,318,27658,54162,156904,4
pos_0,hold,2.0,0.0,3.8591,30,935990941,319,96362,54194,156881,4
pos_0,hold,2.0,0.0,3.8791,31,936010912,319,40352,54185,156842,4
pos_0,hold,2.0,0.0,3.898,32,936029712,319,98644,54175,156915,4
pos_0,hold,2.0,0.0,3.9201,33,936052237,319,6030,54151,156861,4
pos_0,hold,2.0,0.0,3.9391,34,936071011,318,60241,54196,156876,4
pos_0,hold,2.0,0.0,3.9581,35,936089810,319,118263,54205,156901,4
pos_0,hold,2.0,0.0,3.9794,36,936112335,319,25413,54198,156860,4
pos_0,hold,2.0,0.0,3.9985,37,936131109,310,79421,54196,156889,4
pos_0,hold,2.0,0.0,4.025,38,936154841,326,35035,54195,156868,4
pos_0,hold,2.0,0.0,4.025,39,936155785,319,38800,54194,156874,0
pos_0,hold,2.0,0.0,4.0398,40,936171151,319,140862,54209,156898,4
pos_0,hold,2.0,0.0,4.063,41,936193676,323,47539,54213,156921,4
pos_0,hold,2.0,0.0,4.081,42,936212449,319,101579,54200,156858,4
pos_0,hold,2.0,0.0,4.1001,43,936231222,319,155126,54197,156890,4
pos_0,hold,2.0,0.0,4.1234,44,936253763,319,65048,54195,156872,4
pos_0,hold,2.0,0.0,4.1424,45,936273774,319,15858,54223,156841,4
pos_0,hold,2.0,0.0,4.1635,46,936295026,319,20793,54200,156892,4
pos_0,hold,2.0,0.0,4.1825,47,936313858,318,84340,54201,156904,4
pos_0,hold,2.0,0.0,4.1993,48,936332619,316,135792,54196,156878,4
pos_0,hold,2.0,0.0,4.2236,49,936355143,319,43233,54180,156837,4
pos_0,hold,2.0,0.0,4.2436,50,936373942,319,102050,54209,156853,4
pos_0,hold,2.0,0.0,4.2594,51,936392684,319,150257,54196,156904,4
pos_0,hold,2.0,0.0,4.2826,52,936415239,317,62226,54203,156897,4
pos_0,hold,2.0,0.0,4.3026,53,936433999,318,113712,54166,156893,4
pos_0,hold,2.0,0.0,4.3195,54,936452776,319,10995,54200,156906,4
pos_0,hold,2.0,0.0,4.3427,55,936475301,319,74840,54200,156864,4
pos_0,hold,2.0,0.0,4.3627,56,936494072,319,128316,54184,156856,4
pos_0,hold,2.0,0.0,4.3837,57,936516621,319,39729,54146,156855,4
pos_0,hold,2.0,0.0,4.4027,58,936535395,319,93865,54192,156880,4
pos_0,hold,2.0,0.0,4.4227,59,936554166,325,147532,54150,156861,4
pos_0,hold,2.0,0.0,4.4438,60,936576697,318,55363,54200,156894,4
pos_0,hold,2.0,0.0,4.4629,61,936595441,319,103582,54210,156926,4
pos_0,hold,2.0,0.0,4.485,62,936618027,319,20605,54193,156898,4
pos_0,hold,2.0,0.0,4.504,63,936636804,322,74457,54244,156905,4
pos_0,hold,2.0,0.0,4.5251,64,936656749,319,13542,54203,156903,4
pos_0,hold,2.0,0.0,4.5272,65,936657702,324,18674,54210,156907,0
pos_0,hold,2.0,0.0,4.5451,66,936678077,321,30704,54192,156860,4
pos_0,hold,2.0,0.0,4.5641,67,936696876,321,89173,54189,156868,4
pos_0,hold,2.0,0.0,4.5873,68,936719395,319,152450,54150,156861,4
pos_0,hold,2.0,0.0,4.6042,69,936738172,323,49641,54198,156886,4
pos_0,hold,2.0,0.0,4.6231,70,936756948,319,103855,54203,156873,4
pos_0,hold,2.0,0.0,4.6473,71,936779472,320,10594,54203,156900,4
pos_0,hold,2.0,0.0,4.6643,72,936798238,315,62801,54195,156893,4
pos_0,hold,2.0,0.0,4.6896,73,936820789,319,130610,54210,156899,4
pos_0,hold,2.0,0.0,4.7076,74,936840823,318,84744,54208,156901,4
pos_0,hold,2.0,0.0,4.7276,75,936859592,320,137440,54206,156896,4
pos_0,hold,2.0,0.0,4.7476,76,936880837,319,140505,54198,156891,4
pos_0,hold,2.0,0.0,4.7676,77,936899641,319,42216,54201,156904,4
pos_0,hold,2.0,0.0,4.7886,78,936922172,319,106591,54212,156903,4
pos_0,hold,2.0,0.0,4.8076,79,936940949,326,3171,54216,156937,4
pos_0,hold,2.0,0.0,4.8299,80,936963492,319,69627,54203,156913,4
pos_0,hold,2.0,0.0,4.849,81,936982295,320,128160,54199,156871,4
pos_0,hold,2.0,0.0,4.869,82,937001040,318,20556,54154,156883,4
pos_0,hold,2.0,0.0,4.8891,83,937023566,319,84527,54205,156896,4
pos_0,hold,2.0,0.0,4.9461,84,937071090,325,5892,54205,156893,4
pos_0,hold,2.0,0.0,4.9472,85,937072035,317,9662,54154,156866,0
pos_0,hold,2.0,0.0,4.963,86,937086824,318,13852,54152,156881,4
pos_0,hold,2.0,0.0,4.9705,87,937104556,319,47692,54193,156862,4
pos_0,hold,2.0,0.0,4.9883,88,937122464,318,110951,54196,156881,4
pos_0,hold,2.0,0.0,5.0126,89,937144991,319,18214,54205,156902,4
pos_0,hold,2.0,0.0,5.0221,90,937155796,319,129192,54204,156903,4
pos_0,hold,2.0,0.0,5.0285,91,937164215,321,148409,54194,156875,4
pos_0,hold,2.0,0.0,5.0528,92,937185036,319,79476,54202,156893,4
pos_0,hold,2.0,0.0,5.0697,93,937203824,319,135760,54164,156885,4
pos_0,hold,2.0,0.0,5.0886,94,937222600,324,33217,54194,156863,4
pos_0,hold,2.0,0.0,5.1129,95,937245121,319,96992,54198,156871,4
pos_0,hold,2.0,0.0,5.1297,96,937263893,319,150554,54179,156851,4
pos_0,hold,2.0,0.0,5.1487,97,937282666,319,47494,54162,156901,4
pos_0,hold,2.0,0.0,5.173,98,937305190,319,111468,54190,156874,4
pos_0,hold,2.0,0.0,5.1899,99,937323967,319,8860,54157,156882,4
pos_0,hold,2.0,0.0,5.2089,100,937342767,318,67054,54197,156856,4
pos_0,hold,2.0,0.0,5.2321,101,937365276,319,128346,54209,156908,4
pos_0,hold,2.0,0.0,5.25,102,937384054,319,25711,54157,156888,4
pos_0,hold,2.0,0.0,5.269,103,937402854,319,83954,54197,156898,4
pos_0,hold,2.0,0.0,5.2922,104,937425367,322,145677,54150,156863,4
pos_0,hold,2.0,0.0,5.3101,105,937444138,319,42867,54186,156839,4
pos_0,hold,2.0,0.0,5.3291,106,937462884,316,92122,54192,156889,4
pos_0,hold,2.0,0.0,5.3522,107,937485437,324,3913,54208,156913,4
pos_0,hold,2.0,0.0,5.3733,108,937507974,319,69795,54192,156858,4
pos_0,hold,2.0,0.0,5.3923,109,937526775,319,128016,54208,156903,4
pos_0,hold,2.0,0.0,5.4137,110,937545524,318,20862,54189,156860,4
pos_0,hold,2.0,0.0,5.4334,111,937568075,318,89200,54210,156890,4
pos_0,hold,2.0,0.0,5.4533,112,937586837,319,140639,54203,156889,4
pos_0,hold,2.0,0.0,5.475,113,937609359,320,47227,54162,156891,4
pos_0,hold,2.0,0.0,5.4983,114,937631901,318,113556,54158,156895,4
pos_0,hold,2.0,0.0,5.5179,115,937650674,319,10477,54190,156886,4
pos_0,hold,2.0,0.0,5.5245,116,937659085,319,28381,54149,156846,4
pos_0,hold,2.0,0.0,5.5363,117,937670698,319,120264,54189,156881,4
pos_0,hold,2.0,0.0,5.5588,118,937693254,320,33062,54165,156904,4
pos_0,hold,2.0,0.0,5.5781,119,937712027,319,86588,54194,156861,4
pos_0,hold,2.0,0.0,5.6004,120,937734532,318,147646,54149,156866,4
pos_0,hold,2.0,0.0,5.6217,121,937754521,319,93971,54197,156896,4
pos_0,hold,2.0,0.0,5.6388,122,937772073,319,96985,54184,156885,4
pos_0,hold,2.0,0.0,5.66,123,937794622,319,8770,54188,156838,4
pos_0,hold,2.0,0.0,5.679,124,937813393,319,63219,54176,156806,4
pos_0,hold,2.0,0.0,5.698,125,937832185,319,121144,54172,156795,4
pos_0,hold,2.0,0.0,5.7191,126,937854705,319,28184,54137,156823,4
pos_0,hold,2.0,0.0,5.7391,127,937873479,318,82298,54202,156905,4
pos_0,hold,2.0,0.0,5.7622,0,937896012,319,147835,54193,156871,4
pos_0,hold,2.0,0.0,5.7812,1,937916025,319,98910,54194,156879,4
pos_0,hold,2.0,0.0,5.8033,2,937938545,319,6117,54158,156873,4
pos_0,hold,2.0,0.0,5.8222,3,937957317,319,60079,54185,156849,4
pos_0,hold,2.0,0.0,5.8454,4,937979830,318,122765,54135,156848,4
pos_0,hold,2.0,0.0,5.8633,5,937998607,319,20766,54182,156844,4
pos_0,hold,2.0,0.0,5.8886,6,938021125,317,84161,54195,156868,4
pos_0,hold,2.0,0.0,5.9043,7,938039923,319,142522,54178,156852,4
pos_0,hold,2.0,0.0,5.9243,8,938059906,317,89140,54200,156875,4
pos_0,hold,2.0,0.0,5.9475,9,938082482,320,6039,54147,156836,4
pos_0,hold,2.0,0.0,5.9675,10,938101224,318,55283,54187,156849,4
pos_0,hold,2.0,0.0,5.9896,11,938123770,319,123145,54187,156861,4
pos_0,hold,2.0,0.0,6.0075,12,938142542,318,20541,54147,156846,4
pos_0,hold,2.0,0.0,6.0222,13,938156296,319,5854,54177,156843,4
pos_0,hold,2.0,0.0,6.0296,14,938164658,319,15866,54178,156811,4
pos_0,hold,2.0,0.0,6.0475,15,938182561,318,79362,54182,156857,4
pos_0,hold,2.0,0.0,6.0696,16,938205105,321,147671,54185,156833,4
pos_0,hold,2.0,0.0,6.0886,17,938223878,319,45085,54202,156898,4
pos_0,hold,2.0,0.0,6.1138,18,938246398,312,108738,54150,156849,4
pos_0,hold,2.0,0.0,6.1328,19,938266413,319,60042,54201,156861,4
pos_0,hold,2.0,0.0,6.1496,20,938285199,319,116423,54204,156896,4
pos_0,hold,2.0,0.0,6.1728,21,938307745,319,28169,54180,156827,4
pos_0,hold,2.0,0.0,6.196,22,938327725,319,130994,54187,156835,4
pos_0,hold,2.0,0.0,6.2258,23,938352177,319,52642,54195,156863,4
pos_0,hold,2.0,0.0,6.2426,24,938368467,319,155089,54157,156862,4
pos_0,hold,2.0,0.0,6.2574,25,938387844,319,154781,54202,156900,4
pos_0,hold,2.0,0.0,6.2722,26,938407848,318,104389,54150,156844,4
pos_0,hold,2.0,0.0,6.2943,27,938430366,319,11085,54192,156864,4
pos_0,hold,2.0,0.0,6.3134,28,938449136,318,64798,54139,156849,4
pos_0,hold,2.0,0.0,6.3325,29,938467922,316,121024,54194,156894,4
pos_0,hold,2.0,0.0,6.3546,30,938490418,319,23385,54154,156888,4
pos_0,hold,2.0,0.0,6.3747,31,938509219,318,82264,54181,156843,4
pos_0,hold,2.0,0.0,6.3926,32,938527985,319,135503,54179,156837,4
pos_0,hold,2.0,0.0,6.4147,33,938550506,320,42939,54194,156874,4
pos_0,hold,2.0,0.0,6.4348,34,938569275,319,97158,54162,156797,4
pos_0,hold,2.0,0.0,6.4549,35,938590495,319,97746,54178,156834,4
pos_0,hold,2.0,0.0,6.4739,36,938609317,321,3901,54139,156825,4
pos_0,hold,2.0,0.0,6.493,37,938628088,319,58153,54178,156821,4
pos_0,hold,2.0,0.0,6.5142,38,938650599,317,120859,54184,156843,4
pos_0,hold,2.0,0.0,6.5227,39,938658929,319,125203,54185,156859,4
pos_0,hold,2.0,0.0,6.5354,40,938668929,321,99951,54143,156830,4
pos_0,hold,2.0,0.0,6.5534,41,938689426,325,134032,54203,156880,4
pos_0,hold,2.0,0.0,6.5776,42,938711912,318,34834,54148,156862,4
pos_0,hold,2.0,0.0,6.5945,43,938730687,317,89023,54194,156880,4
pos_0,hold,2.0,0.0,6.6135,44,938749487,318,147241,54162,156890,4
pos_0,hold,2.0,0.0,6.6377,45,938772014,318,55281,54182,156851,4
pos_0,hold,2.0,0.0,6.6546,46,938790780,312,108635,54185,156833,4
pos_0,hold,2.0,0.0,6.6736,47,938809549,320,6131,54169,156818,4
pos_0,hold,2.0,0.0,6.6978,48,938832067,319,69625,54184,156865,4
pos_0,hold,2.0,0.0,6.7147,49,938850834,319,123241,54149,156865,4
pos_0,hold,2.0,0.0,6.7347,50,938870819,319,69734,54178,156817,4
pos_0,hold,2.0,0.0,6.758,51,938893392,320,142792,54148,156823,4
pos_0,hold,2.0,0.0,6.778,52,938912161,319,39748,54188,156845,4
pos_0,hold,2.0,0.0,6.799,53,938934681,318,103846,54185,156839,4
pos_0,hold,2.0,0.0,6.818,54,938953481,319,6150,54180,156847,4
pos_0,hold,2.0,0.0,6.8424,55,938975969,319,65100,54182,156829,4
pos_0,hold,2.0,0.0,6.8592,56,938996004,319,20439,54174,156821,4
pos_0,hold,2.0,0.0,6.8782,57,939014773,317,75003,54179,156801,4
pos_0,hold,2.0,0.0,6.9024,58,939037285,318,137899,54183,156828,4
pos_0,hold,2.0,0.0,6.9192,59,939056057,321,35521,54143,156844,4
pos_0,hold,2.0,0.0,6.9383,60,939074853,312,93986,54131,156794,4
pos_0,hold,2.0,0.0,6.9626,61,939097369,319,1084,54183,156833,4
pos_0,hold,2.0,0.0,6.9795,62,939116142,319,55419,54185,156835,4
pos_0,hold,2.0,0.0,6.9985,63,939134908,319,108836,54177,156837,4
pos_0,hold,2.0,0.0,7.0237,64,939158607,319,60047,54180,156821,4
pos_0,hold,2.0,0.0,7.0258,65,939159561,319,65351,54189,156840,0
pos_0,hold,2.0,0.0,7.0428,66,939176166,319,65033,54192,156848,4
pos_0,hold,2.0,0.0,7.0607,67,939196204,318,20795,54201,156880,4
pos_0,hold,2.0,0.0,7.0828,68,939217484,318,30188,54183,156834,4
pos_0,hold,2.0,0.0,7.0997,69,939236256,319,84395,54235,156849,4
pos_0,hold,2.0,0.0,7.1228,70,939258799,318,152023,54191,156855,4
pos_0,hold,2.0,0.0,7.1429,71,939277562,319,47414,54196,156868,4
pos_0,hold,2.0,0.0,7.165,72,939300102,319,114051,54196,156856,4
pos_0,hold,2.0,0.0,7.184,73,939320143,319,69737,54191,156849,4
pos_0,hold,2.0,0.0,7.2029,74,939338884,319,118475,54138,156835,4
pos_0,hold,2.0,0.0,7.225,75,939361405,319,25315,54194,156871,4
pos_0,hold,2.0,0.0,7.244,76,939380208,317,84130,54160,156854,4
pos_0,hold,2.0,0.0,7.2672,77,939402715,319,145334,54194,156865,4
pos_0,hold,2.0,0.0,7.2851,78,939420248,319,145264,54196,156868,4
pos_0,hold,2.0,0.0,7.3051,79,939441498,319,150078,54178,156824,4
pos_0,hold,2.0,0.0,7.3272,80,939462801,325,6747,54194,156873,4
pos_0,hold,2.0,0.0,7.3442,81,939480330,319,6604,54179,156826,4
pos_0,hold,2.0,0.0,7.3653,82,939501576,319,10734,54211,156908,4
pos_0,hold,2.0,0.0,7.3875,83,939522858,318,20373,54195,156878,4
pos_0,hold,2.0,0.0,7.4075,84,939544142,319,30691,54166,156803,4
pos_0,hold,2.0,0.0,7.4264,85,939562909,319,84182,54174,156841,4
pos_0,hold,2.0,0.0,7.4454,86,939581675,319,137600,54189,156863,4
pos_0,hold,2.0,0.0,7.4697,87,939604223,319,49591,54189,156867,4
pos_0,hold,2.0,0.0,7.4887,88,939624235,319,1234,54188,156849,4
pos_0,hold,2.0,0.0,7.5225,89,939649086,320,147505,54194,156876,4
pos_0,hold,2.0,0.0,7.5372,90,939667632,321,5732,54195,156869,4
pos_0,hold,2.0,0.0,7.5394,91,939668578,318,9849,54186,156866,0
pos_0,hold,2.0,0.0,7.5541,92,939682471,325,18409,54182,156852,4
pos_0,hold,2.0,0.0,7.5679,93,939702597,323,145614,54196,156895,4
pos_0,hold,2.0,0.0,7.5847,94,939721859,319,125735,54204,156888,4
pos_0,hold,2.0,0.0,7.6079,95,939744372,320,30745,54195,156879,4
pos_0,hold,2.0,0.0,7.6269,96,939763145,319,84545,54184,156864,4
pos_0,hold,2.0,0.0,7.65,97,939785688,312,152567,54177,156828,4
pos_0,hold,2.0,0.0,7.668,98,939804428,319,45006,54196,156844,4
pos_0,hold,2.0,0.0,7.688,99,939823200,318,99453,54186,156852,4
pos_0,hold,2.0,0.0,7.7091,100,939845748,319,10692,54199,156888,4
pos_0,hold,2.0,0.0,7.7292,101,939864522,315,64849,54190,156858,4
pos_0,hold,2.0,0.0,7.7481,102,939884531,319,15701,54144,156842,4
pos_0,hold,2.0,0.0,7.7671,103,939903274,318,65270,54176,156830,4
pos_0,hold,2.0,0.0,7.7871,104,939923281,319,15782,54191,156854,4
pos_0,hold,2.0,0.0,7.8082,105,939945830,318,84184,54164,156899,4
pos_0,hold,2.0,0.0,7.8273,106,939964617,318,140636,54196,156878,4
pos_0,hold,2.0,0.0,7.8495,107,939987139,319,47892,54199,156875,4
pos_0,hold,2.0,0.0,7.8684,108,940005910,322,101705,54187,156875,4
pos_0,hold,2.0,0.0,7.8937,109,940028430,319,8985,54185,156851,4
pos_0,hold,2.0,0.0,7.9094,110,940047201,319,62945,54188,156854,4
pos_0,hold,2.0,0.0,7.9337,111,940069706,318,124159,54186,156862,4
pos_0,hold,2.0,0.0,7.9528,112,940089742,312,79238,54195,156862,4
pos_0,hold,2.0,0.0,7.9728,113,940108514,324,132827,54203,156885,4
pos_0,hold,2.0,0.0,7.9897,114,940127291,319,29862,54163,156893,4
pos_0,hold,2.0,0.0,8.013,115,940149818,319,94045,54213,156900,4
pos_0,hold,2.0,0.0,8.0225,116,940161326,319,10715,54199,156887,4
pos_0,hold,2.0,0.0,8.0331,117,940170263,324,117760,54210,156930,4
pos_0,hold,2.0,0.0,8.051,118,940187338,319,39599,54179,156937,4
pos_0,hold,2.0,0.0,8.0731,119,940209886,319,106854,54204,156896,4
pos_0,hold,2.0,0.0,8.0931,120,940228660,322,3295,54165,156911,4
pos_0,hold,2.0,0.0,8.1132,121,940251216,319,72063,54187,156872,4
pos_0,hold,2.0,0.0,8.1322,122,940269975,319,123063,54198,156884,4
pos_0,hold,2.0,0.0,8.1525,123,940288753,321,20280,54204,156882,4
pos_0,hold,2.0,0.0,8.1752,124,940311299,319,87135,54209,156923,4
pos_0,hold,2.0,0.0,8.1938,125,940330059,318,138252,54151,156897,4
pos_0,hold,2.0,0.0,8.2149,126,940352581,319,44787,54196,156869,4
pos_0,hold,2.0,0.0,8.2333,127,940371356,319,98872,54195,156863,4
pos_0,hold,2.0,0.0,8.2562,0,940393880,319,5902,54190,156867,4
pos_0,hold,2.0,0.0,8.2744,1,940412652,319,60060,54187,156850,4
pos_0,hold,2.0,0.0,8.2982,2,940435171,319,123256,54197,156885,4
pos_0,hold,2.0,0.0,8.3175,3,940453945,318,20592,54160,156883,4
pos_0,hold,2.0,0.0,8.3389,4,940476496,325,88857,54211,156909,4
pos_0,hold,2.0,0.0,8.3571,5,940495233,319,135896,54206,156910,4
pos_0,hold,2.0,0.0,8.3806,6,940517788,321,47407,54198,156890,4
pos_0,hold,2.0,0.0,8.3997,7,940536551,319,99451,54161,156884,4
pos_0,hold,2.0,0.0,8.4178,8,940555318,318,152362,54154,156866,4
pos_0,hold,2.0,0.0,8.4391,9,940577845,319,60236,54186,156859,4
pos_0,hold,2.0,0.0,8.4594,10,940596615,319,113554,54186,156867,4
pos_0,hold,2.0,0.0,8.4827,11,940619171,319,25396,54170,156914,4
pos_0,hold,2.0,0.0,8.504,12,940637918,318,74652,54195,156875,4
pos_0,hold,2.0,0.0,8.5199,13,940657959,319,29899,54208,156916,4
pos_0,hold,2.0,0.0,8.5273,14,940666321,318,39381,54202,156899,4
pos_0,hold,2.0,0.0,8.54,15,940676982,319,125833,54218,156905,4
pos_0,hold,2.0,0.0,8.5622,16,940700501,319,44953,54154,156891,4
pos_0,hold,2.0,0.0,8.5823,17,940719276,319,98840,54195,156877,4
pos_0,hold,2.0,0.0,8.5994,18,940738052,319,152380,54216,156921,4
pos_0,hold,2.0,0.0,8.6227,19,940760581,319,60056,54202,156900,4
pos_0,hold,2.0,0.0,8.6439,20,940780569,319,5923,54204,156909,4
pos_0,hold,2.0,0.0,8.663,21,940799373,319,64828,54195,156873,4
pos_0,hold,2.0,0.0,8.683,22,940819413,321,20184,54185,156863,4
pos_0,hold,2.0,0.0,8.7,23,940838178,322,72458,54199,156883,4
pos_0,hold,2.0,0.0,8.7221,24,940860712,311,138126,54194,156840,4
pos_0,hold,2.0,0.0,8.7423,25,940879484,327,35326,54185,156843,4
pos_0,hold,2.0,0.0,8.7613,26,940899490,319,142521,54184,156851,4
pos_0,hold,2.0,0.0,8.7793,27,940918262,318,40434,54177,156823,4
pos_0,hold,2.0,0.0,8.8174,28,940946886,319,44521,54144,156848,4
pos_0,hold,2.0,0.0,8.8343,29,940963986,319,128212,54151,156860,4
pos_0,hold,2.0,0.0,8.8492,30,940980251,319,69675,54188,156874,4
pos_0,hold,2.0,0.0,8.8608,31,940999847,312,106640,54187,156872,4
pos_0,hold,2.0,0.0,8.883,32,941020868,319,72485,54197,156858,4
pos_0,hold,2.0,0.0,8.9031,33,941040852,325,18303,54165,156897,4
pos_0,hold,2.0,0.0,8.9222,34,941059672,313,80306,54195,156880,4
pos_0,hold,2.0,0.0,8.9434,35,941082187,320,142521,54206,156902,4
pos_0,hold,2.0,0.0,8.9626,36,941100961,319,39558,54194,156874,4
pos_0,hold,2.0,0.0,8.9827,37,941119739,319,93709,54204,156879,4
pos_0,hold,2.0,0.0,9.004,38,941142295,322,5907,54209,156900,4
pos_0,hold,2.0,0.0,9.0274,39,941162254,326,103761,54204,156901,4
pos_0,hold,2.0,0.0,9.0274,40,941163198,315,107353,54206,156893,0
pos_0,hold,2.0,0.0,9.0423,41,941181079,319,8710,54165,156896,4
pos_0,hold,2.0,0.0,9.0636,42,941202347,319,15822,54209,156914,4
pos_0,hold,2.0,0.0,9.0827,43,941221121,319,69598,54206,156902,4
pos_0,hold,2.0,0.0,9.1049,44,941243658,319,135802,54203,156903,4
pos_0,hold,2.0,0.0,9.124,45,941262433,319,32574,54177,156931,4
pos_0,hold,2.0,0.0,9.144,46,941281214,318,87089,54206,156905,4
pos_0,hold,2.0,0.0,9.1642,47,941303722,319,147493,54169,156877,4
pos_0,hold,2.0,0.0,9.1834,48,941322444,318,35125,54173,156925,4
pos_0,hold,2.0,0.0,9.2078,49,941345029,319,108955,54195,156874,4
pos_0,hold,2.0,0.0,9.2259,50,941363807,319,6050,54213,156941,4
pos_0,hold,2.0,0.0,9.2439,51,941382584,319,59937,54198,156876,4
pos_0,hold,2.0,0.0,9.2653,52,941405121,319,126019,54205,156902,4
pos_0,hold,2.0,0.0,9.2843,53,941423884,322,21113,54189,156850,4
pos_0,hold,2.0,0.0,9.3086,54,941446433,319,88945,54208,156900,4
pos_0,hold,2.0,0.0,9.3266,55,941465195,319,140764,54164,156888,4
pos_0,hold,2.0,0.0,9.3445,56,941483967,319,37596,54187,156858,4
pos_0,hold,2.0,0.0,9.3677,57,941506488,318,101816,54181,156859,4
pos_0,hold,2.0,0.0,9.3877,58,941525256,319,155261,54148,156873,4
pos_0,hold,2.0,0.0,9.4087,59,941547780,314,62929,54185,156841,4
pos_0,hold,2.0,0.0,9.4277,60,941566549,318,116273,54185,156854,4
pos_0,hold,2.0,0.0,9.4498,61,941589032,322,16826,54183,156841,4
pos_0,hold,2.0,0.0,9.4688,62,941607858,319,80028,54180,156831,4
pos_0,hold,2.0,0.0,9.4878,63,941626536,319,118533,54172,156836,4
pos_0,hold,2.0,0.0,9.51,64,941649112,319,35096,54193,156852,4
pos_0,hold,2.0,0.0,9.5259,65,941664110,317,74802,54183,156860,4
pos_0,hold,2.0,0.0,9.5301,66,941666694,319,43574,54192,156859,4
pos_0,hold,2.0,0.0,9.5501,67,941689139,319,94150,54191,156871,4
pos_0,hold,2.0,0.0,9.5691,68,941707970,319,1060,54195,156882,4
pos_0,hold,2.0,0.0,9.5922,69,941730464,321,59892,54160,156896,4
pos_0,hold,2.0,0.0,9.6103,70,941749233,319,113550,54158,156868,4
pos_0,hold,2.0,0.0,9.6335,71,941771783,318,25059,54198,156905,4
pos_0,hold,2.0,0.0,9.6546,72,941791784,319,130824,54197,156901,4
pos_0,hold,2.0,0.0,9.6724,73,941811828,319,87045,54189,156867,4
pos_0,hold,2.0,0.0,9.6925,74,941830560,319,133779,54196,156883,4
pos_0,hold,2.0,0.0,9.7126,75,941850574,319,85080,54187,156858,4
pos_0,hold,2.0,0.0,9.7338,76,941873147,319,1049,54166,156893,4
pos_0,hold,2.0,0.0,9.7528,77,941891889,322,49567,54196,156878,4
pos_0,hold,2.0,0.0,9.7728,78,941911873,318,152072,54205,156908,4
pos_0,hold,2.0,0.0,9.7928,79,941930683,319,55254,54190,156879,4
pos_0,hold,2.0,0.0,9.815,80,941953228,319,123209,54190,156850,4
pos_0,hold,2.0,0.0,9.8353,81,941971973,319,15369,54202,156887,4
pos_0,hold,2.0,0.0,9.8548,82,941994484,319,77517,54195,156880,4
pos_0,hold,2.0,0.0,9.8732,83,942013283,319,135785,54198,156867,4
pos_0,hold,2.0,0.0,9.8979,84,942035804,319,42776,54202,156895,4
pos_0,hold,2.0,0.0,9.9149,85,942054578,318,96597,54195,156881,4
pos_0,hold,2.0,0.0,9.9351,86,942073323,318,145516,54188,156884,4
pos_0,hold,2.0,0.0,9.9564,87,942095848,319,52527,54205,156903,4
pos_0,hold,2.0,0.0,9.9744,88,942114638,318,109171,54198,156892,4
pos_0,hold,2.0,0.0,9.9978,89,942137157,319,15628,54161,156881,4
pos_0,hold,2.0,0.0,10.0189,90,942155930,319,69744,54194,156876,4
pos_0,hold,2.0,0.0,10.0274,91,942166771,319,30030,54192,156883,4
pos_0,hold,2.0,0.0,10.0338,92,942175225,318,55346,54158,156873,4
pos_0,hold,2.0,0.0,10.0582,93,942195924,319,122848,54204,156880,4
pos_0,hold,2.0,0.0,10.0751,94,942214757,318,30345,54151,156857,4
pos_0,hold,2.0,0.0,10.1141,95,942244604,319,84409,54203,156895,4
pos_0,hold,2.0,0.0,10.131,96,942261750,319,18298,54159,156897,4
pos_0,hold,2.0,0.0,10.1479,97,942278015,319,116340,54204,156889,4
pos_0,hold,2.0,0.0,10.1574,98,942295719,321,145124,54198,156893,4
pos_0,hold,2.0,0.0,10.1743,99,942314847,319,101845,54200,156888,4
pos_0,hold,2.0,0.0,10.1986,100,942336130,318,110871,54212,156937,4
pos_0,hold,2.0,0.0,10.2155,101,942354893,319,5851,54166,156891,4
pos_0,hold,2.0,0.0,10.2375,102,942377419,319,69722,54204,156889,4
pos_0,hold,2.0,0.0,10.2576,103,942396208,319,125711,54206,156913,4
pos_0,hold,2.0,0.0,10.2756,104,942416216,317,74860,54212,156927,4
pos_0,hold,2.0,0.0,10.2989,105,942438765,319,142314,54203,156922,4
pos_0,hold,2.0,0.0,10.3189,106,942457535,319,37826,54209,156919,4
pos_0,hold,2.0,0.0,10.339,107,942478764,319,38056,54212,156928,4
pos_0,hold,2.0,0.0,10.3602,108,942497595,319,101473,54209,156895,4
pos_0,hold,2.0,0.0,10.3782,109,942518864,312,108700,54198,156894,4
pos_0,hold,2.0,0.0,10.3972,110,942537637,320,5701,54194,156880,4
pos_0,hold,2.0,0.0,10.4193,111,942560154,319,67738,54201,156918,4
pos_0,hold,2.0,0.0,10.4437,112,942582688,319,133228,54156,156853,4
pos_0,hold,2.0,0.0,10.464,113,942602706,319,84381,54194,156877,4
pos_0,hold,2.0,0.0,10.4821,114,942621477,321,137563,54206,156896,4
pos_0,hold,2.0,0.0,10.5001,115,942640252,319,34747,54169,156907,4
pos_0,hold,2.0,0.0,10.5235,116,942662797,319,101561,54194,156909,4
pos_0,hold,2.0,0.0,10.5299,117,942671151,319,109427,54213,156925,4
pos_0,hold,2.0,0.0,10.5405,118,942681131,318,79864,54198,156887,4
pos_0,hold,2.0,0.0,10.5638,119,942701577,319,103612,54198,156911,4
pos_0,hold,2.0,0.0,10.5839,120,942724107,319,10874,54216,156935,4
pos_0,hold,2.0,0.0,10.6029,121,942742885,315,64681,54208,156911,4
pos_0,hold,2.0,0.0,10.623,122,942762864,320,8715,54226,156943,4
pos_0,hold,2.0,0.0,10.6452,123,942781671,319,67594,54152,156879,4
pos_0,hold,2.0,0.0,10.6633,124,942804207,319,133293,54210,156913,4
pos_0,hold,2.0,0.0,10.6822,125,942822984,318,30073,54202,156895,4
pos_0,hold,2.0,0.0,10.7023,126,942841762,319,84190,54164,156900,4
pos_0,hold,2.0,0.0,10.7233,127,942864277,318,145644,54169,156910,4
pos_0,hold,2.0,0.0,10.7422,0,942883080,319,47242,54204,156892,4
pos_0,hold,2.0,0.0,10.7644,1,942905580,319,106780,54203,156889,4
pos_0,hold,2.0,0.0,10.7834,2,942924359,320,4170,54204,156905,4
pos_0,hold,2.0,0.0,10.8076,3,942946884,320,67722,54197,156891,4
pos_0,hold,2.0,0.0,10.8244,4,942965670,319,123594,54203,156881,4
pos_0,hold,2.0,0.0,10.8476,5,942988194,319,30124,54213,156926,4
pos_0,hold,2.0,0.0,10.8666,6,943006969,316,84031,54166,156893,4
pos_0,hold,2.0,0.0,10.8888,7,943029507,319,150289,54144,156854,4
pos_0,hold,2.0,0.0,10.9077,8,943048252,319,42034,54214,156926,4
pos_0,hold,2.0,0.0,10.9277,9,943068244,325,145544,54169,156910,4
pos_0,hold,2.0,0.0,10.9498,10,943090827,318,61965,54210,156934,4
pos_0,hold,2.0,0.0,10.9689,11,943109575,318,110991,54206,156899,4
pos_0,hold,2.0,0.0,10.9921,12,943132118,319,20785,54190,156864,4
pos_0,hold,2.0,0.0,11.01,13,943150891,320,74459,54208,156893,4
pos_0,hold,2.0,0.0,11.0322,14,943170790,325,5838,54192,156886,4
pos_0,hold,2.0,0.0,11.0322,15,943171734,313,9456,54203,156896,0
pos_0,hold,2.0,0.0,11.0522,16,943192202,319,37125,54205,156892,4
pos_0,hold,2.0,0.0,11.0704,17,943210953,321,86653,54200,156891,4
pos_0,hold,2.0,0.0,11.0925,18,943233487,319,152734,54199,156895,4
pos_0,hold,2.0,0.0,11.1126,19,943252262,325,49527,54214,156929,4
pos_0,hold,2.0,0.0,11.1294,20,943271042,321,103812,54162,156879,4
pos_0,hold,2.0,0.0,11.1526,21,943293536,319,6242,54194,156875,4
pos_0,hold,2.0,0.0,11.1737,22,943312339,319,64842,54221,156932,4
pos_0,hold,2.0,0.0,11.1938,23,943334848,319,125852,54198,156883,4
pos_0,hold,2.0,0.0,11.2128,24,943353611,319,21004,54199,156887,4
pos_0,hold,2.0,0.0,11.2328,25,943373592,320,123418,54195,156874,4
pos_0,hold,2.0,0.0,11.2529,26,943392395,319,25586,54189,156861,4
pos_0,hold,2.0,0.0,11.275,27,943414917,319,89218,54199,156874,4
pos_0,hold,2.0,0.0,11.2929,28,943433686,319,142588,54189,156884,4
pos_0,hold,2.0,0.0,11.3129,29,943452463,318,39929,54146,156838,4
pos_0,hold,2.0,0.0,11.3341,30,943474985,319,103785,54189,156853,4
pos_0,hold,2.0,0.0,11.3541,31,943493759,319,915,54168,156882,4
pos_0,hold,2.0,0.0,11.3741,32,943515032,319,8503,54167,156908,4
pos_0,hold,2.0,0.0,11.4142,33,943542405,319,111239,54201,156909,4
pos_0,hold,2.0,0.0,11.4279,34,943559552,318,44539,54175,156912,4
pos_0,hold,2.0,0.0,11.4459,35,943577293,314,79304,54193,156883,4
pos_0,hold,2.0,0.0,11.4543,36,943595941,318,111608,54170,156880,4
pos_0,hold,2.0,0.0,11.4786,37,943618899,319,91367,54168,156910,4
pos_0,hold,2.0,0.0,11.4997,38,943638894,320,38142,54218,156934,4
pos_0,hold,2.0,0.0,11.5176,39,943658966,318,154500,54206,156930,4
pos_0,hold,2.0,0.0,11.5281,40,943669802,319,113563,54202,156932,4
pos_0,hold,2.0,0.0,11.5345,41,943678225,320,133164,54210,156922,4
pos_0,hold,2.0,0.0,11.5576,42,943697755,319,156913,54216,156915,4
pos_0,hold,2.0,0.0,11.5787,43,943720283,319,64683,54167,156894,4
pos_0,hold,2.0,0.0,11.6008,44,943738988,313,106385,54187,156947,4
pos_0,hold,2.0,0.0,11.6187,45,943760346,320,128112,54204,156896,4
pos_0,hold,2.0,0.0,11.6387,46,943779098,319,20435,54192,156889,4
pos_0,hold,2.0,0.0,11.6598,47,943801645,319,87018,54212,156933,4
pos_0,hold,2.0,0.0,11.6787,48,943820405,321,137686,54205,156916,4
pos_0,hold,2.0,0.0,11.7029,49,943842932,319,44315,54158,156887,4
pos_0,hold,2.0,0.0,11.7198,50,943861710,319,98658,54200,156883,4
pos_0,hold,2.0,0.0,11.7429,51,943884237,319,5861,54202,156909,4
pos_0,hold,2.0,0.0,11.765,52,943904215,318,106886,54218,156931,4
pos_0,hold,2.0,0.0,11.783,53,943924288,318,67274,54206,156906,4
pos_0,hold,2.0,0.0,11.8032,54,943943064,319,120665,54209,156915,4
pos_0,hold,2.0,0.0,11.8232,55,943965577,318,25506,54205,156888,4
pos_0,hold,2.0,0.0,11.8423,56,943984352,317,79347,54181,156927,4
pos_0,hold,2.0,0.0,11.8623,57,944004370,319,30389,54165,156894,4
pos_0,hold,2.0,0.0,11.8848,58,944026895,319,93908,54204,156893,4
pos_0,hold,2.0,0.0,11.905,59,944045669,318,147527,54184,156868,4
pos_0,hold,2.0,0.0,11.9243,60,944066955,319,1089,54193,156872,4
pos_0,hold,2.0,0.0,11.9435,61,944085731,318,55305,54196,156893,4
pos_0,hold,2.0,0.0,11.9679,62,944108249,318,118175,54162,156891,4
pos_0,hold,2.0,0.0,11.9859,63,944126995,319,10706,54187,156865,4
move_1,spin,2.0,0.15,0.0169,70,944209595,324,88899,54311,156905,4
move_1,spin,2.0,0.15,0.0371,71,944228365,320,142392,54386,156862,4
move_1,spin,2.0,0.15,0.054,72,944247140,320,39478,54427,156878,4
move_1,spin,2.0,0.15,0.0752,73,944268422,322,49135,54506,156905,4
move_1,spin,2.0,0.15,0.0942,74,944287188,322,101565,54572,156905,4
move_1,spin,2.0,0.15,0.1133,75,944307201,322,52505,54682,156865,4
move_1,spin,2.0,0.15,0.1366,76,944329718,322,115161,54716,156884,4
move_1,spin,2.0,0.15,0.1557,77,944348487,322,11631,54809,156874,4
move_1,spin,2.0,0.15,0.1758,78,944368523,319,123124,54915,156881,4
move_1,spin,2.0,0.15,0.1981,79,944391065,324,32694,55001,156874,4
move_1,spin,2.0,0.15,0.2161,80,944409832,324,85229,55081,156898,4
move_1,spin,2.0,0.15,0.2352,81,944428597,323,137718,55156,156899,4
move_1,spin,2.0,0.15,0.2586,82,944451115,324,43760,55232,156885,4
move_1,spin,2.0,0.15,0.2777,83,944469864,326,93908,55339,156861,4
move_1,spin,2.0,0.15,0.2968,84,944489780,326,28409,55412,156871,4
move_1,spin,2.0,0.15,0.319,85,944512411,325,110898,55441,156871,4
move_1,spin,2.0,0.15,0.3391,86,944531192,327,8594,55585,156924,4
move_1,spin,2.0,0.15,0.3571,87,944549951,327,59189,55649,156924,4
move_1,spin,2.0,0.15,0.3771,88,944569987,327,13583,55688,156907,4
move_1,spin,2.0,0.15,0.3972,89,944591274,329,23213,55811,156928,4
move_1,spin,2.0,0.15,0.4183,90,944610036,335,74022,55845,156927,4
move_1,spin,2.0,0.15,0.4384,91,944632558,329,137336,55949,156894,4
move_1,spin,2.0,0.15,0.4575,92,944651365,329,39840,56015,156865,4
move_1,spin,2.0,0.15,0.4764,93,944670101,330,87399,56094,156866,4
move_1,spin,2.0,0.15,0.4986,94,944692651,330,155061,56180,156903,4
move_1,spin,2.0,0.15,0.5209,95,944712644,331,101908,56255,156892,4
move_1,spin,2.0,0.15,0.5231,96,944713583,330,104647,56265,156891,0
move_1,spin,2.0,0.15,0.5421,97,944733929,331,111379,56336,156902,4
move_1,spin,2.0,0.15,0.5589,98,944752707,332,8368,56428,156929,4
move_1,spin,2.0,0.15,0.5821,99,944775205,332,66636,56518,156942,4
move_1,spin,2.0,0.15,0.6012,100,944794034,333,129328,56556,156868,4
move_1,spin,2.0,0.15,0.6223,101,944816557,333,36168,56708,156880,4
move_1,spin,2.0,0.15,0.6561,102,944840306,333,150527,56796,156886,4
move_1,spin,2.0,0.15,0.672,103,944857314,334,60554,56846,156921,4
move_1,spin,2.0,0.15,0.6888,104,944875045,335,93474,56909,156910,4
move_1,spin,2.0,0.15,0.6983,105,944893147,336,32762,57026,156917,4
move_1,spin,2.0,0.15,0.7214,106,944915424,336,54296,57132,156908,4
move_1,spin,2.0,0.15,0.7414,107,944934195,333,107600,57210,156891,4
move_1,spin,2.0,0.15,0.7625,108,944956732,338,16460,57293,156904,4
move_1,spin,2.0,0.15,0.7814,109,944975501,337,69478,57448,156909,4
move_1,spin,2.0,0.15,0.8035,110,944998010,338,130378,57509,156884,4
move_1,spin,2.0,0.15,0.8225,111,945016778,340,26023,57564,156920,4
move_1,spin,2.0,0.15,0.8467,112,945039308,343,90814,57658,156870,4
move_1,spin,2.0,0.15,0.8646,113,945058028,344,135521,57699,156877,4
move_1,spin,2.0,0.15,0.8868,114,945080610,342,52282,57815,156885,4
move_1,spin,2.0,0.15,0.9079,115,945099388,341,105964,57905,156907,4
move_1,spin,2.0,0.15,0.9237,116,945118160,341,2318,57935,156892,4
move_1,spin,2.0,0.15,0.9469,117,945140683,341,65809,58058,156892,4
move_1,spin,2.0,0.15,0.969,118,945163191,342,126345,58133,156917,4
move_1,spin,2.0,0.15,0.9879,119,945181969,343,23326,58214,156919,4
move_1,spin,2.0,0.15,1.0069,120,945200741,344,76119,58289,156934,4
move_1,spin,2.0,0.15,1.0174,121,945211597,349,38609,58278,156891,4
move_1,spin,2.0,0.15,1.0279,122,945222307,342,133745,58307,156889,4
move_1,spin,2.0,0.15,1.0521,123,945244546,343,148868,58425,156889,4
move_1,spin,2.0,0.15,1.069,124,945263325,344,46289,58511,156906,4
move_1,spin,2.0,0.15,1.0921,125,945285841,346,108023,58631,156947,4
move_1,spin,2.0,0.15,1.1121,126,945304629,345,6775,58665,156904,4
move_1,spin,2.0,0.15,1.1321,127,945327138,345,67958,58717,156883,4
move_1,spin,2.0,0.15,1.1521,0,945347125,346,14010,58785,156929,4
move_1,spin,2.0,0.15,1.1722,1,945365936,346,74057,58832,156853,4
move_1,spin,2.0,0.15,1.1965,2,945388462,348,138350,58962,156861,4
move_1,spin,2.0,0.15,1.2134,3,945408463,348,87204,59005,156885,4
move_1,spin,2.0,0.15,1.2325,4,945427259,348,144263,59078,156874,4
move_1,spin,2.0,0.15,1.2525,5,945446005,348,35791,59176,156944,4
move_1,spin,2.0,0.15,1.2789,6,945468542,348,101124,59225,156874,4
move_1,spin,2.0,0.15,1.2916,7,945486057,349,97499,59278,156911,4
move_1,spin,2.0,0.15,1.3137,8,945508586,350,5088,59382,156878,4
move_1,spin,2.0,0.15,1.3326,9,945527360,348,58847,59412,156873,4
move_1,spin,2.0,0.15,1.3526,10,945546129,350,111599,59525,156889,4
move_1,spin,2.0,0.15,1.3737,11,945568666,350,20958,59637,156881,4
move_1,spin,2.0,0.15,1.3926,12,945587443,351,75609,59728,156890,4
move_1,spin,2.0,0.15,1.419,13,945609939,346,134845,59804,156902,4
move_1,spin,2.0,0.15,1.4339,14,945628719,353,32698,59887,156919,4
move_1,spin,2.0,0.15,1.457,15,945651209,353,90282,59949,156885,4
move_1,spin,2.0,0.15,1.477,16,945670004,353,147664,60015,156853,4
move_1,spin,2.0,0.15,1.4981,17,945692546,353,57585,60106,156892,4
move_1,spin,2.0,0.15,1.5191,18,945712520,354,1169,60190,156909,4
move_1,spin,2.0,0.15,1.5212,19,945713468,354,5457,60147,156894,0
move_1,spin,2.0,0.15,1.5391,20,945733849,354,17754,60242,156953,4
move_1,spin,2.0,0.15,1.5581,21,945752609,355,68382,60338,156911,4
move_1,spin,2.0,0.15,1.5803,22,945775154,355,135047,60380,156939,4
move_1,spin,2.0,0.15,1.5982,23,945793916,356,29389,60456,156904,4
move_1,spin,2.0,0.15,1.6172,24,945812706,356,85121,60547,156953,4
move_1,spin,2.0,0.15,1.6407,25,945835219,357,146219,60537,156945,4
move_1,spin,2.0,0.15,1.6589,26,945854009,357,45011,60672,156968,4
move_1,spin,2.0,0.15,1.6784,27,945872787,357,98670,60693,156924,4
move_1,spin,2.0,0.15,1.7016,28,945895299,357,2090,60768,156934,4
move_1,spin,2.0,0.15,1.7235,29,945917836,358,67243,60838,156918,4
move_1,spin,2.0,0.15,1.7411,30,945936581,358,115391,60912,156921,4
move_1,spin,2.0,0.15,1.7615,31,945956583,352,63713,60989,156923,4
move_1,spin,2.0,0.15,1.7831,32,945979140,359,132536,61034,156917,4
move_1,spin,2.0,0.15,1.8024,33,945997923,359,30570,61114,156943,4
move_1,spin,2.0,0.15,1.8269,34,946020460,366,96086,61167,156879,4
move_1,spin,2.0,0.15,1.845,35,946039222,360,148237,61192,156858,4
move_1,spin,2.0,0.15,1.8631,36,946058000,361,45922,61280,156891,4
move_1,spin,2.0,0.15,1.8854,37,946080505,363,106998,61352,156866,4
move_1,spin,2.0,0.15,1.9035,38,946099269,361,2696,61392,156875,4
move_1,spin,2.0,0.15,1.9394,39,946121806,364,68646,61475,156928,4
move_1,spin,2.0,0.15,1.9564,40,946139644,362,119778,61525,156921,4
move_1,spin,2.0,0.15,1.9735,41,946160051,355,136906,61595,156923,4
move_1,spin,2.0,0.15,1.9894,42,946179404,364,131960,61673,156899,4
move_1,spin,2.0,0.15,2.0032,43,946199375,361,75360,61757,156897,4
move_1,spin,2.0,0.15,2.0191,44,946213144,364,62673,61833,156918,4
move_1,spin,2.0,0.15,2.0265,45,946221549,358,79179,61868,156917,4
move_1,spin,2.0,0.15,2.0455,46,946240679,364,36418,61932,156897,4
move_1,spin,2.0,0.15,2.0677,47,946263181,365,96762,62043,156882,4
move_1,spin,2.0,0.15,2.0868,48,946281957,359,151089,62114,156869,4
move_1,spin,2.0,0.15,2.1068,49,946300720,366,46114,62209,156910,4
move_1,spin,2.0,0.15,2.128,50,946323271,366,113487,62322,156901,4
move_1,spin,2.0,0.15,2.147,51,946342037,368,8546,62388,156885,4
move_1,spin,2.0,0.15,2.1671,52,946360822,367,64282,62458,156884,4
move_1,spin,2.0,0.15,2.1872,53,946383339,367,127012,62551,156910,4
move_1,spin,2.0,0.15,2.2062,54,946402106,368,22518,62587,156914,4
move_1,spin,2.0,0.15,2.2263,55,946420863,369,72587,62659,156941,4
move_1,spin,2.0,0.15,2.2475,56,946443413,374,140205,62738,156892,4
move_1,spin,2.0,0.15,2.2665,57,946462175,370,34842,62779,156913,4
move_1,spin,2.0,0.15,2.2865,58,946480931,370,85406,62882,156876,4
move_1,spin,2.0,0.15,2.3075,59,946503457,366,149063,62972,156903,4
move_1,spin,2.0,0.15,2.3275,60,946523314,371,72799,63036,156903,4
move_1,spin,2.0,0.15,2.3477,61,946542274,372,868,63075,156898,4
move_1,spin,2.0,0.15,2.3689,62,946564772,373,60030,63216,156875,4
move_1,spin,2.0,0.15,2.3879,63,946583540,372,113235,63294,156871,4
move_1,spin,2.0,0.15,2.4112,64,946606072,373,21580,63421,156888,4
move_1,spin,2.0,0.15,2.4281,65,946624849,373,75930,63488,156878,4
move_1,spin,2.0,0.15,2.4472,66,946643616,374,128921,63612,156911,4
move_1,spin,2.0,0.15,2.4714,67,946666126,375,33356,63703,156910,4
move_1,spin,2.0,0.15,2.4883,68,946684922,375,90873,63762,156879,4
move_1,spin,2.0,0.15,2.5073,69,946703691,376,143235,63838,156915,4
move_1,spin,2.0,0.15,2.5201,70,946714542,376,104943,63855,156918,4
move_1,spin,2.0,0.15,2.5285,71,946724367,375,49449,63872,156872,4
move_1,spin,2.0,0.15,2.5476,72,946743712,376,43734,63948,156888,4
move_1,spin,2.0,0.15,2.5729,73,946766249,378,109617,64044,156925,4
move_1,spin,2.0,0.15,2.5889,74,946785019,378,5591,64103,156881,4
move_1,spin,2.0,0.15,2.6078,75,946803678,377,39644,64189,156916,4
move_1,spin,2.0,0.15,2.6321,76,946826328,376,124030,64263,156932,4
move_1,spin,2.0,0.15,2.649,77,946845096,379,20025,64364,156880,4
move_1,spin,2.0,0.15,2.6681,78,946863868,379,73019,64491,156918,4
move_1,spin,2.0,0.15,2.6915,79,946885130,380,78915,64567,156905,4
move_1,spin,2.0,0.15,2.7129,80,946906412,381,88123,64679,156906,4
move_1,spin,2.0,0.15,2.7345,81,946925181,380,141068,64709,156898,4
move_1,spin,2.0,0.15,2.7517,82,946946448,381,148040,64819,156882,4
move_1,spin,2.0,0.15,2.7731,83,946968978,383,55954,64897,156871,4
move_1,spin,2.0,0.15,2.7912,84,946987716,380,103912,65011,156874,4
move_1,spin,2.0,0.15,2.8104,85,947006502,381,3121,65084,156866,4
move_1,spin,2.0,0.15,2.8327,86,947029035,383,68931,65163,156885,4
move_1,spin,2.0,0.15,2.853,87,947047795,383,120166,65240,156893,4
move_1,spin,2.0,0.15,2.8732,88,947070316,385,26824,65280,156881,4
move_1,spin,2.0,0.15,2.8922,89,947088912,385,50432,65359,156882,4
move_1,spin,2.0,0.15,2.9112,90,947107851,385,132550,65466,156857,4
move_1,spin,2.0,0.15,2.9334,91,947130378,385,40460,65511,156882,4
move_1,spin,2.0,0.15,2.9527,92,947149112,386,87275,65577,156860,4
move_1,spin,2.0,0.15,2.9718,93,947167928,387,148604,65613,156843,4
move_1,spin,2.0,0.15,2.9941,94,947190427,386,52406,65720,156830,4
move_1,spin,2.0,0.15,3.0133,95,947209188,387,104430,65778,156881,4
move_1,spin,2.0,0.15,3.0218,96,947217611,383,124047,65825,156917,4
move_1,spin,2.0,0.15,3.0325,97,947229219,388,57819,65891,156889,4
move_1,spin,2.0,0.15,3.0568,98,947251715,388,116935,65937,156891,4
move_1,spin,2.0,0.15,3.0736,99,947270508,388,16717,66012,156907,4
move_1,spin,2.0,0.15,3.0926,100,947289276,389,69678,66074,156876,4
move_1,spin,2.0,0.15,3.1168,101,947311795,389,132879,66180,156870,4
move_1,spin,2.0,0.15,3.1336,102,947330588,396,32925,66270,156881,4
move_1,spin,2.0,0.15,3.1569,103,947353106,389,95364,66366,156901,4
move_1,spin,2.0,0.15,3.178,104,947372944,393,16217,66396,156900,4
move_1,spin,2.0,0.15,3.1981,105,947391906,395,101825,66509,156907,4
move_1,spin,2.0,0.15,3.2139,106,947410665,392,152822,66540,156905,4
move_1,spin,2.0,0.15,3.2532,107,947440549,393,54847,66704,156916,4
move_1,spin,2.0,0.15,3.2691,108,947457698,397,146125,66737,156896,4
move_1,spin,2.0,0.15,3.287,109,947473929,393,81409,66804,156876,4
move_1,spin,2.0,0.15,3.2975,110,947491694,394,120056,66892,156934,4
move_1,spin,2.0,0.15,3.3175,111,947514517,394,76961,66980,156919,4
move_1,spin,2.0,0.15,3.3386,112,947533312,396,134840,67063,156861,4
move_1,spin,2.0,0.15,3.3565,113,947553315,394,84244,67103,156856,4
move_1,spin,2.0,0.15,3.3786,114,947575834,395,147886,67176,156867,4
move_1,spin,2.0,0.15,3.3975,115,947594595,396,41977,67287,156928,4
move_1,spin,2.0,0.15,3.4207,116,947617117,396,104725,67336,156872,4
move_1,spin,2.0,0.15,3.4388,117,947635893,396,2121,67406,156856,4
move_1,spin,2.0,0.15,3.4578,118,947654506,398,28136,67462,156902,4
move_1,spin,2.0,0.15,3.482,119,947677174,398,115846,67576,156925,4
move_1,spin,2.0,0.15,3.4989,120,947695949,398,12738,67600,156870,4
move_1,spin,2.0,0.15,3.5221,121,947715915,398,112614,67673,156864,4
move_1,spin,2.0,0.15,3.5221,122,947716860,398,116359,67726,156881,0
move_1,spin,2.0,0.15,3.5389,123,947734747,405,19291,67756,156858,4
move_1,spin,2.0,0.15,3.5611,124,947757267,399,82092,67795,156899,4
move_1,spin,2.0,0.15,3.5811,125,947775989,399,127341,67871,156868,4
move_1,spin,2.0,0.15,3.6011,126,947797306,400,142394,67956,156916,4
move_1,spin,2.0,0.15,3.619,127,947816081,400,38956,67998,156918,4
move_1,spin,2.0,0.15,3.6421,0,947838584,401,98695,68087,156929,4
move_1,spin,2.0,0.15,3.6611,1,947857393,401,991,68151,156907,4
move_1,spin,2.0,0.15,3.6822,2,947879903,408,62740,68201,156858,4
move_1,spin,2.0,0.15,3.7022,3,947898672,400,116030,68247,156873,4
move_1,spin,2.0,0.15,3.7222,4,947919777,402,95706,68336,156882,4
move_1,spin,2.0,0.15,3.7412,5,947938695,406,17210,68389,156848,4
move_1,spin,2.0,0.15,3.7646,6,947961235,403,84333,68472,156861,4
move_1,spin,2.0,0.15,3.7825,7,947980002,401,137092,68560,156890,4
move_1,spin,2.0,0.15,3.8014,8,947998748,403,28985,68635,156891,4
move_1,spin,2.0,0.15,3.8235,9,948021274,398,93518,68711,156916,4
move_1,spin,2.0,0.15,3.8426,10,948040045,411,146558,68779,156888,4
move_1,spin,2.0,0.15,3.8658,11,948062571,405,53800,68860,156898,4
move_1,spin,2.0,0.15,3.8836,12,948081339,405,106624,68917,156872,4
move_1,spin,2.0,0.15,3.9068,13,948103852,406,11673,69017,156885,4
move_1,spin,2.0,0.15,3.927,14,948122630,408,65927,69112,156928,4
move_1,spin,2.0,0.15,3.9439,15,948141399,407,118752,69188,156914,4
move_1,spin,2.0,0.15,3.9671,16,948163911,408,22999,69256,156910,4
move_1,spin,2.0,0.15,3.9861,17,948182691,409,77892,69346,156851,4
pos_1,hold,2.0,0.0,0.0172,24,948265282,408,156537,69497,156879,4
pos_1,hold,2.0,0.0,0.0352,25,948284032,409,49438,69509,156877,4
pos_1,hold,2.0,0.0,0.0565,26,948302829,409,107023,69535,156919,4
pos_1,hold,2.0,0.0,0.0777,27,948325319,408,7994,69505,156872,4
pos_1,hold,2.0,0.0,0.0958,28,948344114,409,65720,69506,156879,4
pos_1,hold,2.0,0.0,0.1171,29,948366628,409,127857,69504,156881,4
pos_1,hold,2.0,0.0,0.1361,30,948385406,410,25551,69500,156858,4
pos_1,hold,2.0,0.0,0.1551,31,948404178,406,79224,69495,156845,4
pos_1,hold,2.0,0.0,0.1773,32,948426684,409,139978,69511,156891,4
pos_1,hold,2.0,0.0,0.1963,33,948445459,409,37254,69508,156868,4
pos_1,hold,2.0,0.0,0.2154,34,948464228,408,90353,69512,156909,4
pos_1,hold,2.0,0.0,0.2375,35,948486743,409,153330,69504,156884,4
pos_1,hold,2.0,0.0,0.2564,36,948505510,416,49208,69516,156884,4
pos_1,hold,2.0,0.0,0.2775,37,948525369,409,130373,69525,156912,4
pos_1,hold,2.0,0.0,0.3006,38,948549298,409,119387,69504,156875,4
pos_1,hold,2.0,0.0,0.3207,39,948568067,409,15191,69512,156890,4
pos_1,hold,2.0,0.0,0.3417,40,948590604,408,81324,69511,156890,4
pos_1,hold,2.0,0.0,0.3607,41,948609348,409,129939,69508,156864,4
pos_1,hold,2.0,0.0,0.3807,42,948628145,409,30686,69514,156910,4
pos_1,hold,2.0,0.0,0.4028,43,948650664,409,93472,69506,156867,4
pos_1,hold,2.0,0.0,0.4208,44,948669429,409,145653,69514,156887,4
pos_1,hold,2.0,0.0,0.445,45,948691967,409,54832,69511,156889,4
pos_1,hold,2.0,0.0,0.4629,46,948711984,410,5835,69521,156886,4
pos_1,hold,2.0,0.0,0.4988,47,948738118,409,55794,69509,156896,4
pos_1,hold,2.0,0.0,0.5157,48,948755271,415,147556,69498,156924,4
pos_1,hold,2.0,0.0,0.5325,49,948772926,409,10639,69546,156894,4
pos_1,hold,2.0,0.0,0.5325,50,948773870,409,14181,69520,156925,0
pos_1,hold,2.0,0.0,0.5451,51,948793154,409,154527,69555,156914,4
pos_1,hold,2.0,0.0,0.562,52,948812097,409,79771,69519,156903,4
pos_1,hold,2.0,0.0,0.5854,53,948834603,409,139802,69518,156893,4
pos_1,hold,2.0,0.0,0.6065,54,948853377,407,36501,69565,156925,4
pos_1,hold,2.0,0.0,0.6265,55,948875919,412,102703,69515,156902,4
pos_1,hold,2.0,0.0,0.6465,56,948895921,407,50971,69512,156894,4
pos_1,hold,2.0,0.0,0.6676,57,948914725,404,108951,69521,156999,4
pos_1,hold,2.0,0.0,0.6855,58,948934728,409,56765,69514,156900,4
pos_1,hold,2.0,0.0,0.7055,59,948953502,411,109909,69539,156954,4
pos_1,hold,2.0,0.0,0.7277,60,948976039,409,17731,69527,156936,4
pos_1,hold,2.0,0.0,0.7456,61,948994803,409,69080,69510,156891,4
pos_1,hold,2.0,0.0,0.7677,62,949017322,414,131521,69530,156893,4
pos_1,hold,2.0,0.0,0.7867,63,949036118,409,31249,69521,156913,4
pos_1,hold,2.0,0.0,0.8058,64,949054860,409,79267,69527,156877,4
pos_1,hold,2.0,0.0,0.8258,65,949074731,410,5255,69565,156932,4
pos_1,hold,2.0,0.0,0.8479,66,949097438,410,99129,69528,156946,4
pos_1,hold,2.0,0.0,0.8658,67,949116210,408,151473,69520,156909,4
pos_1,hold,2.0,0.0,0.89,68,949138721,407,55956,69509,156889,4
pos_1,hold,2.0,0.0,0.9121,69,949157492,409,109450,69521,156929,4
pos_1,hold,2.0,0.0,0.93,70,949178772,409,118664,69522,156913,4
pos_1,hold,2.0,0.0,0.9469,71,949197542,409,14419,69575,156935,4
pos_1,hold,2.0,0.0,0.9701,72,949220056,409,76447,69517,156893,4
pos_1,hold,2.0,0.0,0.9902,73,949238824,409,128557,69522,156898,4
pos_1,hold,2.0,0.0,1.007,74,949257592,409,24267,69551,156903,4
pos_1,hold,2.0,0.0,1.0186,75,949268473,409,148124,69515,156883,4
pos_1,hold,2.0,0.0,1.0302,76,949278288,409,90568,69516,156912,4
pos_1,hold,2.0,0.0,1.047,77,949297631,408,83833,69523,156899,4
pos_1,hold,2.0,0.0,1.0702,78,949320176,409,150914,69480,156896,4
pos_1,hold,2.0,0.0,1.0902,79,949340041,414,76146,69528,156921,4
pos_1,hold,2.0,0.0,1.1102,80,949358948,409,152041,69565,156921,4
pos_1,hold,2.0,0.0,1.1312,81,949381494,409,62270,69470,156885,4
pos_1,hold,2.0,0.0,1.1502,82,949400236,410,110359,69537,156956,4
pos_1,hold,2.0,0.0,1.1723,83,949422782,408,20175,69534,156933,4
pos_1,hold,2.0,0.0,1.1955,84,949445321,408,86240,69557,156901,4
pos_1,hold,2.0,0.0,1.2155,85,949464086,409,138469,69503,156877,4
pos_1,hold,2.0,0.0,1.2326,86,949482859,410,34944,69567,156916,4
pos_1,hold,2.0,0.0,1.2559,87,949505370,410,95964,69528,156926,4
pos_1,hold,2.0,0.0,1.2759,88,949524137,409,148227,69521,156900,4
pos_1,hold,2.0,0.0,1.2969,89,949546685,409,58727,69500,156865,4
pos_1,hold,2.0,0.0,1.3159,90,949565424,407,106157,69522,156911,4
pos_1,hold,2.0,0.0,1.3369,91,949587971,409,16337,69508,156883,4
pos_1,hold,2.0,0.0,1.3559,92,949606736,409,68446,69526,156915,4
pos_1,hold,2.0,0.0,1.3801,93,949629271,415,133729,69509,156881,4
pos_1,hold,2.0,0.0,1.4003,94,949649142,409,59878,69479,156902,4
pos_1,hold,2.0,0.0,1.4174,95,949668078,409,141023,69530,156941,4
pos_1,hold,2.0,0.0,1.4407,96,949690587,410,45094,69519,156843,4
pos_1,hold,2.0,0.0,1.4608,97,949709367,407,100022,69511,156894,4
pos_1,hold,2.0,0.0,1.4777,98,949728132,409,152053,69507,156904,4
pos_1,hold,2.0,0.0,1.5,99,949750650,409,57390,69506,156886,4
pos_1,hold,2.0,0.0,1.5254,100,949770538,409,143257,69527,156911,4
pos_1,hold,2.0,0.0,1.5254,101,949771509,409,151464,69535,156927,0
pos_1,hold,2.0,0.0,1.537,102,949788215,409,9742,69527,156938,4
pos_1,hold,2.0,0.0,1.5603,103,949810721,409,69171,69523,156910,4
pos_1,hold,2.0,0.0,1.5794,104,949829517,410,126297,69516,156914,4
pos_1,hold,2.0,0.0,1.6016,105,949852035,409,31732,69526,156911,4
pos_1,hold,2.0,0.0,1.6207,106,949870804,409,84265,69518,156893,4
pos_1,hold,2.0,0.0,1.6419,107,949889576,409,137126,69533,156952,4
pos_1,hold,2.0,0.0,1.6609,108,949912115,409,45545,69517,156904,4
pos_1,hold,2.0,0.0,1.6811,109,949931976,409,126348,69526,156942,4
pos_1,hold,2.0,0.0,1.7002,110,949950896,412,47883,69508,156880,4
pos_1,hold,2.0,0.0,1.7193,111,949969664,409,100754,69483,156907,4
pos_1,hold,2.0,0.0,1.7417,112,949992205,409,10082,69527,156913,4
pos_1,hold,2.0,0.0,1.7618,113,950010974,409,62727,69517,156901,4
pos_1,hold,2.0,0.0,1.802,114,950035873,409,58890,69521,156910,4
pos_1,hold,2.0,0.0,1.8063,115,950055344,415,74023,69528,156919,4
pos_1,hold,2.0,0.0,1.8538,116,950094668,410,13293,69547,156879,4
pos_1,hold,2.0,0.0,1.8675,117,950095641,414,21798,69514,156896,0
pos_1,hold,2.0,0.0,1.8708,118,950113208,409,26672,69575,156954,4
pos_1,hold,2.0,0.0,1.8814,119,950131948,410,73981,69521,156912,4
pos_1,hold,2.0,0.0,1.9004,120,950151145,409,42114,69521,156920,4
pos_1,hold,2.0,0.0,1.9227,121,950173663,409,104209,69522,156904,4
pos_1,hold,2.0,0.0,1.9417,122,950192428,409,155827,69520,156939,4
pos_1,hold,2.0,0.0,1.9617,123,950212301,409,82008,69530,156912,4
pos_1,hold,2.0,0.0,1.9849,124,950234985,409,14972,69534,156930,4
pos_1,hold,2.0,0.0,2.0019,125,950253786,409,72692,69536,156924,4
pos_1,hold,2.0,0.0,2.0177,126,950267546,409,58378,69534,156925,4
pos_1,hold,2.0,0.0,2.0261,127,950275950,409,74822,69519,156906,4
pos_1,hold,2.0,0.0,2.0419,0,950293819,410,131340,69524,156901,4
pos_1,hold,2.0,0.0,2.0651,1,950316336,409,36140,69527,156932,4
pos_1,hold,2.0,0.0,2.0851,2,950335108,409,88749,69529,156935,4
pos_1,hold,2.0,0.0,2.1062,3,950357650,409,154308,69544,156944,4
pos_1,hold,2.0,0.0,2.1252,4,950376418,416,49491,69523,156914,4
pos_1,hold,2.0,0.0,2.1474,5,950395185,409,101509,69571,156929,4
pos_1,hold,2.0,0.0,2.1653,6,950416464,409,109536,69538,156967,4
pos_1,hold,2.0,0.0,2.1854,7,950435260,409,9731,69515,156877,4
pos_1,hold,2.0,0.0,2.2054,8,950456529,409,16553,69518,156927,4
pos_1,hold,2.0,0.0,2.2266,9,950476539,410,122658,69513,156916,4
pos_1,hold,2.0,0.0,2.2466,10,950497665,403,105122,69513,156886,4
pos_1,hold,2.0,0.0,2.2666,11,950516611,409,30688,69490,156932,4
pos_1,hold,2.0,0.0,2.2877,12,950539125,409,91892,69531,156931,4
pos_1,hold,2.0,0.0,2.3077,13,950557916,418,147840,69515,156897,4
pos_1,hold,2.0,0.0,2.3266,14,950576666,409,40012,69522,156914,4
pos_1,hold,2.0,0.0,2.3479,15,950599231,409,109665,69542,156937,4
pos_1,hold,2.0,0.0,2.3679,16,950620472,409,110411,69538,156961,4
pos_1,hold,2.0,0.0,2.3871,17,950639276,409,11209,69544,156962,4
pos_1,hold,2.0,0.0,2.4071,18,950659311,409,121530,69516,156918,4
pos_1,hold,2.0,0.0,2.4272,19,950678089,409,18139,69537,156950,4
pos_1,hold,2.0,0.0,2.4504,20,950700599,404,78152,69553,156965,4
pos_1,hold,2.0,0.0,2.4704,21,950720626,409,29872,69543,156969,4
pos_1,hold,2.0,0.0,2.4873,22,950739404,411,83272,69532,156902,4
pos_1,hold,2.0,0.0,2.5116,23,950761937,409,147363,69542,156963,4
pos_1,hold,2.0,0.0,2.5169,24,950770344,415,7015,69547,156964,4
pos_1,hold,2.0,0.0,2.5274,25,950780336,410,136207,69543,156963,4
pos_1,hold,2.0,0.0,2.5506,26,950800744,410,152610,69483,156949,4
pos_1,hold,2.0,0.0,2.5716,27,950823267,409,58230,69535,156953,4
pos_1,hold,2.0,0.0,2.5906,28,950842062,409,115231,69502,156885,4
pos_1,hold,2.0,0.0,2.6107,29,950860832,410,10742,69534,156937,4
pos_1,hold,2.0,0.0,2.6319,30,950883351,410,72090,69521,156940,4
pos_1,hold,2.0,0.0,2.6499,31,950902115,410,123516,69530,156944,4
pos_1,hold,2.0,0.0,2.6721,32,950920913,409,24345,69514,156880,4
pos_1,hold,2.0,0.0,2.691,33,950943432,409,86749,69527,156935,4
pos_1,hold,2.0,0.0,2.71,34,950962194,408,137575,69524,156926,4
pos_1,hold,2.0,0.0,2.7311,35,950980970,414,34245,69522,156916,4
pos_1,hold,2.0,0.0,2.7523,36,951003509,410,99152,69504,156957,4
pos_1,hold,2.0,0.0,2.7714,37,951022271,403,149915,69531,156918,4
pos_1,hold,2.0,0.0,2.7893,38,951041048,409,46479,69509,156888,4
pos_1,hold,2.0,0.0,2.8126,39,951063592,409,112741,69513,156906,4
pos_1,hold,2.0,0.0,2.8319,40,951083453,408,36552,69529,156925,4
pos_1,hold,2.0,0.0,2.8511,41,951102371,410,114214,69532,156938,4
pos_1,hold,2.0,0.0,2.8736,42,951124913,409,22319,69548,156954,4
pos_1,hold,2.0,0.0,2.8917,43,951143689,409,75617,69542,156951,4
pos_1,hold,2.0,0.0,2.9142,44,951166222,409,139622,69527,156917,4
pos_1,hold,2.0,0.0,2.9322,45,951184989,410,34876,69549,156966,4
pos_1,hold,2.0,0.0,2.9524,46,951203681,409,73712,69524,156917,4
pos_1,hold,2.0,0.0,2.9758,47,951226299,409,152097,69498,156943,4
pos_1,hold,2.0,0.0,2.9928,48,951245093,408,51293,69462,156881,4
pos_1,hold,2.0,0.0,3.0172,49,951267610,409,113402,69489,156930,4
pos_1,hold,2.0,0.0,3.0204,50,951270140,407,72583,69524,156921,4
pos_1,hold,2.0,0.0,3.032,51,951285140,410,112283,69513,156886,4
pos_1,hold,2.0,0.0,3.0553,52,951307649,409,15607,69540,156949,4
pos_1,hold,2.0,0.0,3.0765,53,951326415,409,67190,69516,156904,4
pos_1,hold,2.0,0.0,3.1114,54,951345218,409,125440,69511,156916,4
pos_1,hold,2.0,0.0,3.1399,55,951370956,408,107477,69514,156892,4
pos_1,hold,2.0,0.0,3.1526,56,951402389,410,116672,69518,156888,4
pos_1,hold,2.0,0.0,3.1716,57,951412269,409,70333,69519,156917,4
pos_1,hold,2.0,0.0,3.1854,58,951433450,409,61841,69527,156924,4
pos_1,hold,2.0,0.0,3.1928,59,951446238,409,38728,69528,156930,4
pos_1,hold,2.0,0.0,3.2172,60,951467827,409,99576,69529,156923,4
pos_1,hold,2.0,0.0,3.232,61,951485356,410,98038,69570,156941,4
pos_1,hold,2.0,0.0,3.2553,62,951507900,410,7325,69523,156919,4
pos_1,hold,2.0,0.0,3.2754,63,951526521,411,34747,69557,156910,4
pos_1,hold,2.0,0.0,3.2966,64,951549062,409,100642,69489,156924,4
pos_1,hold,2.0,0.0,3.3167,65,951567831,411,152665,69529,156908,4
pos_1,hold,2.0,0.0,3.3358,66,951586600,411,48019,69517,156908,4
pos_1,hold,2.0,0.0,3.356,67,951609148,410,115008,69535,156929,4
pos_1,hold,2.0,0.0,3.3761,68,951629121,409,57811,69543,156958,4
pos_1,hold,2.0,0.0,3.3952,69,951647946,411,119560,69531,156926,4
pos_1,hold,2.0,0.0,3.4175,70,951669199,410,123113,69532,156905,4
pos_1,hold,2.0,0.0,3.4376,71,951687995,409,23288,69511,156893,4
pos_1,hold,2.0,0.0,3.4556,72,951707999,409,128551,69516,156912,4
pos_1,hold,2.0,0.0,3.4778,73,951730546,409,37998,69532,156937,4
pos_1,hold,2.0,0.0,3.4969,74,951749313,415,89540,69528,156931,4
pos_1,hold,2.0,0.0,3.5159,75,951768203,408,5243,69500,156877,4
pos_1,hold,2.0,0.0,3.5202,76,951770728,410,120603,69517,156913,4
pos_1,hold,2.0,0.0,3.536,77,951789350,405,148044,69526,156923,4
pos_1,hold,2.0,0.0,3.5551,78,951808127,409,45060,69560,156911,4
pos_1,hold,2.0,0.0,3.5773,79,951830667,410,111361,69517,156897,4
pos_1,hold,2.0,0.0,3.5975,80,951849436,414,7622,69518,156899,4
pos_1,hold,2.0,0.0,3.6155,81,951868180,408,55949,69506,156882,4
pos_1,hold,2.0,0.0,3.6387,82,951890720,404,121906,69524,156880,4
pos_1,hold,2.0,0.0,3.6578,83,951910736,408,72827,69512,156911,4
pos_1,hold,2.0,0.0,3.6769,84,951929499,409,124309,69516,156915,4
pos_1,hold,2.0,0.0,3.6991,85,951952036,410,33378,69555,156888,4
pos_1,hold,2.0,0.0,3.7171,86,951970812,409,87073,69510,156888,4
pos_1,hold,2.0,0.0,3.7364,87,951989575,409,139248,69504,156864,4
pos_1,hold,2.0,0.0,3.7597,88,952012085,409,44603,69503,156855,4
pos_1,hold,2.0,0.0,3.7777,89,952030862,410,99011,69510,156893,4
pos_1,hold,2.0,0.0,3.8,90,952053373,413,3671,69507,156861,4
pos_1,hold,2.0,0.0,3.818,91,952072144,409,56847,69527,156925,4
pos_1,hold,2.0,0.0,3.8371,92,952090939,409,113753,69526,156921,4
pos_1,hold,2.0,0.0,3.8604,93,952113452,410,18348,69528,156919,4
pos_1,hold,2.0,0.0,3.8795,94,952132227,409,72427,69516,156893,4
pos_1,hold,2.0,0.0,3.8974,95,952150988,409,123921,69470,156912,4
pos_1,hold,2.0,0.0,3.9207,96,952173499,409,27751,69498,156930,4
pos_1,hold,2.0,0.0,3.9408,97,952192274,409,81183,69523,156933,4
pos_1,hold,2.0,0.0,3.9599,98,952213545,410,87489,69527,156916,4
pos_1,hold,2.0,0.0,3.9789,99,952232345,409,144552,69530,156934,4
pos_1,hold,2.0,0.0,3.997,100,952251115,409,39561,69538,156952,4
pos_1,hold,2.0,0.0,4.0224,101,952274405,412,75819,69559,156924,4
pos_1,hold,2.0,0.0,4.0267,102,952275351,404,79832,69519,156921,0
pos_1,hold,2.0,0.0,4.0405,103,952292414,409,156011,69532,156958,4
pos_1,hold,2.0,0.0,4.0617,104,952314924,409,59334,69527,156923,4
pos_1,hold,2.0,0.0,4.0808,105,952333703,409,113089,69527,156933,4
pos_1,hold,2.0,0.0,4.0999,106,952352472,409,8244,69529,156916,4
pos_1,hold,2.0,0.0,4.1209,107,952375017,411,74744,69522,156921,4
pos_1,hold,2.0,0.0,4.1409,108,952393777,410,125588,69535,156935,4
pos_1,hold,2.0,0.0,4.1599,109,952412547,409,20740,69536,156940,4
pos_1,hold,2.0,0.0,4.1811,110,952435096,409,87571,69532,156936,4
pos_1,hold,2.0,0.0,4.2001,111,952453859,409,138461,69540,156952,4
pos_1,hold,2.0,0.0,4.2212,112,952472628,409,33834,69512,156878,4
pos_1,hold,2.0,0.0,4.2414,113,952495147,410,96091,69532,156922,4
pos_1,hold,2.0,0.0,4.2616,114,952515150,409,44819,69527,156918,4
pos_1,hold,2.0,0.0,4.2808,115,952533953,409,102622,69542,156950,4
pos_1,hold,2.0,0.0,4.3019,116,952556461,409,5647,69574,156942,4
pos_1,hold,2.0,0.0,4.321,117,952575250,409,60805,69533,156929,4
pos_1,hold,2.0,0.0,4.3401,118,952594027,409,114296,69573,156941,4
pos_1,hold,2.0,0.0,4.3624,119,952616563,409,22826,69501,156874,4
pos_1,hold,2.0,0.0,4.3815,120,952635332,409,75317,69533,156929,4
pos_1,hold,2.0,0.0,4.4143,121,952654076,410,123310,69528,156917,4
pos_1,hold,2.0,0.0,4.4378,122,952676154,409,110432,69488,156924,4
pos_1,hold,2.0,0.0,4.4431,123,952695849,409,5935,69514,156905,4
pos_1,hold,2.0,0.0,4.512,124,952732924,408,31480,69534,156947,4
pos_1,hold,2.0,0.0,4.5184,125,952735569,409,10304,69519,156915,4
pos_1,hold,2.0,0.0,4.5269,126,952778469,409,84264,69573,156953,4
pos_1,hold,2.0,0.0,4.5301,127,952779412,409,87703,69545,156934,0
pos_1,hold,2.0,0.0,4.5322,0,952780381,409,95458,69541,156954,0
pos_1,hold,2.0,0.0,4.5406,1,952796329,403,138490,69532,156942,4
pos_1,hold,2.0,0.0,4.5628,2,952816794,409,8253,69533,156939,4
pos_1,hold,2.0,0.0,4.5817,3,952835594,416,65737,69524,156926,4
pos_1,hold,2.0,0.0,4.605,4,952858079,409,122193,69520,156907,4
pos_1,hold,2.0,0.0,4.6219,5,952876875,409,22883,69504,156882,4
pos_1,hold,2.0,0.0,4.6462,6,952899363,409,80536,69511,156876,4
pos_1,hold,2.0,0.0,4.6651,7,952918153,409,136549,69525,156912,4
pos_1,hold,2.0,0.0,4.6862,8,952940661,409,39444,69540,156944,4
pos_1,hold,2.0,0.0,4.7062,9,952959437,409,93758,69497,156851,4
pos_1,hold,2.0,0.0,4.7273,10,952981975,416,3580,69516,156889,4
pos_1,hold,2.0,0.0,4.7462,11,953000718,409,51939,69525,156910,4
pos_1,hold,2.0,0.0,4.7662,12,953019514,405,108740,69530,156949,4
pos_1,hold,2.0,0.0,4.7873,13,953042054,409,17684,69529,156931,4
pos_1,hold,2.0,0.0,4.8094,14,953060797,407,65516,69526,156924,4
pos_1,hold,2.0,0.0,4.8294,15,953083309,409,126309,69534,156955,4
pos_1,hold,2.0,0.0,4.8484,16,953102220,409,45406,69531,156920,4
pos_1,hold,2.0,0.0,4.8664,17,953120884,409,79742,69492,156947,4
pos_1,hold,2.0,0.0,4.8907,18,953143419,409,143918,69525,156962,4
pos_1,hold,2.0,0.0,4.9075,19,953162194,409,39669,69574,156933,4
pos_1,hold,2.0,0.0,4.9318,20,953184706,409,100437,69532,156954,4
pos_1,hold,2.0,0.0,4.9509,21,953203499,408,156119,69544,156946,4
pos_1,hold,2.0,0.0,4.9678,22,953222303,409,57004,69528,156930,4
pos_1,hold,2.0,0.0,4.991,23,953244787,409,112931,69524,156911,4
pos_1,hold,2.0,0.0,5.01,24,953263555,409,7859,69531,156927,4
pos_1,hold,2.0,0.0,5.0174,25,953274524,409,146158,69544,156966,4
pos_1,hold,2.0,0.0,5.028,26,953283300,409,68868,69526,156916,4
pos_1,hold,2.0,0.0,5.0501,27,953303601,409,67679,69582,156964,4
pos_1,hold,2.0,0.0,5.0669,28,953322425,409,128731,69544,156964,4
pos_1,hold,2.0,0.0,5.0901,29,953344911,409,27618,69533,156933,4
pos_1,hold,2.0,0.0,5.1112,30,953364948,401,137916,69536,156939,4
pos_1,hold,2.0,0.0,5.1322,31,953387488,409,46030,69500,156948,4
pos_1,hold,2.0,0.0,5.1523,32,953406259,409,98245,69524,156923,4
pos_1,hold,2.0,0.0,5.1713,33,953425059,405,155639,69507,156893,4
pos_1,hold,2.0,0.0,5.1915,34,953445064,414,104544,69490,156926,4
pos_1,hold,2.0,0.0,5.2127,35,953467697,409,28969,69512,156884,4
pos_1,hold,2.0,0.0,5.2318,36,953486347,409,61462,69506,156881,4
pos_1,hold,2.0,0.0,5.255,37,953508998,409,146347,69522,156889,4
pos_1,hold,2.0,0.0,5.2729,38,953527659,410,23390,69516,156907,4
pos_1,hold,2.0,0.0,5.2919,39,953546457,410,80423,69529,156910,4
pos_1,hold,2.0,0.0,5.315,40,953569081,410,3595,69496,156925,4
pos_1,hold,2.0,0.0,5.3319,41,953587711,410,32183,69561,156927,4
pos_1,hold,2.0,0.0,5.3551,42,953609038,408,48308,69494,156935,4
pos_1,hold,2.0,0.0,5.372,43,953627756,409,92124,69508,156921,4
pos_1,hold,2.0,0.0,5.3965,44,953650294,409,890,69555,156912,4
pos_1,hold,2.0,0.0,5.4145,45,953669029,408,47596,69521,156911,4
pos_1,hold,2.0,0.0,5.4367,46,953691573,409,113865,69531,156948,4
pos_1,hold,2.0,0.0,5.4567,47,953710372,408,13687,69546,156970,4
pos_1,hold,2.0,0.0,5.4767,48,953729282,409,89512,69548,156975,4
pos_1,hold,2.0,0.0,5.4988,49,953751681,410,130894,69542,156941,4
pos_1,hold,2.0,0.0,5.5178,50,953771832,415,103700,69495,156947,4
pos_1,hold,2.0,0.0,5.5209,51,953774364,408,63457,69536,156940,4
pos_1,hold,2.0,0.0,5.5378,52,953793105,408,111065,69528,156920,4
pos_1,hold,2.0,0.0,5.5568,53,953811782,410,147788,69511,156884,4
pos_1,hold,2.0,0.0,5.5801,54,953834392,409,68417,69523,156919,4
pos_1,hold,2.0,0.0,5.597,55,953853160,408,120697,69525,156903,4
pos_1,hold,2.0,0.0,5.6191,56,953875699,410,29842,69512,156887,4
pos_1,hold,2.0,0.0,5.6371,57,953893208,409,25376,69518,156889,4
pos_1,hold,2.0,0.0,5.6613,58,953915720,414,87217,69462,156878,4
pos_1,hold,2.0,0.0,5.6802,59,953934379,409,120901,69523,156918,4
pos_1,hold,2.0,0.0,5.7013,60,953957031,410,49137,69512,156885,4
pos_1,hold,2.0,0.0,5.7255,61,953979538,410,109733,69530,156931,4
pos_1,hold,2.0,0.0,5.7635,62,954003324,414,74485,69507,156857,4
pos_1,hold,2.0,0.0,5.7782,63,954022636,408,63252,69519,156891,4
pos_1,hold,2.0,0.0,5.7972,64,954044028,406,90749,69516,156904,4
pos_1,hold,2.0,0.0,5.8067,65,954060354,409,42296,69504,156872,4
pos_1,hold,2.0,0.0,5.8299,66,954075872,409,13187,69528,156912,4
pos_1,hold,2.0,0.0,5.8415,67,954096053,413,148991,69506,156855,4
pos_1,hold,2.0,0.0,5.8615,68,954115945,406,79496,69509,156883,4
pos_1,hold,2.0,0.0,5.8847,69,954138451,409,140054,69504,156896,4
pos_1,hold,2.0,0.0,5.9016,70,954155845,409,116167,69524,156908,4
pos_1,hold,2.0,0.0,5.9227,71,954178497,410,44247,69523,156916,4
pos_1,hold,2.0,0.0,5.9417,72,954197264,409,96826,69539,156870,4
pos_1,hold,2.0,0.0,5.9649,73,954219693,409,144349,69499,156894,4
pos_1,hold,2.0,0.0,5.9828,74,954238545,408,54905,69519,156905,4
pos_1,hold,2.0,0.0,6.006,75,954260980,409,102915,69523,156897,4
pos_1,hold,2.0,0.0,6.0198,76,954276091,413,4281,69505,156883,4
pos_1,hold,2.0,0.0,6.0251,77,954278646,403,124712,69532,156915,4
pos_1,hold,2.0,0.0,6.0462,78,954301107,409,20761,69508,156883,4
pos_1,hold,2.0,0.0,6.0652,79,954319814,409,63131,69514,156893,4
pos_1,hold,2.0,0.0,6.0864,80,954342408,410,138964,69508,156877,4
pos_1,hold,2.0,0.0,6.1065,81,954361186,409,36814,69510,156879,4
pos_1,hold,2.0,0.0,6.1235,82,954379954,410,89268,69519,156909,4
pos_1,hold,2.0,0.0,6.1469,83,954402470,409,151501,69509,156901,4
pos_1,hold,2.0,0.0,6.1671,84,954421240,416,47849,69504,156873,4
pos_1,hold,2.0,0.0,6.1862,85,954442367,409,30801,69515,156911,4
pos_1,hold,2.0,0.0,6.2062,86,954461287,402,108640,69525,156906,4
pos_1,hold,2.0,0.0,6.2252,87,954479966,412,146057,69521,156873,4
pos_1,hold,2.0,0.0,6.2464,88,954502595,409,70593,69508,156894,4
pos_1,hold,2.0,0.0,6.2645,89,954521339,409,119228,69478,156924,4
pos_1,hold,2.0,0.0,6.2888,90,954543881,409,28823,69511,156886,4
pos_1,hold,2.0,0.0,6.3068,91,954562656,409,82168,69535,156936,4
pos_1,hold,2.0,0.0,6.327,92,954581418,409,133124,69530,156935,4
pos_1,hold,2.0,0.0,6.3481,93,954603929,409,37289,69523,156910,4
pos_1,hold,2.0,0.0,6.3671,94,954622706,409,90911,69493,156882,4
pos_1,hold,2.0,0.0,6.3861,95,954641470,409,142928,69497,156896,4
pos_1,hold,2.0,0.0,6.4072,96,954664011,409,52557,69514,156902,4
pos_1,hold,2.0,0.0,6.4273,97,954682787,407,106403,69519,156913,4
pos_1,hold,2.0,0.0,6.4506,98,954705300,409,10936,69515,156896,4
pos_1,hold,2.0,0.0,6.4676,99,954724070,414,63780,69474,156886,4
pos_1,hold,2.0,0.0,6.4867,100,954742695,409,91857,69488,156922,4
pos_1,hold,2.0,0.0,6.5077,101,954761605,409,11042,69504,156954,4
pos_1,hold,2.0,0.0,6.5235,102,954776635,411,55189,69492,156941,4
pos_1,hold,2.0,0.0,6.5288,103,954785039,408,71648,69506,156886,4
pos_1,hold,2.0,0.0,6.5468,104,954802822,409,113760,69499,156875,4
pos_1,hold,2.0,0.0,6.5703,105,954825427,410,34530,69526,156916,4
pos_1,hold,2.0,0.0,6.5874,106,954844195,409,86884,69522,156899,4
pos_1,hold,2.0,0.0,6.6063,107,954862965,408,139997,69502,156856,4
pos_1,hold,2.0,0.0,6.6306,108,954885476,409,45228,69509,156875,4
pos_1,hold,2.0,0.0,6.6475,109,954904248,409,98684,69505,156885,4
pos_1,hold,2.0,0.0,6.6664,110,954923020,403,151732,69536,156913,4
pos_1,hold,2.0,0.0,6.6906,111,954945557,407,60657,69522,156898,4
pos_1,hold,2.0,0.0,6.7086,112,954964300,409,108908,69522,156916,4
pos_1,hold,2.0,0.0,6.7319,113,954986848,416,19160,69518,156911,4
pos_1,hold,2.0,0.0,6.7488,114,955005616,409,71638,69514,156880,4
pos_1,hold,2.0,0.0,6.771,115,955028017,409,114189,69469,156878,4
pos_1,hold,2.0,0.0,6.7921,116,955046899,408,29609,69463,156867,4
pos_1,hold,2.0,0.0,6.8079,117,955065671,410,82645,69533,156918,4
pos_1,hold,2.0,0.0,6.827,118,955084440,409,135100,69520,156902,4
pos_1,hold,2.0,0.0,6.8513,119,955106981,409,44529,69518,156897,4
pos_1,hold,2.0,0.0,6.8703,120,955126987,409,150390,69516,156901,4
pos_1,hold,2.0,0.0,6.8903,121,955145763,416,47226,69524,156906,4
pos_1,hold,2.0,0.0,6.9114,122,955168273,409,108797,69508,156895,4
pos_1,hold,2.0,0.0,6.9335,123,955187050,409,6168,69510,156884,4
pos_1,hold,2.0,0.0,6.9525,124,955207055,409,112547,69540,156958,4
pos_1,hold,2.0,0.0,6.9715,125,955228353,409,123596,69536,156935,4
pos_1,hold,2.0,0.0,6.9915,126,955247130,409,20118,69493,156934,4
pos_1,hold,2.0,0.0,7.0105,127,955267134,409,125608,69515,156889,4
pos_1,hold,2.0,0.0,7.0253,0,955278703,409,52502,69522,156918,4
pos_1,hold,2.0,0.0,7.0338,1,955290192,409,122842,69509,156884,4
pos_1,hold,2.0,0.0,7.0736,2,955313483,407,2434,69537,156937,4
pos_1,hold,2.0,0.0,7.0886,3,955332770,408,142928,69514,156880,4
pos_1,hold,2.0,0.0,7.0967,4,955354163,408,13770,69484,156914,4
pos_1,hold,2.0,0.0,7.1259,5,955378519,409,74347,69525,156942,4
pos_1,hold,2.0,0.0,7.1476,6,955392568,409,108863,69516,156906,4
pos_1,hold,2.0,0.0,7.1586,7,955414416,408,56430,69530,156926,4
pos_1,hold,2.0,0.0,7.1784,8,955436120,406,136591,69532,156952,4
pos_1,hold,2.0,0.0,7.1973,9,955454866,410,28289,69511,156896,4
pos_1,hold,2.0,0.0,7.2208,10,955477404,409,93675,69505,156887,4
pos_1,hold,2.0,0.0,7.238,11,955496175,409,147050,69513,156903,4
pos_1,hold,2.0,0.0,7.2616,12,955518713,409,55791,69519,156902,4
pos_1,hold,2.0,0.0,7.2818,13,955537452,409,103327,69513,156911,4
pos_1,hold,2.0,0.0,7.302,14,955558589,409,88505,69541,156877,4
pos_1,hold,2.0,0.0,7.3201,15,955577526,409,13072,69509,156890,4
pos_1,hold,2.0,0.0,7.3424,16,955600039,409,74369,69557,156915,4
pos_1,hold,2.0,0.0,7.3616,17,955618838,409,132107,69522,156893,4
pos_1,hold,2.0,0.0,7.3829,18,955641349,416,36379,69563,156907,4
pos_1,hold,2.0,0.0,7.403,19,955660097,410,85205,69522,156934,4
pos_1,hold,2.0,0.0,7.421,20,955678888,411,141603,69517,156894,4
pos_1,hold,2.0,0.0,7.4433,21,955701396,408,45314,69505,156870,4
pos_1,hold,2.0,0.0,7.4625,22,955720173,409,99401,69530,156924,4
pos_1,hold,2.0,0.0,7.4815,23,955738968,409,155998,69526,156923,4
pos_1,hold,2.0,0.0,7.5037,24,955761474,409,59316,69507,156885,4
pos_1,hold,2.0,0.0,7.5268,25,955781490,410,10215,69502,156883,4
pos_1,hold,2.0,0.0,7.5268,26,955782433,409,13674,69507,156905,0
pos_1,hold,2.0,0.0,7.5479,27,955802757,409,16569,69519,156905,4
pos_1,hold,2.0,0.0,7.5669,28,955824060,408,29066,69490,156918,4
pos_1,hold,2.0,0.0,7.5879,29,955843889,402,104778,69533,156936,4
pos_1,hold,2.0,0.0,7.6069,30,955865341,410,142028,69530,156919,4
pos_1,hold,2.0,0.0,7.6269,31,955884111,409,37716,69528,156919,4
pos_1,hold,2.0,0.0,7.646,32,955904141,415,147735,69512,156884,4
pos_1,hold,2.0,0.0,7.6712,33,955926663,408,53758,69512,156884,4
pos_1,hold,2.0,0.0,7.6902,34,955946699,408,7839,69487,156924,4
pos_1,hold,2.0,0.0,7.7112,35,955969210,410,68933,69519,156903,4
pos_1,hold,2.0,0.0,7.7302,36,955987979,409,121361,69482,156914,4
pos_1,hold,2.0,0.0,7.7502,37,956006748,408,16888,69516,156904,4
pos_1,hold,2.0,0.0,7.7712,38,956029266,408,79191,69533,156932,4
pos_1,hold,2.0,0.0,7.7902,39,956048058,409,135249,69529,156917,4
pos_1,hold,2.0,0.0,7.8123,40,956070570,409,39789,69513,156901,4
pos_1,hold,2.0,0.0,7.8312,41,956089346,403,93232,69528,156934,4
pos_1,hold,2.0,0.0,7.8533,42,956111883,411,1592,69534,156922,4
pos_1,hold,2.0,0.0,7.8723,43,956130655,410,54509,69520,156905,4
pos_1,hold,2.0,0.0,7.8954,44,956152995,409,86743,69515,156904,4
pos_1,hold,2.0,0.0,7.9144,45,956171934,407,11880,69509,156893,4
pos_1,hold,2.0,0.0,7.9366,46,956193214,409,20857,69482,156921,4
pos_1,hold,2.0,0.0,7.9577,47,956214457,410,23502,69511,156903,4
pos_1,hold,2.0,0.0,7.9747,48,956231988,409,22617,69533,156940,4
pos_1,hold,2.0,0.0,7.9959,49,956253266,409,30977,69492,156917,4
pos_1,hold,2.0,0.0,8.0223,50,956274538,408,38118,69500,156874,4
pos_1,hold,2.0,0.0,8.0255,51,956282889,409,45592,69528,156926,4
pos_1,hold,2.0,0.0,8.036,52,956292848,411,12448,69527,156916,4
pos_1,hold,2.0,0.0,8.0539,53,956312100,409,147042,69555,156892,4
pos_1,hold,2.0,0.0,8.0761,54,956334620,409,52297,69517,156906,4
pos_1,hold,2.0,0.0,8.0973,55,956354539,410,143784,69513,156892,4
pos_1,hold,2.0,0.0,8.1162,56,956373397,409,54160,69531,156937,4
pos_1,hold,2.0,0.0,8.1373,57,956395944,409,121134,69537,156947,4
pos_1,hold,2.0,0.0,8.1562,58,956414712,408,16701,69517,156896,4
pos_1,hold,2.0,0.0,8.1784,59,956437230,403,79551,69516,156868,4
pos_1,hold,2.0,0.0,8.1974,60,956455993,409,131072,69511,156908,4
pos_1,hold,2.0,0.0,8.2164,61,956474763,409,27015,69544,156869,4
pos_1,hold,2.0,0.0,8.2386,62,956497280,407,89748,69526,156925,4
pos_1,hold,2.0,0.0,8.2576,63,956516044,408,141706,69512,156902,4
pos_1,hold,2.0,0.0,8.2766,64,956534843,409,42257,69528,156923,4
pos_1,hold,2.0,0.0,8.2997,65,956557359,416,104537,69513,156901,4
pos_1,hold,2.0,0.0,8.3178,66,956576122,409,156083,69525,156911,4
pos_1,hold,2.0,0.0,8.3401,67,956598640,409,61728,69519,156908,4
pos_1,hold,2.0,0.0,8.3814,68,956623538,409,58542,69501,156882,4
pos_1,hold,2.0,0.0,8.3962,69,956642964,411,66128,69541,156884,4
pos_1,hold,2.0,0.0,8.4101,70,956665201,408,81220,69520,156893,4
pos_1,hold,2.0,0.0,8.4324,71,956678989,408,71811,69508,156886,4
pos_1,hold,2.0,0.0,8.442,72,956700748,410,5074,69531,156927,4
pos_1,hold,2.0,0.0,8.4641,73,956717301,409,151275,69536,156924,4
pos_1,hold,2.0,0.0,8.4874,74,956746290,409,57432,69546,156966,4
pos_1,hold,2.0,0.0,8.501,75,956757836,411,136799,69494,156960,4
pos_1,hold,2.0,0.0,8.5189,76,956777611,408,45891,69535,156944,4
pos_1,hold,2.0,0.0,8.5263,77,956785983,410,56924,69514,156908,4
pos_1,hold,2.0,0.0,8.54,78,956798856,409,48587,69515,156896,4
pos_1,hold,2.0,0.0,8.5621,79,956821394,409,113842,69530,156919,4
pos_1,hold,2.0,0.0,8.581,80,956840165,409,9657,69527,156921,4
pos_1,hold,2.0,0.0,8.6052,81,956862684,411,72163,69503,156876,4
pos_1,hold,2.0,0.0,8.6263,82,956885220,401,137663,69523,156935,4
pos_1,hold,2.0,0.0,8.6453,83,956903995,409,34445,69514,156911,4
pos_1,hold,2.0,0.0,8.6664,84,956923827,408,111026,69516,156904,4
pos_1,hold,2.0,0.0,8.6832,85,956942793,409,40381,69528,156922,4
pos_1,hold,2.0,0.0,8.7075,86,956965313,410,103383,69515,156920,4
pos_1,hold,2.0,0.0,8.7264,87,956984052,409,151033,69512,156876,4
pos_1,hold,2.0,0.0,8.7475,88,957006589,409,59696,69512,156900,4
pos_1,hold,2.0,0.0,8.7666,89,957025367,409,113851,69528,156914,4
pos_1,hold,2.0,0.0,8.7856,90,957044134,409,9251,69520,156907,4
pos_1,hold,2.0,0.0,8.8078,91,957066654,410,72092,69517,156913,4
pos_1,hold,2.0,0.0,8.8268,92,957085445,409,128397,69531,156935,4
pos_1,hold,2.0,0.0,8.8489,93,957107927,409,27290,69516,156898,4
pos_1,hold,2.0,0.0,8.8678,94,957126733,409,86074,69537,156952,4
pos_1,hold,2.0,0.0,8.8868,95,957145498,408,137773,69512,156890,4
pos_1,hold,2.0,0.0,8.9078,96,957167982,410,37124,69523,156912,4
pos_1,hold,2.0,0.0,8.9278,97,957186786,410,95520,69496,156900,4
pos_1,hold,2.0,0.0,8.951,98,957209292,409,155859,69513,156911,4
pos_1,hold,2.0,0.0,8.9678,99,957226658,407,126894,69502,156885,4
pos_1,hold,2.0,0.0,8.9911,100,957249342,409,60722,69517,156909,4
pos_1,hold,2.0,0.0,9.008,101,957268084,408,108864,69519,156895,4
pos_1,hold,2.0,0.0,9.0249,102,957283111,410,152783,69523,156910,4
pos_1,hold,2.0,0.0,9.0323,103,957291488,411,7738,69524,156931,4
pos_1,hold,2.0,0.0,9.0502,104,957309421,409,75422,69506,156882,4
pos_1,hold,2.0,0.0,9.0715,105,957328164,409,123647,69499,156862,4
pos_1,hold,2.0,0.0,9.0883,106,957348173,416,74092,69494,156866,4
pos_1,hold,2.0,0.0,9.1128,107,957370744,409,146108,69553,156899,4
pos_1,hold,2.0,0.0,9.1318,108,957389483,409,37071,69504,156882,4
pos_1,hold,2.0,0.0,9.1486,109,957408227,410,85663,69535,156927,4
pos_1,hold,2.0,0.0,9.1719,110,957430800,409,156799,69483,156889,4
pos_1,hold,2.0,0.0,9.1914,111,957449510,409,43354,69502,156874,4
pos_1,hold,2.0,0.0,9.2127,112,957472075,409,113777,69552,156894,4
pos_1,hold,2.0,0.0,9.2328,113,957490849,409,10840,69495,156867,4
pos_1,hold,2.0,0.0,9.2509,114,957510680,412,87828,69535,156881,4
pos_1,hold,2.0,0.0,9.2711,115,957529601,409,9621,69524,156918,4
pos_1,hold,2.0,0.0,9.2922,116,957552141,404,75992,69508,156886,4
pos_1,hold,2.0,0.0,9.3113,117,957570905,409,128185,69501,156873,4
pos_1,hold,2.0,0.0,9.3304,118,957589681,409,25377,69534,156930,4
pos_1,hold,2.0,0.0,9.3528,119,957612219,409,91671,69505,156894,4
pos_1,hold,2.0,0.0,9.3709,120,957630954,409,139108,69495,156868,4
pos_1,hold,2.0,0.0,9.3943,121,957653473,409,45661,69528,156835,4
pos_1,hold,2.0,0.0,9.4135,122,957672269,411,103839,69502,156877,4
pos_1,hold,2.0,0.0,9.4369,123,957694790,409,10179,69502,156860,4
pos_1,hold,2.0,0.0,9.4529,124,957713525,409,57477,69511,156897,4
pos_1,hold,2.0,0.0,9.4721,125,957732292,410,109794,69502,156855,4
pos_1,hold,2.0,0.0,9.4954,126,957754810,409,15838,69520,156913,4
pos_1,hold,2.0,0.0,9.5157,127,957773574,409,67892,69516,156905,4
pos_1,hold,2.0,0.0,9.5241,0,957784452,411,34349,69521,156901,4
pos_1,hold,2.0,0.0,9.5336,1,957792833,409,46986,69506,156879,4
pos_1,hold,2.0,0.0,9.5526,2,957812378,416,74996,69506,156874,4
pos_1,hold,2.0,0.0,9.5759,3,957834895,405,137914,69502,156865,4
pos_1,hold,2.0,0.0,9.5939,4,957853636,409,29949,69508,156879,4
pos_1,hold,2.0,0.0,9.6161,5,957876177,410,96414,69519,156898,4
pos_1,hold,2.0,0.0,9.6352,6,957894947,409,149459,69506,156875,4
pos_1,hold,2.0,0.0,9.6564,7,957913715,409,45525,69523,156909,4
pos_1,hold,2.0,0.0,9.6965,8,957939829,409,92506,69486,156842,4
pos_1,hold,2.0,0.0,9.7112,9,957959267,408,103343,69486,156828,4
pos_1,hold,2.0,0.0,9.7186,10,957980681,405,135361,69505,156860,4
pos_1,hold,2.0,0.0,9.7333,11,957993761,409,5872,69499,156862,4
pos_1,hold,2.0,0.0,9.762,12,958016846,409,8215,69522,156914,4
pos_1,hold,2.0,0.0,9.7831,13,958035065,408,124461,69504,156872,4
pos_1,hold,2.0,0.0,9.8052,14,958065735,413,3520,69517,156908,4
pos_1,hold,2.0,0.0,9.8157,15,958075978,410,18938,69553,156908,4
pos_1,hold,2.0,0.0,9.8369,16,958097625,409,90478,69504,156880,4
pos_1,hold,2.0,0.0,9.8569,17,958116398,409,144505,69509,156883,4
pos_1,hold,2.0,0.0,9.8769,18,958135140,410,36526,69508,156879,4
pos_1,hold,2.0,0.0,9.897,19,958157688,411,105045,69523,156895,4
pos_1,hold,2.0,0.0,9.916,20,958176455,409,156832,69518,156916,4
pos_1,hold,2.0,0.0,9.936,21,958195218,409,52604,69501,156871,4
pos_1,hold,2.0,0.0,9.9572,22,958217735,409,115376,69511,156880,4
pos_1,hold,2.0,0.0,9.9772,23,958236502,409,10896,69523,156902,4
pos_1,hold,2.0,0.0,9.9953,24,958255266,409,62976,69509,156877,4
pos_1,hold,2.0,0.0,10.0175,25,958277785,410,125909,69488,156898,4
pos_1,hold,2.0,0.0,10.028,26,958288665,407,92514,69522,156904,4
pos_1,hold,2.0,0.0,10.0354,27,958297045,409,105178,69495,156860,4
pos_1,hold,2.0,0.0,10.0597,28,958317823,409,29419,69526,156925,4
pos_1,hold,2.0,0.0,10.0788,29,958338980,410,17405,69466,156881,4
pos_1,hold,2.0,0.0,10.0989,30,958357869,409,90747,69512,156887,4
pos_1,hold,2.0,0.0,10.1168,31,958376660,408,147385,69514,156875,4
pos_1,hold,2.0,0.0,10.1379,32,958399142,410,46811,69527,156908,4
pos_1,hold,2.0,0.0,10.1569,33,958417917,409,100389,69529,156927,4
pos_1,hold,2.0,0.0,10.1759,34,958436680,409,152021,69515,156885,4
pos_1,hold,2.0,0.0,10.198,35,958459197,409,57483,69504,156890,4
pos_1,hold,2.0,0.0,10.217,36,958477993,410,115066,69518,156896,4
pos_1,hold,2.0,0.0,10.236,37,958496760,409,10400,69532,156923,4
pos_1,hold,2.0,0.0,10.2582,38,958519245,409,67076,69530,156927,4
pos_1,hold,2.0,0.0,10.2783,39,958538042,403,124389,69517,156899,4
pos_1,hold,2.0,0.0,10.2973,40,958556808,414,19677,69466,156885,4
pos_1,hold,2.0,0.0,10.3185,41,958579324,409,82086,69549,156901,4
pos_1,hold,2.0,0.0,10.3386,42,958598089,409,134319,69526,156889,4
pos_1,hold,2.0,0.0,10.3566,43,958616865,410,31192,69519,156910,4
pos_1,hold,2.0,0.0,10.3758,44,958636727,409,112851,69518,156885,4
pos_1,hold,2.0,0.0,10.3982,45,958659407,410,45952,69524,156910,4
pos_1,hold,2.0,0.0,10.4172,46,958678186,409,100775,69472,156876,4
pos_1,hold,2.0,0.0,10.4414,47,958700699,415,5775,69466,156866,4
pos_1,hold,2.0,0.0,10.4583,48,958719433,409,53087,69502,156874,4
pos_1,hold,2.0,0.0,10.4784,49,958738240,408,112544,69513,156861,4
pos_1,hold,2.0,0.0,10.5018,50,958760749,408,16643,69513,156894,4
pos_1,hold,2.0,0.0,10.5189,51,958779527,409,70638,69519,156910,4
pos_1,hold,2.0,0.0,10.5266,52,958787929,416,86883,69554,156877,4
pos_1,hold,2.0,0.0,10.5383,53,958798549,409,9589,69512,156910,4
pos_1,hold,2.0,0.0,10.5649,54,958822074,409,86306,69527,156924,4
pos_1,hold,2.0,0.0,10.5788,55,958839574,410,80071,69510,156910,4
pos_1,hold,2.0,0.0,10.6011,56,958862107,409,145020,69502,156868,4
pos_1,hold,2.0,0.0,10.6213,57,958880855,410,37844,69552,156900,4
pos_1,hold,2.0,0.0,10.6414,58,958900888,415,148942,69516,156897,4
pos_1,hold,2.0,0.0,10.6617,59,958922024,409,132985,69511,156885,4
pos_1,hold,2.0,0.0,10.6809,60,958940908,409,48598,69521,156899,4
pos_1,hold,2.0,0.0,10.7031,61,958963448,409,114408,69513,156890,4
pos_1,hold,2.0,0.0,10.7221,62,958982195,409,6613,69564,156913,4
pos_1,hold,2.0,0.0,10.7412,63,959000988,409,63490,69521,156910,4
pos_1,hold,2.0,0.0,10.7624,64,959023499,409,124527,69532,156937,4
pos_1,hold,2.0,0.0,10.7815,65,959042277,408,21847,69513,156897,4
pos_1,hold,2.0,0.0,10.8016,66,959061048,413,74926,69515,156895,4
pos_1,hold,2.0,0.0,10.8227,67,959083563,409,137333,69507,156901,4
pos_1,hold,2.0,0.0,10.8416,68,959102329,409,32760,69521,156915,4
pos_1,hold,2.0,0.0,10.8637,69,959124840,411,94011,69518,156912,4
pos_1,hold,2.0,0.0,10.8827,70,959143612,408,147364,69515,156898,4
pos_1,hold,2.0,0.0,10.9069,71,959166152,409,57064,69525,156921,4
pos_1,hold,2.0,0.0,10.9248,72,959184891,403,105059,69525,156882,4
pos_1,hold,2.0,0.0,10.9469,73,959206200,411,118892,69527,156920,4
pos_1,hold,2.0,0.0,10.9639,74,959224821,409,146163,69476,156868,4
pos_1,hold,2.0,0.0,11.0041,75,959249843,409,6744,69517,156888,4
pos_1,hold,2.0,0.0,11.02,76,959269275,409,15091,69519,156907,4
pos_1,hold,2.0,0.0,11.0316,77,959291665,407,55654,69512,156893,4
pos_1,hold,2.0,0.0,11.0358,78,959292609,409,59089,69514,156901,0
pos_1,hold,2.0,0.0,11.0421,79,959305586,409,68775,69509,156882,4
pos_1,hold,2.0,0.0,11.077,80,959335062,409,58450,69492,156923,4
pos_1,hold,2.0,0.0,11.0981,81,959347246,408,90034,69519,156906,4
pos_1,hold,2.0,0.0,11.1097,82,959368312,409,62391,69522,156915,4
pos_1,hold,2.0,0.0,11.1299,83,959388901,406,109054,69554,156992,4
pos_1,hold,2.0,0.0,11.1479,84,959408904,410,56817,69513,156903,4
pos_1,hold,2.0,0.0,11.1669,85,959427670,409,108817,69524,156916,4
pos_1,hold,2.0,0.0,11.186,86,959446445,415,5420,69486,156926,4
pos_1,hold,2.0,0.0,11.206,87,959467567,410,143705,69566,156918,4
pos_1,hold,2.0,0.0,11.2264,88,959486479,415,63710,69509,156889,4
pos_1,hold,2.0,0.0,11.2476,89,959509001,409,126607,69524,156897,4
pos_1,hold,2.0,0.0,11.2668,90,959527796,408,26808,69507,156896,4
pos_1,hold,2.0,0.0,11.2891,91,959550285,409,83676,69522,156923,4
pos_1,hold,2.0,0.0,11.3083,92,959569077,410,139419,69524,156926,4
pos_1,hold,2.0,0.0,11.3274,93,959587845,411,34496,69538,156944,4
pos_1,hold,2.0,0.0,11.3486,94,959610365,409,96561,69533,156926,4
pos_1,hold,2.0,0.0,11.3676,95,959629159,410,153309,69526,156888,4
pos_1,hold,2.0,0.0,11.3867,96,959647926,409,47970,69543,156955,4
pos_1,hold,2.0,0.0,11.409,97,959670444,409,110152,69483,156914,4
pos_1,hold,2.0,0.0,11.429,98,959689215,410,5829,69535,156936,4
pos_1,hold,2.0,0.0,11.4501,99,959709228,409,112647,69564,156918,4
pos_1,hold,2.0,0.0,11.4671,100,959729259,410,65909,69537,156944,4
pos_1,hold,2.0,0.0,11.4882,101,959750360,409,43412,69527,156925,4
pos_1,hold,2.0,0.0,11.5072,102,959769306,409,125632,69536,156940,4
pos_1,hold,2.0,0.0,11.5294,103,959789315,407,74870,69531,156927,4
pos_1,hold,2.0,0.0,11.5315,104,959790291,409,83564,69525,156927,0
pos_1,hold,2.0,0.0,11.5483,105,959810588,409,82161,69523,156909,4
pos_1,hold,2.0,0.0,11.5715,106,959833124,408,147667,69529,156915,4
pos_1,hold,2.0,0.0,11.5915,107,959851899,409,43959,69516,156899,4
pos_1,hold,2.0,0.0,11.6083,108,959870669,409,96651,69578,156960,4
pos_1,hold,2.0,0.0,11.6315,109,959893210,409,5138,69535,156940,4
pos_1,hold,2.0,0.0,11.6515,110,959911951,409,52397,69520,156914,4
pos_1,hold,2.0,0.0,11.6726,111,959934492,408,118036,69483,156930,4
pos_1,hold,2.0,0.0,11.6916,112,959953263,409,13033,69584,156954,4
pos_1,hold,2.0,0.0,11.7137,113,959975807,407,79227,69524,156965,4
pos_1,hold,2.0,0.0,11.7326,114,959994569,410,129948,69574,156964,4
pos_1,hold,2.0,0.0,11.7568,115,960017087,418,34632,69528,156924,4
pos_1,hold,2.0,0.0,11.7727,116,960034475,409,9267,69509,156908,4
pos_1,hold,2.0,0.0,11.7969,117,960057125,409,93638,69528,156932,4
pos_1,hold,2.0,0.0,11.8137,118,960075923,409,150650,69543,156968,4
pos_1,hold,2.0,0.0,11.8329,119,960094664,409,40949,69530,156925,4
pos_1,hold,2.0,0.0,11.8561,120,960117204,409,106767,69523,156919,4
pos_1,hold,2.0,0.0,11.8729,121,960136009,415,8254,69527,156934,4
pos_1,hold,2.0,0.0,11.8961,122,960158514,409,67697,69544,156943,4
pos_1,hold,2.0,0.0,11.9161,123,960177261,418,116280,69534,156931,4
pos_1,hold,2.0,0.0,11.9371,124,960199828,409,29261,69535,156940,4
pos_1,hold,2.0,0.0,11.9561,125,960218569,403,76600,69572,156923,4
pos_1,hold,2.0,0.0,11.9803,126,960241110,410,141256,69561,156987,4
pos_1,hold,2.0,0.0,11.9971,127,960259877,409,35650,69544,156960,4
move_2,spin,2.0,0.15,0.016,5,960328722,410,125700,69649,156923,4
move_2,spin,2.0,0.15,0.036,6,960348578,410,49048,69752,156931,4
move_2,spin,2.0,0.15,0.0581,7,960371271,411,140718,69877,156935,4
move_2,spin,2.0,0.15,0.0771,8,960390046,411,37231,69944,156909,4
move_2,spin,2.0,0.15,0.0961,9,960408806,419,88497,70007,156912,4
move_2,spin,2.0,0.15,0.1182,10,960430089,412,97771,70132,156915,4
move_2,spin,2.0,0.15,0.1403,11,960452593,413,1112,70201,156888,4
move_2,spin,2.0,0.15,0.1603,12,960471365,413,54410,70277,156907,4
move_2,spin,2.0,0.15,0.1782,13,960490145,410,108764,70377,156945,4
move_2,spin,2.0,0.15,0.2014,14,960512673,415,15242,70493,156958,4
move_2,spin,2.0,0.15,0.2194,15,960532681,414,120704,70531,156920,4
move_2,spin,2.0,0.15,0.2637,16,960560079,414,70323,70666,156937,4
move_2,spin,2.0,0.15,0.2805,17,960579084,416,5331,70715,156937,4
move_2,spin,2.0,0.15,0.2901,18,960603521,416,79717,70782,156914,4
move_2,spin,2.0,0.15,0.3017,19,960613596,417,66267,70819,156921,4
move_2,spin,2.0,0.15,0.3218,20,960632630,417,6635,70880,156888,4
move_2,spin,2.0,0.15,0.3504,21,960660346,417,11126,71054,156921,4
move_2,spin,2.0,0.15,0.3714,22,960672505,425,38123,71055,156939,4
move_2,spin,2.0,0.15,0.383,23,960693532,418,3660,71133,156931,4
move_2,spin,2.0,0.15,0.4009,24,960714152,419,56808,71241,156932,4
move_2,spin,2.0,0.15,0.4199,25,960732931,419,110654,71276,156926,4
move_2,spin,2.0,0.15,0.4421,26,960755442,420,15154,71397,156944,4
move_2,spin,2.0,0.15,0.4611,27,960774216,421,68448,71499,156904,4
move_2,spin,2.0,0.15,0.4811,28,960792983,422,120498,71611,156909,4
move_2,spin,2.0,0.15,0.5022,29,960815515,422,27837,71733,156915,4
move_2,spin,2.0,0.15,0.5169,30,960828023,422,113884,71786,156951,4
move_2,spin,2.0,0.15,0.5233,31,960836478,424,138567,71868,156946,4
move_2,spin,2.0,0.15,0.5422,32,960855567,422,88164,71946,156970,4
move_2,spin,2.0,0.15,0.5654,33,960878095,421,150878,72029,156968,4
move_2,spin,2.0,0.15,0.5833,34,960895583,425,141677,72121,156925,4
move_2,spin,2.0,0.15,0.6057,35,960916877,425,152783,72145,156902,4
move_2,spin,2.0,0.15,0.6225,36,960936890,425,102961,72235,156922,4
move_2,spin,2.0,0.15,0.6457,37,960959429,426,11580,72328,156876,4
move_2,spin,2.0,0.15,0.6657,38,960978182,425,61587,72366,156893,4
move_2,spin,2.0,0.15,0.6867,39,961000719,426,126995,72457,156891,4
move_2,spin,2.0,0.15,0.7067,40,961019492,429,23163,72522,156900,4
move_2,spin,2.0,0.15,0.7267,41,961040754,427,28262,72622,156938,4
move_2,spin,2.0,0.15,0.7457,42,961059528,428,81638,72675,156899,4
move_2,spin,2.0,0.15,0.7658,43,961078309,428,136674,72733,156868,4
move_2,spin,2.0,0.15,0.7868,44,961100825,429,42029,72845,156939,4
move_2,spin,2.0,0.15,0.8068,45,961119602,428,95781,72922,156938,4
move_2,spin,2.0,0.15,0.8291,46,961142133,430,2477,73037,156944,4
move_2,spin,2.0,0.15,0.8471,47,961160900,430,54202,73119,156950,4
move_2,spin,2.0,0.15,0.8703,48,961183433,433,117939,73153,156943,4
move_2,spin,2.0,0.15,0.8882,49,961202087,431,150695,73256,156916,4
move_2,spin,2.0,0.15,0.9071,50,961220973,431,66074,73280,156891,4
move_2,spin,2.0,0.15,0.9304,51,961243484,431,127337,73383,156911,4
move_2,spin,2.0,0.15,0.9484,52,961262250,433,22213,73485,156911,4
move_2,spin,2.0,0.15,0.9663,53,961281050,430,80026,73510,156898,4
move_2,spin,2.0,0.15,0.9905,54,961303555,433,139733,73629,156951,4
move_2,spin,2.0,0.15,1.0127,55,961322326,434,35136,73732,156953,4
move_2,spin,2.0,0.15,1.0181,56,961330793,434,61905,73725,156958,4
move_2,spin,2.0,0.15,1.0276,57,961342635,434,35045,73712,156913,4
move_2,spin,2.0,0.15,1.0508,58,961364881,434,50858,73822,156906,4
move_2,spin,2.0,0.15,1.0708,59,961383637,436,100595,73965,156948,4
move_2,spin,2.0,0.15,1.092,60,961406164,439,6545,74037,156949,4
move_2,spin,2.0,0.15,1.111,61,961424934,436,59023,74090,156905,4
move_2,spin,2.0,0.15,1.1311,62,961443727,436,115163,74179,156935,4
move_2,spin,2.0,0.15,1.1513,63,961466249,438,21137,74256,156927,4
move_2,spin,2.0,0.15,1.1702,64,961484845,437,44017,74325,156933,4
move_2,spin,2.0,0.15,1.1924,65,961507535,435,134962,74412,156948,4
move_2,spin,2.0,0.15,1.2114,66,961526304,438,30080,74461,156961,4
move_2,spin,2.0,0.15,1.2304,67,961545095,439,85672,74523,156944,4
move_2,spin,2.0,0.15,1.2528,68,961567597,439,144686,74558,156945,4
move_2,spin,2.0,0.15,1.273,69,961587631,439,97779,74690,156943,4
move_2,spin,2.0,0.15,1.293,70,961606392,437,148416,74718,156939,4
move_2,spin,2.0,0.15,1.312,71,961626449,439,105252,74816,156957,4
move_2,spin,2.0,0.15,1.331,72,961645214,440,156356,74834,156945,4
move_2,spin,2.0,0.15,1.3522,73,961667728,441,60674,74874,156945,4
move_2,spin,2.0,0.15,1.3722,74,961686513,443,115474,74974,156899,4
move_2,spin,2.0,0.15,1.3954,75,961709030,441,20055,75029,156944,4
move_2,spin,2.0,0.15,1.4143,76,961729031,442,125171,75084,156886,4
move_2,spin,2.0,0.15,1.4323,77,961747817,443,24007,75179,156870,4
move_2,spin,2.0,0.15,1.4513,78,961766596,437,78364,75227,156901,4
move_2,spin,2.0,0.15,1.4755,79,961788930,443,108958,75288,156937,4
move_2,spin,2.0,0.15,1.4923,80,961807888,444,36082,75392,156923,4
move_2,spin,2.0,0.15,1.5176,81,961831643,437,151019,75471,156953,4
move_2,spin,2.0,0.15,1.5208,82,961832586,444,154318,75450,156940,0
move_2,spin,2.0,0.15,1.5463,83,961849166,443,147846,75526,156945,4
move_2,spin,2.0,0.15,1.5694,84,961870930,445,81406,75553,156940,4
move_2,spin,2.0,0.15,1.5905,85,961892334,445,110412,75676,156936,4
move_2,spin,2.0,0.15,1.6011,86,961913533,445,104647,75714,156932,4
move_2,spin,2.0,0.15,1.6172,87,961931793,446,70083,75777,156934,4
move_2,spin,2.0,0.15,1.6425,88,961954300,446,130231,75863,156943,4
move_2,spin,2.0,0.15,1.6668,89,961979342,446,149507,75972,156933,4
move_2,spin,2.0,0.15,1.689,90,961993291,454,9927,75965,156927,4
move_2,spin,2.0,0.15,1.7017,91,962013952,448,69936,76047,156930,4
move_2,spin,2.0,0.15,1.7217,92,962035560,447,133865,76104,156897,4
move_2,spin,2.0,0.15,1.7407,93,962054422,448,44897,76191,156927,4
move_2,spin,2.0,0.15,1.7575,94,962073188,448,96552,76269,156919,4
move_2,spin,2.0,0.15,1.7807,95,962095713,449,2269,76402,156964,4
move_2,spin,2.0,0.15,1.8007,96,962114485,450,54170,76479,156958,4
move_2,spin,2.0,0.15,1.8228,97,962137026,450,119681,76584,156966,4
move_2,spin,2.0,0.15,1.8407,98,962155780,452,12118,76685,156908,4
move_2,spin,2.0,0.15,1.8607,99,962174563,452,66537,76795,156978,4
move_2,spin,2.0,0.15,1.8818,100,962197096,452,129788,76898,156957,4
move_2,spin,2.0,0.15,1.906,101,962219602,453,32025,76939,156956,4
move_2,spin,2.0,0.15,1.9228,102,962238386,453,86794,77026,156911,4
move_2,spin,2.0,0.15,1.946,103,962260916,454,150788,77103,156942,4
move_2,spin,2.0,0.15,1.966,104,962279676,454,43647,77201,156959,4
move_2,spin,2.0,0.15,1.9839,105,962298451,454,96563,77280,156951,4
move_2,spin,2.0,0.15,2.006,106,962320986,456,4340,77334,156922,4
move_2,spin,2.0,0.15,2.0166,107,962332504,448,79303,77339,156941,4
move_2,spin,2.0,0.15,2.0261,108,962343090,453,152788,77426,156927,4
move_2,spin,2.0,0.15,2.0473,109,962363525,456,17606,77446,156915,4
move_2,spin,2.0,0.15,2.0674,110,962382317,462,73992,77560,156908,4
move_2,spin,2.0,0.15,2.0854,111,962401074,456,124342,77577,156892,4
move_2,spin,2.0,0.15,2.1076,112,962423583,457,28244,77677,156924,4
move_2,spin,2.0,0.15,2.1265,113,962442357,464,81298,77796,156915,4
move_2,spin,2.0,0.15,2.1508,114,962464890,460,145281,77874,156952,4
move_2,spin,2.0,0.15,2.1676,115,962483660,458,40632,77941,156922,4
move_2,spin,2.0,0.15,2.1866,116,962502439,453,93971,78038,156960,4
move_2,spin,2.0,0.15,2.2108,117,962524960,466,155877,78135,156941,4
move_2,spin,2.0,0.15,2.2318,118,962547487,461,62829,78200,156905,4
move_2,spin,2.0,0.15,2.2508,119,962566249,461,114374,78275,156897,4
move_2,spin,2.0,0.15,2.2687,120,962585012,461,9452,78383,156885,4
move_2,spin,2.0,0.15,2.292,121,962607559,461,76291,78464,156903,4
move_2,spin,2.0,0.15,2.311,122,962626232,462,112055,78569,156955,4
move_2,spin,2.0,0.15,2.3331,123,962648840,462,32138,78655,156954,4
move_2,spin,2.0,0.15,2.352,124,962667605,470,83055,78725,156950,4
move_2,spin,2.0,0.15,2.3762,125,962690123,465,144833,78822,156941,4
move_2,spin,2.0,0.15,2.3931,126,962708913,463,43602,78886,156911,4
move_2,spin,2.0,0.15,2.4142,127,962727679,463,95073,78962,156900,4
move_2,spin,2.0,0.15,2.4321,0,962747709,465,48218,79075,156897,4
move_2,spin,2.0,0.15,2.4542,1,962770227,465,110144,79173,156934,4
move_2,spin,2.0,0.15,2.4732,2,962788991,467,4760,79267,156887,4
move_2,spin,2.0,0.15,2.4953,3,962810252,466,10709,79362,156861,4
move_2,spin,2.0,0.15,2.5205,4,962834026,468,130179,79449,156900,4
move_2,spin,2.0,0.15,2.5205,5,962834971,470,133828,79455,156893,0
move_2,spin,2.0,0.15,2.5353,6,962851545,469,127203,79520,156889,4
move_2,spin,2.0,0.15,2.5584,7,962874077,468,35452,79622,156914,4
move_2,spin,2.0,0.15,2.5774,8,962894007,471,128538,79677,156890,4
move_2,spin,2.0,0.15,2.6005,9,962915347,469,147536,79802,156906,4
move_2,spin,2.0,0.15,2.6205,10,962935358,470,97887,79836,156904,4
move_2,spin,2.0,0.15,2.6374,11,962954127,471,150519,79902,156857,4
move_2,spin,2.0,0.15,2.6605,12,962976657,471,58704,80005,156857,4
move_2,spin,2.0,0.15,2.6805,13,962995427,471,111970,80067,156886,4
move_2,spin,2.0,0.15,2.6974,14,963014204,471,9315,80094,156880,4
move_2,spin,2.0,0.15,2.7205,15,963036701,472,68364,80173,156870,4
move_2,spin,2.0,0.15,2.7405,16,963055469,471,121278,80223,156921,4
move_2,spin,2.0,0.15,2.7616,17,963078001,479,29661,80316,156886,4
move_2,spin,2.0,0.15,2.7805,18,963096751,473,79002,80475,156948,4
move_2,spin,2.0,0.15,2.8006,19,963115529,473,132904,80480,156885,4
move_2,spin,2.0,0.15,2.8217,20,963138051,474,38983,80585,156930,4
move_2,spin,2.0,0.15,2.8407,21,963156833,471,94149,80615,156858,4
move_2,spin,2.0,0.15,2.8638,22,963175579,479,142656,80711,156904,4
move_2,spin,2.0,0.15,2.9112,23,963224087,475,73464,80867,156891,4
move_2,spin,2.0,0.15,2.927,24,963229577,476,65444,80907,156908,4
move_2,spin,2.0,0.15,2.9312,25,963238745,476,54704,80914,156907,4
move_2,spin,2.0,0.15,2.9428,26,963258145,478,57903,80982,156893,4
move_2,spin,2.0,0.15,2.988,27,963281942,477,23628,81099,156909,4
move_2,spin,2.0,0.15,2.9954,28,963311264,482,144162,81183,156921,4
move_2,spin,2.0,0.15,3.0059,29,963321598,478,17927,81220,156921,4
move_2,spin,2.0,0.15,3.0385,30,963344790,478,38350,81334,156933,4
move_2,spin,2.0,0.15,3.0385,31,963345738,478,42697,81294,156921,0
move_2,spin,2.0,0.15,3.048,32,963362900,474,135966,81398,156883,4
move_2,spin,2.0,0.15,3.067,33,963383286,479,149343,81476,156924,4
move_2,spin,2.0,0.15,3.0871,34,963402051,480,43947,81559,156916,4
move_2,spin,2.0,0.15,3.1072,35,963421974,480,135568,81589,156920,4
move_2,spin,2.0,0.15,3.1293,36,963444576,480,55173,81706,156903,4
move_2,spin,2.0,0.15,3.1452,37,963462138,481,58588,81740,156958,4
move_2,spin,2.0,0.15,3.1685,38,963484627,482,114894,81833,156928,4
move_2,spin,2.0,0.15,3.1875,39,963503430,482,16127,81907,156910,4
move_2,spin,2.0,0.15,3.2065,40,963523441,476,122752,81949,156933,4
move_2,spin,2.0,0.15,3.2255,41,963542209,486,17999,82085,156959,4
move_2,spin,2.0,0.15,3.2476,42,963564719,483,78314,82153,156945,4
move_2,spin,2.0,0.15,3.2666,43,963583502,484,132887,82173,156900,4
move_2,spin,2.0,0.15,3.2908,44,963606006,484,35395,82256,156925,4
move_2,spin,2.0,0.15,3.3076,45,963624780,484,88246,82336,156929,4
move_2,spin,2.0,0.15,3.3319,46,963643586,488,146300,82369,156956,4
move_2,spin,2.0,0.15,3.3467,47,963663584,486,93454,82463,156958,4
move_2,spin,2.0,0.15,3.3709,48,963686136,485,3356,82485,156921,4
move_2,spin,2.0,0.15,3.3909,49,963707219,485,135200,82551,156946,4
move_2,spin,2.0,0.15,3.4109,50,963726113,486,51645,82590,156923,4
move_2,spin,2.0,0.15,3.432,51,963748702,487,124563,82734,156974,4
move_2,spin,2.0,0.15,3.4511,52,963767448,489,15111,82779,156975,4
move_2,spin,2.0,0.15,3.4711,53,963786221,487,67361,82851,156979,4
move_2,spin,2.0,0.15,3.4922,54,963808758,488,131733,82916,156949,4
move_2,spin,2.0,0.15,3.5111,55,963827536,489,27707,82981,156938,4
move_2,spin,2.0,0.15,3.5216,56,963838358,488,141164,82981,156924,4
move_2,spin,2.0,0.15,3.5333,57,963848068,487,65430,83064,156967,4
move_2,spin,2.0,0.15,3.5523,58,963870097,489,43668,83127,156929,4
move_2,spin,2.0,0.15,3.5723,59,963888848,489,92810,83227,156954,4
move_2,spin,2.0,0.15,3.5954,60,963911392,490,1636,83279,156918,4
move_2,spin,2.0,0.15,3.6123,61,963930151,491,51703,83416,156955,4
move_2,spin,2.0,0.15,3.6354,62,963952678,491,114623,83461,156921,4
move_2,spin,2.0,0.15,3.6555,63,963971454,491,11447,83558,156957,4
move_2,spin,2.0,0.15,3.6723,64,963990131,499,47512,83648,156969,4
move_2,spin,2.0,0.15,3.6976,65,964012743,492,125161,83711,156945,4
move_2,spin,2.0,0.15,3.7165,66,964032781,496,79416,83833,156948,4
move_2,spin,2.0,0.15,3.7355,67,964052800,493,30068,83852,156914,4
move_2,spin,2.0,0.15,3.7555,68,964071565,494,81842,83912,156911,4
move_2,spin,2.0,0.15,3.7766,69,964094107,495,148193,84048,156934,4
move_2,spin,2.0,0.15,3.7955,70,964112856,495,39754,84101,156961,4
move_2,spin,2.0,0.15,3.8176,71,964135393,496,104388,84194,156973,4
move_2,spin,2.0,0.15,3.8366,72,964154160,496,155532,84250,156957,4
move_2,spin,2.0,0.15,3.8608,73,964176632,496,52091,84315,156927,4
move_2,spin,2.0,0.15,3.8777,74,964195448,497,111792,84434,156941,4
move_2,spin,2.0,0.15,3.9008,75,964217974,497,17124,84478,156960,4
move_2,spin,2.0,0.15,3.9208,76,964236744,497,68678,84548,156946,4
move_2,spin,2.0,0.15,3.9419,77,964259273,498,132195,84606,156902,4
move_2,spin,2.0,0.15,3.9609,78,964278060,499,30622,84739,156924,4
move_2,spin,2.0,0.15,3.981,79,964297901,499,108412,84807,156920,4
pos_2,hold,2.0,0.0,0.0169,86,964385615,499,112859,84974,156916,4
pos_2,hold,2.0,0.0,0.0358,87,964404440,500,17853,85004,156929,4
pos_2,hold,2.0,0.0,0.0548,88,964423209,500,70345,85007,156944,4
pos_2,hold,2.0,0.0,0.0769,89,964445680,499,124107,84965,156891,4
pos_2,hold,2.0,0.0,0.098,90,964464482,500,25144,85002,156936,4
pos_2,hold,2.0,0.0,0.1169,91,964484529,493,137545,84979,156904,4
pos_2,hold,2.0,0.0,0.1496,92,964504448,500,71674,84976,156901,4
pos_2,hold,2.0,0.0,0.1727,93,964527834,500,124784,84986,156889,4
pos_2,hold,2.0,0.0,0.1896,94,964546092,500,90790,85019,156873,4
pos_2,hold,2.0,0.0,0.1991,95,964567886,500,30103,84986,156906,4
pos_2,hold,2.0,0.0,0.2191,96,964588278,499,44575,84992,156919,4
pos_2,hold,2.0,0.0,0.2518,97,964610834,500,112924,85003,156939,4
pos_2,hold,2.0,0.0,0.2655,98,964631737,500,57183,84981,156897,4
pos_2,hold,2.0,0.0,0.2971,99,964662139,500,47409,84979,156901,4
pos_2,hold,2.0,0.0,0.3045,100,964674333,500,81074,84970,156892,4
pos_2,hold,2.0,0.0,0.3245,101,964692155,500,129645,85019,156939,4
pos_2,hold,2.0,0.0,0.3414,102,964710933,500,26382,85025,156907,4
pos_2,hold,2.0,0.0,0.3645,103,964733453,500,88889,85007,156897,4
pos_2,hold,2.0,0.0,0.3845,104,964752271,506,150306,84980,156899,4
pos_2,hold,2.0,0.0,0.4067,105,964774739,500,47477,84998,156930,4
pos_2,hold,2.0,0.0,0.4267,106,964793482,501,95486,85012,156942,4
pos_2,hold,2.0,0.0,0.4446,107,964813498,500,46007,84952,156917,4
pos_2,hold,2.0,0.0,0.4646,108,964832296,501,103302,84990,156921,4
pos_2,hold,2.0,0.0,0.4846,109,964853433,500,87020,84963,156937,4
pos_2,hold,2.0,0.0,0.5079,110,964876075,500,12615,84953,156912,4
pos_2,hold,2.0,0.0,0.5153,111,964886936,500,132773,84996,156891,4
pos_2,hold,2.0,0.0,0.5269,112,964895699,500,53325,84971,156884,4
pos_2,hold,2.0,0.0,0.5469,113,964916125,500,73843,84976,156910,4
pos_2,hold,2.0,0.0,0.5659,114,964934931,500,132567,84975,156916,4
pos_2,hold,2.0,0.0,0.5891,115,964957404,500,29981,85000,156928,4
pos_2,hold,2.0,0.0,0.607,116,964976171,500,81756,84994,156924,4
pos_2,hold,2.0,0.0,0.6259,117,964994943,494,134476,85034,156935,4
pos_2,hold,2.0,0.0,0.6491,118,965017471,500,41029,85047,156940,4
pos_2,hold,2.0,0.0,0.666,119,965035001,500,39708,85030,156918,4
pos_2,hold,2.0,0.0,0.6882,120,965057520,501,101247,85021,156974,4
pos_2,hold,2.0,0.0,0.7061,121,965076293,493,153712,85014,156952,4
pos_2,hold,2.0,0.0,0.725,122,965095097,500,54115,85015,156961,4
pos_2,hold,2.0,0.0,0.7492,123,965117571,499,108156,84982,156908,4
pos_2,hold,2.0,0.0,0.7714,124,965140060,500,8123,85007,156940,4
pos_2,hold,2.0,0.0,0.7893,125,965158881,501,68452,85022,156970,4
pos_2,hold,2.0,0.0,0.8094,126,965177668,500,122581,85059,156977,4
pos_2,hold,2.0,0.0,0.8304,127,965200188,500,27154,85014,156960,4
pos_2,hold,2.0,0.0,0.8525,0,965218953,500,78528,85051,156952,4
pos_2,hold,2.0,0.0,0.8704,1,965240247,500,88804,84988,156917,4
pos_2,hold,2.0,0.0,0.8947,2,965262759,507,149638,84997,156942,4
pos_2,hold,2.0,0.0,0.9115,3,965281509,500,41958,84982,156902,4
pos_2,hold,2.0,0.0,0.9347,4,965304031,493,105055,85020,156918,4
pos_2,hold,2.0,0.0,0.9547,5,965322797,500,156664,85005,156920,4
pos_2,hold,2.0,0.0,0.9758,6,965345386,499,73582,84942,156894,4
pos_2,hold,2.0,0.0,0.9958,7,965364099,500,116306,84993,156932,4
pos_2,hold,2.0,0.0,1.0148,8,965382869,500,11683,84997,156938,4
pos_2,hold,2.0,0.0,1.0179,9,965385435,507,134016,85008,156936,4
pos_2,hold,2.0,0.0,1.0348,10,965404154,501,20272,84964,156951,4
pos_2,hold,2.0,0.0,1.0548,11,965424030,500,103453,85064,156938,4
pos_2,hold,2.0,0.0,1.0749,12,965442942,506,22636,84993,156920,4
pos_2,hold,2.0,0.0,1.0961,13,965465457,500,83710,84996,156922,4
pos_2,hold,2.0,0.0,1.115,14,965485476,501,34816,85037,156917,4
pos_2,hold,2.0,0.0,1.135,15,965504243,500,86722,85003,156937,4
pos_2,hold,2.0,0.0,1.155,16,965523037,499,142707,84978,156899,4
pos_2,hold,2.0,0.0,1.1761,17,965545534,500,44276,85015,156955,4
pos_2,hold,2.0,0.0,1.1941,18,965564305,501,96387,85007,156948,4
pos_2,hold,2.0,0.0,1.2162,19,965586829,500,1872,85040,156949,4
pos_2,hold,2.0,0.0,1.2351,20,965605602,500,54203,84996,156920,4
pos_2,hold,2.0,0.0,1.2594,21,965628121,500,116071,84997,156929,4
pos_2,hold,2.0,0.0,1.2762,22,965646901,500,13029,84998,156940,4
pos_2,hold,2.0,0.0,1.2995,23,965669420,500,75012,84983,156913,4
pos_2,hold,2.0,0.0,1.3196,24,965688191,500,127466,84997,156932,4
pos_2,hold,2.0,0.0,1.3364,25,965706974,500,24922,84993,156923,4
pos_2,hold,2.0,0.0,1.3596,26,965729458,502,80854,85014,156955,4
pos_2,hold,2.0,0.0,1.3796,27,965748267,500,139476,85002,156923,4
pos_2,hold,2.0,0.0,1.4007,28,965770788,502,44037,85011,156950,4
pos_2,hold,2.0,0.0,1.4197,29,965789557,500,95417,85018,156956,4
pos_2,hold,2.0,0.0,1.4397,30,965808333,504,148250,85014,156941,4
pos_2,hold,2.0,0.0,1.4818,31,965835737,500,98444,85013,156950,4
pos_2,hold,2.0,0.0,1.4965,32,965855170,501,106563,85053,156903,4
pos_2,hold,2.0,0.0,1.5041,33,965876516,500,125874,84978,156902,4
pos_2,hold,2.0,0.0,1.5149,34,965886173,498,41656,84984,156909,4
pos_2,hold,2.0,0.0,1.5246,35,965894420,498,31474,84988,156905,4
pos_2,hold,2.0,0.0,1.5426,36,965912177,500,68731,85038,156922,4
pos_2,hold,2.0,0.0,1.5714,37,965930973,500,124858,85050,156952,4
pos_2,hold,2.0,0.0,1.5894,38,965951854,507,64962,85030,156923,4
pos_2,hold,2.0,0.0,1.6118,39,965981590,502,98466,85051,156948,4
pos_2,hold,2.0,0.0,1.6214,40,965991962,497,135348,85040,156957,4
pos_2,hold,2.0,0.0,1.6447,41,966014813,500,96628,84994,156914,4
pos_2,hold,2.0,0.0,1.6648,42,966034823,500,46072,84974,156885,4
pos_2,hold,2.0,0.0,1.6839,43,966053575,500,95830,84970,156924,4
pos_2,hold,2.0,0.0,1.7019,44,966072338,500,147308,84993,156917,4
pos_2,hold,2.0,0.0,1.7252,45,966094865,500,53412,85006,156939,4
pos_2,hold,2.0,0.0,1.7443,46,966113647,493,107372,85038,156947,4
pos_2,hold,2.0,0.0,1.7612,47,966132416,500,2132,85041,156932,4
pos_2,hold,2.0,0.0,1.7845,48,966154936,500,63658,85028,156974,4
pos_2,hold,2.0,0.0,1.8046,49,966173719,507,118211,85047,156956,4
pos_2,hold,2.0,0.0,1.8268,50,966196238,501,22897,85003,156941,4
pos_2,hold,2.0,0.0,1.8459,51,966214986,500,71068,84998,156929,4
pos_2,hold,2.0,0.0,1.8662,52,966233785,500,128114,84996,156903,4
pos_2,hold,2.0,0.0,1.8853,53,966256304,503,32791,84985,156976,4
pos_2,hold,2.0,0.0,1.9064,54,966276346,502,144137,85004,156928,4
pos_2,hold,2.0,0.0,1.9255,55,966296238,500,73756,84989,156915,4
pos_2,hold,2.0,0.0,1.9456,56,966315120,499,144790,85012,156974,4
pos_2,hold,2.0,0.0,1.9657,57,966333897,499,41444,84996,156930,4
pos_2,hold,2.0,0.0,1.9859,58,966356416,503,103263,84957,156913,4
pos_2,hold,2.0,0.0,2.004,59,966375199,500,1088,84991,156913,4
pos_2,hold,2.0,0.0,2.0168,60,966387703,499,86707,85003,156948,4
pos_2,hold,2.0,0.0,2.0263,61,966398539,500,45535,84995,156925,4
pos_2,hold,2.0,0.0,2.0443,62,966415239,500,59667,84997,156929,4
pos_2,hold,2.0,0.0,2.0686,63,966437738,500,118089,85010,156958,4
pos_2,hold,2.0,0.0,2.0867,64,966457774,499,71556,84977,156911,4
pos_2,hold,2.0,0.0,2.1068,65,966476468,499,111135,84989,156922,4
pos_2,hold,2.0,0.0,2.1269,66,966497803,500,128595,85036,156925,4
pos_2,hold,2.0,0.0,2.146,67,966516584,501,26154,84992,156927,4
pos_2,hold,2.0,0.0,2.1693,68,966539108,499,88739,84964,156924,4
pos_2,hold,2.0,0.0,2.1862,69,966557871,500,139673,85002,156936,4
pos_2,hold,2.0,0.0,2.2063,70,966577858,501,84733,84995,156931,4
pos_2,hold,2.0,0.0,2.2297,71,966599171,502,98433,84993,156937,4
pos_2,hold,2.0,0.0,2.2467,72,966617938,506,150055,84998,156930,4
pos_2,hold,2.0,0.0,2.2656,73,966636689,500,42194,84986,156910,4
pos_2,hold,2.0,0.0,2.2899,74,966660481,501,6814,85001,156937,4
pos_2,hold,2.0,0.0,2.309,75,966679257,500,59870,85030,156997,4
pos_2,hold,2.0,0.0,2.3269,76,966698006,500,108167,84952,156920,4
pos_2,hold,2.0,0.0,2.3522,77,966720466,501,3421,85008,156948,4
pos_2,hold,2.0,0.0,2.3701,78,966741806,500,21415,85000,156931,4
pos_2,hold,2.0,0.0,2.389,79,966760576,500,73612,84995,156927,4
pos_2,hold,2.0,0.0,2.4123,80,966783095,499,135629,84988,156927,4
pos_2,hold,2.0,0.0,2.4302,81,966801874,500,32824,85001,156940,4
pos_2,hold,2.0,0.0,2.4491,82,966820641,500,84674,84987,156904,4
pos_2,hold,2.0,0.0,2.4712,83,966843169,500,147758,85020,156983,4
pos_2,hold,2.0,0.0,2.4926,84,966861861,500,29345,84994,156933,4
pos_2,hold,2.0,0.0,2.5147,85,966883166,499,41434,85004,156935,4
pos_2,hold,2.0,0.0,2.52,86,966891672,500,74915,84996,156928,4
pos_2,hold,2.0,0.0,2.5316,87,966902251,501,146981,85002,156947,4
pos_2,hold,2.0,0.0,2.5547,88,966924510,501,6886,85028,156972,4
pos_2,hold,2.0,0.0,2.5726,89,966943283,500,59265,85009,156956,4
pos_2,hold,2.0,0.0,2.5947,90,966965830,501,125799,85015,156938,4
pos_2,hold,2.0,0.0,2.6168,91,966988330,499,26468,85009,156968,4
pos_2,hold,2.0,0.0,2.636,92,967007128,500,83079,85008,156930,4
pos_2,hold,2.0,0.0,2.655,93,967025866,500,129636,85031,156977,4
pos_2,hold,2.0,0.0,2.676,94,967048394,500,35422,85016,156964,4
pos_2,hold,2.0,0.0,2.695,95,967067173,501,88843,85015,156964,4
pos_2,hold,2.0,0.0,2.7193,96,967089714,500,153790,85018,156965,4
pos_2,hold,2.0,0.0,2.7362,97,967108466,500,45586,84976,156960,4
pos_2,hold,2.0,0.0,2.7721,98,967130785,501,73295,85000,156940,4
pos_2,hold,2.0,0.0,2.7963,99,967151617,500,5559,84987,156923,4
pos_2,hold,2.0,0.0,2.811,100,967170326,501,47493,84997,156935,4
pos_2,hold,2.0,0.0,2.8184,101,967191661,501,64394,85066,156981,4
pos_2,hold,2.0,0.0,2.8363,102,967208566,500,113275,85000,156925,4
pos_2,hold,2.0,0.0,2.8605,103,967231087,503,18087,85007,156939,4
pos_2,hold,2.0,0.0,2.89,104,967249881,500,73920,85025,156976,4
pos_2,hold,2.0,0.0,2.9068,105,967271435,501,127580,85036,157000,4
pos_2,hold,2.0,0.0,2.93,106,967300526,501,49742,85019,156979,4
pos_2,hold,2.0,0.0,2.9395,107,967312727,500,82941,84990,156980,4
pos_2,hold,2.0,0.0,2.9616,108,967333747,501,46090,85007,156946,4
pos_2,hold,2.0,0.0,2.9847,109,967356272,493,108245,85017,156972,4
pos_2,hold,2.0,0.0,3.0047,110,967375031,500,990,85055,156975,4
pos_2,hold,2.0,0.0,3.0196,111,967390047,500,42455,85004,156938,4
pos_2,hold,2.0,0.0,3.0259,112,967398434,501,55682,85040,156942,4
pos_2,hold,2.0,0.0,3.044,113,967416205,499,95095,85022,156898,4
pos_2,hold,2.0,0.0,3.0641,114,967435092,499,10518,84971,156949,4
pos_2,hold,2.0,0.0,3.082,115,967453870,507,63994,85035,156921,4
pos_2,hold,2.0,0.0,3.1042,116,967476399,501,127897,84986,156925,4
pos_2,hold,2.0,0.0,3.1253,117,967495151,500,20508,85006,156943,4
pos_2,hold,2.0,0.0,3.1411,118,967513928,500,73659,84958,156929,4
pos_2,hold,2.0,0.0,3.1642,119,967536473,500,139968,85004,156947,4
pos_2,hold,2.0,0.0,3.1865,120,967558968,500,40577,85055,156955,4
pos_2,hold,2.0,0.0,3.2055,121,967577750,498,95014,84979,156901,4
pos_2,hold,2.0,0.0,3.2248,122,967596517,500,147209,85028,156937,4
pos_2,hold,2.0,0.0,3.2469,123,967619021,500,49514,84982,156919,4
pos_2,hold,2.0,0.0,3.2659,124,967637798,504,102692,84989,156922,4
pos_2,hold,2.0,0.0,3.2902,125,967660318,500,7980,84997,156921,4
pos_2,hold,2.0,0.0,3.306,126,967679092,500,60896,85001,156935,4
pos_2,hold,2.0,0.0,3.3251,127,967697861,500,113250,85004,156930,4
pos_2,hold,2.0,0.0,3.3494,0,967720351,500,13360,84994,156912,4
pos_2,hold,2.0,0.0,3.3672,1,967739155,500,71523,85002,156937,4
pos_2,hold,2.0,0.0,3.3894,2,967761678,500,134626,85017,156887,4
pos_2,hold,2.0,0.0,3.4096,3,967780458,500,32294,84978,156886,4
pos_2,hold,2.0,0.0,3.4307,4,967802980,500,94706,85007,156934,4
pos_2,hold,2.0,0.0,3.4496,5,967821723,501,142108,84977,156977,4
pos_2,hold,2.0,0.0,3.4696,6,967840504,500,39365,84980,156889,4
pos_2,hold,2.0,0.0,3.4908,7,967863020,500,100963,84984,156926,4
pos_2,hold,2.0,0.0,3.5144,8,967885543,500,6772,85008,156943,4
pos_2,hold,2.0,0.0,3.5207,9,967893937,507,21237,85002,156935,4
pos_2,hold,2.0,0.0,3.5302,10,967903908,500,147222,85027,156906,4
pos_2,hold,2.0,0.0,3.5512,11,967924332,499,10338,85020,156897,4
pos_2,hold,2.0,0.0,3.5755,12,967946871,499,75357,84958,156931,4
pos_2,hold,2.0,0.0,3.5955,13,967965641,501,128094,84974,156892,4
pos_2,hold,2.0,0.0,3.6123,14,967984389,500,20260,84981,156898,4
pos_2,hold,2.0,0.0,3.6355,15,968008144,506,135796,84984,156930,4
pos_2,hold,2.0,0.0,3.6545,16,968026942,506,36309,85016,156895,4
pos_2,hold,2.0,0.0,3.6745,17,968045694,500,85823,84983,156895,4
pos_2,hold,2.0,0.0,3.6955,18,968068236,497,152021,84996,156922,4
pos_2,hold,2.0,0.0,3.7145,19,968086986,500,44364,85029,156910,4
pos_2,hold,2.0,0.0,3.7366,20,968109504,497,106248,84973,156903,4
pos_2,hold,2.0,0.0,3.7555,21,968128276,499,2544,84976,156881,4
pos_2,hold,2.0,0.0,3.7797,22,968150796,500,65182,84997,156927,4
pos_2,hold,2.0,0.0,3.7966,23,968169570,500,117830,85045,156972,4
pos_2,hold,2.0,0.0,3.8197,24,968192090,499,22212,84997,156938,4
pos_2,hold,2.0,0.0,3.8397,25,968210864,500,74530,85009,156947,4
pos_2,hold,2.0,0.0,3.8608,26,968233394,500,137533,85049,156970,4
pos_2,hold,2.0,0.0,3.8798,27,968252148,500,29718,85001,156930,4
pos_2,hold,2.0,0.0,3.8998,28,968270945,499,86772,84989,156924,4
pos_2,hold,2.0,0.0,3.9209,29,968293460,506,147680,85001,156962,4
pos_2,hold,2.0,0.0,3.9398,30,968312096,500,20034,85013,156958,4
pos_2,hold,2.0,0.0,3.961,31,968334756,499,105274,84965,156961,4
pos_2,hold,2.0,0.0,3.9801,32,968353529,500,824,85010,156947,4
pos_2,hold,2.0,0.0,4.0043,33,968376055,501,63907,85023,156917,4
pos_2,hold,2.0,0.0,4.019,34,968391071,500,106051,85022,156909,4
pos_2,hold,2.0,0.0,4.0254,35,968399495,500,125821,84984,156898,4
pos_2,hold,2.0,0.0,4.0443,36,968417342,500,21582,85014,156949,4
pos_2,hold,2.0,0.0,4.0643,37,968436111,500,73367,84980,156900,4
pos_2,hold,2.0,0.0,4.124,38,968485444,499,142415,84994,156936,4
pos_2,hold,2.0,0.0,4.1272,39,968486388,500,146081,85009,156931,0
pos_2,hold,2.0,0.0,4.1347,40,968506803,500,6851,85045,156950,4
pos_2,hold,2.0,0.0,4.141,41,968516753,500,128913,85012,156942,4
pos_2,hold,2.0,0.0,4.1641,42,968537461,500,39878,84995,156922,4
pos_2,hold,2.0,0.0,4.1863,43,968559989,502,103357,84984,156932,4
pos_2,hold,2.0,0.0,4.2169,44,968586255,500,17762,85002,156946,4
pos_2,hold,2.0,0.0,4.24,45,968599606,500,90022,85044,156934,4
pos_2,hold,2.0,0.0,4.2495,46,968620631,501,55010,85028,156963,4
pos_2,hold,2.0,0.0,4.2695,47,968642581,505,19866,85046,156946,4
pos_2,hold,2.0,0.0,4.2897,48,968661345,498,70559,84986,156982,4
pos_2,hold,2.0,0.0,4.3065,49,968680125,500,124241,85001,156935,4
pos_2,hold,2.0,0.0,4.3299,50,968702647,500,29343,85009,156944,4
pos_2,hold,2.0,0.0,4.3499,51,968721429,499,83271,84980,156900,4
pos_2,hold,2.0,0.0,4.3699,52,968740170,504,130690,84990,156912,4
pos_2,hold,2.0,0.0,4.3909,53,968763959,500,94101,84944,156918,4
pos_2,hold,2.0,0.0,4.4109,54,968782732,500,147007,85002,156945,4
pos_2,hold,2.0,0.0,4.4299,55,968802745,500,96796,84970,156863,4
pos_2,hold,2.0,0.0,4.4499,56,968821508,506,148867,84987,156872,4
pos_2,hold,2.0,0.0,4.471,57,968844036,500,55857,85018,156894,4
pos_2,hold,2.0,0.0,4.49,58,968862805,500,108259,84979,156922,4
pos_2,hold,2.0,0.0,4.51,59,968882706,500,39445,84979,156898,4
pos_2,hold,2.0,0.0,4.5206,60,968893685,500,23382,84965,156871,4
pos_2,hold,2.0,0.0,4.5301,61,968903396,500,105370,84983,156886,4
pos_2,hold,2.0,0.0,4.5491,62,968922835,502,114524,84996,156914,4
pos_2,hold,2.0,0.0,4.5712,63,968945359,506,20363,85006,156928,4
pos_2,hold,2.0,0.0,4.5913,64,968964151,500,76696,84998,156931,4
pos_2,hold,2.0,0.0,4.6135,65,968986648,500,135737,85017,156875,4
pos_2,hold,2.0,0.0,4.6314,66,969005420,500,32403,84981,156894,4
pos_2,hold,2.0,0.0,4.6504,67,969024196,500,86021,85038,156932,4
pos_2,hold,2.0,0.0,4.6747,68,969046712,500,147332,85001,156908,4
pos_2,hold,2.0,0.0,4.6926,69,969065463,500,39374,85006,156943,4
pos_2,hold,2.0,0.0,4.7116,70,969084245,502,93704,84996,156942,4
pos_2,hold,2.0,0.0,4.7358,71,969106790,499,2729,85005,156952,4
pos_2,hold,2.0,0.0,4.7558,72,969129307,500,63734,84998,156929,4
pos_2,hold,2.0,0.0,4.7749,73,969148062,500,113106,85007,156957,4
pos_2,hold,2.0,0.0,4.7959,74,969169313,500,115777,84994,156943,4
pos_2,hold,2.0,0.0,4.8149,75,969188118,500,16982,84990,156974,4
pos_2,hold,2.0,0.0,4.836,76,969210639,506,78489,84976,156976,4
pos_2,hold,2.0,0.0,4.8561,77,969229438,505,135000,85046,156956,4
pos_2,hold,2.0,0.0,4.8794,78,969251934,500,35701,85031,156925,4
pos_2,hold,2.0,0.0,4.8974,79,969270712,508,88917,85058,156952,4
pos_2,hold,2.0,0.0,4.9154,80,969289505,500,144046,84980,156973,4
pos_2,hold,2.0,0.0,4.9397,81,969312033,500,49463,85012,156955,4
pos_2,hold,2.0,0.0,4.9566,82,969330803,501,101110,85014,156962,4
pos_2,hold,2.0,0.0,4.9755,83,969349575,500,153565,84970,156938,4
pos_2,hold,2.0,0.0,4.9997,84,969372098,500,58916,85019,156964,4
pos_2,hold,2.0,0.0,5.024,85,969395713,500,149767,85028,156956,4
pos_2,hold,2.0,0.0,5.024,86,969396659,502,153772,85021,156970,0
pos_2,hold,2.0,0.0,5.0399,87,969412144,501,117833,85014,156953,4
pos_2,hold,2.0,0.0,5.0609,88,969434691,500,27156,85011,156963,4
pos_2,hold,2.0,0.0,5.0799,89,969453438,499,74736,85003,156955,4
pos_2,hold,2.0,0.0,5.1,90,969473345,500,5560,85043,157000,4
pos_2,hold,2.0,0.0,5.1201,91,969492241,501,78325,85050,156960,4
pos_2,hold,2.0,0.0,5.1403,92,969514787,500,144082,85063,156973,4
pos_2,hold,2.0,0.0,5.1595,93,969533531,499,34730,85012,156943,4
pos_2,hold,2.0,0.0,5.1797,94,969552314,500,88592,85005,156949,4
pos_2,hold,2.0,0.0,5.2009,95,969574855,500,153734,85007,156968,4
pos_2,hold,2.0,0.0,5.2222,96,969593599,501,44123,85035,156984,4
pos_2,hold,2.0,0.0,5.2391,97,969613625,500,151985,85073,157009,4
pos_2,hold,2.0,0.0,5.2613,98,969636172,500,60667,84999,156924,4
pos_2,hold,2.0,0.0,5.2815,99,969654951,500,114047,85047,156954,4
pos_2,hold,2.0,0.0,5.3005,100,969674967,500,63651,85013,156948,4
pos_2,hold,2.0,0.0,5.3198,101,969693738,500,115814,84971,156940,4
pos_2,hold,2.0,0.0,5.3411,102,969716266,503,21155,85014,156957,4
pos_2,hold,2.0,0.0,5.3601,103,969735042,500,73709,85018,156964,4
pos_2,hold,2.0,0.0,5.3823,104,969757503,500,124905,84984,156964,4
pos_2,hold,2.0,0.0,5.4247,105,969782448,500,127851,84994,156932,4
pos_2,hold,2.0,0.0,5.4396,106,969801906,500,140228,84988,156949,4
pos_2,hold,2.0,0.0,5.446,107,969823255,500,2313,85042,156940,4
pos_2,hold,2.0,0.0,5.4609,108,969835157,500,142188,85009,156959,4
pos_2,hold,2.0,0.0,5.4842,109,969857678,500,46851,85009,156953,4
pos_2,hold,2.0,0.0,5.5013,110,969876428,498,95103,85053,156966,4
pos_2,hold,2.0,0.0,5.5405,111,969906371,500,5665,85000,156943,4
pos_2,hold,2.0,0.0,5.5405,112,969907318,500,9688,85003,156942,0
pos_2,hold,2.0,0.0,5.5586,113,969922140,500,18087,85033,156988,4
pos_2,hold,2.0,0.0,5.5681,114,969938432,507,119236,85039,156948,4
pos_2,hold,2.0,0.0,5.5819,115,969956547,502,60045,85009,156948,4
pos_2,hold,2.0,0.0,5.604,116,969979073,495,122620,84972,156954,4
pos_2,hold,2.0,0.0,5.6242,117,969997842,501,17148,84998,156943,4
pos_2,hold,2.0,0.0,5.6434,118,970017830,499,119187,84962,156912,4
pos_2,hold,2.0,0.0,5.6656,119,970040410,500,34462,85006,156952,4
pos_2,hold,2.0,0.0,5.6848,120,970059150,500,81500,85024,156915,4
pos_2,hold,2.0,0.0,5.705,121,970077926,500,135208,84987,156920,4
pos_2,hold,2.0,0.0,5.7252,122,970100449,500,40463,85054,156964,4
pos_2,hold,2.0,0.0,5.7443,123,970119201,500,88882,85000,156931,4
pos_2,hold,2.0,0.0,5.7675,124,970141746,500,155109,85007,156934,4
pos_2,hold,2.0,0.0,5.7855,125,970160517,500,50941,84991,156918,4
pos_2,hold,2.0,0.0,5.8044,126,970179297,498,105051,84947,156921,4
pos_2,hold,2.0,0.0,5.8245,127,970198069,500,788,84995,156925,4
pos_2,hold,2.0,0.0,5.8456,0,970220584,500,62005,85050,156956,4
pos_2,hold,2.0,0.0,5.8646,1,970239334,500,110620,84978,156949,4
pos_2,hold,2.0,0.0,5.8846,2,970258103,500,5715,84996,156933,4
pos_2,hold,2.0,0.0,5.9057,3,970280657,500,73521,84994,156937,4
pos_2,hold,2.0,0.0,5.9257,4,970300613,500,13111,85002,156938,4
pos_2,hold,2.0,0.0,5.9511,5,970323187,500,84008,85005,156929,4
pos_2,hold,2.0,0.0,5.9663,6,970341963,496,137167,85022,156949,4
pos_2,hold,2.0,0.0,5.9893,7,970364483,500,41266,85014,156968,4
pos_2,hold,2.0,0.0,6.0081,8,970383258,495,93642,85030,156986,4
pos_2,hold,2.0,0.0,6.0212,9,970395780,500,24837,84968,156952,4
pos_2,hold,2.0,0.0,6.031,10,970406644,500,145307,85009,156933,4
pos_2,hold,2.0,0.0,6.0526,11,970427069,500,7275,85006,156942,4
pos_2,hold,2.0,0.0,6.0701,12,970445839,500,58663,84968,156950,4
pos_2,hold,2.0,0.0,6.094,13,970468357,507,119467,85011,156960,4
pos_2,hold,2.0,0.0,6.1121,14,970487133,501,15517,85064,156975,4
pos_2,hold,2.0,0.0,6.1344,15,970509647,501,76418,85031,156919,4
pos_2,hold,2.0,0.0,6.1546,16,970528420,499,128982,85013,156946,4
pos_2,hold,2.0,0.0,6.175,17,970550949,500,35457,85006,156936,4
pos_2,hold,2.0,0.0,6.1952,18,970569730,500,88824,85013,156957,4
pos_2,hold,2.0,0.0,6.2165,19,970589694,500,29522,85021,156984,4
pos_2,hold,2.0,0.0,6.2355,20,970609758,501,144075,84994,156930,4
pos_2,hold,2.0,0.0,6.2545,21,970628530,500,39741,85010,156952,4
pos_2,hold,2.0,0.0,6.2756,22,970651061,500,103352,85006,156962,4
pos_2,hold,2.0,0.0,6.2947,23,970669824,499,153878,85005,156975,4
pos_2,hold,2.0,0.0,6.3168,24,970692373,500,63670,85042,156941,4
pos_2,hold,2.0,0.0,6.3357,25,970711129,500,113042,85017,156968,4
pos_2,hold,2.0,0.0,6.36,26,970733647,500,17474,85003,156937,4
pos_2,hold,2.0,0.0,6.3769,27,970752420,499,70206,84985,156901,4
pos_2,hold,2.0,0.0,6.4,28,970774940,500,132614,85018,156918,4
pos_2,hold,2.0,0.0,6.42,29,970793708,500,27526,84994,156938,4
pos_2,hold,2.0,0.0,6.437,30,970812478,499,80232,85004,156940,4
pos_2,hold,2.0,0.0,6.4602,31,970834999,500,142358,84961,156895,4
pos_2,hold,2.0,0.0,6.4773,32,970853770,500,37445,84985,156921,4
pos_2,hold,2.0,0.0,6.4995,33,970873672,500,125009,85015,156959,4
pos_2,hold,2.0,0.0,6.5185,34,970892582,500,44270,84992,156920,4
pos_2,hold,2.0,0.0,6.5249,35,970901006,500,63997,84994,156918,4
pos_2,hold,2.0,0.0,6.5398,36,970913841,500,48704,84969,156944,4
pos_2,hold,2.0,0.0,6.5609,37,970936388,500,114917,84982,156927,4
pos_2,hold,2.0,0.0,6.581,38,970955140,501,6842,84995,156929,4
pos_2,hold,2.0,0.0,6.598,39,970973910,500,59058,85028,156909,4
pos_2,hold,2.0,0.0,6.6202,40,970996426,496,120509,85051,156961,4
pos_2,hold,2.0,0.0,6.6392,41,971015174,500,11853,84989,156912,4
pos_2,hold,2.0,0.0,6.6595,42,971033972,501,68530,85012,156951,4
pos_2,hold,2.0,0.0,6.6811,43,971056506,500,132552,84983,156920,4
pos_2,hold,2.0,0.0,6.715,44,971075275,500,27506,85022,156977,4
pos_2,hold,2.0,0.0,6.7247,45,971098428,500,39576,85009,156964,4
pos_2,hold,2.0,0.0,6.7747,46,971147849,500,122881,84994,156921,4
pos_2,hold,2.0,0.0,6.7747,47,971148794,501,126574,84989,156914,0
pos_2,hold,2.0,0.0,6.7856,48,971160838,505,134247,84988,156923,4
pos_2,hold,2.0,0.0,6.8037,49,971179126,504,104618,84993,156933,4
pos_2,hold,2.0,0.0,6.8269,50,971201651,500,10254,84962,156936,4
pos_2,hold,2.0,0.0,6.8503,51,971224760,500,15247,85011,156940,4
pos_2,hold,2.0,0.0,6.8747,52,971239200,499,115734,84996,156960,4
pos_2,hold,2.0,0.0,6.8907,53,971260074,500,54481,84993,156918,4
pos_2,hold,2.0,0.0,6.9055,54,971279232,500,15382,85048,156956,4
pos_2,hold,2.0,0.0,6.9256,55,971299264,500,124374,85020,156963,4
pos_2,hold,2.0,0.0,6.9459,56,971321791,500,29713,85019,156966,4
pos_2,hold,2.0,0.0,6.9663,57,971340568,499,83015,85004,156951,4
pos_2,hold,2.0,0.0,6.9844,58,971360583,500,32664,85057,156972,4
pos_2,hold,2.0,0.0,7.0079,59,971383111,500,94880,85035,156990,4
pos_2,hold,2.0,0.0,7.0239,60,971398134,500,137199,85029,156973,4
pos_2,hold,2.0,0.0,7.0304,61,971406549,500,154883,85021,156978,4
pos_2,hold,2.0,0.0,7.0465,62,971421803,500,79588,85020,156972,4
pos_2,hold,2.0,0.0,7.07,63,971444452,500,5746,85000,156935,4
pos_2,hold,2.0,0.0,7.0911,64,971463131,500,41918,84996,156936,4
pos_2,hold,2.0,0.0,7.1091,65,971483236,504,6774,85017,156967,4
pos_2,hold,2.0,0.0,7.126,66,971503254,500,113197,85065,156974,4
pos_2,hold,2.0,0.0,7.146,67,971522039,500,10186,85016,156964,4
pos_2,hold,2.0,0.0,7.1692,68,971544554,500,70415,84986,156965,4
pos_2,hold,2.0,0.0,7.186,69,971563329,501,123043,85021,156972,4
pos_2,hold,2.0,0.0,7.2092,70,971585863,500,29657,84979,156898,4
pos_2,hold,2.0,0.0,7.2303,71,971604628,500,80716,85038,156957,4
pos_2,hold,2.0,0.0,7.2503,72,971627151,500,142321,85074,156988,4
pos_2,hold,2.0,0.0,7.2694,73,971645935,500,39366,85002,156958,4
pos_2,hold,2.0,0.0,7.2909,74,971664702,496,90721,85032,156973,4
pos_2,hold,2.0,0.0,7.3104,75,971687226,501,152530,85015,156982,4
pos_2,hold,2.0,0.0,7.3301,76,971706004,500,49274,85040,156931,4
pos_2,hold,2.0,0.0,7.3518,77,971727252,501,51764,85007,156942,4
pos_2,hold,2.0,0.0,7.3723,78,971749778,502,114717,85042,156953,4
pos_2,hold,2.0,0.0,7.3917,79,971768550,500,10679,84992,156921,4
pos_2,hold,2.0,0.0,7.4152,80,971791063,500,71314,85016,156963,4
pos_2,hold,2.0,0.0,7.4333,81,971809843,501,125189,85002,156918,4
pos_2,hold,2.0,0.0,7.4569,82,971832391,500,34814,85015,156957,4
pos_2,hold,2.0,0.0,7.4751,83,971852411,499,142033,84983,156961,4
pos_2,hold,2.0,0.0,7.4954,84,971871180,504,36385,85016,156966,4
pos_2,hold,2.0,0.0,7.5146,85,971889953,500,88468,85032,156987,4
pos_2,hold,2.0,0.0,7.5242,86,971900828,500,53638,85008,156948,4
pos_2,hold,2.0,0.0,7.5349,87,971911492,500,140218,85014,156960,4
pos_2,hold,2.0,0.0,7.5562,88,971933759,500,2194,85030,156930,4
pos_2,hold,2.0,0.0,7.5763,89,971952449,500,40323,85046,156952,4
pos_2,hold,2.0,0.0,7.5975,90,971972557,500,5360,85017,156955,4
pos_2,hold,2.0,0.0,7.6146,91,971991307,499,54312,84989,156912,4
pos_2,hold,2.0,0.0,7.6396,92,972015051,500,10559,84992,156931,4
pos_2,hold,2.0,0.0,7.6577,93,972033842,501,65864,85013,156970,4
pos_2,hold,2.0,0.0,7.676,94,972052620,500,118208,85026,157002,4
pos_2,hold,2.0,0.0,7.6998,95,972075165,500,26363,85004,156958,4
pos_2,hold,2.0,0.0,7.716,96,972093939,506,78502,85017,156960,4
pos_2,hold,2.0,0.0,7.7394,97,972116472,500,142092,85015,156952,4
pos_2,hold,2.0,0.0,7.7595,98,972135243,500,37218,84999,156937,4
pos_2,hold,2.0,0.0,7.7807,99,972157767,499,99541,85014,156945,4
pos_2,hold,2.0,0.0,7.7998,100,972176540,499,151736,85023,156961,4
pos_2,hold,2.0,0.0,7.821,101,972195311,498,46506,85018,156964,4
pos_2,hold,2.0,0.0,7.8411,102,972219080,501,5619,85056,156967,4
pos_2,hold,2.0,0.0,7.8602,103,972237871,500,60178,85083,157006,4
pos_2,hold,2.0,0.0,7.8792,104,972256625,500,107976,85042,157022,4
pos_2,hold,2.0,0.0,7.8992,105,972275401,501,3019,85031,156986,4
pos_2,hold,2.0,0.0,7.9204,106,972297951,500,68432,85039,157004,4
pos_2,hold,2.0,0.0,7.9393,107,972316681,500,112465,85056,157031,4
pos_2,hold,2.0,0.0,7.9615,108,972339256,501,25129,85038,156991,4
pos_2,hold,2.0,0.0,7.9806,109,972358020,500,75461,85017,156973,4
pos_2,hold,2.0,0.0,8.0009,110,972376800,500,128770,84983,156994,4
pos_2,hold,2.0,0.0,8.036,111,972400542,500,83217,85008,156953,4
pos_2,hold,2.0,0.0,8.036,112,972401492,500,87772,84990,156947,0
pos_2,hold,2.0,0.0,8.0521,113,972418420,500,140257,85025,156977,4
pos_2,hold,2.0,0.0,8.0766,114,972438776,498,147883,84996,156966,4
pos_2,hold,2.0,0.0,8.0841,115,972459432,500,49196,85070,156996,4
pos_2,hold,2.0,0.0,8.1044,116,972480680,500,50650,85007,156946,4
pos_2,hold,2.0,0.0,8.1225,117,972499456,500,103180,85056,156968,4
pos_2,hold,2.0,0.0,8.1575,118,972521965,500,5470,85017,156947,4
pos_2,hold,2.0,0.0,8.167,119,972543901,500,123909,85040,157005,4
pos_2,hold,2.0,0.0,8.1913,120,972559533,500,112710,85028,156986,4
pos_2,hold,2.0,0.0,8.2165,121,972595785,501,152525,85022,156991,4
pos_2,hold,2.0,0.0,8.2261,122,972604176,500,9223,85016,156962,4
pos_2,hold,2.0,0.0,8.2441,123,972622110,499,75417,84979,156965,4
pos_2,hold,2.0,0.0,8.2662,124,972644635,499,137345,84972,156968,4
pos_2,hold,2.0,0.0,8.2852,125,972663403,499,31815,85023,156968,4
pos_2,hold,2.0,0.0,8.3094,126,972685930,501,94104,85031,156997,4
pos_2,hold,2.0,0.0,8.3263,127,972704721,500,149152,85027,156998,4
pos_2,hold,2.0,0.0,8.3454,0,972723466,501,39646,85009,156935,4
pos_2,hold,2.0,0.0,8.3697,1,972746002,506,103437,85022,156970,4
pos_2,hold,2.0,0.0,8.3866,2,972764765,499,153913,85031,156955,4
pos_2,hold,2.0,0.0,8.4056,3,972783546,500,50926,85005,156935,4
pos_2,hold,2.0,0.0,8.4298,4,972806071,500,112858,85028,156982,4
pos_2,hold,2.0,0.0,8.4469,5,972824840,500,6821,85035,157005,4
pos_2,hold,2.0,0.0,8.465,6,972843615,500,59125,85017,156963,4
pos_2,hold,2.0,0.0,8.4894,7,972866134,494,120328,85017,156980,4
pos_2,hold,2.0,0.0,8.5063,8,972884877,501,10274,85012,156960,4
pos_2,hold,2.0,0.0,8.5222,9,972899937,500,58724,85017,156970,4
pos_2,hold,2.0,0.0,8.5297,10,972908381,507,81550,85011,156940,4
pos_2,hold,2.0,0.0,8.5487,11,972926211,500,130349,85015,156963,4
pos_2,hold,2.0,0.0,8.5668,12,972944983,500,24879,85038,156991,4
pos_2,hold,2.0,0.0,8.5911,13,972967529,501,90448,85031,156995,4
pos_2,hold,2.0,0.0,8.6091,14,972985032,500,83315,85040,157002,4
pos_2,hold,2.0,0.0,8.6292,15,973006312,500,90540,85010,156946,4
pos_2,hold,2.0,0.0,8.6515,16,973027567,502,93738,85058,156972,4
pos_2,hold,2.0,0.0,8.6673,17,973045109,502,93437,85032,156983,4
pos_2,hold,2.0,0.0,8.6896,18,973066386,500,99615,85032,156978,4
pos_2,hold,2.0,0.0,8.7097,19,973087648,507,103546,85027,156968,4
pos_2,hold,2.0,0.0,8.7299,20,973107652,501,50670,85025,156975,4
pos_2,hold,2.0,0.0,8.7489,21,973126459,500,108083,85009,156992,4
pos_2,hold,2.0,0.0,8.77,22,973148994,500,14987,85018,156970,4
pos_2,hold,2.0,0.0,8.7911,23,973167759,501,65427,85012,156955,4
pos_2,hold,2.0,0.0,8.81,24,973187779,499,15236,85007,156945,4
pos_2,hold,2.0,0.0,8.8311,25,973210310,505,78269,85022,156961,4
pos_2,hold,2.0,0.0,8.8501,26,973229079,500,129797,85029,156975,4
pos_2,hold,2.0,0.0,8.869,27,973247858,501,25619,85085,156998,4
pos_2,hold,2.0,0.0,8.8912,28,973270381,501,87366,84990,156962,4
pos_2,hold,2.0,0.0,8.9101,29,973289149,500,138723,85021,156961,4
pos_2,hold,2.0,0.0,8.9344,30,973311676,503,44253,85065,156981,4
pos_2,hold,2.0,0.0,8.9512,31,973330472,499,99866,85025,156957,4
pos_2,hold,2.0,0.0,8.9744,32,973353003,500,5627,85012,156948,4
pos_2,hold,2.0,0.0,8.9936,33,973371753,500,53789,84983,156983,4
pos_2,hold,2.0,0.0,9.0116,34,973390549,500,109903,85070,156977,4
pos_2,hold,2.0,0.0,9.0243,35,973402893,500,10633,85015,156972,4
pos_2,hold,2.0,0.0,9.0317,36,973411277,508,22985,85034,157002,4
pos_2,hold,2.0,0.0,9.0549,37,973433073,500,118201,84960,156949,4
pos_2,hold,2.0,0.0,9.0739,38,973451858,501,15073,85035,156997,4
pos_2,hold,2.0,0.0,9.0918,39,973470651,500,70089,85038,157001,4
pos_2,hold,2.0,0.0,9.1149,40,973493152,501,127738,85029,156977,4
pos_2,hold,2.0,0.0,9.136,41,973511940,500,24658,85043,157009,4
pos_2,hold,2.0,0.0,9.156,42,973534454,500,83936,85052,157024,4
pos_2,hold,2.0,0.0,9.1749,43,973553239,500,137297,85026,156998,4
pos_2,hold,2.0,0.0,9.197,44,973575784,500,44982,85055,157029,4
pos_2,hold,2.0,0.0,9.2161,45,973594557,501,96250,85045,157028,4
pos_2,hold,2.0,0.0,9.2404,46,973617078,500,156816,85047,157007,4
pos_2,hold,2.0,0.0,9.2563,47,973635875,500,55115,85031,156989,4
pos_2,hold,2.0,0.0,9.2753,48,973654630,506,103364,85027,156970,4
pos_2,hold,2.0,0.0,9.2995,49,973677169,500,10294,85037,156992,4
pos_2,hold,2.0,0.0,9.3154,50,973694552,499,139909,85014,156968,4
pos_2,hold,2.0,0.0,9.3397,51,973717223,500,69929,84998,156939,4
pos_2,hold,2.0,0.0,9.383,52,973745896,500,78378,85013,156963,4
pos_2,hold,2.0,0.0,9.3999,53,973765358,500,90661,85020,156959,4
pos_2,hold,2.0,0.0,9.4094,54,973788862,502,5391,84988,156917,4
pos_2,hold,2.0,0.0,9.4168,55,973797129,500,155165,85010,156940,4
pos_2,hold,2.0,0.0,9.439,56,973818584,504,35565,85023,156974,4
pos_2,hold,2.0,0.0,9.4582,57,973837328,500,83255,85003,156936,4
pos_2,hold,2.0,0.0,9.4868,58,973862383,498,105033,85000,156928,4
pos_2,hold,2.0,0.0,9.5091,59,973876402,494,134333,85009,156927,4
pos_2,hold,2.0,0.0,9.5197,60,973897108,502,44243,85028,156971,4
pos_2,hold,2.0,0.0,9.5251,61,973906819,501,125399,85010,156975,4
pos_2,hold,2.0,0.0,9.5399,62,973916451,499,36482,85012,156954,4
pos_2,hold,2.0,0.0,9.559,63,973938567,500,29437,85022,156972,4
pos_2,hold,2.0,0.0,9.5812,64,973957479,500,105279,84968,156939,4
pos_2,hold,2.0,0.0,9.5992,65,973978738,500,109759,84998,156903,4
pos_2,hold,2.0,0.0,9.6204,66,973997511,499,5607,84999,156943,4
pos_2,hold,2.0,0.0,9.6405,67,974020037,500,68716,85000,156923,4
pos_2,hold,2.0,0.0,9.6596,68,974038805,499,121015,85000,156926,4
pos_2,hold,2.0,0.0,9.6799,69,974057578,500,16665,84989,156914,4
pos_2,hold,2.0,0.0,9.7001,70,974080100,500,78995,84985,156969,4
pos_2,hold,2.0,0.0,9.719,71,974098870,501,130353,85039,156954,4
pos_2,hold,2.0,0.0,9.7401,72,974121394,510,34385,85049,157019,4
pos_2,hold,2.0,0.0,9.759,73,974138914,499,29798,84972,156946,4
pos_2,hold,2.0,0.0,9.7811,74,974161459,498,95177,85027,156979,4
pos_2,hold,2.0,0.0,9.8001,75,974180231,501,147158,84995,156947,4
pos_2,hold,2.0,0.0,9.8243,76,974202732,499,49263,84960,156924,4
pos_2,hold,2.0,0.0,9.8411,77,974221529,506,105721,85053,156962,4
pos_2,hold,2.0,0.0,9.8644,78,974244001,500,2055,85011,156957,4
pos_2,hold,2.0,0.0,9.8845,79,974262825,500,63573,84989,156917,4
pos_2,hold,2.0,0.0,9.9056,80,974285344,500,125518,84947,156897,4
pos_2,hold,2.0,0.0,9.9256,81,974305357,499,75332,85004,156930,4
pos_2,hold,2.0,0.0,9.9445,82,974324101,501,123335,84988,156914,4
pos_2,hold,2.0,0.0,9.9646,83,974342877,505,19892,85001,156931,4
pos_2,hold,2.0,0.0,9.9858,84,974365424,500,86935,84996,156939,4
pos_2,hold,2.0,0.0,10.0058,85,974384163,500,134204,84984,156914,4
pos_2,hold,2.0,0.0,10.029,86,974407783,501,68818,85015,156960,4
pos_2,hold,2.0,0.0,10.0312,87,974408725,500,72130,85005,156935,0
pos_2,hold,2.0,0.0,10.0439,88,974424207,500,36245,84995,156913,4
pos_2,hold,2.0,0.0,10.0664,89,974446732,501,98533,85025,156966,4
pos_2,hold,2.0,0.0,10.0855,90,974465524,500,153770,85012,156951,4
pos_2,hold,2.0,0.0,10.1045,91,974484278,500,45654,85013,156959,4
pos_2,hold,2.0,0.0,10.1267,92,974506808,500,108297,84972,156965,4
pos_2,hold,2.0,0.0,10.1458,93,974525578,500,3207,85019,156957,4
pos_2,hold,2.0,0.0,10.1659,94,974545476,507,90323,85018,156937,4
pos_2,hold,2.0,0.0,10.1891,95,974568114,499,15243,84971,156949,4
pos_2,hold,2.0,0.0,10.207,96,974586906,500,71011,85008,156959,4
pos_2,hold,2.0,0.0,10.227,97,974605685,495,123987,85014,156944,4
pos_2,hold,2.0,0.0,10.2494,98,974628186,500,24867,85025,156980,4
pos_2,hold,2.0,0.0,10.2664,99,974646967,501,78132,85029,156973,4
pos_2,hold,2.0,0.0,10.2854,100,974665737,500,129419,85029,156995,4
pos_2,hold,2.0,0.0,10.3098,101,974688263,500,34524,85015,156950,4
pos_2,hold,2.0,0.0,10.3267,102,974707048,500,88755,85004,156937,4
pos_2,hold,2.0,0.0,10.35,103,974729562,500,148925,84985,156995,4
pos_2,hold,2.0,0.0,10.369,104,974748306,500,39655,85001,156933,4
pos_2,hold,2.0,0.0,10.387,105,974767089,500,93740,84999,156967,4
pos_2,hold,2.0,0.0,10.4093,106,974789604,500,155093,85001,156922,4
pos_2,hold,2.0,0.0,10.4294,107,974808381,507,51215,84968,156940,4
pos_2,hold,2.0,0.0,10.4463,108,974827152,507,103630,85000,156928,4
pos_2,hold,2.0,0.0,10.4698,109,974849643,500,3749,84993,156924,4
pos_2,hold,2.0,0.0,10.49,110,974868444,499,60880,84955,156922,4
pos_2,hold,2.0,0.0,10.507,111,974887219,501,114342,84997,156946,4
pos_2,hold,2.0,0.0,10.5293,112,974907228,500,63848,84999,156936,4
pos_2,hold,2.0,0.0,10.5293,113,974908182,500,68990,85009,156940,0
pos_2,hold,2.0,0.0,10.5505,114,974928502,498,70528,84976,156949,4
pos_2,hold,2.0,0.0,10.5708,115,974951031,500,134897,85024,156881,4
pos_2,hold,2.0,0.0,10.5909,116,974969775,500,26308,84982,156904,4
pos_2,hold,2.0,0.0,10.6089,117,974988544,500,78497,84956,156924,4
pos_2,hold,2.0,0.0,10.6301,118,975011075,500,142307,84997,156920,4
pos_2,hold,2.0,0.0,10.6502,119,975029844,500,37471,84994,156924,4
pos_2,hold,2.0,0.0,10.6926,120,975056003,500,90407,85003,156922,4
pos_2,hold,2.0,0.0,10.7074,121,975075444,499,100012,84952,156897,4
pos_2,hold,2.0,0.0,10.7169,122,975098021,500,15363,85042,156930,4
pos_2,hold,2.0,0.0,10.7297,123,975108663,502,98433,84944,156924,4
pos_2,hold,2.0,0.0,10.7509,124,975129879,500,96530,85022,156892,4
pos_2,hold,2.0,0.0,10.772,125,975152426,500,6933,84978,156894,4
pos_2,hold,2.0,0.0,10.8059,126,975181210,500,36054,84935,156882,4
pos_2,hold,2.0,0.0,10.826,127,975193431,500,74052,85020,156892,4
pos_2,hold,2.0,0.0,10.8335,0,975214372,500,25168,84939,156901,4
pos_2,hold,2.0,0.0,10.8515,1,975232514,500,127846,84993,156895,4
pos_2,hold,2.0,0.0,10.8705,2,975251254,504,18190,85032,156929,4
pos_2,hold,2.0,0.0,10.8896,3,975270029,499,71599,84992,156909,4
pos_2,hold,2.0,0.0,10.9129,4,975292550,500,134753,84926,156857,4
pos_2,hold,2.0,0.0,10.9309,5,975311323,500,31364,84933,156889,4
pos_2,hold,2.0,0.0,10.9541,6,975333823,500,89923,84960,156924,4
pos_2,hold,2.0,0.0,10.971,7,975352592,500,142436,84951,156898,4
pos_2,hold,2.0,0.0,10.9912,8,975371369,499,39393,84949,156916,4
pos_2,hold,2.0,0.0,11.0113,9,975392631,499,44743,84946,156898,4
pos_2,hold,2.0,0.0,11.0242,10,975406356,500,24149,85005,156938,4
pos_2,hold,2.0,0.0,11.0338,11,975414750,500,38823,85012,156955,4
pos_2,hold,2.0,0.0,11.0518,12,975432681,503,104995,85003,156944,4
pos_2,hold,2.0,0.0,11.0719,13,975451451,500,156702,85022,156954,4
pos_2,hold,2.0,0.0,11.0931,14,975473954,500,58907,84992,156922,4
pos_2,hold,2.0,0.0,11.1112,15,975492724,500,111005,85008,156922,4
pos_2,hold,2.0,0.0,11.1356,16,975515246,500,16134,85012,156947,4
pos_2,hold,2.0,0.0,11.1536,17,975534022,501,68942,85010,156950,4
pos_2,hold,2.0,0.0,11.1716,18,975552792,499,120825,84993,156940,4
pos_2,hold,2.0,0.0,11.1949,19,975575297,501,23117,85008,156948,4
pos_2,hold,2.0,0.0,11.214,20,975594066,499,75627,84986,156908,4
pos_2,hold,2.0,0.0,11.2319,21,975612839,500,128924,85001,156926,4
pos_2,hold,2.0,0.0,11.2553,22,975635367,501,35538,84945,156898,4
pos_2,hold,2.0,0.0,11.2765,23,975654142,498,88806,84954,156920,4
pos_2,hold,2.0,0.0,11.2966,24,975676627,499,144751,84994,156917,4
pos_2,hold,2.0,0.0,11.3146,25,975695433,500,45936,85008,156942,4
pos_2,hold,2.0,0.0,11.3337,26,975714178,501,93649,85017,156956,4
pos_2,hold,2.0,0.0,11.356,27,975736712,500,156914,85018,156955,4
pos_2,hold,2.0,0.0,11.375,28,975755475,498,51230,85017,156950,4
pos_2,hold,2.0,0.0,11.3941,29,975774247,506,103343,85055,156953,4
pos_2,hold,2.0,0.0,11.4153,30,975796784,500,10248,84985,156991,4
pos_2,hold,2.0,0.0,11.4343,31,975815549,499,60888,85023,156969,4
pos_2,hold,2.0,0.0,11.4545,32,975834319,500,112870,85013,156958,4
pos_2,hold,2.0,0.0,11.4769,33,975856855,504,20261,85000,156933,4
pos_2,hold,2.0,0.0,11.495,34,975875619,500,71351,84990,156991,4
pos_2,hold,2.0,0.0,11.5162,35,975898146,500,134049,85002,156942,4
pos_2,hold,2.0,0.0,11.5268,36,975909015,501,98605,84998,156941,4
pos_2,hold,2.0,0.0,11.5342,37,975917341,506,101748,84993,156938,4
pos_2,hold,2.0,0.0,11.5565,38,975938190,504,36345,85016,156949,4
pos_2,hold,2.0,0.0,11.5768,39,975956899,500,78367,85003,156940,4
pos_2,hold,2.0,0.0,11.5947,40,975975696,500,135506,84999,156915,4
pos_2,hold,2.0,0.0,11.618,41,975998225,500,42492,84975,156898,4
pos_2,hold,2.0,0.0,11.636,42,976016996,500,95339,84986,156919,4
pos_2,hold,2.0,0.0,11.6593,43,976039524,499,2000,84955,156916,4
pos_2,hold,2.0,0.0,11.6773,44,976058293,500,54331,84983,156904,4
pos_2,hold,2.0,0.0,11.6963,45,976077041,500,103396,84982,156900,4
pos_2,hold,2.0,0.0,11.7196,46,976099569,500,10199,84979,156898,4
pos_2,hold,2.0,0.0,11.7366,47,976118334,500,61869,85035,156922,4
pos_2,hold,2.0,0.0,11.7556,48,976137104,500,114313,84937,156911,4
pos_2,hold,2.0,0.0,11.78,49,976160871,500,75010,84982,156905,4
pos_2,hold,2.0,0.0,11.8001,50,976179615,500,123033,85014,156912,4
pos_2,hold,2.0,0.0,11.8171,51,976198422,499,25105,84947,156905,4
pos_2,hold,2.0,0.0,11.8393,52,976220907,500,81419,84986,156909,4
pos_2,hold,2.0,0.0,11.8605,53,976239679,499,134786,84993,156888,4
pos_2,hold,2.0,0.0,11.8806,54,976259636,501,75951,84996,156935,4
pos_2,hold,2.0,0.0,11.8997,55,976279709,506,36481,84991,156911,4
pos_2,hold,2.0,0.0,11.9177,56,976298477,500,88698,84976,156919,4
pos_2,hold,2.0,0.0,11.9399,57,976321003,500,151980,84988,156906,4
pos_2,hold,2.0,0.0,11.9589,58,976339744,500,42327,84958,156930,4
move_3,spin,2.0,0.15,0.0162,66,976447381,494,137996,85089,156892,4
move_3,spin,2.0,0.15,0.0385,67,976469889,501,41879,85139,156904,4
move_3,spin,2.0,0.15,0.0716,68,976502412,506,79176,85267,156940,4
move_3,spin,2.0,0.15,0.0812,69,976511840,502,112807,85253,156909,4
move_3,spin,2.0,0.15,0.111,70,976541151,503,74410,85449,156919,4
move_3,spin,2.0,0.15,0.1195,71,976550593,503,110342,85441,156931,4
move_3,spin,2.0,0.15,0.1377,72,976569944,497,104829,85551,156902,4
move_3,spin,2.0,0.15,0.1557,73,976588724,504,2320,85629,156898,4
move_3,spin,2.0,0.15,0.179,74,976611232,504,62821,85761,156919,4
move_3,spin,2.0,0.15,0.198,75,976629994,505,114187,85821,156920,4
move_3,spin,2.0,0.15,0.217,76,976648768,505,10529,85895,156905,4
move_3,spin,2.0,0.15,0.2392,77,976671285,507,72540,86019,156932,4
move_3,spin,2.0,0.15,0.2581,78,976690044,507,122990,86127,156935,4
move_3,spin,2.0,0.15,0.276,79,976708817,507,19370,86204,156909,4
move_3,spin,2.0,0.15,0.2992,80,976731329,513,80611,86365,156907,4
move_3,spin,2.0,0.15,0.3182,81,976750114,513,136121,86391,156905,4
move_3,spin,2.0,0.15,0.3414,82,976772630,509,41158,86508,156909,4
move_3,spin,2.0,0.15,0.3593,83,976791382,510,90955,86553,156902,4
move_3,spin,2.0,0.15,0.3793,84,976811352,510,33119,86619,156904,4
move_3,spin,2.0,0.15,0.3983,85,976832676,510,48740,86741,156915,4
move_3,spin,2.0,0.15,0.4205,86,976853942,511,54677,86788,156924,4
move_3,spin,2.0,0.15,0.4405,87,976875218,511,62129,86863,156940,4
move_3,spin,2.0,0.15,0.4595,88,976892740,512,59237,86970,156910,4
move_3,spin,2.0,0.15,0.4838,89,976915226,512,116028,87007,156911,4
move_3,spin,2.0,0.15,0.5006,90,976933994,512,11643,87111,156892,4
move_3,spin,2.0,0.15,0.5195,91,976947767,513,156724,87149,156887,4
move_3,spin,2.0,0.15,0.5248,92,976956273,513,33694,87163,156902,4
move_3,spin,2.0,0.15,0.5416,93,976974043,513,73291,87282,156922,4
move_3,spin,2.0,0.15,0.5637,94,976996551,514,133519,87361,156913,4
move_3,spin,2.0,0.15,0.5837,95,977015324,513,30037,87425,156907,4
move_3,spin,2.0,0.15,0.6051,96,977037847,514,93346,87434,156885,4
move_3,spin,2.0,0.15,0.6251,97,977057818,515,36349,87579,156905,4
move_3,spin,2.0,0.15,0.6441,98,977076619,516,94772,87648,156891,4
move_3,spin,2.0,0.15,0.6663,99,977099149,516,2021,87677,156879,4
move_3,spin,2.0,0.15,0.6852,100,977117916,517,54515,87757,156908,4
move_3,spin,2.0,0.15,0.7084,101,977140404,517,111253,87845,156917,4
move_3,spin,2.0,0.15,0.7287,102,977159167,516,5637,87893,156936,4
move_3,spin,2.0,0.15,0.7456,103,977179220,517,118801,87936,156975,4
move_3,spin,2.0,0.15,0.7645,104,977197967,518,10091,88049,156936,4
move_3,spin,2.0,0.15,0.7898,105,977220489,519,73040,88109,156910,4
move_3,spin,2.0,0.15,0.8056,106,977239265,519,126483,88147,156942,4
move_3,spin,2.0,0.15,0.8288,107,977261790,519,32452,88322,156938,4
move_3,spin,2.0,0.15,0.8488,108,977280535,519,80467,88351,156920,4
move_3,spin,2.0,0.15,0.8698,109,977303055,520,142769,88408,156891,4
move_3,spin,2.0,0.15,0.889,110,977321811,521,35959,88523,156960,4
move_3,spin,2.0,0.15,0.909,111,977341806,523,139535,88584,156938,4
move_3,spin,2.0,0.15,0.9311,112,977364362,522,50335,88684,156912,4
move_3,spin,2.0,0.15,0.9511,113,977383134,523,103055,88774,156931,4
move_3,spin,2.0,0.15,0.9733,114,977405636,523,4472,88822,156954,4
move_3,spin,2.0,0.15,0.9913,115,977424443,523,62545,88913,156974,4
move_3,spin,2.0,0.15,1.0146,116,977443209,523,114249,88917,156914,4
move_3,spin,2.0,0.15,1.021,117,977451731,528,150381,88965,156964,4
move_3,spin,2.0,0.15,1.0294,118,977463521,524,114496,89001,156911,4
move_3,spin,2.0,0.15,1.0536,119,977485724,524,122899,89084,156939,4
move_3,spin,2.0,0.15,1.0737,120,977504511,526,21251,89132,156905,4
move_3,spin,2.0,0.15,1.0937,121,977524537,525,130302,89198,156911,4
move_3,spin,2.0,0.15,1.1106,122,977544522,525,74718,89235,156944,4
move_3,spin,2.0,0.15,1.1328,123,977563316,525,131008,89266,156919,4
move_3,spin,2.0,0.15,1.1539,124,977585789,525,28547,89377,156918,4
move_3,spin,2.0,0.15,1.1731,125,977604585,526,85663,89435,156897,4
move_3,spin,2.0,0.15,1.19,126,977623355,532,138040,89492,156926,4
move_3,spin,2.0,0.15,1.2133,127,977645884,527,44860,89588,156956,4
move_3,spin,2.0,0.15,1.245,0,977664595,528,87032,89664,156965,4
move_3,spin,2.0,0.15,1.2681,1,977686503,528,44963,89726,156931,4
move_3,spin,2.0,0.15,1.284,2,977705231,528,89713,89782,156904,4
move_3,spin,2.0,0.15,1.2935,3,977726553,522,106438,89838,156908,4
move_3,spin,2.0,0.15,1.3104,4,977744725,530,57226,89948,156919,4
move_3,spin,2.0,0.15,1.3336,5,977767228,529,115779,90083,156958,4
move_3,spin,2.0,0.15,1.3536,6,977786014,531,13307,90122,156962,4
move_3,spin,2.0,0.15,1.3844,7,977808534,531,75313,90184,156945,4
move_3,spin,2.0,0.15,1.3961,8,977826975,531,71600,90235,156950,4
move_3,spin,2.0,0.15,1.4277,9,977857276,531,44120,90313,156915,4
move_3,spin,2.0,0.15,1.4361,10,977869518,531,85384,90331,156920,4
move_3,spin,2.0,0.15,1.454,11,977887334,532,132768,90424,156940,4
move_3,spin,2.0,0.15,1.4763,12,977909863,533,39305,90497,156947,4
move_3,spin,2.0,0.15,1.4954,13,977928641,528,92802,90569,156949,4
move_3,spin,2.0,0.15,1.5134,14,977947429,533,148081,90648,156925,4
move_3,spin,2.0,0.15,1.5176,15,977949904,533,97971,90647,156932,4
move_3,spin,2.0,0.15,1.5345,16,977968682,534,151758,90700,156900,4
move_3,spin,2.0,0.15,1.5535,17,977987433,534,44449,90788,156933,4
move_3,spin,2.0,0.15,1.5756,18,978009935,534,103886,90852,156926,4
move_3,spin,2.0,0.15,1.5945,19,978028727,534,3266,90929,156915,4
move_3,spin,2.0,0.15,1.6187,20,978051239,536,63654,91103,156945,4
move_3,spin,2.0,0.15,1.6356,21,978070000,535,114074,91141,156933,4
move_3,spin,2.0,0.15,1.6547,22,978088762,536,8248,91208,156926,4
move_3,spin,2.0,0.15,1.6789,23,978111308,538,74697,91323,156928,4
move_3,spin,2.0,0.15,1.6957,24,978130044,538,121286,91399,156917,4
move_3,spin,2.0,0.15,1.719,25,978152586,538,30339,91435,156921,4
move_3,spin,2.0,0.15,1.7391,26,978171348,539,80967,91615,156969,4
move_3,spin,2.0,0.15,1.7572,27,978190114,539,132338,91586,156920,4
move_3,spin,2.0,0.15,1.7793,28,978211381,530,138328,91722,156971,4
move_3,spin,2.0,0.15,1.7962,29,978230149,540,32659,91780,156986,4
move_3,spin,2.0,0.15,1.8193,30,978252665,540,93964,91817,156938,4
move_3,spin,2.0,0.15,1.8385,31,978271445,540,147964,91879,156916,4
move_3,spin,2.0,0.15,1.8596,32,978293954,540,50857,92022,156951,4
move_3,spin,2.0,0.15,1.8787,33,978312726,542,103210,92127,156933,4
move_3,spin,2.0,0.15,1.8987,34,978331500,542,156070,92131,156936,4
move_3,spin,2.0,0.15,1.9197,35,978354010,543,59619,92235,156909,4
move_3,spin,2.0,0.15,1.9388,36,978372784,544,112329,92315,156954,4
move_3,spin,2.0,0.15,1.9609,37,978395285,543,14349,92434,156928,4
move_3,spin,2.0,0.15,1.9799,38,978414024,542,61418,92438,156884,4
move_3,spin,2.0,0.15,1.9999,39,978432830,545,119314,92593,156979,4
move_3,spin,2.0,0.15,2.0159,40,978451599,550,14591,92673,156895,4
move_3,spin,2.0,0.15,2.0211,41,978455796,545,100387,92632,156893,4
move_3,spin,2.0,0.15,2.0401,42,978474123,546,77349,92715,156914,4
move_3,spin,2.0,0.15,2.0643,43,978496639,546,138567,92859,156953,4
move_3,spin,2.0,0.15,2.0822,44,978515410,546,34221,92915,156918,4
move_3,spin,2.0,0.15,2.1003,45,978534169,547,84829,92995,156927,4
move_3,spin,2.0,0.15,2.1245,46,978556688,548,145964,93118,156971,4
move_3,spin,2.0,0.15,2.1403,47,978575456,553,40672,93202,156946,4
move_3,spin,2.0,0.15,2.1635,48,978597967,548,100676,93280,156941,4
move_3,spin,2.0,0.15,2.1837,49,978616758,550,156111,93439,156969,4
move_3,spin,2.0,0.15,2.2049,50,978639278,551,60730,93528,156980,4
move_3,spin,2.0,0.15,2.224,51,978658027,550,109091,93548,156950,4
move_3,spin,2.0,0.15,2.2441,52,978676814,551,6893,93643,156923,4
move_3,spin,2.0,0.15,2.2641,53,978698035,551,4822,93736,156952,4
move_3,spin,2.0,0.15,2.2841,54,978716860,551,65947,93777,156950,4
move_3,spin,2.0,0.15,2.3053,55,978739377,552,126705,93889,156946,4
move_3,spin,2.0,0.15,2.3244,56,978758140,552,20282,93920,156958,4
move_3,spin,2.0,0.15,2.3434,57,978776906,559,71624,94022,156919,4
move_3,spin,2.0,0.15,2.3644,58,978799432,549,134254,94064,156946,4
move_3,spin,2.0,0.15,2.3834,59,978818207,554,30018,94156,156952,4
move_3,spin,2.0,0.15,2.4056,60,978840753,554,96198,94195,156956,4
move_3,spin,2.0,0.15,2.4246,61,978859515,555,146323,94334,156968,4
move_3,spin,2.0,0.15,2.4436,62,978878282,556,40423,94348,156954,4
move_3,spin,2.0,0.15,2.4637,63,978897040,554,90063,94456,156952,4
move_3,spin,2.0,0.15,2.4848,64,978919563,556,152176,94525,156942,4
move_3,spin,2.0,0.15,2.5038,65,978938331,556,47084,94558,156928,4
move_3,spin,2.0,0.15,2.5154,66,978950853,557,135526,94585,156982,4
move_3,spin,2.0,0.15,2.5271,67,978961714,556,98767,94630,156913,4
move_3,spin,2.0,0.15,2.5589,68,978979467,557,134978,94704,156954,4
move_3,spin,2.0,0.15,2.5821,69,979001459,551,106684,94774,156960,4
move_3,spin,2.0,0.15,2.5969,70,979020232,558,1407,94864,156999,4
move_3,spin,2.0,0.15,2.6063,71,979041539,558,13250,94956,156959,4
move_3,spin,2.0,0.15,2.6253,72,979059714,558,120689,94957,156950,4
move_3,spin,2.0,0.15,2.6486,73,979082235,559,25671,95063,156944,4
move_3,spin,2.0,0.15,2.6655,74,979101001,559,77087,95126,156926,4
move_3,spin,2.0,0.15,2.6846,75,979119764,566,128359,95193,156897,4
move_3,spin,2.0,0.15,2.7121,76,979143523,561,87310,95279,156918,4
move_3,spin,2.0,0.15,2.7364,77,979159806,561,30684,95326,156931,4
move_3,spin,2.0,0.15,2.7523,78,979180102,563,28293,95446,156935,4
move_3,spin,2.0,0.15,2.7661,79,979201085,565,142481,95557,156931,4
move_3,spin,2.0,0.15,2.7892,80,979223587,562,44022,95627,156929,4
move_3,spin,2.0,0.15,2.8093,81,979242372,564,98805,95647,156911,4
move_3,spin,2.0,0.15,2.8261,82,979261157,562,153892,95759,156935,4
move_3,spin,2.0,0.15,2.8494,83,979283649,564,53824,95838,156953,4
move_3,spin,2.0,0.15,2.8683,84,979302431,564,108189,95903,156899,4
move_3,spin,2.0,0.15,2.8894,85,979324953,564,13521,95934,156924,4
move_3,spin,2.0,0.15,2.9085,86,979343731,564,66940,96015,156944,4
move_3,spin,2.0,0.15,2.9286,87,979362484,565,115805,96051,156962,4
move_3,spin,2.0,0.15,2.9497,88,979385010,567,21655,96207,156939,4
move_3,spin,2.0,0.15,2.9688,89,979403786,566,74428,96240,156947,4
move_3,spin,2.0,0.15,2.9941,90,979427553,567,33340,96328,156956,4
move_3,spin,2.0,0.15,3.0111,91,979446310,567,82879,96363,156955,4
move_3,spin,2.0,0.15,3.0216,92,979457211,567,52448,96423,156933,4
move_3,spin,2.0,0.15,3.029,93,979465540,567,56032,96487,156903,4
move_3,spin,2.0,0.15,3.0512,94,979486369,568,144594,96558,156942,4
move_3,spin,2.0,0.15,3.0713,95,979506359,568,89766,96641,156951,4
move_3,spin,2.0,0.15,3.0903,96,979525163,575,147532,96628,156897,4
move_3,spin,2.0,0.15,3.1124,97,979547662,568,49073,96737,156938,4
move_3,spin,2.0,0.15,3.1315,98,979566444,570,103638,96804,156907,4
move_3,spin,2.0,0.15,3.1537,99,979587703,570,108453,96888,156935,4
move_3,spin,2.0,0.15,3.1706,100,979606475,570,3753,96925,156930,4
move_3,spin,2.0,0.15,3.1896,101,979625224,571,52376,96962,156944,4
move_3,spin,2.0,0.15,3.214,102,979647753,571,115594,97007,156957,4
move_3,spin,2.0,0.15,3.2309,103,979666526,571,11118,97132,156943,4
move_3,spin,2.0,0.15,3.2499,104,979685300,572,63873,97153,156943,4
move_3,spin,2.0,0.15,3.2742,105,979707833,572,127830,97239,156930,4
move_3,spin,2.0,0.15,3.2911,106,979726579,572,19024,97248,156907,4
move_3,spin,2.0,0.15,3.3142,107,979749097,574,80809,97386,156942,4
move_3,spin,2.0,0.15,3.3342,108,979767871,573,133358,97390,156955,4
move_3,spin,2.0,0.15,3.3511,109,979786647,573,29030,97429,156946,4
move_3,spin,2.0,0.15,3.3712,110,979806618,577,128476,97528,156907,4
move_3,spin,2.0,0.15,3.3943,111,979829170,574,39142,97616,156934,4
move_3,spin,2.0,0.15,3.4143,112,979847940,581,91055,97671,156969,4
move_3,spin,2.0,0.15,3.4313,113,979866742,578,147525,97769,156963,4
move_3,spin,2.0,0.15,3.4535,114,979889247,581,48758,97959,157006,4
move_3,spin,2.0,0.15,3.4735,115,979908029,577,101912,98029,156995,4
move_3,spin,2.0,0.15,3.4904,116,979926793,577,152317,98101,156993,4
move_3,spin,2.0,0.15,3.5167,117,979949311,577,56457,98106,156930,4
move_3,spin,2.0,0.15,3.5241,118,979957691,579,68273,98234,156958,4
move_3,spin,2.0,0.15,3.5347,119,979970212,578,156627,98269,156947,4
move_3,spin,2.0,0.15,3.5546,120,979990618,579,15717,98358,156964,4
move_3,spin,2.0,0.15,3.5736,121,980009390,580,68124,98380,156935,4
move_3,spin,2.0,0.15,3.5957,122,980031904,580,128574,98512,156957,4
move_3,spin,2.0,0.15,3.6146,123,980050655,580,20673,98507,156921,4
move_3,spin,2.0,0.15,3.6389,124,980074394,581,133192,98617,156953,4
move_3,spin,2.0,0.15,3.6589,125,980093196,585,33437,98649,156956,4
move_3,spin,2.0,0.15,3.6757,126,980111970,580,85751,98776,156962,4
move_3,spin,2.0,0.15,3.6992,127,980134507,581,149883,98862,156946,4
move_3,spin,2.0,0.15,3.7192,0,980153252,582,40555,98928,156957,4
move_3,spin,2.0,0.15,3.7402,1,980175783,583,103401,99037,156970,4
move_3,spin,2.0,0.15,3.7592,2,980194568,584,1222,99078,156911,4
move_3,spin,2.0,0.15,3.7804,3,980217094,584,63991,99208,156941,4
move_3,spin,2.0,0.15,3.7994,4,980235849,584,113197,99303,156959,4
move_3,spin,2.0,0.15,3.8185,5,980254604,584,5624,99371,156953,4
move_3,spin,2.0,0.15,3.8407,6,980277146,585,70758,99461,156963,4
move_3,spin,2.0,0.15,3.8723,7,980295924,580,124236,99529,156929,4
move_3,spin,2.0,0.15,3.8957,8,980316502,586,12640,99583,156920,4
move_3,spin,2.0,0.15,3.9104,9,980336254,587,74258,99667,156933,4
move_3,spin,2.0,0.15,3.9199,10,980356599,591,79767,99720,156950,4
move_3,spin,2.0,0.15,3.9389,11,980374730,587,22984,99756,156949,4
move_3,spin,2.0,0.15,3.961,12,980397272,588,88471,99894,156919,4
move_3,spin,2.0,0.15,3.9841,13,980419756,589,144810,99975,156904,4
pos_3,hold,2.0,0.0,0.0022,16,980466742,588,128373,100222,156944,0
pos_3,hold,2.0,0.0,0.0168,17,980482695,589,15088,100296,156954,4
pos_3,hold,2.0,0.0,0.021,18,980483633,592,17643,100259,156959,0
pos_3,hold,2.0,0.0,0.0223,19,980498214,590,142337,100250,156935,4
pos_3,hold,2.0,0.0,0.0259,20,980511735,590,87027,100261,156907,4
pos_3,hold,2.0,0.0,0.0366,21,980522974,590,114554,100263,156919,4
pos_3,hold,2.0,0.0,0.0604,22,980546146,590,130796,100301,156928,4
pos_3,hold,2.0,0.0,0.0783,23,980566165,590,81219,100244,156939,4
pos_3,hold,2.0,0.0,0.0998,24,980586163,590,27834,100264,156919,4
pos_3,hold,2.0,0.0,0.1204,25,980608702,590,93436,100224,156906,4
pos_3,hold,2.0,0.0,0.1409,26,980627472,590,145990,100242,156902,4
pos_3,hold,2.0,0.0,0.1581,27,980646222,590,37856,100239,156922,4
pos_3,hold,2.0,0.0,0.1816,28,980668755,589,102194,100270,156926,4
pos_3,hold,2.0,0.0,0.1998,29,980687522,590,153795,100237,156936,4
pos_3,hold,2.0,0.0,0.2222,30,980710040,590,58389,100257,156901,4
pos_3,hold,2.0,0.0,0.2424,31,980728785,590,107039,100256,156896,4
pos_3,hold,2.0,0.0,0.2635,32,980751324,590,16463,100203,156880,4
pos_3,hold,2.0,0.0,0.2825,33,980770068,591,64997,100225,156851,4
pos_3,hold,2.0,0.0,0.3026,34,980788835,590,117069,100267,156930,4
pos_3,hold,2.0,0.0,0.3236,35,980811352,589,22386,100208,156881,4
pos_3,hold,2.0,0.0,0.3426,36,980828868,590,18792,100209,156875,4
pos_3,hold,2.0,0.0,0.3636,37,980851370,590,78994,100209,156884,4
pos_3,hold,2.0,0.0,0.3881,38,980873891,590,142177,100252,156907,4
pos_3,hold,2.0,0.0,0.405,39,980892638,590,34172,100249,156898,4
pos_3,hold,2.0,0.0,0.424,40,980911430,590,90218,100275,156924,4
pos_3,hold,2.0,0.0,0.4472,41,980933973,591,155512,100300,156953,4
pos_3,hold,2.0,0.0,0.4688,42,980953971,590,102318,100277,156945,4
pos_3,hold,2.0,0.0,0.4846,43,980971490,590,98581,100277,156935,4
pos_3,hold,2.0,0.0,0.5079,44,980994000,590,1151,100255,156956,4
pos_3,hold,2.0,0.0,0.5174,45,981004892,590,126219,100248,156953,4
pos_3,hold,2.0,0.0,0.5258,46,981013227,590,130761,100244,156953,4
pos_3,hold,2.0,0.0,0.5479,47,981035280,589,113369,100228,156927,4
pos_3,hold,2.0,0.0,0.5679,48,981054052,589,9604,100222,156903,4
pos_3,hold,2.0,0.0,0.589,49,981076563,589,71146,100211,156894,4
pos_3,hold,2.0,0.0,0.6079,50,981095334,590,124128,100223,156914,4
pos_3,hold,2.0,0.0,0.63,51,981117849,590,29202,100229,156912,4
pos_3,hold,2.0,0.0,0.649,52,981136613,590,80978,100220,156900,4
pos_3,hold,2.0,0.0,0.6689,53,981156611,590,28960,100207,156886,4
pos_3,hold,2.0,0.0,0.6921,54,981179151,590,94546,100277,156929,4
pos_3,hold,2.0,0.0,0.71,55,981197920,590,146560,100295,156945,4
pos_3,hold,2.0,0.0,0.7321,56,981220429,590,49411,100237,156925,4
pos_3,hold,2.0,0.0,0.7521,57,981239176,590,97753,100237,156936,4
pos_3,hold,2.0,0.0,0.7732,58,981261715,595,5732,100254,156945,4
pos_3,hold,2.0,0.0,0.7921,59,981280488,592,58304,100231,156920,4
pos_3,hold,2.0,0.0,0.8121,60,981299259,589,110254,100231,156940,4
pos_3,hold,2.0,0.0,0.8291,61,981318033,589,5861,100241,156927,4
pos_3,hold,2.0,0.0,0.8524,62,981340544,593,66909,100260,156900,4
pos_3,hold,2.0,0.0,0.8725,63,981359313,589,119272,100257,156891,4
pos_3,hold,2.0,0.0,0.8935,64,981381819,590,22297,100236,156924,4
pos_3,hold,2.0,0.0,0.9126,65,981400593,590,75429,100256,156951,4
pos_3,hold,2.0,0.0,0.937,66,981423102,584,136181,100224,156876,4
pos_3,hold,2.0,0.0,0.9539,67,981440567,589,123832,100251,156937,4
pos_3,hold,2.0,0.0,0.975,68,981463130,590,36904,100223,156907,4
pos_3,hold,2.0,0.0,0.993,69,981481894,590,88458,100275,156930,4
pos_3,hold,2.0,0.0,1.012,70,981500643,590,137375,100244,156882,4
pos_3,hold,2.0,0.0,1.0163,71,981503177,590,97412,100204,156874,4
pos_3,hold,2.0,0.0,1.0331,72,981521917,591,145088,100248,156948,4
pos_3,hold,2.0,0.0,1.0522,73,981540697,590,41805,100245,156942,4
pos_3,hold,2.0,0.0,1.0744,74,981563235,590,106854,100230,156908,4
pos_3,hold,2.0,0.0,1.0934,75,981581980,589,154873,100281,156944,4
pos_3,hold,2.0,0.0,1.1135,76,981600751,590,50095,100258,156956,4
pos_3,hold,2.0,0.0,1.1535,77,981625711,589,56466,100228,156919,4
pos_3,hold,2.0,0.0,1.1683,78,981645092,590,56102,100278,156928,4
pos_3,hold,2.0,0.0,1.18,79,981666456,590,79022,100234,156921,4
pos_3,hold,2.0,0.0,1.1947,80,981683313,590,120545,100275,156907,4
pos_3,hold,2.0,0.0,1.2137,81,981702064,590,13267,100279,156935,4
pos_3,hold,2.0,0.0,1.2338,82,981722062,590,117267,100280,156954,4
pos_3,hold,2.0,0.0,1.2538,83,981740843,589,14433,100283,156946,4
pos_3,hold,2.0,0.0,1.2843,84,981763377,589,78921,100231,156915,4
pos_3,hold,2.0,0.0,1.2972,85,981784116,589,152294,100230,156933,4
pos_3,hold,2.0,0.0,1.3278,86,981813423,589,112995,100181,156898,4
pos_3,hold,2.0,0.0,1.3373,87,981825599,590,142376,100318,156973,4
pos_3,hold,2.0,0.0,1.3541,88,981843430,595,34463,100221,156905,4
pos_3,hold,2.0,0.0,1.3783,89,981865972,590,99862,100319,156989,4
pos_3,hold,2.0,0.0,1.3974,90,981884716,590,146995,100279,156952,4
pos_3,hold,2.0,0.0,1.4142,91,981903493,590,43664,100254,156952,4
pos_3,hold,2.0,0.0,1.4385,92,981926029,596,107716,100267,156984,4
pos_3,hold,2.0,0.0,1.4574,93,981944796,590,1714,100310,156981,4
pos_3,hold,2.0,0.0,1.4795,94,981967335,590,66196,100269,156925,4
pos_3,hold,2.0,0.0,1.4985,95,981987336,590,13429,100301,156965,4
pos_3,hold,2.0,0.0,1.5227,96,982008617,590,21265,100305,156971,4
pos_3,hold,2.0,0.0,1.5227,97,982009560,589,24635,100256,156954,0
pos_3,hold,2.0,0.0,1.5427,98,982029873,590,24702,100256,156955,4
pos_3,hold,2.0,0.0,1.5637,99,982052413,589,90191,100275,156934,4
pos_3,hold,2.0,0.0,1.5837,100,982071155,591,137569,100272,156915,4
pos_3,hold,2.0,0.0,1.6048,101,982093693,590,45233,100271,156985,4
pos_3,hold,2.0,0.0,1.6237,102,982112437,591,93023,100272,156984,4
pos_3,hold,2.0,0.0,1.648,103,982134979,588,1060,100283,156932,4
pos_3,hold,2.0,0.0,1.6648,104,982153746,590,52761,100296,156958,4
pos_3,hold,2.0,0.0,1.6837,105,982172520,592,105326,100283,156943,4
pos_3,hold,2.0,0.0,1.7081,106,982195030,589,8793,100182,156905,4
pos_3,hold,2.0,0.0,1.725,107,982213807,589,62006,100252,156959,4
pos_3,hold,2.0,0.0,1.744,108,982232578,590,114193,100263,156938,4
pos_3,hold,2.0,0.0,1.7673,109,982255085,590,16938,100229,156924,4
pos_3,hold,2.0,0.0,1.7873,110,982273862,589,70036,100233,156911,4
pos_3,hold,2.0,0.0,1.8043,111,982293859,590,17318,100245,156938,4
pos_3,hold,2.0,0.0,1.8275,112,982316363,590,75956,100204,156934,4
pos_3,hold,2.0,0.0,1.8475,113,982335143,590,129623,100249,156937,4
pos_3,hold,2.0,0.0,1.8644,114,982353915,588,25380,100221,156901,4
pos_3,hold,2.0,0.0,1.8844,115,982373946,597,135333,100250,156949,4
pos_3,hold,2.0,0.0,1.9075,116,982396451,591,37545,100261,156901,4
pos_3,hold,2.0,0.0,1.9275,117,982415215,590,89178,100273,156929,4
pos_3,hold,2.0,0.0,1.9475,118,982435246,590,41540,100270,156982,4
pos_3,hold,2.0,0.0,1.9688,119,982457784,593,107025,100234,156914,4
pos_3,hold,2.0,0.0,1.9878,120,982476523,590,153873,100295,156973,4
pos_3,hold,2.0,0.0,2.011,121,982499069,590,62489,100276,156924,4
pos_3,hold,2.0,0.0,2.0184,122,982507564,590,94171,100253,156956,4
pos_3,hold,2.0,0.0,2.029,123,982517360,589,32854,100255,156949,4
pos_3,hold,2.0,0.0,2.049,124,982539092,590,118137,100274,156939,4
pos_3,hold,2.0,0.0,2.0691,125,982557867,589,14603,100263,156918,4
pos_3,hold,2.0,0.0,2.087,126,982576613,592,63120,100233,156912,4
pos_3,hold,2.0,0.0,2.1071,127,982596610,590,10056,100306,156966,4
pos_3,hold,2.0,0.0,2.1293,0,982619169,591,78832,100237,156933,4
pos_3,hold,2.0,0.0,2.1483,1,982637920,589,127703,100268,156986,4
pos_3,hold,2.0,0.0,2.1684,2,982656691,594,22822,100251,156946,4
pos_3,hold,2.0,0.0,2.1895,3,982679202,589,83558,100280,156932,4
pos_3,hold,2.0,0.0,2.2085,4,982697970,585,135677,100268,156896,4
pos_3,hold,2.0,0.0,2.2275,5,982716712,589,26919,100231,156918,4
pos_3,hold,2.0,0.0,2.2496,6,982739250,590,91993,100249,156953,4
pos_3,hold,2.0,0.0,2.2685,7,982758019,589,144041,100246,156911,4
pos_3,hold,2.0,0.0,2.2938,8,982780528,589,46755,100300,156967,4
pos_3,hold,2.0,0.0,2.3127,9,982800557,590,155621,100274,156901,4
pos_3,hold,2.0,0.0,2.3296,10,982819328,596,51126,100263,156914,4
pos_3,hold,2.0,0.0,2.3528,11,982841839,589,111928,100260,156917,4
pos_3,hold,2.0,0.0,2.3729,12,982860584,589,3550,100269,156915,4
pos_3,hold,2.0,0.0,2.3898,13,982879379,590,60148,100266,156905,4
pos_3,hold,2.0,0.0,2.413,14,982901862,590,115582,100267,156982,4
pos_3,hold,2.0,0.0,2.4437,15,982920408,590,129336,100255,156899,4
pos_3,hold,2.0,0.0,2.4669,16,982941316,590,74582,100199,156881,4
pos_3,hold,2.0,0.0,2.4838,17,982960981,589,122653,100225,156885,4
pos_3,hold,2.0,0.0,2.4933,18,982981321,589,128332,100277,156916,4
pos_3,hold,2.0,0.0,2.5143,19,983000640,590,117338,100219,156896,4
pos_3,hold,2.0,0.0,2.5228,20,983009082,591,140277,100272,156933,4
pos_3,hold,2.0,0.0,2.5311,21,983021521,590,57666,100244,156936,4
pos_3,hold,2.0,0.0,2.5533,22,983041977,590,82395,100269,156918,4
pos_3,hold,2.0,0.0,2.5743,23,983064516,597,147736,100258,156922,4
pos_3,hold,2.0,0.0,2.6038,24,983083286,590,43161,100256,156960,4
pos_3,hold,2.0,0.0,2.6354,25,983118321,590,35876,100218,156952,4
pos_3,hold,2.0,0.0,2.6439,26,983132696,589,125377,100259,156975,4
pos_3,hold,2.0,0.0,2.6533,27,983144854,590,151687,100290,156934,4
pos_3,hold,2.0,0.0,2.6754,28,983165851,590,111376,100255,156953,4
pos_3,hold,2.0,0.0,2.6986,29,983188361,590,14117,100266,156965,4
pos_3,hold,2.0,0.0,2.7186,30,983208391,590,123463,100264,156948,4
pos_3,hold,2.0,0.0,2.7398,31,983227134,590,13472,100248,156943,4
pos_3,hold,2.0,0.0,2.7577,32,983247190,590,126329,100261,156956,4
pos_3,hold,2.0,0.0,2.7799,33,983269711,590,30696,100262,156916,4
pos_3,hold,2.0,0.0,2.7989,34,983288476,590,81966,100324,156940,4
pos_3,hold,2.0,0.0,2.819,35,983308481,590,29756,100247,156947,4
pos_3,hold,2.0,0.0,2.839,36,983327246,589,81228,100251,156949,4
pos_3,hold,2.0,0.0,2.859,37,983347272,590,32983,100256,156959,4
pos_3,hold,2.0,0.0,2.8801,38,983369784,595,93407,100260,156972,4
pos_3,hold,2.0,0.0,2.899,39,983388558,590,145835,100249,156952,4
pos_3,hold,2.0,0.0,2.9202,40,983411065,593,48500,100248,156942,4
pos_3,hold,2.0,0.0,2.9392,41,983429811,590,96526,100250,156962,4
pos_3,hold,2.0,0.0,2.9582,42,983448607,590,152256,100224,156984,4
pos_3,hold,2.0,0.0,2.9815,43,983471125,590,56032,100261,156963,4
pos_3,hold,2.0,0.0,2.9995,44,983489893,590,107306,100282,156980,4
pos_3,hold,2.0,0.0,3.0228,45,983509886,589,52666,100247,156951,4
pos_3,hold,2.0,0.0,3.0228,46,983510825,592,55322,100250,156955,0
pos_3,hold,2.0,0.0,3.0439,47,983531194,590,65389,100272,156980,4
pos_3,hold,2.0,0.0,3.0608,48,983551191,590,11946,100250,156950,4
pos_3,hold,2.0,0.0,3.0798,49,983569993,590,69497,100255,156953,4
pos_3,hold,2.0,0.0,3.0988,50,983588733,590,116681,100192,156942,4
pos_3,hold,2.0,0.0,3.121,51,983611250,590,21284,100242,156935,4
pos_3,hold,2.0,0.0,3.14,52,983630045,589,77620,100235,156927,4
pos_3,hold,2.0,0.0,3.159,53,983648815,590,129437,100297,156985,4
pos_3,hold,2.0,0.0,3.1803,54,983671301,590,28322,100232,156913,4
pos_3,hold,2.0,0.0,3.1995,55,983690097,589,85049,100245,156938,4
pos_3,hold,2.0,0.0,3.2227,56,983712577,589,139984,100250,156935,4
pos_3,hold,2.0,0.0,3.2407,57,983731382,589,40589,100235,156931,4
pos_3,hold,2.0,0.0,3.2596,58,983750148,590,91717,100278,156940,4
pos_3,hold,2.0,0.0,3.2838,59,983772663,582,152500,100288,156956,4
pos_3,hold,2.0,0.0,3.3007,60,983791433,591,47327,100209,156948,4
pos_3,hold,2.0,0.0,3.3239,61,983813968,589,111935,100245,156946,4
pos_3,hold,2.0,0.0,3.3428,62,983832723,590,4368,100247,156950,4
pos_3,hold,2.0,0.0,3.3649,63,983855254,589,67686,100204,156928,4
pos_3,hold,2.0,0.0,3.3839,64,983873997,590,114993,100279,156935,4
pos_3,hold,2.0,0.0,3.405,65,983892777,590,12031,100245,156930,4
pos_3,hold,2.0,0.0,3.423,66,983912773,590,115804,100296,156976,4
pos_3,hold,2.0,0.0,3.4441,67,983935319,590,24801,100297,156972,4
pos_3,hold,2.0,0.0,3.4631,68,983954085,590,76080,100245,156948,4
pos_3,hold,2.0,0.0,3.4831,69,983972828,590,123785,100303,156962,4
pos_3,hold,2.0,0.0,3.5053,70,983995372,589,32406,100243,156940,4
pos_3,hold,2.0,0.0,3.5232,71,984011175,589,51087,100241,156935,4
pos_3,hold,2.0,0.0,3.5264,72,984012843,590,20679,100273,156930,4
pos_3,hold,2.0,0.0,3.5433,73,984034142,589,31902,100245,156939,4
pos_3,hold,2.0,0.0,3.5622,74,984052905,590,83044,100180,156906,4
pos_3,hold,2.0,0.0,3.5854,75,984075448,590,149280,100242,156917,4
pos_3,hold,2.0,0.0,3.6085,76,984097954,596,52180,100229,156918,4
pos_3,hold,2.0,0.0,3.6254,77,984116690,591,98237,100335,156964,4
pos_3,hold,2.0,0.0,3.6485,78,984139241,590,8109,100263,156966,4
pos_3,hold,2.0,0.0,3.6685,79,984158007,588,58933,100243,156935,4
pos_3,hold,2.0,0.0,3.6885,80,984176777,590,110513,100244,156951,4
pos_3,hold,2.0,0.0,3.7085,81,984199296,590,14831,100255,156896,4
pos_3,hold,2.0,0.0,3.7285,82,984218062,590,66375,100226,156913,4
pos_3,hold,2.0,0.0,3.7759,83,984250556,591,97729,100304,156970,4
pos_3,hold,2.0,0.0,3.7928,84,984269893,591,88822,100265,156965,4
pos_3,hold,2.0,0.0,3.8012,85,984293458,590,14487,100287,156949,4
pos_3,hold,2.0,0.0,3.8107,86,984302187,589,85834,100241,156927,4
pos_3,hold,2.0,0.0,3.8298,87,984320669,590,88862,100267,156919,4
pos_3,hold,2.0,0.0,3.854,88,984343175,590,148015,100229,156926,4
pos_3,hold,2.0,0.0,3.8708,89,984361926,590,39805,100261,156966,4
pos_3,hold,2.0,0.0,3.8898,90,984380691,590,90871,100291,156948,4
pos_3,hold,2.0,0.0,3.9203,91,984403234,592,156345,100217,156945,4
pos_3,hold,2.0,0.0,3.9319,92,984421433,591,111275,100254,156961,4
pos_3,hold,2.0,0.0,3.9626,93,984450780,590,77839,100278,156935,4
pos_3,hold,2.0,0.0,3.9742,94,984462939,591,104549,100277,156929,4
pos_3,hold,2.0,0.0,3.9931,95,984483309,590,114291,100249,156957,4
pos_3,hold,2.0,0.0,4.0121,96,984502074,590,8455,100280,156948,4
pos_3,hold,2.0,0.0,4.0216,97,984512857,590,114962,100249,156976,4
pos_3,hold,2.0,0.0,4.029,98,984521298,590,137437,100271,156979,4
pos_3,hold,2.0,0.0,4.0543,99,984543359,595,120664,100231,156928,4
pos_3,hold,2.0,0.0,4.0693,100,984560842,590,110559,100250,156958,4
pos_3,hold,2.0,0.0,4.0937,101,984583408,596,23374,100228,156914,4
pos_3,hold,2.0,0.0,4.1128,102,984602151,590,71274,100228,156921,4
pos_3,hold,2.0,0.0,4.1341,103,984624659,590,131053,100255,156967,4
pos_3,hold,2.0,0.0,4.1543,104,984644711,591,87037,100243,156942,4
pos_3,hold,2.0,0.0,4.1745,105,984663459,586,135443,100256,156931,4
pos_3,hold,2.0,0.0,4.1904,106,984682227,589,30057,100239,156929,4
pos_3,hold,2.0,0.0,4.2137,107,984704740,590,91423,100172,156881,4
pos_3,hold,2.0,0.0,4.2339,108,984723511,590,144192,100251,156957,4
pos_3,hold,2.0,0.0,4.255,109,984746045,592,51663,100254,156944,4
pos_3,hold,2.0,0.0,4.275,110,984764818,589,104204,100235,156919,4
pos_3,hold,2.0,0.0,4.2961,111,984787324,590,6798,100249,156942,4
pos_3,hold,2.0,0.0,4.315,112,984806093,590,58725,100237,156931,4
pos_3,hold,2.0,0.0,4.3393,113,984828606,590,119032,100245,156933,4
pos_3,hold,2.0,0.0,4.3551,114,984847349,590,9199,100279,156936,4
pos_3,hold,2.0,0.0,4.3751,115,984866096,590,57540,100286,156949,4
pos_3,hold,2.0,0.0,4.3993,116,984888659,590,126213,100280,156937,4
pos_3,hold,2.0,0.0,4.4152,117,984907431,591,21369,100287,156941,4
pos_3,hold,2.0,0.0,4.4363,118,984926202,588,73217,100266,156969,4
pos_3,hold,2.0,0.0,4.4564,119,984948708,589,132136,100260,156938,4
pos_3,hold,2.0,0.0,4.4753,120,984967478,589,27520,100260,156911,4
pos_3,hold,2.0,0.0,4.4995,121,984989989,590,88070,100234,156921,4
pos_3,hold,2.0,0.0,4.5196,122,985009959,589,29834,100240,156930,4
pos_3,hold,2.0,0.0,4.5228,123,985010897,590,32415,100239,156924,0
pos_3,hold,2.0,0.0,4.5396,124,985031290,589,46728,100231,156924,4
pos_3,hold,2.0,0.0,4.5587,125,985050030,590,93643,100298,156961,4
pos_3,hold,2.0,0.0,4.5787,126,985068807,590,147144,100293,156950,4
pos_3,hold,2.0,0.0,4.6009,127,985091343,590,54471,100227,156963,4
pos_3,hold,2.0,0.0,4.6199,0,985110117,589,107148,100242,156951,4
pos_3,hold,2.0,0.0,4.641,1,985132604,595,6258,100230,156921,4
pos_3,hold,2.0,0.0,4.66,2,985151400,590,62488,100231,156928,4
pos_3,hold,2.0,0.0,4.679,3,985170121,591,105420,100302,156954,4
pos_3,hold,2.0,0.0,4.7011,4,985192683,589,16723,100250,156953,4
pos_3,hold,2.0,0.0,4.7201,5,985211445,590,67152,100265,156969,4
pos_3,hold,2.0,0.0,4.7433,6,985233961,589,127869,100290,156951,4
pos_3,hold,2.0,0.0,4.7623,7,985252728,590,22004,100283,156987,4
pos_3,hold,2.0,0.0,4.7793,8,985271519,590,77080,100308,156976,4
pos_3,hold,2.0,0.0,4.8024,9,985294011,585,133999,100246,156948,4
pos_3,hold,2.0,0.0,4.8214,10,985312780,590,28953,100278,156930,4
pos_3,hold,2.0,0.0,4.8436,11,985335292,590,89308,100272,156984,4
pos_3,hold,2.0,0.0,4.8625,12,985354088,591,145299,100302,156973,4
pos_3,hold,2.0,0.0,4.8846,13,985376620,592,51907,100270,156977,4
pos_3,hold,2.0,0.0,4.9036,14,985395368,589,100055,100280,156936,4
pos_3,hold,2.0,0.0,4.9236,15,985414140,583,151927,100277,156977,4
pos_3,hold,2.0,0.0,4.9447,16,985436673,592,57858,100295,157013,4
pos_3,hold,2.0,0.0,4.9638,17,985455422,589,105803,100258,156976,4
pos_3,hold,2.0,0.0,4.9851,18,985475418,590,51606,100258,156960,4
pos_3,hold,2.0,0.0,5.006,19,985497960,590,116718,100292,156971,4
pos_3,hold,2.0,0.0,5.0192,20,985510480,590,47662,100261,156966,4
pos_3,hold,2.0,0.0,5.0259,21,985518975,593,79107,100308,156980,4
pos_3,hold,2.0,0.0,5.0511,22,985536755,587,119600,100252,156951,4
pos_3,hold,2.0,0.0,5.0891,23,985565478,590,137397,100238,156945,4
pos_3,hold,2.0,0.0,5.1042,24,985584844,590,133439,100267,156978,4
pos_3,hold,2.0,0.0,5.114,25,985606251,590,5306,100272,156986,4
pos_3,hold,2.0,0.0,5.13,26,985619340,589,32807,100258,156959,4
pos_3,hold,2.0,0.0,5.1503,27,985641879,590,97566,100292,156953,4
pos_3,hold,2.0,0.0,5.1685,28,985660620,589,144809,100251,156954,4
pos_3,hold,2.0,0.0,5.1917,29,985683156,596,52118,100255,156958,4
pos_3,hold,2.0,0.0,5.2097,30,985701935,590,105300,100271,156967,4
pos_3,hold,2.0,0.0,5.2371,31,985720698,590,155425,100282,156988,4
pos_3,hold,2.0,0.0,5.254,32,985740728,590,106406,100269,157012,4
pos_3,hold,2.0,0.0,5.2815,33,985769465,590,124235,100270,156997,4
pos_3,hold,2.0,0.0,5.2899,34,985782925,590,57593,100287,156993,4
pos_3,hold,2.0,0.0,5.3088,35,985800790,589,112155,100290,156940,4
pos_3,hold,2.0,0.0,5.3331,36,985823325,590,19447,100267,156976,4
pos_3,hold,2.0,0.0,5.35,37,985842091,590,70427,100280,156940,4
pos_3,hold,2.0,0.0,5.369,38,985860840,595,118428,100302,156967,4
pos_3,hold,2.0,0.0,5.391,39,985883377,589,25007,100264,156968,4
pos_3,hold,2.0,0.0,5.41,40,985902142,590,75639,100266,156971,4
pos_3,hold,2.0,0.0,5.4332,41,985924656,589,136129,100237,156938,4
pos_3,hold,2.0,0.0,5.4512,42,985943455,590,36028,100234,156922,4
pos_3,hold,2.0,0.0,5.4733,43,985965962,596,94825,100265,156981,4
pos_3,hold,2.0,0.0,5.4922,44,985984732,590,146572,100253,156979,4
pos_3,hold,2.0,0.0,5.5154,45,986007267,591,53277,100283,156995,4
pos_3,hold,2.0,0.0,5.5249,46,986015739,589,80642,100294,156959,4
pos_3,hold,2.0,0.0,5.5354,47,986028063,591,135003,100262,157003,4
pos_3,hold,2.0,0.0,5.5523,48,986044777,590,150755,100235,156961,4
pos_3,hold,2.0,0.0,5.5745,49,986067324,590,59684,100229,156926,4
pos_3,hold,2.0,0.0,5.5934,50,986086067,590,106850,100282,156993,4
pos_3,hold,2.0,0.0,5.6155,51,986108611,590,14513,100285,157009,4
pos_3,hold,2.0,0.0,5.6345,52,986127375,597,64587,100267,156982,4
pos_3,hold,2.0,0.0,5.6587,53,986149913,590,129028,100275,156970,4
pos_3,hold,2.0,0.0,5.6755,54,986168662,590,19190,100286,156998,4
pos_3,hold,2.0,0.0,5.6987,55,986191192,590,81085,100314,156993,4
pos_3,hold,2.0,0.0,5.7187,56,986209960,590,131715,100279,156992,4
pos_3,hold,2.0,0.0,5.7398,57,986232504,590,39674,100304,156969,4
pos_3,hold,2.0,0.0,5.7598,58,986251241,590,85645,100278,156979,4
pos_3,hold,2.0,0.0,5.7798,59,986272525,594,93560,100246,156937,4
pos_3,hold,2.0,0.0,5.7988,60,986291296,591,145093,100281,156992,4
pos_3,hold,2.0,0.0,5.8188,61,986311291,590,90445,100273,156980,4
pos_3,hold,2.0,0.0,5.8409,62,986333864,590,2710,100284,157002,4
pos_3,hold,2.0,0.0,5.863,63,986352628,590,52479,100294,157025,4
pos_3,hold,2.0,0.0,5.8799,64,986372653,590,2810,100266,156978,4
pos_3,hold,2.0,0.0,5.8989,65,986391398,589,49819,100279,156985,4
pos_3,hold,2.0,0.0,5.921,66,986413935,590,113411,100278,157013,4
pos_3,hold,2.0,0.0,5.94,67,986432712,589,9125,100253,156953,4
pos_3,hold,2.0,0.0,5.9633,68,986455216,590,67618,100267,156972,4
pos_3,hold,2.0,0.0,5.9844,69,986473982,590,118265,100268,156987,4
pos_3,hold,2.0,0.0,6.0003,70,986494014,590,69970,100276,156946,4
pos_3,hold,2.0,0.0,6.0225,71,986513978,589,10716,100250,156952,4
pos_3,hold,2.0,0.0,6.0246,72,986514941,590,17529,100244,156946,0
pos_3,hold,2.0,0.0,6.0447,73,986535316,589,27361,100305,157034,4
pos_3,hold,2.0,0.0,6.0617,74,986554082,589,77995,100306,156972,4
pos_3,hold,2.0,0.0,6.0818,75,986574061,590,20878,100312,156991,4
pos_3,hold,2.0,0.0,6.1039,76,986596622,590,88692,100249,156947,4
pos_3,hold,2.0,0.0,6.1218,77,986615388,590,139289,100303,156972,4
pos_3,hold,2.0,0.0,6.145,78,986637906,590,42907,100228,156980,4
pos_3,hold,2.0,0.0,6.164,79,986656671,590,93469,100274,156987,4
pos_3,hold,2.0,0.0,6.1831,80,986675439,590,144276,100271,156967,4
pos_3,hold,2.0,0.0,6.2042,81,986697980,590,51810,100312,156978,4
pos_3,hold,2.0,0.0,6.2232,82,986716751,588,103661,100266,156999,4
pos_3,hold,2.0,0.0,6.2433,83,986735501,590,151743,100275,156988,4
pos_3,hold,2.0,0.0,6.2644,84,986758063,590,62800,100290,157012,4
pos_3,hold,2.0,0.0,6.2833,85,986776803,590,109213,100269,156954,4
pos_3,hold,2.0,0.0,6.3054,86,986799322,589,12176,100282,157004,4
pos_3,hold,2.0,0.0,6.3244,87,986818115,591,66888,100334,157024,4
pos_3,hold,2.0,0.0,6.3433,88,986836886,590,117623,100282,157015,4
pos_3,hold,2.0,0.0,6.3791,89,986859347,591,10946,100303,156979,4
pos_3,hold,2.0,0.0,6.4034,90,986882395,590,4387,100313,156986,4
pos_3,hold,2.0,0.0,6.4181,91,986900005,589,15481,100267,156977,4
pos_3,hold,2.0,0.0,6.4276,92,986921369,590,37069,100312,156988,4
pos_3,hold,2.0,0.0,6.4456,93,986939484,587,134377,100236,156926,4
pos_3,hold,2.0,0.0,6.4688,94,986961998,589,37620,100253,156947,4
pos_3,hold,2.0,0.0,6.4898,95,986980791,590,93239,100239,156936,4
pos_3,hold,2.0,0.0,6.5098,96,987003326,590,156806,100306,157017,4
pos_3,hold,2.0,0.0,6.5204,97,987014116,583,107333,100317,156989,4
pos_3,hold,2.0,0.0,6.5288,98,987022526,591,124235,100299,156994,4
pos_3,hold,2.0,0.0,6.5552,99,987043131,590,16352,100296,156967,4
pos_3,hold,2.0,0.0,6.5899,100,987072137,589,80941,100282,157003,4
pos_3,hold,2.0,0.0,6.5973,101,987089023,590,125980,100234,156992,4
pos_3,hold,2.0,0.0,6.6099,102,987102380,590,42136,100255,156952,4
pos_3,hold,2.0,0.0,6.6299,103,987123404,589,5898,100300,156965,4
pos_3,hold,2.0,0.0,6.653,104,987145935,590,69523,100248,156936,4
pos_3,hold,2.0,0.0,6.671,105,987164715,584,122704,100253,156959,4
pos_3,hold,2.0,0.0,6.6899,106,987183486,590,17706,100295,156954,4
pos_3,hold,2.0,0.0,6.712,107,987205994,590,77455,100282,156945,4
pos_3,hold,2.0,0.0,6.731,108,987224766,590,129102,100256,156976,4
pos_3,hold,2.0,0.0,6.7532,109,987247301,590,36019,100270,156985,4
pos_3,hold,2.0,0.0,6.7721,110,987266074,589,87740,100308,156984,4
pos_3,hold,2.0,0.0,6.7912,111,987284815,584,134324,100281,156928,4
pos_3,hold,2.0,0.0,6.8133,112,987307354,590,41897,100316,156993,4
pos_3,hold,2.0,0.0,6.8333,113,987326125,590,93387,100262,156955,4
pos_3,hold,2.0,0.0,6.8554,114,987348660,590,156673,100287,157011,4
pos_3,hold,2.0,0.0,6.8735,115,987367414,589,48561,100249,156954,4
pos_3,hold,2.0,0.0,6.8947,116,987386183,590,100017,100279,157002,4
pos_3,hold,2.0,0.0,6.9159,117,987408694,590,3123,100279,156933,4
pos_3,hold,2.0,0.0,6.9349,118,987428695,584,107277,100241,156942,4
pos_3,hold,2.0,0.0,6.9539,119,987447497,590,6710,100307,156976,4
pos_3,hold,2.0,0.0,6.976,120,987470002,591,64966,100288,156950,4
pos_3,hold,2.0,0.0,6.9961,121,987488779,594,117836,100247,156940,4
pos_3,hold,2.0,0.0,7.0132,122,987507546,590,11781,100255,156956,4
pos_3,hold,2.0,0.0,7.0249,123,987518358,586,123147,100271,156974,4
pos_3,hold,2.0,0.0,7.0345,124,987528194,588,68340,100279,156999,4
pos_3,hold,2.0,0.0,7.0536,125,987547590,591,68988,100314,156980,4
pos_3,hold,2.0,0.0,7.0759,126,987570101,590,128502,100287,157013,4
pos_3,hold,2.0,0.0,7.095,127,987588873,589,22887,100272,156981,4
pos_3,hold,2.0,0.0,7.1141,0,987607638,590,73535,100273,156978,4
pos_3,hold,2.0,0.0,7.1364,1,987630156,585,133915,100267,156989,4
pos_3,hold,2.0,0.0,7.1566,2,987650205,590,88593,100276,156984,4
pos_3,hold,2.0,0.0,7.1757,3,987668980,590,140951,100264,156956,4
pos_3,hold,2.0,0.0,7.199,4,987691489,590,43602,100276,156930,4
pos_3,hold,2.0,0.0,7.215,5,987708977,590,34039,100291,156958,4
pos_3,hold,2.0,0.0,7.2374,6,987731514,590,98242,100250,156955,4
pos_3,hold,2.0,0.0,7.2565,7,987750285,590,149925,100267,156982,4
pos_3,hold,2.0,0.0,7.2787,8,987772821,590,56890,100245,156927,4
pos_3,hold,2.0,0.0,7.2988,9,987791571,595,105202,100272,156932,4
pos_3,hold,2.0,0.0,7.3157,10,987810338,590,156554,100270,156954,4
pos_3,hold,2.0,0.0,7.34,11,987832850,590,59673,100259,156911,4
pos_3,hold,2.0,0.0,7.358,12,987851618,590,111417,100296,156957,4
pos_3,hold,2.0,0.0,7.376,13,987870388,594,5967,100297,156969,4
pos_3,hold,2.0,0.0,7.3983,14,987892898,590,65695,100264,156969,4
pos_3,hold,2.0,0.0,7.4174,15,987911698,586,122960,100230,156908,4
pos_3,hold,2.0,0.0,7.4365,16,987930441,590,13586,100243,156932,4
pos_3,hold,2.0,0.0,7.4588,17,987952952,590,73445,100211,156951,4
pos_3,hold,2.0,0.0,7.4789,18,987971724,589,125763,100261,156960,4
pos_3,hold,2.0,0.0,7.5,19,987994267,590,33478,100313,156987,4
pos_3,hold,2.0,0.0,7.518,20,988012975,589,74233,100225,156979,4
pos_3,hold,2.0,0.0,7.5234,21,988015537,589,38889,100259,156962,4
pos_3,hold,2.0,0.0,7.5403,22,988034312,590,91304,100276,156935,4
pos_3,hold,2.0,0.0,7.5593,23,988053054,591,138177,100277,156960,4
pos_3,hold,2.0,0.0,7.5805,24,988071824,589,32751,100250,156951,4
pos_3,hold,2.0,0.0,7.5995,25,988094364,589,97816,100236,156933,4
pos_3,hold,2.0,0.0,7.6185,26,988113108,589,145025,100269,156989,4
pos_3,hold,2.0,0.0,7.6406,27,988135622,593,48202,100274,156977,4
pos_3,hold,2.0,0.0,7.6595,28,988154421,590,104552,100257,156974,4
pos_3,hold,2.0,0.0,7.6943,29,988176930,589,6467,100243,157001,4
pos_3,hold,2.0,0.0,7.7121,30,988197526,590,54876,100235,156928,4
pos_3,hold,2.0,0.0,7.7227,31,988216467,588,136126,100230,156933,4
pos_3,hold,2.0,0.0,7.7449,32,988238231,590,69538,100288,156944,4
pos_3,hold,2.0,0.0,7.7639,33,988256981,590,118073,100297,156952,4
pos_3,hold,2.0,0.0,7.7839,34,988278232,590,120730,100273,156938,4
pos_3,hold,2.0,0.0,7.804,35,988297040,590,21730,100319,156991,4
pos_3,hold,2.0,0.0,7.825,36,988319570,590,84616,100264,156968,4
pos_3,hold,2.0,0.0,7.8451,37,988338310,591,131069,100312,156967,4
pos_3,hold,2.0,0.0,7.8895,38,988358338,590,82062,100255,156972,4
pos_3,hold,2.0,0.0,7.8927,39,988379874,590,133098,100246,156979,4
pos_3,hold,2.0,0.0,7.9021,40,988398587,590,18086,100249,156943,4
pos_3,hold,2.0,0.0,7.9243,41,988419644,590,144001,100275,157008,4
pos_3,hold,2.0,0.0,7.9433,42,988438415,589,38341,100260,156967,4
pos_3,hold,2.0,0.0,7.9655,43,988460925,590,98069,100291,156958,4
pos_3,hold,2.0,0.0,7.9845,44,988479724,589,154718,100294,156966,4
pos_3,hold,2.0,0.0,8.0034,45,988498467,590,45029,100264,156969,4
pos_3,hold,2.0,0.0,8.0245,46,988518438,589,143924,100294,156971,4
pos_3,hold,2.0,0.0,8.0266,47,988519374,591,146076,100266,156956,0
pos_3,hold,2.0,0.0,8.0458,48,988540968,596,49994,100298,156961,4
pos_3,hold,2.0,0.0,8.0647,49,988559777,590,108263,100271,156987,4
pos_3,hold,2.0,0.0,8.088,50,988582309,590,13849,100276,156992,4
pos_3,hold,2.0,0.0,8.1059,51,988601054,589,61179,100240,156926,4
pos_3,hold,2.0,0.0,8.125,52,988619852,590,117760,100249,156953,4
pos_3,hold,2.0,0.0,8.144,53,988638591,590,7226,100272,156988,4
pos_3,hold,2.0,0.0,8.1662,54,988661126,590,70567,100273,156981,4
pos_3,hold,2.0,0.0,8.1841,55,988679893,585,121561,100297,156991,4
pos_3,hold,2.0,0.0,8.2084,56,988702401,590,23844,100281,156945,4
pos_3,hold,2.0,0.0,8.2295,57,988722432,590,133231,100304,156963,4
pos_3,hold,2.0,0.0,8.2475,58,988741201,590,27947,100269,156932,4
pos_3,hold,2.0,0.0,8.2696,59,988762433,589,27976,100244,156938,4
pos_3,hold,2.0,0.0,8.2854,60,988781226,590,83945,100249,156950,4
pos_3,hold,2.0,0.0,8.3044,61,988800001,588,137057,100253,156927,4
pos_3,hold,2.0,0.0,8.3277,62,988822489,590,37087,100270,156922,4
pos_3,hold,2.0,0.0,8.3488,63,988842484,591,140357,100247,156966,4
pos_3,hold,2.0,0.0,8.3657,64,988861280,589,39204,100265,156977,4
pos_3,hold,2.0,0.0,8.3846,65,988880057,590,91957,100246,156948,4
pos_3,hold,2.0,0.0,8.4088,66,988902565,584,151802,100265,156965,4
pos_3,hold,2.0,0.0,8.4257,67,988921344,590,48151,100292,156958,4
pos_3,hold,2.0,0.0,8.45,68,988943852,589,107571,100250,156961,4
pos_3,hold,2.0,0.0,8.4679,69,988962621,590,2184,100301,156972,4
pos_3,hold,2.0,0.0,8.4858,70,988981397,590,54584,100306,156974,4
pos_3,hold,2.0,0.0,8.509,71,989003904,590,113682,100268,156931,4
pos_3,hold,2.0,0.0,8.5237,72,989017680,590,101298,100282,156944,4
pos_3,hold,2.0,0.0,8.53,73,989026157,590,129678,100317,156991,4
pos_3,hold,2.0,0.0,8.549,74,989043929,590,11534,100251,156948,4
pos_3,hold,2.0,0.0,8.5691,75,989062730,590,68665,100276,156931,4
pos_3,hold,2.0,0.0,8.5891,76,989085234,589,127612,100290,156946,4
pos_3,hold,2.0,0.0,8.6081,77,989104002,594,21636,100260,156981,4
pos_3,hold,2.0,0.0,8.6281,78,989123972,584,120080,100304,156974,4
pos_3,hold,2.0,0.0,8.6482,79,989142798,590,24732,100283,156934,4
pos_3,hold,2.0,0.0,8.6692,80,989165298,589,83540,100235,156921,4
pos_3,hold,2.0,0.0,8.6882,81,989184074,585,136789,100238,156924,4
pos_3,hold,2.0,0.0,8.7103,82,989206580,590,38959,100243,156943,4
pos_3,hold,2.0,0.0,8.7292,83,989225354,590,91403,100240,156932,4
pos_3,hold,2.0,0.0,8.7524,84,989247860,589,150223,100273,156974,4
pos_3,hold,2.0,0.0,8.7704,85,989266631,590,45287,100259,156959,4
pos_3,hold,2.0,0.0,8.7935,86,989289148,590,106423,100266,156934,4
pos_3,hold,2.0,0.0,8.8135,87,989307910,590,156789,100252,156934,4
pos_3,hold,2.0,0.0,8.8304,88,989326682,590,52053,100266,156971,4
pos_3,hold,2.0,0.0,8.8538,89,989349222,590,116997,100286,156962,4
pos_3,hold,2.0,0.0,8.8738,90,989367964,589,7058,100249,156958,4
pos_3,hold,2.0,0.0,8.8948,91,989390478,590,67247,100252,156949,4
pos_3,hold,2.0,0.0,8.9138,92,989409275,589,123246,100307,156958,4
pos_3,hold,2.0,0.0,8.9338,93,989429242,590,64209,100284,157007,4
pos_3,hold,2.0,0.0,8.9559,94,989451811,590,133908,100270,156920,4
pos_3,hold,2.0,0.0,8.9759,95,989470555,590,24612,100241,156948,4
pos_3,hold,2.0,0.0,9.0085,96,989494938,591,88735,100280,156939,4
pos_3,hold,2.0,0.0,9.0201,97,989513944,589,23169,100307,156977,4
pos_3,hold,2.0,0.0,9.0243,98,989519474,591,21522,100249,156956,4
pos_3,hold,2.0,0.0,9.0359,99,989531882,590,90193,100274,156981,4
pos_3,hold,2.0,0.0,9.0591,100,989554390,585,149105,100254,156967,4
pos_3,hold,2.0,0.0,9.0791,101,989573160,590,43918,100254,156953,4
pos_3,hold,2.0,0.0,9.097,102,989591933,590,96016,100290,156950,4
pos_3,hold,2.0,0.0,9.118,103,989614441,590,155086,100280,156996,4
pos_3,hold,2.0,0.0,9.1392,104,989633214,591,49326,100268,156979,4
pos_3,hold,2.0,0.0,9.1583,105,989651982,590,99817,100277,156986,4
pos_3,hold,2.0,0.0,9.191,106,989678259,590,14608,100330,157014,4
pos_3,hold,2.0,0.0,9.2005,107,989695176,591,64748,100333,157012,4
pos_3,hold,2.0,0.0,9.2184,108,989714546,590,61288,100242,156934,4
pos_3,hold,2.0,0.0,9.2396,109,989733317,590,113374,100250,156935,4
pos_3,hold,2.0,0.0,9.2597,110,989754577,590,117253,100327,156961,4
pos_3,hold,2.0,0.0,9.2808,111,989775858,590,125422,100273,156900,4
pos_3,hold,2.0,0.0,9.2987,112,989793374,597,121281,100304,156987,4
pos_3,hold,2.0,0.0,9.3197,113,989814635,590,125368,100249,156949,4
pos_3,hold,2.0,0.0,9.3418,114,989835914,592,132721,100261,156970,4
pos_3,hold,2.0,0.0,9.3608,115,989857176,588,136900,100220,156962,4
pos_3,hold,2.0,0.0,9.3797,116,989875971,594,35917,100240,156934,4
pos_3,hold,2.0,0.0,9.405,117,989898473,594,94600,100271,156976,4
pos_3,hold,2.0,0.0,9.4208,118,989917223,590,142869,100233,156951,4
pos_3,hold,2.0,0.0,9.4411,119,989935964,590,33447,100242,156935,4
pos_3,hold,2.0,0.0,9.4633,120,989958526,589,102140,100233,156967,4
pos_3,hold,2.0,0.0,9.4802,121,989977273,590,150483,100278,156969,4
pos_3,hold,2.0,0.0,9.5024,122,989998556,590,2405,100273,156928,4
pos_3,hold,2.0,0.0,9.5225,123,990018495,588,96917,100238,156927,4
pos_3,hold,2.0,0.0,9.5277,124,990019431,591,99011,100229,156921,0
pos_3,hold,2.0,0.0,9.5435,125,990039831,588,114672,100239,156921,4
pos_3,hold,2.0,0.0,9.5646,126,990058584,590,6977,100250,156949,4
pos_3,hold,2.0,0.0,9.5804,127,990077350,589,58710,100290,156943,4
pos_3,hold,2.0,0.0,9.6047,0,990099856,590,118274,100239,156947,4
pos_3,hold,2.0,0.0,9.6236,1,990118639,589,15469,100290,156944,4
pos_3,hold,2.0,0.0,9.6447,2,990141142,590,74622,100212,156891,4
pos_3,hold,2.0,0.0,9.6636,3,990159893,590,124356,100218,156904,4
pos_3,hold,2.0,0.0,9.6858,4,990182408,590,28777,100246,156943,4
pos_3,hold,2.0,0.0,9.705,5,990201203,591,84825,100305,156973,4
pos_3,hold,2.0,0.0,9.7241,6,990221179,590,27707,100301,156970,4
pos_3,hold,2.0,0.0,9.7484,7,990243713,590,91316,100240,156936,4
pos_3,hold,2.0,0.0,9.7653,8,990262482,590,143513,100263,156909,4
pos_3,hold,2.0,0.0,9.7843,9,990281262,590,40910,100180,156894,4
pos_3,hold,2.0,0.0,9.8085,10,990303764,590,100073,100272,156909,4
pos_3,hold,2.0,0.0,9.8264,11,990322516,589,149526,100245,156925,4
pos_3,hold,2.0,0.0,9.8496,12,990345051,590,57375,100231,156918,4
pos_3,hold,2.0,0.0,9.8686,13,990363791,583,104669,100265,156903,4
pos_3,hold,2.0,0.0,9.8896,14,990386336,590,13952,100240,156932,4
pos_3,hold,2.0,0.0,9.9086,15,990405072,590,60130,100310,156991,4
pos_3,hold,2.0,0.0,9.9286,16,990423867,590,115500,100277,156993,4
pos_3,hold,2.0,0.0,9.9496,17,990446387,590,19678,100226,156968,4
pos_3,hold,2.0,0.0,9.9686,18,990465128,590,66366,100267,156982,4
pos_3,hold,2.0,0.0,9.9897,19,990483904,596,119573,100257,156966,4
pos_3,hold,2.0,0.0,10.0107,20,990506438,590,26129,100265,156973,4
pos_3,hold,2.0,0.0,10.0244,21,990520981,589,144499,100202,156919,4
pos_3,hold,2.0,0.0,10.0286,22,990523898,590,12573,100245,156942,4
pos_3,hold,2.0,0.0,10.0508,23,990546455,596,81106,100260,156960,4
pos_3,hold,2.0,0.0,10.0688,24,990565225,589,133049,100237,156917,4
pos_3,hold,2.0,0.0,10.0909,25,990587742,596,37181,100213,156950,4
pos_3,hold,2.0,0.0,10.1109,26,990606508,589,88789,100250,156943,4
pos_3,hold,2.0,0.0,10.1289,27,990625260,590,138064,100240,156919,4
pos_3,hold,2.0,0.0,10.15,28,990647767,590,40493,100270,156973,4
pos_3,hold,2.0,0.0,10.169,29,990666534,594,91951,100247,156941,4
pos_3,hold,2.0,0.0,10.1944,30,990689053,590,153264,100254,156979,4
pos_3,hold,2.0,0.0,10.2103,31,990707825,590,48482,100283,156941,4
pos_3,hold,2.0,0.0,10.2292,32,990726591,589,99118,100232,156989,4
pos_3,hold,2.0,0.0,10.2524,33,990749110,590,3231,100302,156973,4
pos_3,hold,2.0,0.0,10.2735,34,990767873,590,53562,100210,156950,4
pos_3,hold,2.0,0.0,10.3051,35,990793949,594,91856,100246,156940,4
pos_3,hold,2.0,0.0,10.3148,36,990811038,590,15007,100231,156915,4
pos_3,hold,2.0,0.0,10.3338,37,990830407,590,12294,100275,156923,4
pos_3,hold,2.0,0.0,10.354,38,990849210,590,69692,100248,156943,4
pos_3,hold,2.0,0.0,10.3709,39,990867951,589,116558,100252,156951,4
pos_3,hold,2.0,0.0,10.394,40,990890488,591,23789,100298,156964,4
pos_3,hold,2.0,0.0,10.414,41,990909260,589,75650,100251,156961,4
pos_3,hold,2.0,0.0,10.4351,42,990931766,583,134100,100227,156972,4
pos_3,hold,2.0,0.0,10.4544,43,990950548,589,30378,100266,156966,4
pos_3,hold,2.0,0.0,10.4882,44,990975564,590,45506,100250,156951,4
pos_3,hold,2.0,0.0,10.4956,45,990992445,590,90307,100285,156949,4
pos_3,hold,2.0,0.0,10.5145,46,991011821,590,88692,100231,156927,4
pos_3,hold,2.0,0.0,10.5261,47,991022631,589,42987,100288,156951,4
pos_3,hold,2.0,0.0,10.5335,48,991031041,590,60205,100259,156961,4
pos_3,hold,2.0,0.0,10.5546,49,991051869,589,147669,100277,156976,4
pos_3,hold,2.0,0.0,10.5737,50,991070641,590,43117,100248,156960,4
pos_3,hold,2.0,0.0,10.5959,51,991090614,590,142591,100198,156945,4
pos_3,hold,2.0,0.0,10.6138,52,991110665,591,98324,100317,156994,4
pos_3,hold,2.0,0.0,10.6359,53,991133179,588,1247,100279,156946,4
pos_3,hold,2.0,0.0,10.6549,54,991151952,591,53289,100254,156955,4
pos_3,hold,2.0,0.0,10.6791,55,991174459,589,112534,100245,156956,4
pos_3,hold,2.0,0.0,10.696,56,991193229,589,7060,100243,156929,4
pos_3,hold,2.0,0.0,10.7191,57,991215769,590,72007,100239,156995,4
pos_3,hold,2.0,0.0,10.7391,58,991234539,583,123492,100265,156962,4
pos_3,hold,2.0,0.0,10.756,59,991253289,589,14291,100289,156957,4
pos_3,hold,2.0,0.0,10.7781,60,991275817,589,77043,100226,156965,4
pos_3,hold,2.0,0.0,10.7981,61,991294586,590,128605,100285,156951,4
pos_3,hold,2.0,0.0,10.8191,62,991317102,589,32729,100223,156907,4
pos_3,hold,2.0,0.0,10.8391,63,991335866,590,84152,100279,156934,4
pos_3,hold,2.0,0.0,10.8602,64,991358373,589,143708,100217,156939,4
pos_3,hold,2.0,0.0,10.8791,65,991377154,590,40121,100223,156969,4
pos_3,hold,2.0,0.0,10.9013,66,991397118,590,137546,100265,156959,4
pos_3,hold,2.0,0.0,10.9234,67,991420946,589,107382,100259,156992,4
pos_3,hold,2.0,0.0,10.9434,68,991439715,590,1858,100295,156956,4
pos_3,hold,2.0,0.0,10.9604,69,991458484,589,52995,100242,156996,4
pos_3,hold,2.0,0.0,10.9836,70,991480995,590,112756,100297,156973,4
pos_3,hold,2.0,0.0,11.0036,71,991499767,589,7527,100258,156955,4
pos_3,hold,2.0,0.0,11.0289,72,991523470,589,112984,100222,156962,4
pos_3,hold,2.0,0.0,11.0289,73,991524415,590,116713,100240,156956,0
pos_3,hold,2.0,0.0,11.0438,74,991541043,592,118111,100264,156973,4
pos_3,hold,2.0,0.0,11.0659,75,991563559,591,21760,100308,156977,4
pos_3,hold,2.0,0.0,11.0849,76,991582353,590,77237,100274,156933,4
pos_3,hold,2.0,0.0,11.1039,77,991601124,591,129368,100255,156933,4
pos_3,hold,2.0,0.0,11.127,78,991623611,590,28405,100248,156954,4
pos_3,hold,2.0,0.0,11.145,79,991642404,590,83767,100308,156982,4
pos_3,hold,2.0,0.0,11.164,80,991661175,590,135139,100256,156961,4
pos_3,hold,2.0,0.0,11.183,81,991681147,590,77303,100257,156955,4
pos_3,hold,2.0,0.0,11.2053,82,991703682,590,141262,100243,156950,4
pos_3,hold,2.0,0.0,11.2242,83,991722460,590,37755,100237,156932,4
pos_3,hold,2.0,0.0,11.2432,84,991741225,590,88658,100292,156953,4
pos_3,hold,2.0,0.0,11.2664,85,991763760,581,152550,100250,156947,4
pos_3,hold,2.0,0.0,11.2844,86,991782538,588,49051,100266,156965,4
pos_3,hold,2.0,0.0,11.3034,87,991801273,590,94966,100223,156973,4
pos_3,hold,2.0,0.0,11.3255,88,991823815,589,3604,100224,156967,4
pos_3,hold,2.0,0.0,11.3466,89,991842559,590,51050,100291,156957,4
pos_3,hold,2.0,0.0,11.3645,90,991862582,590,2225,100242,156944,4
pos_3,hold,2.0,0.0,11.3888,91,991885095,590,62470,100271,156976,4
pos_3,hold,2.0,0.0,11.4056,92,991903864,590,113565,100259,156959,4
pos_3,hold,2.0,0.0,11.4246,93,991922636,590,8329,100285,156956,4
pos_3,hold,2.0,0.0,11.4488,94,991945147,590,68664,100236,156925,4
pos_3,hold,2.0,0.0,11.4658,95,991962630,590,59289,100230,156919,4
pos_3,hold,2.0,0.0,11.488,96,991985193,590,128540,100238,156929,4
pos_3,hold,2.0,0.0,11.5058,97,992003942,590,20027,100276,156918,4
pos_3,hold,2.0,0.0,11.529,98,992023904,590,117258,100280,156983,4
pos_3,hold,2.0,0.0,11.529,99,992024844,590,119988,100308,156994,0
pos_3,hold,2.0,0.0,11.549,100,992045240,591,134228,100262,156966,4
pos_3,hold,2.0,0.0,11.5711,101,992067775,590,40950,100261,156969,4
pos_3,hold,2.0,0.0,11.6058,102,992093852,591,78625,100276,156986,4
pos_3,hold,2.0,0.0,11.6132,103,992110908,590,152380,100273,156980,4
pos_3,hold,2.0,0.0,11.629,104,992126540,590,140956,100290,157000,4
pos_3,hold,2.0,0.0,11.6511,105,992149082,590,49016,100248,156936,4
pos_3,hold,2.0,0.0,11.6734,106,992170360,590,55861,100332,157017,4
pos_3,hold,2.0,0.0,11.6902,107,992189110,590,103604,100226,156967,4
pos_3,hold,2.0,0.0,11.7092,108,992207909,590,3157,100248,156942,4
pos_3,hold,2.0,0.0,11.7334,109,992230414,590,61157,100295,157018,4
pos_3,hold,2.0,0.0,11.7503,110,992249160,587,108316,100257,156958,4
pos_3,hold,2.0,0.0,11.7841,111,992273579,597,21462,100287,157001,4
pos_3,hold,2.0,0.0,11.7936,112,992289864,596,120973,100278,156999,4
pos_3,hold,2.0,0.0,11.8104,113,992309239,589,118335,100268,156968,4
pos_3,hold,2.0,0.0,11.8336,114,992331747,589,20339,100263,156965,4
pos_3,hold,2.0,0.0,11.8537,115,992350519,590,72570,100243,156936,4
pos_3,hold,2.0,0.0,11.8707,116,992369290,592,124623,100284,156997,4
pos_3,hold,2.0,0.0,11.8939,117,992391823,590,30437,100307,156986,4
pos_3,hold,2.0,0.0,11.9139,118,992410599,589,82706,100268,156975,4
pos_3,hold,2.0,0.0,11.9349,119,992433104,590,141132,100245,157017,4
pos_3,hold,2.0,0.0,11.9539,120,992451872,589,34697,100281,157002,4
pos_3,hold,2.0,0.0,11.974,121,992470645,590,86503,100258,156961,4
pos_3,hold,2.0,0.0,11.995,122,992493178,590,150017,100258,156992,4
move_4,spin,2.0,0.15,0.0192,1,992563163,598,118282,100423,156908,4
move_4,spin,2.0,0.15,0.035,2,992584508,592,137430,100506,156932,4
move_4,spin,2.0,0.15,0.0551,3,992603273,592,31455,100642,156965,4
move_4,spin,2.0,0.15,0.0782,4,992625779,593,90429,100667,156953,4
move_4,spin,2.0,0.15,0.0961,5,992644555,592,143173,100741,156955,4
move_4,spin,2.0,0.15,0.1141,6,992663317,593,36387,100809,156987,4
move_4,spin,2.0,0.15,0.1394,7,992685852,593,100307,100860,156950,4
move_4,spin,2.0,0.15,0.1563,8,992704598,595,147724,100987,156963,4
move_4,spin,2.0,0.15,0.1753,9,992723386,595,44943,101096,157016,4
move_4,spin,2.0,0.15,0.1974,10,992745893,595,103077,101141,157034,4
move_4,spin,2.0,0.15,0.2154,11,992764673,595,155707,101172,156961,4
move_4,spin,2.0,0.15,0.2344,12,992783446,596,50993,101254,156963,4
move_4,spin,2.0,0.15,0.2544,13,992803422,589,150555,101307,156937,4
move_4,spin,2.0,0.15,0.2787,14,992825973,596,60349,101347,156939,4
move_4,spin,2.0,0.15,0.2955,15,992844749,597,112635,101499,156980,4
move_4,spin,2.0,0.15,0.3229,16,992867271,598,16863,101554,156967,4
move_4,spin,2.0,0.15,0.3376,17,992886020,601,64368,101614,156998,4
move_4,spin,2.0,0.15,0.3597,18,992908553,598,127163,101715,156967,4
move_4,spin,2.0,0.15,0.3787,19,992928607,598,82524,101799,156994,4
move_4,spin,2.0,0.15,0.3977,20,992947354,599,129625,101825,156974,4
move_4,spin,2.0,0.15,0.4199,21,992969881,600,35392,101946,156984,4
move_4,spin,2.0,0.15,0.4391,22,992988652,602,86531,101989,156989,4
move_4,spin,2.0,0.15,0.4603,23,993007421,594,136962,102048,157027,4
move_4,spin,2.0,0.15,0.4795,24,993029950,600,42222,102126,156953,4
move_4,spin,2.0,0.15,0.4986,25,993048722,601,94179,102217,156985,4
move_4,spin,2.0,0.15,0.5188,26,993063729,602,133869,102231,156944,4
move_4,spin,2.0,0.15,0.5241,27,993072257,602,14146,102254,156983,4
move_4,spin,2.0,0.15,0.539,28,993088718,602,143880,102367,156991,4
move_4,spin,2.0,0.15,0.5613,29,993111251,602,49711,102412,156984,4
move_4,spin,2.0,0.15,0.5804,30,993130050,603,106446,102468,156946,4
move_4,spin,2.0,0.15,0.5995,31,993148814,604,156598,102557,156958,4
move_4,spin,2.0,0.15,0.6227,32,993171323,604,59311,102638,156928,4
move_4,spin,2.0,0.15,0.6397,33,993190092,605,110960,102782,156965,4
move_4,spin,2.0,0.15,0.663,34,993212622,604,17432,102781,156914,4
move_4,spin,2.0,0.15,0.6832,35,993232612,608,120049,102926,156947,4
move_4,spin,2.0,0.15,0.7035,36,993251412,605,19750,102999,156959,4
move_4,spin,2.0,0.15,0.7204,37,993270163,607,67398,103078,157016,4
move_4,spin,2.0,0.15,0.7426,38,993292705,607,131258,103186,157008,4
move_4,spin,2.0,0.15,0.7627,39,993311453,612,22021,103185,156952,4
move_4,spin,2.0,0.15,0.7797,40,993330236,608,75848,103275,156978,4
move_4,spin,2.0,0.15,0.803,41,993352751,609,135956,103371,156993,4
move_4,spin,2.0,0.15,0.8389,42,993371520,608,29959,103435,156974,4
move_4,spin,2.0,0.15,0.8548,43,993393021,609,74621,103460,156956,4
move_4,spin,2.0,0.15,0.8644,44,993413449,609,94198,103506,156968,4
move_4,spin,2.0,0.15,0.8836,45,993432824,610,91411,103583,156969,4
move_4,spin,2.0,0.15,0.9027,46,993451592,609,142298,103593,156932,4
move_4,spin,2.0,0.15,0.925,47,993474108,610,45833,103701,156992,4
move_4,spin,2.0,0.15,0.943,48,993492872,610,96396,103708,156932,4
move_4,spin,2.0,0.15,0.9653,49,993515395,611,1725,103828,156947,4
move_4,spin,2.0,0.15,0.9854,50,993534178,611,55788,103841,156915,4
move_4,spin,2.0,0.15,1.0142,51,993552951,611,107744,103988,156966,4
move_4,spin,2.0,0.15,1.0301,52,993571072,612,48710,104036,156972,4
move_4,spin,2.0,0.15,1.0301,53,993573665,612,18585,104068,156967,4
move_4,spin,2.0,0.15,1.0439,54,993592988,613,6980,104088,156984,4
move_4,spin,2.0,0.15,1.063,55,993612992,613,111118,104164,156958,4
move_4,spin,2.0,0.15,1.0862,56,993635532,613,18693,104261,156968,4
move_4,spin,2.0,0.15,1.1053,57,993655511,613,118884,104292,156937,4
move_4,spin,2.0,0.15,1.1245,58,993674329,615,20924,104404,156998,4
move_4,spin,2.0,0.15,1.1477,59,993696835,617,79156,104495,156976,4
move_4,spin,2.0,0.15,1.1656,60,993715594,615,128585,104590,157000,4
move_4,spin,2.0,0.15,1.1836,61,993734376,615,24857,104612,156976,4
move_4,spin,2.0,0.15,1.2068,62,993756895,623,85706,104707,157003,4
move_4,spin,2.0,0.15,1.2257,63,993775659,610,136103,104759,156954,4
move_4,spin,2.0,0.15,1.2437,64,993794446,617,32789,104864,157011,4
move_4,spin,2.0,0.15,1.2659,65,993816936,617,88584,104966,156998,4
move_4,spin,2.0,0.15,1.285,66,993835725,618,143311,105010,156997,4
move_4,spin,2.0,0.15,1.304,67,993854517,618,40920,105070,156975,4
move_4,spin,2.0,0.15,1.3261,68,993877007,619,95866,105149,156977,4
move_4,spin,2.0,0.15,1.3451,69,993895796,621,150794,105197,156954,4
move_4,spin,2.0,0.15,1.3641,70,993914560,620,44603,105276,156940,4
move_4,spin,2.0,0.15,1.3862,71,993937081,620,106452,105385,156957,4
move_4,spin,2.0,0.15,1.4062,72,993955809,621,150669,105449,156957,4
move_4,spin,2.0,0.15,1.4284,73,993978376,621,63118,105544,156941,4
move_4,spin,2.0,0.15,1.4484,74,993997129,622,111767,105688,156975,4
move_4,spin,2.0,0.15,1.4653,75,994015919,622,9083,105799,157031,4
move_4,spin,2.0,0.15,1.4875,76,994038444,622,70286,105837,156987,4
move_4,spin,2.0,0.15,1.5076,77,994057191,623,117385,105887,156990,4
move_4,spin,2.0,0.15,1.5181,78,994068018,623,74143,105939,156976,4
move_4,spin,2.0,0.15,1.5245,79,994076440,624,93167,105946,156979,4
move_4,spin,2.0,0.15,1.548,80,994097246,624,19439,106079,157002,4
move_4,spin,2.0,0.15,1.5694,81,994119778,625,81884,106136,156972,4
move_4,spin,2.0,0.15,1.5885,82,994138535,627,130766,106262,157015,4
move_4,spin,2.0,0.15,1.6076,83,994158559,626,81064,106294,156986,4
move_4,spin,2.0,0.15,1.6278,84,994177336,626,133551,106285,156962,4
move_4,spin,2.0,0.15,1.649,85,994199880,627,41519,106436,156968,4
move_4,spin,2.0,0.15,1.6681,86,994218622,628,87837,106550,157021,4
move_4,spin,2.0,0.15,1.6893,87,994238631,627,35392,106610,156998,4
move_4,spin,2.0,0.15,1.7105,88,994261198,628,103321,106732,157018,4
move_4,spin,2.0,0.15,1.7295,89,994279971,628,154626,106789,157005,4
move_4,spin,2.0,0.15,1.7475,90,994298734,629,47532,106868,156980,4
move_4,spin,2.0,0.15,1.7697,91,994321257,629,109017,106908,156974,4
move_4,spin,2.0,0.15,1.7888,92,994340046,629,6869,106978,156976,4
move_4,spin,2.0,0.15,1.8079,93,994358805,630,56133,107065,156991,4
move_4,spin,2.0,0.15,1.8301,94,994381325,630,117029,107182,157001,4
move_4,spin,2.0,0.15,1.8492,95,994400090,631,10547,107280,156971,4
move_4,spin,2.0,0.15,1.8705,96,994421341,631,12871,107360,156980,4
move_4,spin,2.0,0.15,1.8886,97,994440130,631,67792,107413,156954,4
move_4,spin,2.0,0.15,1.913,98,994462645,633,128257,107518,156998,4
move_4,spin,2.0,0.15,1.93,99,994481423,634,23810,107609,156956,4
move_4,spin,2.0,0.15,1.949,100,994500203,633,77019,107680,156950,4
move_4,spin,2.0,0.15,1.9734,101,994522694,634,133584,107763,156955,4
move_4,spin,2.0,0.15,1.9904,102,994540173,634,122377,107846,156971,4
move_4,spin,2.0,0.15,2.0126,103,994562740,635,35258,107911,156955,4
move_4,spin,2.0,0.15,2.0191,104,994571250,635,69307,108021,156989,4
move_4,spin,2.0,0.15,2.0308,105,994581042,636,7232,108048,156970,4
move_4,spin,2.0,0.15,2.0509,106,994601542,636,38836,108117,156971,4
move_4,spin,2.0,0.15,2.0732,107,994624054,637,98618,108156,156974,4
move_4,spin,2.0,0.15,2.0944,108,994642816,636,148399,108272,156962,4
move_4,spin,2.0,0.15,2.1103,109,994661582,639,42303,108263,156967,4
move_4,spin,2.0,0.15,2.1526,110,994693924,638,45948,108431,156984,4
move_4,spin,2.0,0.15,2.16,111,994711029,647,128335,108469,156940,4
move_4,spin,2.0,0.15,2.1696,112,994722450,639,29286,108544,156979,4
move_4,spin,2.0,0.15,2.1939,113,994742911,639,53965,108599,157007,4
move_4,spin,2.0,0.15,2.2129,114,994761711,639,109890,108667,157007,4
move_4,spin,2.0,0.15,2.2341,115,994785466,640,65902,108784,157008,4
move_4,spin,2.0,0.15,2.2531,116,994804237,640,116731,108879,156996,4
move_4,spin,2.0,0.15,2.2732,117,994824220,640,59592,108867,157016,4
move_4,spin,2.0,0.15,2.2922,118,994843051,642,121047,108983,157007,4
move_4,spin,2.0,0.15,2.326,119,994868063,642,134740,109062,156974,4
move_4,spin,2.0,0.15,2.3344,120,994884957,642,23857,109123,157002,4
move_4,spin,2.0,0.15,2.3544,121,994904342,643,22249,109187,156981,4
move_4,spin,2.0,0.15,2.3755,122,994926888,643,87085,109294,157014,4
move_4,spin,2.0,0.15,2.3945,123,994945644,639,135885,109364,156995,4
move_4,spin,2.0,0.15,2.4177,124,994968177,644,42213,109438,156952,4
move_4,spin,2.0,0.15,2.4346,125,994986936,644,91877,109532,156981,4
move_4,spin,2.0,0.15,2.4546,126,995005692,644,140728,109560,156962,4
move_4,spin,2.0,0.15,2.4789,127,995028222,645,46138,109694,156999,4
move_4,spin,2.0,0.15,2.4978,0,995048253,645,154070,109767,156986,4
move_4,spin,2.0,0.15,2.5159,1,995067013,645,46771,109807,156940,4
move_4,spin,2.0,0.15,2.5233,2,995075450,646,68524,109879,156929,4
move_4,spin,2.0,0.15,2.5391,3,995089106,647,35613,109887,156947,4
move_4,spin,2.0,0.15,2.5581,4,995109571,654,61847,109937,156958,4
move_4,spin,2.0,0.15,2.5781,5,995128328,648,111093,110032,156966,4
move_4,spin,2.0,0.15,2.6002,6,995150847,654,15011,110094,156968,4
move_4,spin,2.0,0.15,2.6192,7,995170883,648,124625,110171,156973,4
move_4,spin,2.0,0.15,2.6382,8,995189646,649,17803,110198,156957,4
move_4,spin,2.0,0.15,2.6582,9,995208429,649,71283,110299,156981,4
move_4,spin,2.0,0.15,2.6793,10,995230943,648,131319,110354,156943,4
move_4,spin,2.0,0.15,2.6983,11,995249712,650,25593,110418,157000,4
move_4,spin,2.0,0.15,2.7204,12,995272226,650,85142,110478,156969,4
move_4,spin,2.0,0.15,2.7394,13,995290996,651,136620,110545,156975,4
move_4,spin,2.0,0.15,2.7584,14,995309772,656,32258,110633,156972,4
move_4,spin,2.0,0.15,2.7795,15,995332310,651,95862,110709,157021,4
move_4,spin,2.0,0.15,2.7995,16,995351082,652,147044,110773,157026,4
move_4,spin,2.0,0.15,2.8195,17,995371043,653,86578,110881,157008,4
move_4,spin,2.0,0.15,2.8427,18,995393611,652,154922,110924,157000,4
move_4,spin,2.0,0.15,2.8595,19,995412388,652,49826,111012,157024,4
move_4,spin,2.0,0.15,2.8827,20,995434910,654,110359,111068,156998,4
move_4,spin,2.0,0.15,2.9029,21,995453703,654,8030,111111,157003,4
move_4,spin,2.0,0.15,2.924,22,995476221,654,68261,111192,157012,4
move_4,spin,2.0,0.15,2.943,23,995494976,653,116163,111281,157025,4
move_4,spin,2.0,0.15,2.9632,24,995513736,655,8345,111303,157002,4
move_4,spin,2.0,0.15,2.9842,25,995536283,655,73337,111391,157026,4
move_4,spin,2.0,0.15,3.0032,26,995555059,655,124936,111432,156957,4
move_4,spin,2.0,0.15,3.0243,27,995575031,656,66078,111557,157040,4
move_4,spin,2.0,0.15,3.0264,28,995575975,656,69514,111517,157032,0
move_4,spin,2.0,0.15,3.0443,29,995596355,656,79764,111543,156969,4
move_4,spin,2.0,0.15,3.0633,30,995615134,657,132167,111631,156995,4
move_4,spin,2.0,0.15,3.0886,31,995637673,657,38654,111726,157025,4
move_4,spin,2.0,0.15,3.1097,32,995658897,658,35442,111791,157006,4
move_4,spin,2.0,0.15,3.1234,33,995675197,658,137258,111862,156997,4
move_4,spin,2.0,0.15,3.1446,34,995697727,658,43232,111871,156950,4
move_4,spin,2.0,0.15,3.1636,35,995716507,659,96268,112026,157011,4
move_4,spin,2.0,0.15,3.1826,36,995735249,659,142752,112084,156964,4
move_4,spin,2.0,0.15,3.2058,37,995757783,660,49398,112134,156953,4
move_4,spin,2.0,0.15,3.2248,38,995776537,661,98109,112260,156956,4
move_4,spin,2.0,0.15,3.2428,39,995795340,661,155254,112343,156968,4
move_4,spin,2.0,0.15,3.2649,40,995817836,661,55231,112458,156965,4
move_4,spin,2.0,0.15,3.2838,41,995836619,662,108646,112498,156982,4
move_4,spin,2.0,0.15,3.308,42,995859128,663,10626,112660,156971,4
move_4,spin,2.0,0.15,3.3259,43,995877911,663,64578,112644,156962,4
move_4,spin,2.0,0.15,3.3481,44,995900410,655,122116,112768,156968,4
move_4,spin,2.0,0.15,3.3682,45,995919215,663,23139,112734,156927,4
move_4,spin,2.0,0.15,3.3851,46,995937967,664,72039,112862,156954,4
move_4,spin,2.0,0.15,3.4083,47,995960438,664,124712,112954,156963,4
move_4,spin,2.0,0.15,3.461,48,996009223,666,98871,113150,156969,4
move_4,spin,2.0,0.15,3.461,49,996010173,665,103338,113138,156955,0
move_4,spin,2.0,0.15,3.4684,50,996021182,666,91393,113165,156946,4
move_4,spin,2.0,0.15,3.4884,51,996039305,673,33174,113214,156964,4
move_4,spin,2.0,0.15,3.5094,52,996061846,667,97690,113388,156985,4
move_4,spin,2.0,0.15,3.5211,53,996072644,667,49642,113391,156935,4
move_4,spin,2.0,0.15,3.5285,54,996081040,668,64416,113437,156948,4
move_4,spin,2.0,0.15,3.5496,55,996101886,668,155156,113516,156957,4
move_4,spin,2.0,0.15,3.5685,56,996121910,668,105406,113588,156995,4
move_4,spin,2.0,0.15,3.5938,57,996144422,668,7640,113686,156978,4
move_4,spin,2.0,0.15,3.6285,58,996170703,669,79652,113769,156986,4
move_4,spin,2.0,0.15,3.6348,59,996187629,670,131552,113822,156988,4
move_4,spin,2.0,0.15,3.6496,60,996203236,670,115779,113884,156983,4
move_4,spin,2.0,0.15,3.6727,61,996225705,671,10705,113969,157001,4
move_4,spin,2.0,0.15,3.6938,62,996244504,671,66451,114042,156993,4
move_4,spin,2.0,0.15,3.7107,63,996263304,665,122013,114156,157038,4
move_4,spin,2.0,0.15,3.7329,64,996285829,672,26029,114201,157007,4
move_4,spin,2.0,0.15,3.754,65,996304604,672,77701,114304,156991,4
move_4,spin,2.0,0.15,3.774,66,996327122,673,137751,114472,157004,4
move_4,spin,2.0,0.15,3.7929,67,996345889,674,31258,114483,156980,4
move_4,spin,2.0,0.15,3.8129,68,996364655,675,81337,114640,157039,4
move_4,spin,2.0,0.15,3.834,69,996387202,679,145853,114709,157012,4
move_4,spin,2.0,0.15,3.8582,70,996409725,676,49529,114850,157013,4
move_4,spin,2.0,0.15,3.8782,71,996428498,676,100777,114883,157006,4
move_4,spin,2.0,0.15,3.8993,72,996452268,676,59789,114953,156996,4
move_4,spin,2.0,0.15,3.9183,73,996471045,677,112256,114993,156999,4
move_4,spin,2.0,0.15,3.9394,74,996489804,677,4398,115059,156988,4
move_4,spin,2.0,0.15,3.9595,75,996512350,677,69451,115191,157009,4
move_4,spin,2.0,0.15,3.9795,76,996532345,678,14432,115263,156997,4
move_4,spin,2.0,0.15,3.9984,77,996551146,679,70655,115293,156982,4
pos_4,hold,2.0,0.0,0.0148,83,996618733,679,99869,115465,157011,4
pos_4,hold,2.0,0.0,0.0338,84,996637501,679,149907,115425,157007,4
pos_4,hold,2.0,0.0,0.057,85,996659997,686,48943,115427,157009,4
pos_4,hold,2.0,0.0,0.077,86,996678797,679,104659,115400,157034,4
pos_4,hold,2.0,0.0,0.0939,87,996698819,679,54029,115436,157027,4
pos_4,hold,2.0,0.0,0.1172,88,996721340,679,114374,115404,156987,4
pos_4,hold,2.0,0.0,0.1373,89,996740120,679,9860,115410,157028,4
pos_4,hold,2.0,0.0,0.1542,90,996758884,679,59530,115392,157019,4
pos_4,hold,2.0,0.0,0.1774,91,996781413,679,121021,115368,156987,4
pos_4,hold,2.0,0.0,0.1974,92,996800178,679,14383,115357,156980,4
pos_4,hold,2.0,0.0,0.2142,93,996818915,680,59680,115417,157002,4
pos_4,hold,2.0,0.0,0.2384,94,996841475,679,126380,115443,157044,4
pos_4,hold,2.0,0.0,0.2563,95,996860269,683,23870,115393,157023,4
pos_4,hold,2.0,0.0,0.2785,96,996882764,678,79863,115361,156981,4
pos_4,hold,2.0,0.0,0.2974,97,996901539,680,131798,115406,156989,4
pos_4,hold,2.0,0.0,0.3196,98,996924063,678,36446,115356,156979,4
pos_4,hold,2.0,0.0,0.3385,99,996942860,679,91670,115410,156993,4
pos_4,hold,2.0,0.0,0.3627,100,996965360,679,148111,115451,157044,4
pos_4,hold,2.0,0.0,0.3796,101,996984153,678,45340,115391,157023,4
pos_4,hold,2.0,0.0,0.3987,102,997002922,679,95956,115418,157003,4
pos_4,hold,2.0,0.0,0.4219,103,997025452,679,786,115390,157018,4
pos_4,hold,2.0,0.0,0.4388,104,997044213,679,49676,115386,157013,4
pos_4,hold,2.0,0.0,0.4621,105,997066777,679,117535,115443,157039,4
pos_4,hold,2.0,0.0,0.481,106,997085515,679,5472,115455,157052,4
pos_4,hold,2.0,0.0,0.5032,107,997108074,679,71919,115387,157018,4
pos_4,hold,2.0,0.0,0.5126,108,997118870,686,23350,115379,157006,4
pos_4,hold,2.0,0.0,0.5221,109,997127326,679,47713,115435,157024,4
pos_4,hold,2.0,0.0,0.5432,110,997148093,679,123360,115413,157040,4
pos_4,hold,2.0,0.0,0.5624,111,997166859,679,16436,115368,156987,4
pos_4,hold,2.0,0.0,0.5825,112,997185650,679,70066,115456,157057,4
pos_4,hold,2.0,0.0,0.6037,113,997208183,679,132293,115414,157005,4
pos_4,hold,2.0,0.0,0.6227,114,997226950,679,25497,115404,157037,4
pos_4,hold,2.0,0.0,0.6427,115,997245694,679,71916,115382,156951,4
pos_4,hold,2.0,0.0,0.6627,116,997265717,679,23131,115381,156954,4
pos_4,hold,2.0,0.0,0.6975,117,997291829,681,67020,115328,156935,4
pos_4,hold,2.0,0.0,0.7038,118,997308950,679,152582,115379,156954,4
pos_4,hold,2.0,0.0,0.7227,119,997328284,678,143235,115376,156949,4
pos_4,hold,2.0,0.0,0.7427,120,997347050,684,37480,115357,156974,4
pos_4,hold,2.0,0.0,0.7638,121,997369577,679,100230,115317,156929,4
pos_4,hold,2.0,0.0,0.7838,122,997388290,679,142386,115362,156948,4
pos_4,hold,2.0,0.0,0.8069,123,997410852,679,53947,115365,156986,4
pos_4,hold,2.0,0.0,0.824,124,997429645,679,109596,115311,156912,4
pos_4,hold,2.0,0.0,0.8581,125,997452122,678,6717,115335,156945,4
pos_4,hold,2.0,0.0,0.8718,126,997470554,677,922,115316,156966,4
pos_4,hold,2.0,0.0,0.8876,127,997489681,678,112756,115382,157010,4
pos_4,hold,2.0,0.0,0.9055,0,997509702,679,62711,115401,156981,4
pos_4,hold,2.0,0.0,0.9276,1,997532205,672,120471,115379,157002,4
pos_4,hold,2.0,0.0,0.9476,2,997550998,679,17720,115403,156987,4
pos_4,hold,2.0,0.0,0.9687,3,997573526,682,79716,115392,157012,4
pos_4,hold,2.0,0.0,0.9876,4,997592293,678,130036,115390,157008,4
pos_4,hold,2.0,0.0,1.009,5,997614817,686,34312,115403,156993,4
pos_4,hold,2.0,0.0,1.0186,6,997623250,679,55061,115401,156976,4
pos_4,hold,2.0,0.0,1.0282,7,997633132,678,7850,115383,157008,4
pos_4,hold,2.0,0.0,1.0474,8,997652322,679,129677,115386,157015,4
pos_4,hold,2.0,0.0,1.0687,9,997674911,679,44506,115410,156994,4
pos_4,hold,2.0,0.0,1.0877,10,997693674,678,94151,115380,157017,4
pos_4,hold,2.0,0.0,1.1102,11,997716176,679,151423,115377,156997,4
pos_4,hold,2.0,0.0,1.1294,12,997734970,678,49932,115342,156957,4
pos_4,hold,2.0,0.0,1.1485,13,997753732,679,100204,115367,156986,4
pos_4,hold,2.0,0.0,1.1718,14,997776242,679,2667,115359,156975,4
pos_4,hold,2.0,0.0,1.1941,15,997796255,680,108389,115393,156967,4
pos_4,hold,2.0,0.0,1.2121,16,997816276,679,58018,115376,156999,4
pos_4,hold,2.0,0.0,1.229,17,997835075,679,113693,115424,157011,4
pos_4,hold,2.0,0.0,1.2523,18,997857574,679,13141,115380,157002,4
pos_4,hold,2.0,0.0,1.2735,19,997876344,683,63465,115393,157020,4
pos_4,hold,2.0,0.0,1.2895,20,997895140,683,118409,115363,156987,4
pos_4,hold,2.0,0.0,1.3139,21,997917636,678,18340,115406,157004,4
pos_4,hold,2.0,0.0,1.332,22,997937660,679,125781,115352,156981,4
pos_4,hold,2.0,0.0,1.3521,23,997957675,678,74811,115349,156963,4
pos_4,hold,2.0,0.0,1.3734,24,997976471,679,130311,115402,156991,4
pos_4,hold,2.0,0.0,1.3946,25,997999006,683,36314,115359,156975,4
pos_4,hold,2.0,0.0,1.4117,26,998017770,679,86353,115401,157034,4
pos_4,hold,2.0,0.0,1.4318,27,998036517,678,133198,115375,157003,4
pos_4,hold,2.0,0.0,1.4584,28,998059070,679,42294,115411,156993,4
pos_4,hold,2.0,0.0,1.4742,29,998080343,679,47360,115397,157019,4
pos_4,hold,2.0,0.0,1.4933,30,998099113,678,98345,115391,156963,4
pos_4,hold,2.0,0.0,1.5124,31,998117877,679,148963,115414,156957,4
pos_4,hold,2.0,0.0,1.5177,32,998120408,683,108152,115405,156991,4
pos_4,hold,2.0,0.0,1.5336,33,998139153,679,155304,115405,156957,4
pos_4,hold,2.0,0.0,1.5526,34,998157921,679,49289,115424,157013,4
pos_4,hold,2.0,0.0,1.5738,35,998180450,678,111075,115360,156980,4
pos_4,hold,2.0,0.0,1.5928,36,998199220,678,5312,115400,156973,4
pos_4,hold,2.0,0.0,1.6128,37,998217984,679,54820,115391,157018,4
pos_4,hold,2.0,0.0,1.6329,38,998239233,679,56308,115421,157004,4
pos_4,hold,2.0,0.0,1.6519,39,998258026,678,111178,115384,157004,4
pos_4,hold,2.0,0.0,1.6742,40,998280558,679,16521,115398,156972,4
pos_4,hold,2.0,0.0,1.6931,41,998299328,679,67287,115386,157016,4
pos_4,hold,2.0,0.0,1.7173,42,998321856,680,128690,115381,157011,4
pos_4,hold,2.0,0.0,1.7342,43,998340633,679,23991,115403,156991,4
pos_4,hold,2.0,0.0,1.7573,44,998363155,678,84541,115392,157013,4
pos_4,hold,2.0,0.0,1.7773,45,998381922,683,134868,115296,156963,4
pos_4,hold,2.0,0.0,1.7984,46,998404460,679,42086,115373,156992,4
pos_4,hold,2.0,0.0,1.8174,47,998423196,678,87870,115350,156964,4
pos_4,hold,2.0,0.0,1.8373,48,998443219,679,38478,115356,156974,4
pos_4,hold,2.0,0.0,1.8627,49,998467006,677,156934,115378,156987,4
pos_4,hold,2.0,0.0,1.8796,50,998485797,678,55414,115358,156972,4
pos_4,hold,2.0,0.0,1.8986,51,998504565,678,106661,115367,156990,4
pos_4,hold,2.0,0.0,1.9218,52,998527070,679,7697,115396,156978,4
pos_4,hold,2.0,0.0,1.9418,53,998548312,679,7904,115395,156971,4
pos_4,hold,2.0,0.0,1.9755,54,998567112,679,64280,115369,156933,4
pos_4,hold,2.0,0.0,1.9924,55,998590292,679,80947,115354,156973,4
pos_4,hold,2.0,0.0,2.0031,56,998609175,679,151417,115420,156993,4
pos_4,hold,2.0,0.0,2.0137,57,998620912,678,106098,115373,156940,4
pos_4,hold,2.0,0.0,2.0254,58,998631706,679,57584,115384,156957,4
pos_4,hold,2.0,0.0,2.0424,59,998648425,679,74512,115380,156955,4
pos_4,hold,2.0,0.0,2.0646,60,998670953,679,136946,115397,156972,4
pos_4,hold,2.0,0.0,2.0836,61,998689717,680,30491,115329,156931,4
pos_4,hold,2.0,0.0,2.1067,62,998712246,680,93809,115347,156954,4
pos_4,hold,2.0,0.0,2.1267,63,998731013,678,144459,115369,156986,4
pos_4,hold,2.0,0.0,2.152,64,998751057,678,97947,115351,156971,4
pos_4,hold,2.0,0.0,2.1773,65,998782302,678,71798,115377,157005,4
pos_4,hold,2.0,0.0,2.1868,66,998793127,679,28185,115421,156999,4
pos_4,hold,2.0,0.0,2.209,67,998816061,679,3000,115378,156948,4
pos_4,hold,2.0,0.0,2.2279,68,998834879,679,62592,115362,156988,4
pos_4,hold,2.0,0.0,2.2469,69,998853643,679,112452,115378,156996,4
pos_4,hold,2.0,0.0,2.269,70,998876187,679,20066,115414,156999,4
pos_4,hold,2.0,0.0,2.2891,71,998894949,679,69824,115360,156981,4
pos_4,hold,2.0,0.0,2.3125,72,998917448,679,126929,115367,156970,4
pos_4,hold,2.0,0.0,2.3295,73,998936252,678,27282,115339,156942,4
pos_4,hold,2.0,0.0,2.3517,74,998957497,679,28944,115411,156997,4
pos_4,hold,2.0,0.0,2.3717,75,998977495,679,131943,115387,156969,4
pos_4,hold,2.0,0.0,2.3887,76,998996291,681,31110,115377,156951,4
pos_4,hold,2.0,0.0,2.4088,77,999015054,679,81355,115412,156991,4
pos_4,hold,2.0,0.0,2.432,78,999037586,678,144107,115331,156952,4
pos_4,hold,2.0,0.0,2.4489,79,999056352,685,38256,115375,156953,4
pos_4,hold,2.0,0.0,2.4731,80,999078845,679,95509,115316,156913,4
pos_4,hold,2.0,0.0,2.4921,81,999098874,679,47442,115378,156948,4
pos_4,hold,2.0,0.0,2.5132,82,999118864,679,149179,115396,156967,4
pos_4,hold,2.0,0.0,2.5196,83,999127306,679,14650,115333,156933,4
pos_4,hold,2.0,0.0,2.5291,84,999137215,679,129576,115367,156942,4
pos_4,hold,2.0,0.0,2.5513,85,999157659,679,152081,115336,156971,4
pos_4,hold,2.0,0.0,2.5692,86,999176463,685,52960,115347,156961,4
pos_4,hold,2.0,0.0,2.5923,87,999198956,681,108637,115419,157003,4
pos_4,hold,2.0,0.0,2.6123,88,999217727,678,3142,115392,156974,4
pos_4,hold,2.0,0.0,2.6355,89,999240257,679,65601,115407,156995,4
pos_4,hold,2.0,0.0,2.6534,90,999260278,678,15301,115370,156992,4
pos_4,hold,2.0,0.0,2.6724,91,999279052,686,66725,115371,156995,4
pos_4,hold,2.0,0.0,2.6945,92,999301606,679,132583,115379,157010,4
pos_4,hold,2.0,0.0,2.7134,93,999320344,687,21207,115409,156999,4
pos_4,hold,2.0,0.0,2.7324,94,999339114,679,71973,115374,156989,4
pos_4,hold,2.0,0.0,2.7545,95,999361669,679,138490,115414,156999,4
pos_4,hold,2.0,0.0,2.7777,96,999384166,679,38038,115412,156991,4
pos_4,hold,2.0,0.0,2.7946,97,999401661,679,28753,115401,157037,4
pos_4,hold,2.0,0.0,2.8138,98,999420481,678,87395,115412,157037,4
pos_4,hold,2.0,0.0,2.838,99,999442983,680,144472,115372,157008,4
pos_4,hold,2.0,0.0,2.8581,100,999461779,679,42971,115354,156983,4
pos_4,hold,2.0,0.0,2.877,101,999484299,679,104117,115416,156993,4
pos_4,hold,2.0,0.0,2.897,102,999503045,679,151397,115361,156951,4
pos_4,hold,2.0,0.0,2.914,103,999521840,680,49890,115393,156966,4
pos_4,hold,2.0,0.0,2.9372,104,999544333,678,106208,115415,156996,4
pos_4,hold,2.0,0.0,2.9572,105,999563115,679,2296,115381,157014,4
pos_4,hold,2.0,0.0,2.9782,106,999585667,678,68673,115342,156952,4
pos_4,hold,2.0,0.0,2.9972,107,999604407,679,115017,115378,157004,4
pos_4,hold,2.0,0.0,3.0173,108,999623178,678,9580,115399,156973,4
pos_4,hold,2.0,0.0,3.0194,109,999625737,679,130632,115344,156995,4
pos_4,hold,2.0,0.0,3.0384,110,999644458,679,16553,115388,156967,4
pos_4,hold,2.0,0.0,3.0595,111,999666982,679,77894,115387,157004,4
pos_4,hold,2.0,0.0,3.0796,112,999687005,679,27826,115412,156993,4
pos_4,hold,2.0,0.0,3.0985,113,999705721,679,69858,115384,156958,4
pos_4,hold,2.0,0.0,3.1197,114,999724542,678,130065,115388,156969,4
pos_4,hold,2.0,0.0,3.1377,115,999744541,679,76362,115396,156976,4
pos_4,hold,2.0,0.0,3.1599,116,999767095,678,143691,115356,156947,4
pos_4,hold,2.0,0.0,3.1778,117,999785861,681,37799,115345,156956,4
pos_4,hold,2.0,0.0,3.2021,118,999804601,681,84066,115395,156969,4
pos_4,hold,2.0,0.0,3.22,119,999827155,684,150154,115409,157008,4
pos_4,hold,2.0,0.0,3.2379,120,999845919,679,43270,115360,156976,4
pos_4,hold,2.0,0.0,3.257,121,999864688,679,94023,115420,156999,4
pos_4,hold,2.0,0.0,3.297,122,999894532,679,144677,115388,156961,4
pos_4,hold,2.0,0.0,3.3044,123,999911654,678,73041,115323,156976,4
pos_4,hold,2.0,0.0,3.3192,124,999927263,678,57768,115385,157006,4
pos_4,hold,2.0,0.0,3.3382,125,999946027,680,107814,115414,156996,4
pos_4,hold,2.0,0.0,3.3582,126,999965998,678,49276,115353,156966,4
pos_4,hold,2.0,0.0,3.3825,127,999988555,679,116797,115389,156958,4
pos_4,hold,2.0,0.0,3.3995,0,1000007321,678,10225,115366,156983,4
pos_4,hold,2.0,0.0,3.4248,1,1000029852,677,72648,115397,156972,4
pos_4,hold,2.0,0.0,3.4512,2,1000049817,678,12617,115371,156995,4
pos_4,hold,2.0,0.0,3.4681,3,1000068105,679,138664,115397,157026,4
pos_4,hold,2.0,0.0,3.4818,4,1000088663,680,22696,115369,156986,4
pos_4,hold,2.0,0.0,3.504,5,1000111183,679,83504,115343,156951,4
pos_4,hold,2.0,0.0,3.5177,6,1000124939,676,67621,115352,156963,4
pos_4,hold,2.0,0.0,3.5219,7,1000127474,679,27727,115388,156969,4
pos_4,hold,2.0,0.0,3.5419,8,1000149966,679,83592,115383,157004,4
pos_4,hold,2.0,0.0,3.5619,9,1000168739,684,135260,115379,156952,4
pos_4,hold,2.0,0.0,3.5788,10,1000187507,679,28653,115460,157052,4
pos_4,hold,2.0,0.0,3.6042,11,1000210036,680,90384,115419,157003,4
pos_4,hold,2.0,0.0,3.6189,12,1000227521,679,79533,115440,157037,4
pos_4,hold,2.0,0.0,3.6452,13,1000250075,678,145213,115380,156993,4
pos_4,hold,2.0,0.0,3.6631,14,1000271385,679,156640,115418,157006,4
pos_4,hold,2.0,0.0,3.6853,15,1000290126,679,45589,115401,156985,4
pos_4,hold,2.0,0.0,3.7032,16,1000311426,679,55479,115397,157027,4
pos_4,hold,2.0,0.0,3.7221,17,1000330167,679,101227,115372,156995,4
pos_4,hold,2.0,0.0,3.7444,18,1000352726,679,11091,115403,157033,4
pos_4,hold,2.0,0.0,3.7637,19,1000371469,679,56818,115402,157030,4
pos_4,hold,2.0,0.0,3.7875,20,1000393995,678,118108,115401,157022,4
pos_4,hold,2.0,0.0,3.8084,21,1000414040,679,71358,115399,157020,4
pos_4,hold,2.0,0.0,3.8279,22,1000435290,678,72617,115365,156989,4
pos_4,hold,2.0,0.0,3.8475,23,1000454058,679,123442,115398,157030,4
pos_4,hold,2.0,0.0,3.8689,24,1000476610,679,32282,115372,157001,4
pos_4,hold,2.0,0.0,3.8883,25,1000496635,678,139197,115371,156990,4
pos_4,hold,2.0,0.0,3.9087,26,1000516624,679,83627,115350,156964,4
pos_4,hold,2.0,0.0,3.9269,27,1000535426,679,139827,115402,156983,4
pos_4,hold,2.0,0.0,3.9482,28,1000555441,678,88700,115374,156998,4
pos_4,hold,2.0,0.0,3.9727,29,1000579195,679,45541,115383,156959,4
pos_4,hold,2.0,0.0,3.9897,30,1000597963,677,96471,115377,156995,4
pos_4,hold,2.0,0.0,4.0077,31,1000616732,686,147104,115435,157005,4
pos_4,hold,2.0,0.0,4.0204,32,1000627552,679,102673,115386,157016,4
pos_4,hold,2.0,0.0,4.03,33,1000637440,678,56615,115407,156991,4
pos_4,hold,2.0,0.0,4.0491,34,1000656777,678,46992,115346,156958,4
pos_4,hold,2.0,0.0,4.0713,35,1000679308,683,109753,115402,156984,4
pos_4,hold,2.0,0.0,4.0904,36,1000698078,680,4069,115354,156965,4
pos_4,hold,2.0,0.0,4.1096,37,1000716840,679,54201,115393,156970,4
pos_4,hold,2.0,0.0,4.132,38,1000739375,678,117478,115358,156969,4
pos_4,hold,2.0,0.0,4.1491,39,1000758140,679,10583,115379,157004,4
pos_4,hold,2.0,0.0,4.1724,40,1000780663,680,71370,115424,157017,4
pos_4,hold,2.0,0.0,4.1927,41,1000800606,678,8537,115346,156959,4
pos_4,hold,2.0,0.0,4.2139,42,1000819428,679,69041,115350,156958,4
pos_4,hold,2.0,0.0,4.2288,43,1000838200,678,120931,115408,156987,4
pos_4,hold,2.0,0.0,4.2522,44,1000860725,681,25582,115361,156978,4
pos_4,hold,2.0,0.0,4.2713,45,1000879489,679,76305,115346,156949,4
pos_4,hold,2.0,0.0,4.2935,46,1000902024,679,139139,115364,156994,4
pos_4,hold,2.0,0.0,4.3126,47,1000920788,679,32359,115374,156994,4
pos_4,hold,2.0,0.0,4.3327,48,1000939550,678,82261,115414,156995,4
pos_4,hold,2.0,0.0,4.3528,49,1000962111,679,149712,115366,156962,4
pos_4,hold,2.0,0.0,4.373,50,1000980848,678,38185,115398,156983,4
pos_4,hold,2.0,0.0,4.392,51,1001000872,679,145429,115385,156989,4
pos_4,hold,2.0,0.0,4.4154,52,1001019636,685,38402,115427,157012,4
pos_4,hold,2.0,0.0,4.4355,53,1001042160,678,99141,115343,157000,4
pos_4,hold,2.0,0.0,4.4556,54,1001062188,679,49978,115389,156964,4
pos_4,hold,2.0,0.0,4.4747,55,1001080896,679,90481,115407,156989,4
pos_4,hold,2.0,0.0,4.4937,56,1001102225,679,105897,115397,156977,4
pos_4,hold,2.0,0.0,4.5169,57,1001124735,679,7823,115395,156967,4
pos_4,hold,2.0,0.0,4.52,58,1001127293,678,128863,115351,156975,4
pos_4,hold,2.0,0.0,4.5327,59,1001142254,679,3437,115404,156988,4
pos_4,hold,2.0,0.0,4.5569,60,1001164777,679,64737,115348,156967,4
pos_4,hold,2.0,0.0,4.5927,61,1001192120,679,4161,115383,156951,4
pos_4,hold,2.0,0.0,4.6022,62,1001209239,678,88751,115344,156957,4
pos_4,hold,2.0,0.0,4.6138,63,1001223594,679,17799,115381,156946,4
pos_4,hold,2.0,0.0,4.6369,64,1001246088,679,74781,115397,156977,4
pos_4,hold,2.0,0.0,4.6581,65,1001264861,678,126894,115331,156933,4
pos_4,hold,2.0,0.0,4.6794,66,1001287390,679,32928,115368,156933,4
pos_4,hold,2.0,0.0,4.6985,67,1001306131,679,79841,115321,156929,4
pos_4,hold,2.0,0.0,4.7154,68,1001324894,679,130265,115338,156967,4
pos_4,hold,2.0,0.0,4.7473,69,1001347393,678,31295,115334,156946,4
pos_4,hold,2.0,0.0,4.7622,70,1001365652,679,152878,115346,156966,4
pos_4,hold,2.0,0.0,4.7783,71,1001384958,679,138504,115368,156948,4
pos_4,hold,2.0,0.0,4.8007,72,1001408735,680,99670,115377,156951,4
pos_4,hold,2.0,0.0,4.8188,73,1001427509,678,151744,115402,156991,4
pos_4,hold,2.0,0.0,4.838,74,1001446247,678,40659,115385,156967,4
pos_4,hold,2.0,0.0,4.8594,75,1001468802,679,107429,115365,156980,4
pos_4,hold,2.0,0.0,4.8785,76,1001487576,679,1997,115359,156978,4
pos_4,hold,2.0,0.0,4.8976,77,1001506285,678,42968,115388,156966,4
pos_4,hold,2.0,0.0,4.9199,78,1001528841,679,109968,115370,156995,4
pos_4,hold,2.0,0.0,4.9391,79,1001547613,679,4223,115415,156998,4
pos_4,hold,2.0,0.0,4.9624,80,1001570109,679,60881,115380,157005,4
pos_4,hold,2.0,0.0,4.9795,81,1001588912,679,117348,115418,156991,4
pos_4,hold,2.0,0.0,4.9997,82,1001608872,678,56791,115363,156988,4
pos_4,hold,2.0,0.0,5.021,83,1001628900,679,7493,115408,156998,4
pos_4,hold,2.0,0.0,5.0231,84,1001629864,679,14273,115422,157007,0
pos_4,hold,2.0,0.0,5.0423,85,1001650194,679,16650,115389,157009,4
pos_4,hold,2.0,0.0,5.0593,86,1001668964,678,67549,115328,156941,4
pos_4,hold,2.0,0.0,5.0826,87,1001691490,679,129502,115428,156999,4
pos_4,hold,2.0,0.0,5.1027,88,1001710255,685,22648,115413,156996,4
pos_4,hold,2.0,0.0,5.1207,89,1001729027,679,73994,115385,157010,4
pos_4,hold,2.0,0.0,5.144,90,1001751555,686,136000,115374,156996,4
pos_4,hold,2.0,0.0,5.1611,91,1001770304,679,26558,115414,156995,4
pos_4,hold,2.0,0.0,5.1834,92,1001792884,679,97292,115396,156973,4
pos_4,hold,2.0,0.0,5.2026,93,1001811623,679,142830,115384,157002,4
pos_4,hold,2.0,0.0,5.2207,94,1001830372,679,33057,115385,157005,4
pos_4,hold,2.0,0.0,5.243,95,1001852922,679,98097,115389,157014,4
pos_4,hold,2.0,0.0,5.262,96,1001871690,678,148724,115375,156972,4
pos_4,hold,2.0,0.0,5.2841,97,1001894197,682,49412,115447,157043,4
pos_4,hold,2.0,0.0,5.3031,98,1001912931,679,94439,115363,156981,4
pos_4,hold,2.0,0.0,5.3221,99,1001931732,672,150910,115383,157007,4
pos_4,hold,2.0,0.0,5.3442,100,1001954284,679,59684,115401,156981,4
pos_4,hold,2.0,0.0,5.3673,101,1001976785,679,117168,115434,157032,4
pos_4,hold,2.0,0.0,5.3873,102,1001995561,679,11961,115394,157018,4
pos_4,hold,2.0,0.0,5.4043,103,1002014327,679,61993,115400,156982,4
pos_4,hold,2.0,0.0,5.427,104,1002036852,679,123673,115446,156992,4
pos_4,hold,2.0,0.0,5.4479,105,1002055628,678,19131,115379,156954,4
pos_4,hold,2.0,0.0,5.4678,106,1002078149,678,80381,115345,156959,4
pos_4,hold,2.0,0.0,5.4872,107,1002096892,679,127539,115350,156966,4
pos_4,hold,2.0,0.0,5.5092,108,1002119421,679,32842,115365,156984,4
pos_4,hold,2.0,0.0,5.5201,109,1002130269,686,150296,115390,156968,4
pos_4,hold,2.0,0.0,5.5267,110,1002138708,677,15241,115351,156962,4
pos_4,hold,2.0,0.0,5.5493,111,1002159493,679,94655,115419,156999,4
pos_4,hold,2.0,0.0,5.5695,112,1002178232,680,140260,115386,157015,4
pos_4,hold,2.0,0.0,5.5885,113,1002198202,680,81125,115435,157032,4
pos_4,hold,2.0,0.0,5.6118,114,1002220756,686,147473,115375,156994,4
pos_4,hold,2.0,0.0,5.6319,115,1002239533,679,43006,115363,156979,4
pos_4,hold,2.0,0.0,5.6488,116,1002259580,679,153975,115418,157013,4
pos_4,hold,2.0,0.0,5.6721,117,1002282080,679,54409,115378,156959,4
pos_4,hold,2.0,0.0,5.6932,118,1002300848,679,105645,115359,156973,4
pos_4,hold,2.0,0.0,5.7121,119,1002319614,678,156327,115325,156987,4
pos_4,hold,2.0,0.0,5.729,120,1002339634,678,106273,115405,156997,4
pos_4,hold,2.0,0.0,5.7521,121,1002362143,679,8072,115402,156980,4
pos_4,hold,2.0,0.0,5.7722,122,1002380931,679,62232,115404,156990,4
pos_4,hold,2.0,0.0,5.7975,123,1002403374,679,109817,115366,156980,4
pos_4,hold,2.0,0.0,5.8123,124,1002420975,679,119583,115387,156983,4
pos_4,hold,2.0,0.0,5.8334,125,1002443498,678,24267,115360,156974,4
pos_4,hold,2.0,0.0,5.8535,126,1002463466,677,121950,115414,156975,4
pos_4,hold,2.0,0.0,5.8905,127,1002490888,679,74229,115377,156952,4
pos_4,hold,2.0,0.0,5.8979,0,1002508036,679,6966,115353,156968,4
pos_4,hold,2.0,0.0,5.9137,1,1002521055,678,22475,115411,156991,4
pos_4,hold,2.0,0.0,5.9326,2,1002543605,680,88601,115352,156961,4
pos_4,hold,2.0,0.0,5.9517,3,1002562350,685,135658,115337,156960,4
pos_4,hold,2.0,0.0,5.9717,4,1002581115,678,29269,115386,156968,4
pos_4,hold,2.0,0.0,5.9969,5,1002603638,679,90674,115356,156973,4
pos_4,hold,2.0,0.0,6.0138,6,1002624917,679,97755,115405,156987,4
pos_4,hold,2.0,0.0,6.0222,7,1002633287,679,107757,115393,157023,4
pos_4,hold,2.0,0.0,6.0423,8,1002643940,679,34712,115391,156967,4
pos_4,hold,2.0,0.0,6.0591,9,1002663763,679,108019,115434,156975,4
pos_4,hold,2.0,0.0,6.0728,10,1002683729,678,48658,115385,156959,4
pos_4,hold,2.0,0.0,6.097,11,1002706203,679,101428,115415,157001,4
pos_4,hold,2.0,0.0,6.1139,12,1002724996,679,156407,115370,156983,4
pos_4,hold,2.0,0.0,6.137,13,1002747523,679,61304,115426,157016,4
pos_4,hold,2.0,0.0,6.1571,14,1002766293,679,112290,115351,156971,4
pos_4,hold,2.0,0.0,6.1771,15,1002787569,679,118615,115343,156942,4
pos_4,hold,2.0,0.0,6.1971,16,1002806335,678,12517,115317,156974,4
pos_4,hold,2.0,0.0,6.214,17,1002825108,682,64399,115392,157016,4
pos_4,hold,2.0,0.0,6.2372,18,1002847632,679,124916,115422,157033,4
pos_4,hold,2.0,0.0,6.2572,19,1002866409,677,19959,115423,157005,4
pos_4,hold,2.0,0.0,6.2751,20,1002885172,679,70059,115372,156987,4
pos_4,hold,2.0,0.0,6.2972,21,1002907699,679,131808,115385,157006,4
pos_4,hold,2.0,0.0,6.3172,22,1002926473,679,26319,115387,156958,4
pos_4,hold,2.0,0.0,6.3383,23,1002948995,679,87642,115410,156990,4
pos_4,hold,2.0,0.0,6.3572,24,1002967764,678,139237,115343,156949,4
pos_4,hold,2.0,0.0,6.3773,25,1002986513,681,30456,115342,156956,4
pos_4,hold,2.0,0.0,6.3984,26,1003009007,679,87383,115373,156944,4
pos_4,hold,2.0,0.0,6.4173,27,1003027807,678,144363,115322,156925,4
pos_4,hold,2.0,0.0,6.4352,28,1003046573,678,38537,115374,156944,4
pos_4,hold,2.0,0.0,6.4584,29,1003069096,679,100667,115378,156952,4
pos_4,hold,2.0,0.0,6.4784,30,1003089124,679,52072,115420,157001,4
pos_4,hold,2.0,0.0,6.4974,31,1003107885,679,101496,115387,157012,4
pos_4,hold,2.0,0.0,6.5226,32,1003131608,679,52665,115355,156969,4
pos_4,hold,2.0,0.0,6.5226,33,1003132579,683,60697,115355,156976,0
pos_4,hold,2.0,0.0,6.5385,34,1003147930,680,1664,115408,156988,4
pos_4,hold,2.0,0.0,6.5596,35,1003170431,679,59016,115411,156992,4
pos_4,hold,2.0,0.0,6.5786,36,1003189223,678,114065,115355,156962,4
pos_4,hold,2.0,0.0,6.6018,37,1003211721,679,14305,115422,157006,4
pos_4,hold,2.0,0.0,6.6197,38,1003230519,679,69910,115391,157023,4
pos_4,hold,2.0,0.0,6.6387,39,1003249290,679,120791,115385,157027,4
pos_4,hold,2.0,0.0,6.6618,40,1003271784,681,19493,115349,156963,4
pos_4,hold,2.0,0.0,6.6818,41,1003293037,679,21362,115425,157013,4
pos_4,hold,2.0,0.0,6.7019,42,1003311829,679,76148,115353,156979,4
pos_4,hold,2.0,0.0,6.7188,43,1003330604,679,128380,115415,156992,4
pos_4,hold,2.0,0.0,6.7421,44,1003353131,679,33275,115400,156980,4
pos_4,hold,2.0,0.0,6.7611,45,1003371894,679,82750,115425,157015,4
pos_4,hold,2.0,0.0,6.7833,46,1003394427,678,145506,115371,156985,4
pos_4,hold,2.0,0.0,6.8023,47,1003413191,678,38329,115376,157003,4
pos_4,hold,2.0,0.0,6.8202,48,1003431954,678,88443,115355,156975,4
pos_4,hold,2.0,0.0,6.8444,49,1003454487,678,152160,115394,156960,4
pos_4,hold,2.0,0.0,6.8623,50,1003473251,678,46050,115334,156947,4
pos_4,hold,2.0,0.0,6.8823,51,1003492023,679,97861,115378,157000,4
pos_4,hold,2.0,0.0,6.9034,52,1003514555,679,3704,115348,156969,4
pos_4,hold,2.0,0.0,6.9235,53,1003533321,679,54115,115371,156995,4
pos_4,hold,2.0,0.0,6.9446,54,1003555823,678,111769,115371,156986,4
pos_4,hold,2.0,0.0,6.9635,55,1003574596,684,6310,115382,157004,4
pos_4,hold,2.0,0.0,6.9835,56,1003594581,679,106900,115378,156998,4
pos_4,hold,2.0,0.0,7.0068,57,1003617119,679,13673,115367,156987,4
pos_4,hold,2.0,0.0,7.0268,58,1003637193,678,129216,115397,156968,4
pos_4,hold,2.0,0.0,7.029,59,1003638132,679,131801,115401,156976,0
pos_4,hold,2.0,0.0,7.0427,60,1003654673,679,118346,115375,156976,4
pos_4,hold,2.0,0.0,7.067,61,1003677199,679,23053,115419,157001,4
pos_4,hold,2.0,0.0,7.0838,62,1003695969,678,74759,115351,156957,4
pos_4,hold,2.0,0.0,7.107,63,1003718494,675,136877,115413,156998,4
pos_4,hold,2.0,0.0,7.127,64,1003737264,679,31268,115334,156939,4
pos_4,hold,2.0,0.0,7.1439,65,1003756008,684,78828,115320,156928,4
pos_4,hold,2.0,0.0,7.1872,66,1003788384,678,89124,115357,156979,4
pos_4,hold,2.0,0.0,7.1936,67,1003805535,681,22271,115390,156965,4
pos_4,hold,2.0,0.0,7.2074,68,1003816325,679,129769,115401,156968,4
pos_4,hold,2.0,0.0,7.2252,69,1003836086,683,36075,115376,156945,4
pos_4,hold,2.0,0.0,7.2484,70,1003858613,679,99413,115364,156978,4
pos_4,hold,2.0,0.0,7.2695,71,1003879827,684,95262,115354,156971,4
pos_4,hold,2.0,0.0,7.2895,72,1003899906,679,54988,115368,156975,4
pos_4,hold,2.0,0.0,7.3074,73,1003918646,679,101649,115325,156942,4
pos_4,hold,2.0,0.0,7.339,74,1003941176,678,7865,115332,156944,4
pos_4,hold,2.0,0.0,7.3548,75,1003959611,679,2136,115363,156986,4
pos_4,hold,2.0,0.0,7.3685,76,1003978712,686,109527,115397,157023,4
pos_4,hold,2.0,0.0,7.3917,77,1004002465,679,65852,115402,156985,4
pos_4,hold,2.0,0.0,7.4097,78,1004021239,679,118375,115375,156936,4
pos_4,hold,2.0,0.0,7.4277,79,1004040007,678,13313,115370,156933,4
pos_4,hold,2.0,0.0,7.4498,80,1004062528,679,75204,115363,156972,4
pos_4,hold,2.0,0.0,7.4688,81,1004081302,678,127698,115361,156934,4
pos_4,hold,2.0,0.0,7.4878,82,1004100067,678,22041,115366,156935,4
pos_4,hold,2.0,0.0,7.512,83,1004122566,685,79679,115356,156965,4
pos_4,hold,2.0,0.0,7.5226,84,1004134097,679,156427,115345,156965,4
pos_4,hold,2.0,0.0,7.5321,85,1004142977,678,96679,115325,156932,4
pos_4,hold,2.0,0.0,7.551,86,1004162607,679,137180,115377,156985,4
pos_4,hold,2.0,0.0,7.5689,87,1004181374,679,31121,115376,156948,4
pos_4,hold,2.0,0.0,7.5921,88,1004203900,678,93478,115368,156936,4
pos_4,hold,2.0,0.0,7.6132,89,1004222648,679,141888,115314,156922,4
pos_4,hold,2.0,0.0,7.6301,90,1004241415,679,36260,115380,156953,4
pos_4,hold,2.0,0.0,7.6522,91,1004263943,678,99317,115327,156932,4
pos_4,hold,2.0,0.0,7.6723,92,1004282685,678,146003,115377,157001,4
pos_4,hold,2.0,0.0,7.6891,93,1004301477,679,44610,115368,156934,4
pos_4,hold,2.0,0.0,7.7124,94,1004323979,678,103458,115356,156917,4
pos_4,hold,2.0,0.0,7.7325,95,1004342746,680,155278,115336,156942,4
pos_4,hold,2.0,0.0,7.7494,96,1004361517,679,50890,115311,156911,4
pos_4,hold,2.0,0.0,7.7725,97,1004384016,684,109133,115326,156927,4
pos_4,hold,2.0,0.0,7.7925,98,1004402788,680,4225,115355,156970,4
pos_4,hold,2.0,0.0,7.8136,99,1004425318,678,66771,115367,156982,4
pos_4,hold,2.0,0.0,7.8336,100,1004445283,678,7835,115333,156945,4
pos_4,hold,2.0,0.0,7.8568,101,1004467832,679,74031,115352,156967,4
pos_4,hold,2.0,0.0,7.8748,102,1004486608,679,126778,115380,156988,4
pos_4,hold,2.0,0.0,7.8959,103,1004505375,686,20622,115412,156995,4
pos_4,hold,2.0,0.0,7.9171,104,1004527898,683,81860,115326,156932,4
pos_4,hold,2.0,0.0,7.934,105,1004546674,678,134759,115355,156969,4
pos_4,hold,2.0,0.0,7.954,106,1004565441,679,28898,115393,156970,4
pos_4,hold,2.0,0.0,7.9772,107,1004587941,678,86886,115363,156982,4
pos_4,hold,2.0,0.0,7.9941,108,1004606709,679,138110,115325,156968,4
pos_4,hold,2.0,0.0,8.0131,109,1004625475,678,32198,115381,156954,4
pos_4,hold,2.0,0.0,8.0247,110,1004636301,680,146083,115367,156970,4
pos_4,hold,2.0,0.0,8.0341,111,1004646176,679,98220,115406,156981,4
pos_4,hold,2.0,0.0,8.0531,112,1004665512,679,88667,115393,156973,4
pos_4,hold,2.0,0.0,8.0774,113,1004688016,684,146800,115354,156990,4
pos_4,hold,2.0,0.0,8.0942,114,1004706812,679,44877,115408,156991,4
pos_4,hold,2.0,0.0,8.1174,115,1004729281,678,96567,115379,156996,4
pos_4,hold,2.0,0.0,8.1375,116,1004748104,679,156514,115344,156954,4
pos_4,hold,2.0,0.0,8.1544,117,1004766870,679,50598,115406,156985,4
pos_4,hold,2.0,0.0,8.1776,118,1004789372,684,108391,115414,157000,4
pos_4,hold,2.0,0.0,8.1966,119,1004808144,679,2714,115387,157008,4
pos_4,hold,2.0,0.0,8.2177,120,1004830668,679,63934,115356,156973,4
pos_4,hold,2.0,0.0,8.2379,121,1004849438,679,115083,115401,156977,4
pos_4,hold,2.0,0.0,8.2559,122,1004868208,678,9513,115382,157002,4
pos_4,hold,2.0,0.0,8.2781,123,1004890738,679,72120,115387,156962,4
pos_4,hold,2.0,0.0,8.2971,124,1004909505,686,123078,115377,156978,4
pos_4,hold,2.0,0.0,8.3151,125,1004928271,678,16433,115361,156972,4
pos_4,hold,2.0,0.0,8.3382,126,1004950801,678,79175,115366,156975,4
pos_4,hold,2.0,0.0,8.3572,127,1004969540,678,125467,115376,156957,4
pos_4,hold,2.0,0.0,8.3793,0,1004992065,680,30777,115366,156938,4
pos_4,hold,2.0,0.0,8.3983,1,1005010834,676,82276,115348,156955,4
pos_4,hold,2.0,0.0,8.4183,2,1005030801,679,23066,115418,156996,4
pos_4,hold,2.0,0.0,8.4426,3,1005053359,679,90599,115326,156935,4
pos_4,hold,2.0,0.0,8.4721,4,1005072129,679,142444,115339,156950,4
pos_4,hold,2.0,0.0,8.489,5,1005092801,679,46707,115406,156987,4
pos_4,hold,2.0,0.0,8.4985,6,1005112427,679,86658,115399,156981,4
pos_4,hold,2.0,0.0,8.5226,7,1005133415,679,44987,115359,156923,4
pos_4,hold,2.0,0.0,8.5279,8,1005141813,678,60128,115319,156914,4
pos_4,hold,2.0,0.0,8.5426,9,1005152469,678,145589,115321,156922,4
pos_4,hold,2.0,0.0,8.5595,10,1005172203,678,47915,115345,156955,4
pos_4,hold,2.0,0.0,8.5816,11,1005194729,678,110182,115351,156968,4
pos_4,hold,2.0,0.0,8.6027,12,1005213499,679,4802,115392,156963,4
pos_4,hold,2.0,0.0,8.6248,13,1005233514,683,111172,115352,156964,4
pos_4,hold,2.0,0.0,8.6596,14,1005262286,671,136267,115362,156976,4
pos_4,hold,2.0,0.0,8.6669,15,1005279284,679,42985,115410,156998,4
pos_4,hold,2.0,0.0,8.6848,16,1005294778,679,8459,115380,156948,4
pos_4,hold,2.0,0.0,8.7027,17,1005316088,683,20685,115331,156943,4
pos_4,hold,2.0,0.0,8.7227,18,1005334849,678,71143,115376,156947,4
pos_4,hold,2.0,0.0,8.7438,19,1005357382,685,134559,115368,156993,4
pos_4,hold,2.0,0.0,8.7627,20,1005376149,678,28461,115363,156983,4
pos_4,hold,2.0,0.0,8.788,21,1005398643,679,85729,115331,156940,4
pos_4,hold,2.0,0.0,8.8038,22,1005417417,679,138066,115336,156955,4
pos_4,hold,2.0,0.0,8.8228,23,1005436211,678,36353,115418,157004,4
pos_4,hold,2.0,0.0,8.8449,24,1005458707,678,93254,115333,156939,4
pos_4,hold,2.0,0.0,8.8638,25,1005477480,678,145362,115356,156960,4
pos_4,hold,2.0,0.0,8.887,26,1005500006,679,49685,115416,157001,4
pos_4,hold,2.0,0.0,8.907,27,1005518776,678,100836,115369,156989,4
pos_4,hold,2.0,0.0,8.927,28,1005540020,679,102237,115369,156938,4
pos_4,hold,2.0,0.0,8.9491,29,1005562551,678,8372,115380,156950,4
pos_4,hold,2.0,0.0,8.968,30,1005581266,679,50524,115404,156985,4
pos_4,hold,2.0,0.0,8.9871,31,1005600088,686,110231,115342,156999,4
pos_4,hold,2.0,0.0,9.0114,32,1005622621,678,16148,115346,156960,4
pos_4,hold,2.0,0.0,9.0241,33,1005636382,678,887,115459,157006,4
pos_4,hold,2.0,0.0,9.0325,34,1005644752,679,10786,115411,156981,4
pos_4,hold,2.0,0.0,9.0494,35,1005662638,679,68832,115384,156955,4
pos_4,hold,2.0,0.0,9.0706,36,1005681407,678,120228,115327,156962,4
pos_4,hold,2.0,0.0,9.0885,37,1005701450,678,74918,115311,156908,4
pos_4,hold,2.0,0.0,9.1117,38,1005723926,681,128897,115370,156965,4
pos_4,hold,2.0,0.0,9.1296,39,1005742718,679,27429,115365,156985,4
pos_4,hold,2.0,0.0,9.1486,40,1005761454,679,72714,115409,156995,4
pos_4,hold,2.0,0.0,9.1718,41,1005783985,676,134905,115382,156998,4
pos_4,hold,2.0,0.0,9.1887,42,1005802781,679,33245,115350,156964,4
pos_4,hold,2.0,0.0,9.2088,43,1005822778,678,136402,115365,156956,4
pos_4,hold,2.0,0.0,9.2319,44,1005845274,680,36444,115363,156975,4
pos_4,hold,2.0,0.0,9.252,45,1005864065,679,91579,115355,156964,4
pos_4,hold,2.0,0.0,9.2753,46,1005884092,678,42960,115386,156961,4
pos_4,hold,2.0,0.0,9.2933,47,1005906615,680,104695,115357,156974,4
pos_4,hold,2.0,0.0,9.3124,48,1005925356,678,151821,115354,156936,4
pos_4,hold,2.0,0.0,9.3324,49,1005944130,678,47413,115383,156958,4
pos_4,hold,2.0,0.0,9.3535,50,1005966655,680,110162,115336,156947,4
pos_4,hold,2.0,0.0,9.3725,51,1005985432,677,5723,115338,156957,4
pos_4,hold,2.0,0.0,9.3949,52,1006005445,678,111866,115376,156951,4
pos_4,hold,2.0,0.0,9.4171,53,1006025438,679,57315,115416,157005,4
pos_4,hold,2.0,0.0,9.4373,54,1006045465,679,8567,115379,156952,4
pos_4,hold,2.0,0.0,9.455,55,1006067986,679,69993,115409,156990,4
pos_4,hold,2.0,0.0,9.4729,56,1006086752,685,120973,115393,156955,4
pos_4,hold,2.0,0.0,9.4975,57,1006109285,678,27064,115399,156983,4
pos_4,hold,2.0,0.0,9.514,58,1006128049,678,77356,115405,156984,4
pos_4,hold,2.0,0.0,9.5247,59,1006138903,678,38673,115406,156990,4
pos_4,hold,2.0,0.0,9.5375,60,1006148726,678,138852,115373,156986,4
pos_4,hold,2.0,0.0,9.5545,61,1006168089,679,134175,115401,156974,4
pos_4,hold,2.0,0.0,9.5767,62,1006190596,679,36063,115347,156964,4
pos_4,hold,2.0,0.0,9.5969,63,1006209359,679,86333,115355,156979,4
pos_4,hold,2.0,0.0,9.6138,64,1006228126,679,137312,115385,156962,4
pos_4,hold,2.0,0.0,9.6381,65,1006250659,678,43890,115338,156950,4
pos_4,hold,2.0,0.0,9.6571,66,1006269425,680,95161,115355,156922,4
pos_4,hold,2.0,0.0,9.6782,67,1006291929,678,153970,115374,156970,4
pos_4,hold,2.0,0.0,9.6971,68,1006310698,680,48271,115395,156979,4
pos_4,hold,2.0,0.0,9.7203,69,1006333221,678,109833,115384,156951,4
pos_4,hold,2.0,0.0,9.7382,70,1006352001,679,6431,115376,156947,4
pos_4,hold,2.0,0.0,9.7889,71,1006370737,679,52093,115335,156951,4
pos_4,hold,2.0,0.0,9.7942,72,1006395286,678,144742,115322,156916,4
pos_4,hold,2.0,0.0,9.8005,73,1006412927,683,4758,115357,156924,4
pos_4,hold,2.0,0.0,9.8195,74,1006433317,678,18210,115370,156930,4
pos_4,hold,2.0,0.0,9.8427,75,1006453312,673,120613,115351,156967,4
pos_4,hold,2.0,0.0,9.8606,76,1006473357,678,74710,115371,156950,4
pos_4,hold,2.0,0.0,9.8817,77,1006495854,678,131999,115373,157000,4
pos_4,hold,2.0,0.0,9.9017,78,1006514601,679,22573,115384,157004,4
pos_4,hold,2.0,0.0,9.9228,79,1006535873,679,28301,115371,156985,4
pos_4,hold,2.0,0.0,9.9638,80,1006569530,679,99232,115348,156965,4
pos_4,hold,2.0,0.0,9.9723,81,1006584117,679,67450,115401,156981,4
pos_4,hold,2.0,0.0,9.9839,82,1006597186,679,91435,115375,156946,4
pos_4,hold,2.0,0.0,10.0039,83,1006619714,679,154386,115400,156959,4
pos_4,hold,2.0,0.0,10.027,84,1006638112,678,142648,115353,156932,4
pos_4,hold,2.0,0.0,10.0302,85,1006639046,679,144555,115310,156915,0
pos_4,hold,2.0,0.0,10.0439,86,1006658498,679,155858,115346,156946,4
pos_4,hold,2.0,0.0,10.0672,87,1006680997,679,56828,115385,156953,4
pos_4,hold,2.0,0.0,10.0872,88,1006699760,678,107626,115331,156943,4
pos_4,hold,2.0,0.0,10.1041,89,1006718505,679,155157,115389,156956,4
pos_4,hold,2.0,0.0,10.1272,90,1006741031,678,60239,115355,156969,4
pos_4,hold,2.0,0.0,10.1472,91,1006759801,679,112195,115383,156960,4
pos_4,hold,2.0,0.0,10.1684,92,1006782305,679,14325,115341,156950,4
pos_4,hold,2.0,0.0,10.1895,93,1006801070,679,65282,115343,156959,4
pos_4,hold,2.0,0.0,10.2074,94,1006821098,679,16913,115376,156951,4
pos_4,hold,2.0,0.0,10.2295,95,1006843594,678,74175,115357,156974,4
pos_4,hold,2.0,0.0,10.2485,96,1006862361,679,124767,115379,157012,4
pos_4,hold,2.0,0.0,10.2685,97,1006882359,679,70607,115366,156985,4
pos_4,hold,2.0,0.0,10.2917,98,1006904912,678,136836,115408,156992,4
pos_4,hold,2.0,0.0,10.3097,99,1006923521,679,3598,115409,156993,4
pos_4,hold,2.0,0.0,10.3297,100,1006942426,678,77713,115355,156978,4
pos_4,hold,2.0,0.0,10.3487,101,1006962448,680,28129,115387,156964,4
pos_4,hold,2.0,0.0,10.3718,102,1006984977,679,91234,115372,156995,4
pos_4,hold,2.0,0.0,10.3888,103,1007003719,679,137759,115373,156955,4
pos_4,hold,2.0,0.0,10.4121,104,1007026244,679,42823,115397,157022,4
pos_4,hold,2.0,0.0,10.4322,105,1007045015,678,94445,115352,156963,4
pos_4,hold,2.0,0.0,10.4544,106,1007067540,678,156462,115369,156959,4
pos_4,hold,2.0,0.0,10.4724,107,1007086288,679,47074,115366,156984,4
pos_4,hold,2.0,0.0,10.4914,108,1007105054,679,97530,115414,156994,4
pos_4,hold,2.0,0.0,10.5157,109,1007127585,678,2716,115354,156967,4
pos_4,hold,2.0,0.0,10.5252,110,1007140375,678,136371,115330,156953,4
pos_4,hold,2.0,0.0,10.5336,111,1007149284,680,81419,115401,156978,4
pos_4,hold,2.0,0.0,10.5526,112,1007166342,679,155997,115358,156958,4
pos_4,hold,2.0,0.0,10.5717,113,1007185092,679,47162,115384,156962,4
pos_4,hold,2.0,0.0,10.594,114,1007207471,679,83827,115385,157005,4
pos_4,hold,2.0,0.0,10.6119,115,1007226391,678,3738,115351,156961,4
pos_4,hold,2.0,0.0,10.6341,116,1007248912,681,64804,115379,156996,4
pos_4,hold,2.0,0.0,10.6542,117,1007267676,679,114744,115355,156975,4
pos_4,hold,2.0,0.0,10.6721,118,1007286428,684,5704,115401,156981,4
pos_4,hold,2.0,0.0,10.6946,119,1007308978,678,71948,115346,156961,4
pos_4,hold,2.0,0.0,10.7127,120,1007327718,679,118170,115392,156978,4
pos_4,hold,2.0,0.0,10.7317,121,1007346495,679,13249,115436,157026,4
pos_4,hold,2.0,0.0,10.7541,122,1007369020,678,74132,115401,157041,4
pos_4,hold,2.0,0.0,10.7732,123,1007387792,678,124972,115408,157025,4
pos_4,hold,2.0,0.0,10.7922,124,1007406560,679,17885,115397,157034,4
pos_4,hold,2.0,0.0,10.8143,125,1007429081,680,77965,115387,157010,4
pos_4,hold,2.0,0.0,10.8332,126,1007447828,679,125099,115370,156991,4
pos_4,hold,2.0,0.0,10.8567,127,1007470381,677,34146,115378,156996,4
pos_4,hold,2.0,0.0,10.8747,0,1007489116,686,78893,115405,157041,4
pos_4,hold,2.0,0.0,10.8937,1,1007507745,679,105580,115380,157009,4
pos_4,hold,2.0,0.0,10.9168,2,1007530415,680,34104,115380,157002,4
pos_4,hold,2.0,0.0,10.9337,3,1007549187,679,85164,115399,157021,4
pos_4,hold,2.0,0.0,10.9569,4,1007571712,679,146718,115395,156984,4
pos_4,hold,2.0,0.0,10.978,5,1007590480,680,40140,115380,157004,4
pos_4,hold,2.0,0.0,10.9949,6,1007609252,679,90981,115372,156994,4
pos_4,hold,2.0,0.0,11.017,7,1007631776,678,152257,115357,156998,4
pos_4,hold,2.0,0.0,11.0286,8,1007642618,679,111631,115403,156982,4
pos_4,hold,2.0,0.0,11.0381,9,1007652453,679,56810,115336,156941,4
pos_4,hold,2.0,0.0,11.0741,10,1007671790,679,48131,115337,156950,4
pos_4,hold,2.0,0.0,11.0889,11,1007692383,678,94948,115368,156991,4
pos_4,hold,2.0,0.0,11.0973,12,1007713772,672,121059,115360,156953,4
pos_4,hold,2.0,0.0,11.1196,13,1007734333,678,6042,115314,156972,4
pos_4,hold,2.0,0.0,11.1386,14,1007753103,679,57725,115399,156975,4
pos_4,hold,2.0,0.0,11.1577,15,1007771864,679,107844,115407,156993,4
pos_4,hold,2.0,0.0,11.1778,16,1007791716,678,29233,115342,156959,4
pos_4,hold,2.0,0.0,11.1988,17,1007814420,678,121231,115344,156973,4
pos_4,hold,2.0,0.0,11.2178,18,1007833155,679,9902,115397,156975,4
pos_4,hold,2.0,0.0,11.2589,19,1007864456,682,149798,115371,156962,4
pos_4,hold,2.0,0.0,11.2674,20,1007881453,679,56383,115386,157014,4
pos_4,hold,2.0,0.0,11.279,21,1007893496,679,62591,115432,157023,4
pos_4,hold,2.0,0.0,11.2979,22,1007913236,672,121039,115380,157016,4
pos_4,hold,2.0,0.0,11.3222,23,1007937010,679,80828,115371,157005,4
pos_4,hold,2.0,0.0,11.3423,24,1007955776,678,131028,115383,156979,4
pos_4,hold,2.0,0.0,11.3623,25,1007975802,679,81578,115374,156994,4
pos_4,hold,2.0,0.0,11.3792,26,1007994569,679,131963,115407,156997,4
pos_4,hold,2.0,0.0,11.4023,27,1008017106,684,38205,115398,157033,4
pos_4,hold,2.0,0.0,11.4224,28,1008035842,679,83172,115346,156962,4
pos_4,hold,2.0,0.0,11.4393,29,1008054610,674,133984,115343,156971,4
pos_4,hold,2.0,0.0,11.4625,30,1008076976,679,11444,115412,157001,4
pos_4,hold,2.0,0.0,11.4815,31,1008095910,680,90567,115434,157029,4
pos_4,hold,2.0,0.0,11.5047,32,1008118434,677,151590,115366,157017,4
pos_4,hold,2.0,0.0,11.5226,33,1008137210,680,46461,115403,156981,4
pos_4,hold,2.0,0.0,11.5258,34,1008139718,679,1887,115399,156983,4
pos_4,hold,2.0,0.0,11.5437,35,1008158462,678,47883,115408,156988,4
pos_4,hold,2.0,0.0,11.5659,36,1008178481,678,154623,115337,156983,4
pos_4,hold,2.0,0.0,11.5838,37,1008198494,679,103269,115413,156994,4
pos_4,hold,2.0,0.0,11.605,38,1008219772,679,109772,115418,157003,4
pos_4,hold,2.0,0.0,11.6241,39,1008238546,679,4661,115407,156979,4
pos_4,hold,2.0,0.0,11.6431,40,1008258561,687,110815,115357,156970,4
pos_4,hold,2.0,0.0,11.6621,41,1008277312,680,1615,115411,156999,4
pos_4,hold,2.0,0.0,11.6821,42,1008297326,680,106997,115367,156989,4
pos_4,hold,2.0,0.0,11.7042,43,1008319831,678,8407,115401,156983,4
pos_4,hold,2.0,0.0,11.7231,44,1008338453,679,34945,115363,156979,4
pos_4,hold,2.0,0.0,11.7494,45,1008361121,672,121196,115405,156997,4
pos_4,hold,2.0,0.0,11.7642,46,1008379897,679,16415,115421,157012,4
pos_4,hold,2.0,0.0,11.7885,47,1008402394,679,73527,115386,156958,4
pos_4,hold,2.0,0.0,11.8076,48,1008422418,677,24856,115383,156956,4
pos_4,hold,2.0,0.0,11.8277,49,1008441188,678,76579,115359,156973,4
pos_4,hold,2.0,0.0,11.8478,50,1008463602,680,119654,115415,156995,4
pos_4,hold,2.0,0.0,11.8671,51,1008482463,678,28726,115381,157001,4
pos_4,hold,2.0,0.0,11.8893,52,1008501229,679,78890,115403,156989,4
pos_4,hold,2.0,0.0,11.9104,53,1008522500,680,83879,115385,157011,4
pos_4,hold,2.0,0.0,11.9283,54,1008543777,678,90076,115348,156959,4
pos_4,hold,2.0,0.0,11.9474,55,1008562518,679,136323,115410,157011,4
pos_4,hold,2.0,0.0,11.9696,56,1008585043,678,40381,115376,157004,4
pos_4,hold,2.0,0.0,11.9886,57,1008603812,678,91329,115376,156994,4
move_5,spin,2.0,0.15,0.0138,64,1008680134,684,34595,115557,157032,4
move_5,spin,2.0,0.15,0.0362,65,1008702667,681,97491,115642,157006,4
move_5,spin,2.0,0.15,0.0564,66,1008722663,681,42537,115725,157013,4
move_5,spin,2.0,0.15,0.0766,67,1008741441,680,95043,115773,156968,4
move_5,spin,2.0,0.15,0.0978,68,1008761463,681,44500,115860,156991,4
move_5,spin,2.0,0.15,0.1179,69,1008783988,682,105387,115964,157022,4
move_5,spin,2.0,0.15,0.1362,70,1008802744,683,153222,116052,157040,4
move_5,spin,2.0,0.15,0.1563,71,1008822785,685,105515,116114,157025,4
move_5,spin,2.0,0.15,0.1752,72,1008841556,685,156235,116192,157012,4
move_5,spin,2.0,0.15,0.1973,73,1008864076,684,58995,116252,157000,4
move_5,spin,2.0,0.15,0.2163,74,1008882856,684,111195,116337,157050,4
move_5,spin,2.0,0.15,0.2374,75,1008902717,684,32915,116380,157015,4
move_5,spin,2.0,0.15,0.2575,76,1008921635,685,108444,116432,157032,4
move_5,spin,2.0,0.15,0.2775,77,1008944161,685,12230,116503,157030,4
move_5,spin,2.0,0.15,0.2964,78,1008962932,686,62918,116606,157023,4
move_5,spin,2.0,0.15,0.3417,79,1008994068,686,17179,116671,156991,4
move_5,spin,2.0,0.15,0.3565,80,1009011038,686,76562,116748,156995,4
move_5,spin,2.0,0.15,0.3671,81,1009032457,689,106509,116846,156973,4
move_5,spin,2.0,0.15,0.3787,82,1009045498,687,125844,116830,156976,4
move_5,spin,2.0,0.15,0.4019,83,1009068044,688,33788,116969,157000,4
move_5,spin,2.0,0.15,0.421,84,1009086793,690,81221,117044,156988,4
move_5,spin,2.0,0.15,0.4399,85,1009105596,690,138005,117113,156998,4
move_5,spin,2.0,0.15,0.462,86,1009128088,687,36708,117204,157004,4
move_5,spin,2.0,0.15,0.4895,87,1009146855,690,86701,117254,157013,4
move_5,spin,2.0,0.15,0.5239,88,1009181646,690,34713,117412,157016,4
move_5,spin,2.0,0.15,0.5239,89,1009182598,691,39428,117401,157012,0
move_5,spin,2.0,0.15,0.5293,90,1009195154,691,132972,117406,156967,4
move_5,spin,2.0,0.15,0.5421,91,1009208167,691,147648,117472,156986,4
move_5,spin,2.0,0.15,0.5645,92,1009230680,693,49470,117544,156994,4
move_5,spin,2.0,0.15,0.5836,93,1009249430,692,97398,117602,156970,4
move_5,spin,2.0,0.15,0.6017,94,1009268204,689,149230,117716,156998,4
move_5,spin,2.0,0.15,0.624,95,1009290737,693,54878,117777,157003,4
move_5,spin,2.0,0.15,0.6431,96,1009309486,693,102604,117778,156991,4
move_5,spin,2.0,0.15,0.6664,97,1009332025,693,9267,117902,157017,4
move_5,spin,2.0,0.15,0.6865,98,1009352043,694,114982,117898,157007,4
move_5,spin,2.0,0.15,0.7035,99,1009370810,699,7806,118019,157018,4
move_5,spin,2.0,0.15,0.7226,100,1009389584,695,59463,118082,156994,4
move_5,spin,2.0,0.15,0.748,101,1009412090,696,117518,118172,157018,4
move_5,spin,2.0,0.15,0.7639,102,1009430883,696,14869,118210,157020,4
move_5,spin,2.0,0.15,0.7829,103,1009449649,696,64912,118241,156957,4
move_5,spin,2.0,0.15,0.8041,104,1009469474,696,138640,118342,156995,4
move_5,spin,2.0,0.15,0.8275,105,1009492153,696,69394,118398,156956,4
move_5,spin,2.0,0.15,0.8476,106,1009513439,698,77188,118507,157004,4
move_5,spin,2.0,0.15,0.8666,107,1009532202,697,127271,118542,156956,4
move_5,spin,2.0,0.15,0.8878,108,1009552221,698,76770,118637,157022,4
move_5,spin,2.0,0.15,0.9048,109,1009570979,698,126292,118672,156967,4
move_5,spin,2.0,0.15,0.9281,110,1009593518,698,33929,118726,156938,4
move_5,spin,2.0,0.15,0.9472,111,1009614752,698,33877,118787,156924,4
move_5,spin,2.0,0.15,0.9664,112,1009633530,700,87032,118937,156968,4
move_5,spin,2.0,0.15,0.9865,113,1009652319,700,141343,119008,156983,4
move_5,spin,2.0,0.15,1.0077,114,1009674820,700,42696,119015,156933,4
move_5,spin,2.0,0.15,1.0161,115,1009683217,700,57849,119080,156908,4
move_5,spin,2.0,0.15,1.0256,116,1009693198,701,28285,119106,156943,4
move_5,spin,2.0,0.15,1.0467,117,1009713585,701,40979,119252,156983,4
move_5,spin,2.0,0.15,1.0666,118,1009733470,708,124961,119290,156948,4
move_5,spin,2.0,0.15,1.0888,119,1009752334,703,36022,119378,156953,4
move_5,spin,2.0,0.15,1.1067,120,1009773645,703,49015,119423,156957,4
move_5,spin,2.0,0.15,1.129,121,1009796152,703,108019,119552,156968,4
move_5,spin,2.0,0.15,1.1479,122,1009814944,704,6185,119647,157004,4
move_5,spin,2.0,0.15,1.1701,123,1009833692,705,53773,119673,156944,4
move_5,spin,2.0,0.15,1.188,124,1009854954,704,57694,119837,156994,4
move_5,spin,2.0,0.15,1.2134,125,1009877492,705,121711,119897,156966,4
move_5,spin,2.0,0.15,1.2272,126,1009894991,711,113926,119910,156950,4
move_5,spin,2.0,0.15,1.2516,127,1009917532,706,21280,119996,156957,4
move_5,spin,2.0,0.15,1.2686,0,1009936287,706,70338,120065,156953,4
move_5,spin,2.0,0.15,1.2887,1,1009955037,707,118165,120159,156980,4
move_5,spin,2.0,0.15,1.312,2,1009975062,707,68892,120206,156982,4
move_5,spin,2.0,0.15,1.3321,3,1009994951,709,153301,120350,157000,4
move_5,spin,2.0,0.15,1.3512,4,1010016377,709,27872,120354,156972,4
move_5,spin,2.0,0.15,1.3692,5,1010036375,709,131188,120460,156976,4
move_5,spin,2.0,0.15,1.3925,6,1010056393,709,80569,120510,156987,4
move_5,spin,2.0,0.15,1.4095,7,1010077651,714,83970,120602,156956,4
move_5,spin,2.0,0.15,1.4317,8,1010096422,703,135673,120660,156979,4
move_5,spin,2.0,0.15,1.454,9,1010116440,711,85215,120777,156984,4
move_5,spin,2.0,0.15,1.4719,10,1010137722,711,92065,120859,156991,4
move_5,spin,2.0,0.15,1.4888,11,1010156501,711,144661,120932,156985,4
move_5,spin,2.0,0.15,1.5099,12,1010176515,712,93669,120944,156948,4
move_5,spin,2.0,0.15,1.5164,13,1010184890,710,104824,121008,156988,4
move_5,spin,2.0,0.15,1.5291,14,1010196508,712,38938,121087,156990,4
move_5,spin,2.0,0.15,1.5512,15,1010219033,717,101003,121153,156986,4
move_5,spin,2.0,0.15,1.5681,16,1010236560,713,97666,121242,156990,4
move_5,spin,2.0,0.15,1.5903,17,1010257680,714,76874,121368,157008,4
move_5,spin,2.0,0.15,1.6093,18,1010276597,710,152584,121388,156998,4
move_5,spin,2.0,0.15,1.6525,19,1010303987,715,98806,121544,156991,4
move_5,spin,2.0,0.15,1.6673,20,1010323438,716,108300,121689,157023,4
move_5,spin,2.0,0.15,1.6768,21,1010344856,709,138301,121787,157013,4
move_5,spin,2.0,0.15,1.6915,22,1010357935,717,6705,121796,157016,4
move_5,spin,2.0,0.15,1.7136,23,1010380456,718,67382,121895,156997,4
move_5,spin,2.0,0.15,1.7325,24,1010400479,718,17131,121978,157006,4
move_5,spin,2.0,0.15,1.7515,25,1010419224,718,64040,122032,156982,4
move_5,spin,2.0,0.15,1.7728,26,1010439232,726,11522,122114,156985,4
move_5,spin,2.0,0.15,1.8013,27,1010466782,722,142029,122282,157017,4
move_5,spin,2.0,0.15,1.8235,28,1010480110,719,52937,122258,156982,4
move_5,spin,2.0,0.15,1.8351,29,1010500053,720,146151,122343,157012,4
move_5,spin,2.0,0.15,1.8572,30,1010520448,720,2135,122432,157005,4
move_5,spin,2.0,0.15,1.8772,31,1010543100,721,84681,122520,157013,4
move_5,spin,2.0,0.15,1.894,32,1010561890,722,138866,122578,157002,4
move_5,spin,2.0,0.15,1.9151,33,1010580650,727,31254,122620,156958,4
move_5,spin,2.0,0.15,1.9373,34,1010603170,722,91898,122714,156973,4
move_5,spin,2.0,0.15,1.9563,35,1010623185,722,41317,122765,156946,4
move_5,spin,2.0,0.15,1.9763,36,1010643183,723,144381,122840,156963,4
move_5,spin,2.0,0.15,1.9932,37,1010661980,723,42900,122935,157014,4
move_5,spin,2.0,0.15,2.0185,38,1010685577,730,129199,123055,157027,4
move_5,spin,2.0,0.15,2.0217,39,1010686523,725,133078,123030,157023,0
move_5,spin,2.0,0.15,2.0334,40,1010702014,723,97045,123037,157006,4
move_5,spin,2.0,0.15,2.0566,41,1010724545,730,1998,123121,157002,4
move_5,spin,2.0,0.15,2.0766,42,1010743303,725,50889,123199,157010,4
move_5,spin,2.0,0.15,2.0977,43,1010765738,726,96462,123245,157019,4
move_5,spin,2.0,0.15,2.1166,44,1010784587,726,4098,123334,156992,4
move_5,spin,2.0,0.15,2.1366,45,1010804447,726,83822,123393,156972,4
move_5,spin,2.0,0.15,2.1619,46,1010827008,726,151467,123447,157011,4
move_5,spin,2.0,0.15,2.1787,47,1010847060,726,107058,123541,156959,4
move_5,spin,2.0,0.15,2.1998,48,1010865796,722,152511,123613,157010,4
move_5,spin,2.0,0.15,2.2177,49,1010885810,728,100921,123702,157012,4
move_5,spin,2.0,0.15,2.244,50,1010908384,727,14402,123747,156931,4
move_5,spin,2.0,0.15,2.2621,51,1010929587,729,8990,123882,156955,4
move_5,spin,2.0,0.15,2.2821,52,1010948356,729,60257,123989,157002,4
move_5,spin,2.0,0.15,2.299,53,1010967104,730,107694,124003,156967,4
move_5,spin,2.0,0.15,2.3222,54,1010989638,733,13267,124162,157022,4
move_5,spin,2.0,0.15,2.3422,55,1011009653,729,118892,124223,157005,4
move_5,spin,2.0,0.15,2.3633,56,1011028442,731,16593,124222,156952,4
move_5,spin,2.0,0.15,2.3812,57,1011049699,731,20260,124295,156951,4
move_5,spin,2.0,0.15,2.4001,58,1011068498,739,76728,124395,156975,4
move_5,spin,2.0,0.15,2.4265,59,1011090977,733,130556,124493,157003,4
move_5,spin,2.0,0.15,2.4392,60,1011107273,740,74980,124503,156973,4
move_5,spin,2.0,0.15,2.4613,61,1011129775,733,132651,124599,156998,4
move_5,spin,2.0,0.15,2.4813,62,1011148567,734,30258,124630,156987,4
move_5,spin,2.0,0.15,2.5055,63,1011171058,734,85819,124747,156988,4
move_5,spin,2.0,0.15,2.515,64,1011183943,735,78511,124737,156978,4
move_5,spin,2.0,0.15,2.5245,65,1011191825,735,5547,124833,157007,4
move_5,spin,2.0,0.15,2.5424,66,1011211089,734,141067,124834,156945,4
move_5,spin,2.0,0.15,2.5614,67,1011229848,735,33832,124864,156950,4
move_5,spin,2.0,0.15,2.5846,68,1011252401,736,100678,125010,156984,4
move_5,spin,2.0,0.15,2.6036,69,1011271150,736,148178,125102,156995,4
move_5,spin,2.0,0.15,2.6215,70,1011289909,736,40629,125086,156944,4
move_5,spin,2.0,0.15,2.6437,71,1011312455,737,106012,125185,156967,4
move_5,spin,2.0,0.15,2.6627,72,1011331202,728,153718,125227,156979,4
move_5,spin,2.0,0.15,2.6818,73,1011349958,743,45689,125334,156966,4
move_5,spin,2.0,0.15,2.7041,74,1011373726,737,4933,125347,156976,4
move_5,spin,2.0,0.15,2.7246,75,1011392532,742,62522,125456,156965,4
move_5,spin,2.0,0.15,2.7481,76,1011412529,738,8759,125496,156979,4
move_5,spin,2.0,0.15,2.7641,77,1011432533,738,112656,125557,157007,4
move_5,spin,2.0,0.15,2.7864,78,1011455036,739,13384,125640,156961,4
move_5,spin,2.0,0.15,2.8066,79,1011473801,741,63573,125725,156972,4
move_5,spin,2.0,0.15,2.8236,80,1011492597,747,119188,125773,156984,4
move_5,spin,2.0,0.15,2.8469,81,1011515096,740,19335,125859,156998,4
move_5,spin,2.0,0.15,2.8671,82,1011533877,741,72360,125909,157013,4
move_5,spin,2.0,0.15,2.8862,83,1011553873,741,17702,125985,156969,4
move_5,spin,2.0,0.15,2.9032,84,1011572666,742,73150,126077,156991,4
move_5,spin,2.0,0.15,2.9446,85,1011595175,743,132481,126120,156940,4
move_5,spin,2.0,0.15,2.9585,86,1011615855,742,38165,126244,156960,4
move_5,spin,2.0,0.15,2.9734,87,1011637241,743,63643,126316,156959,4
move_5,spin,2.0,0.15,2.984,88,1011654338,745,144952,126394,156944,4
move_5,spin,2.0,0.15,3.0065,89,1011675222,745,84624,126535,157035,4
move_5,spin,2.0,0.15,3.0172,90,1011686189,745,64857,126496,156989,4
move_5,spin,2.0,0.15,3.029,91,1011694945,744,140636,126517,156957,4
move_5,spin,2.0,0.15,3.0471,92,1011716509,745,39020,126622,157002,4
move_5,spin,2.0,0.15,3.0662,93,1011735275,745,89622,126698,157000,4
move_5,spin,2.0,0.15,3.0918,94,1011757829,745,156381,126732,156948,4
move_5,spin,2.0,0.15,3.1289,95,1011786560,751,17358,126913,156986,4
move_5,spin,2.0,0.15,3.1384,96,1011803691,750,104157,126910,156982,4
move_5,spin,2.0,0.15,3.148,97,1011816284,754,47330,126933,156962,4
move_5,spin,2.0,0.15,3.1692,98,1011837878,747,107598,127015,156970,4
move_5,spin,2.0,0.15,3.1873,99,1011856627,748,155539,127097,156971,4
move_5,spin,2.0,0.15,3.2095,100,1011879141,748,58535,127169,156975,4
move_5,spin,2.0,0.15,3.2298,101,1011897914,749,110501,127283,156967,4
move_5,spin,2.0,0.15,3.249,102,1011917925,749,59379,127312,156953,4
move_5,spin,2.0,0.15,3.2681,103,1011936696,750,110817,127396,156970,4
move_5,spin,2.0,0.15,3.2914,104,1011959228,754,17032,127503,156961,4
move_5,spin,2.0,0.15,3.3084,105,1011977991,751,67255,127602,156991,4
move_5,spin,2.0,0.15,3.3285,106,1011997986,751,13066,127650,156956,4
move_5,spin,2.0,0.15,3.3518,107,1012020507,751,74438,127716,156941,4
move_5,spin,2.0,0.15,3.3709,108,1012039258,752,122649,127783,156974,4
move_5,spin,2.0,0.15,3.3889,109,1012058037,759,18538,127892,157012,4
move_5,spin,2.0,0.15,3.4145,110,1012080555,753,79004,127959,156960,4
move_5,spin,2.0,0.15,3.4305,111,1012099336,753,131857,128041,157014,4
move_5,spin,2.0,0.15,3.4528,112,1012121844,757,33713,128146,157003,4
move_5,spin,2.0,0.15,3.473,113,1012140622,754,85689,128240,157023,4
move_5,spin,2.0,0.15,3.4941,114,1012159374,754,133199,128269,157005,4
move_5,spin,2.0,0.15,3.5101,115,1012179414,756,86100,128311,156972,4
move_5,spin,2.0,0.15,3.5186,116,1012187433,756,36322,128453,157047,4
move_5,spin,2.0,0.15,3.5314,117,1012199782,755,94562,128467,157016,4
move_5,spin,2.0,0.15,3.5494,118,1012219451,756,141239,128561,156993,4
move_5,spin,2.0,0.15,3.5728,119,1012241965,758,43857,128652,156966,4
move_5,spin,2.0,0.15,3.593,120,1012260735,762,95548,128713,156944,4
move_5,spin,2.0,0.15,3.6131,121,1012283249,758,156294,128864,156938,4
move_5,spin,2.0,0.15,3.6322,122,1012302008,759,48842,128911,156964,4
move_5,spin,2.0,0.15,3.6535,123,1012320785,759,101437,129009,156977,4
move_5,spin,2.0,0.15,3.6736,124,1012343295,759,3374,129104,157007,4
move_5,spin,2.0,0.15,3.6937,125,1012363338,759,114010,129152,156973,4
move_5,spin,2.0,0.15,3.7128,126,1012382071,761,1880,129227,156972,4
move_5,spin,2.0,0.15,3.7318,127,1012400839,761,52406,129295,157011,4
move_5,spin,2.0,0.15,3.7551,0,1012423374,761,115252,129381,157019,4
move_5,spin,2.0,0.15,3.7731,1,1012442132,769,6768,129445,157003,4
move_5,spin,2.0,0.15,3.7942,2,1012462149,761,112902,129487,157003,4
move_5,spin,2.0,0.15,3.8144,3,1012484662,762,15759,129551,156990,4
move_5,spin,2.0,0.15,3.8334,4,1012503427,762,65994,129594,156951,4
move_5,spin,2.0,0.15,3.8537,5,1012522195,764,116879,129707,156999,4
move_5,spin,2.0,0.15,3.8749,6,1012544708,764,19166,129833,157013,4
move_5,spin,2.0,0.15,3.895,7,1012563526,765,78387,129846,156981,4
move_5,spin,2.0,0.15,3.9132,8,1012582267,766,124013,129943,157006,4
move_5,spin,2.0,0.15,3.9344,9,1012603522,764,126460,129994,156981,4
move_5,spin,2.0,0.15,3.9567,10,1012626164,770,50602,130092,157002,4
move_5,spin,2.0,0.15,3.9758,11,1012644849,766,86942,130211,157010,4
move_5,spin,2.0,0.15,3.9971,12,1012666106,765,89485,130222,156984,4
pos_5,hold,2.0,0.0,0.0183,18,1012737388,767,118586,130362,157006,4
pos_5,hold,2.0,0.0,0.0331,19,1012754961,767,123169,130336,156979,4
pos_5,hold,2.0,0.0,0.0575,20,1012776177,767,119368,130318,156956,4
pos_5,hold,2.0,0.0,0.0734,21,1012795065,767,33821,130388,156990,4
pos_5,hold,2.0,0.0,0.0935,22,1012816344,766,40480,130344,156985,4
pos_5,hold,2.0,0.0,0.1168,23,1012837478,773,21963,130358,156999,4
pos_5,hold,2.0,0.0,0.1358,24,1012856272,768,76792,130420,157028,4
pos_5,hold,2.0,0.0,0.1528,25,1012875131,767,142745,130367,157003,4
pos_5,hold,2.0,0.0,0.1761,26,1012896401,773,147705,130343,156982,4
pos_5,hold,2.0,0.0,0.2175,27,1012923803,766,96614,130383,156982,4
pos_5,hold,2.0,0.0,0.2334,28,1012940267,767,69848,130342,156981,4
pos_5,hold,2.0,0.0,0.2431,29,1012962197,767,30511,130319,156954,4
pos_5,hold,2.0,0.0,0.2547,30,1012976495,767,106443,130419,157025,4
pos_5,hold,2.0,0.0,0.278,31,1012997654,768,92462,130358,156993,4
pos_5,hold,2.0,0.0,0.2962,32,1013016540,767,6140,130395,156999,4
pos_5,hold,2.0,0.0,0.3184,33,1013039041,767,64010,130355,156996,4
pos_5,hold,2.0,0.0,0.3386,34,1013060313,767,69314,130320,156955,4
pos_5,hold,2.0,0.0,0.3704,35,1013077606,767,26710,130382,156985,4
pos_5,hold,2.0,0.0,0.3789,36,1013098564,771,135671,130354,157010,4
pos_5,hold,2.0,0.0,0.4119,37,1013130374,767,48241,130404,157014,4
pos_5,hold,2.0,0.0,0.4226,38,1013142594,767,84874,130381,156984,4
pos_5,hold,2.0,0.0,0.4354,39,1013157891,767,16704,130364,156961,4
pos_5,hold,2.0,0.0,0.4588,40,1013179052,767,3771,130368,156971,4
pos_5,hold,2.0,0.0,0.48,41,1013200360,766,14933,130402,157016,4
pos_5,hold,2.0,0.0,0.5024,42,1013221604,767,15212,130389,156992,4
pos_5,hold,2.0,0.0,0.5204,43,1013235397,767,4815,130350,156993,4
pos_5,hold,2.0,0.0,0.5236,44,1013243992,767,52801,130391,157042,4
pos_5,hold,2.0,0.0,0.5374,45,1013259255,767,135610,130359,156993,4
pos_5,hold,2.0,0.0,0.5587,46,1013281761,767,36945,130385,156988,4
pos_5,hold,2.0,0.0,0.581,47,1013303033,767,41876,130365,157014,4
pos_5,hold,2.0,0.0,0.6013,48,1013320464,766,21879,130354,156997,4
pos_5,hold,2.0,0.0,0.6204,49,1013340549,766,139281,130346,156996,4
pos_5,hold,2.0,0.0,0.6426,50,1013361730,767,129374,130402,157008,4
pos_5,hold,2.0,0.0,0.6585,51,1013380595,766,39702,130327,156968,4
pos_5,hold,2.0,0.0,0.6807,52,1013403118,767,100998,130346,156992,4
pos_5,hold,2.0,0.0,0.7008,53,1013420632,768,95655,130383,156988,4
pos_5,hold,2.0,0.0,0.722,54,1013443138,767,153438,130414,157001,4
pos_5,hold,2.0,0.0,0.739,55,1013461904,767,46449,130349,156987,4
pos_5,hold,2.0,0.0,0.7644,56,1013483094,768,37714,130345,156987,4
pos_5,hold,2.0,0.0,0.7805,57,1013503210,766,3254,130354,156995,4
pos_5,hold,2.0,0.0,0.8028,58,1013524480,773,8079,130357,157000,4
pos_5,hold,2.0,0.0,0.8208,59,1013543222,767,54184,130388,156986,4
pos_5,hold,2.0,0.0,0.8387,60,1013562013,767,109174,130367,156965,4
pos_5,hold,2.0,0.0,0.863,61,1013583143,767,90888,130353,156949,4
pos_5,hold,2.0,0.0,0.8819,62,1013604534,767,117303,130312,156942,4
pos_5,hold,2.0,0.0,0.903,63,1013623189,767,149568,130364,156962,4
pos_5,hold,2.0,0.0,0.9231,64,1013644547,766,13392,130306,156941,4
pos_5,hold,2.0,0.0,0.9432,65,1013665801,767,16767,130351,156942,4
pos_5,hold,2.0,0.0,0.9634,66,1013683228,767,153402,130410,157005,4
pos_5,hold,2.0,0.0,0.9815,67,1013704623,767,22538,130356,156996,4
pos_5,hold,2.0,0.0,1.0059,68,1013727118,767,79092,130392,156995,4
pos_5,hold,2.0,0.0,1.0134,69,1013736684,772,135181,130402,157028,4
pos_5,hold,2.0,0.0,1.024,70,1013745492,767,62418,130411,157024,4
pos_5,hold,2.0,0.0,1.0463,71,1013767164,771,135696,130407,157006,4
pos_5,hold,2.0,0.0,1.0643,72,1013787069,767,65202,130375,157019,4
pos_5,hold,2.0,0.0,1.0823,73,1013804701,767,79620,130382,156983,4
pos_5,hold,2.0,0.0,1.1057,74,1013825945,774,80903,130320,156965,4
pos_5,hold,2.0,0.0,1.1259,75,1013848451,767,139854,130325,156959,4
pos_5,hold,2.0,0.0,1.144,76,1013865962,767,134763,130337,156952,4
pos_5,hold,2.0,0.0,1.1652,77,1013887231,767,139982,130389,156968,4
pos_5,hold,2.0,0.0,1.1895,78,1013908395,766,126864,130345,156984,4
pos_5,hold,2.0,0.0,1.2033,79,1013926026,766,141932,130283,156931,4
pos_5,hold,2.0,0.0,1.2244,80,1013947266,767,142604,130375,156989,4
pos_5,hold,2.0,0.0,1.2479,81,1013968462,773,135349,130318,156960,4
pos_5,hold,2.0,0.0,1.2639,82,1013987311,767,43463,130362,156966,4
pos_5,hold,2.0,0.0,1.2881,83,1014008450,767,26117,130368,156965,4
pos_5,hold,2.0,0.0,1.304,84,1014027357,767,100771,130373,156973,4
pos_5,hold,2.0,0.0,1.3282,85,1014048517,767,87339,130392,156996,4
pos_5,hold,2.0,0.0,1.3471,86,1014069909,767,112756,130411,157022,4
pos_5,hold,2.0,0.0,1.3651,87,1014087421,766,106888,130369,157015,4
pos_5,hold,2.0,0.0,1.3883,88,1014108578,767,92601,130392,156997,4
pos_5,hold,2.0,0.0,1.4073,89,1014129941,766,112986,130358,157006,4
pos_5,hold,2.0,0.0,1.4284,90,1014151213,767,117791,130358,156997,4
pos_5,hold,2.0,0.0,1.4484,91,1014168646,767,98023,130351,156997,4
pos_5,hold,2.0,0.0,1.4674,92,1014190003,767,117580,130375,156978,4
pos_5,hold,2.0,0.0,1.4907,93,1014208632,767,144159,130329,156990,4
pos_5,hold,2.0,0.0,1.532,94,1014237999,767,112413,130395,156994,4
pos_5,hold,2.0,0.0,1.5458,95,1014238961,768,119031,130332,156970,0
pos_5,hold,2.0,0.0,1.5618,96,1014259526,767,4206,130377,156979,4
pos_5,hold,2.0,0.0,1.5671,97,1014275789,767,100031,130335,156973,4
pos_5,hold,2.0,0.0,1.5724,98,1014292137,767,53584,130381,156986,4
pos_5,hold,2.0,0.0,1.5883,99,1014308831,767,65865,130383,156984,4
pos_5,hold,2.0,0.0,1.6073,100,1014330133,767,76007,130428,157039,4
pos_5,hold,2.0,0.0,1.6274,101,1014351404,767,80953,130337,156982,4
pos_5,hold,2.0,0.0,1.6485,102,1014372681,766,86820,130369,157013,4
pos_5,hold,2.0,0.0,1.6665,103,1014390171,767,76824,130375,157017,4
pos_5,hold,2.0,0.0,1.7055,104,1014417711,767,47848,130377,156980,4
pos_5,hold,2.0,0.0,1.7151,105,1014434688,766,108208,130363,156962,4
pos_5,hold,2.0,0.0,1.7277,106,1014450238,765,82676,130358,157006,4
pos_5,hold,2.0,0.0,1.7499,107,1014472771,767,144931,130392,156990,4
pos_5,hold,2.0,0.0,1.7668,108,1014490285,767,139223,130337,156984,4
pos_5,hold,2.0,0.0,1.7889,109,1014511553,766,143892,130396,157014,4
pos_5,hold,2.0,0.0,1.8089,110,1014532803,767,145519,130394,156976,4
pos_5,hold,2.0,0.0,1.8268,111,1014550340,767,144054,130350,156990,4
pos_5,hold,2.0,0.0,1.851,112,1014571582,769,143929,130418,157025,4
pos_5,hold,2.0,0.0,1.871,113,1014594143,767,54230,130365,157012,4
pos_5,hold,2.0,0.0,1.8921,114,1014612737,767,75014,130377,157023,4
pos_5,hold,2.0,0.0,1.9111,115,1014634158,767,105489,130413,157017,4
pos_5,hold,2.0,0.0,1.9322,116,1014655429,767,110415,130400,157003,4
pos_5,hold,2.0,0.0,1.9491,117,1014672944,767,104686,130376,157023,4
pos_5,hold,2.0,0.0,1.9712,118,1014694222,766,111009,130375,156975,4
pos_5,hold,2.0,0.0,1.9924,119,1014715468,767,112395,130369,156968,4
pos_5,hold,2.0,0.0,2.0145,120,1014732981,767,107483,130344,156943,4
pos_5,hold,2.0,0.0,2.0209,121,1014741558,761,152929,130351,156968,4
pos_5,hold,2.0,0.0,2.0325,122,1014753313,774,110325,130383,156984,4
pos_5,hold,2.0,0.0,2.0525,123,1014775533,767,120144,130377,156982,4
pos_5,hold,2.0,0.0,2.0746,124,1014796775,764,120782,130377,156977,4
pos_5,hold,2.0,0.0,2.0948,125,1014816653,767,46695,130373,156974,4
pos_5,hold,2.0,0.0,2.1116,126,1014834317,767,66696,130327,156961,4
pos_5,hold,2.0,0.0,2.1316,127,1014855588,767,72236,130314,156942,4
pos_5,hold,2.0,0.0,2.1539,0,1014876858,765,77437,130389,156987,4
pos_5,hold,2.0,0.0,2.1718,1,1014895601,766,124145,130329,156963,4
pos_5,hold,2.0,0.0,2.1939,2,1014916872,766,129944,130329,156967,4
pos_5,hold,2.0,0.0,2.2171,3,1014938131,769,133023,130402,156991,4
pos_5,hold,2.0,0.0,2.2329,4,1014956900,767,26910,130397,156999,4
pos_5,hold,2.0,0.0,2.2552,5,1014978174,767,32407,130400,157003,4
pos_5,hold,2.0,0.0,2.2774,6,1014999454,774,38734,130387,156991,4
pos_5,hold,2.0,0.0,2.2942,7,1015018219,767,88340,130352,156992,4
pos_5,hold,2.0,0.0,2.3184,8,1015039323,767,65555,130385,156989,4
pos_5,hold,2.0,0.0,2.3366,9,1015060744,767,95907,130355,156993,4
pos_5,hold,2.0,0.0,2.3534,10,1015078288,767,95450,130395,156994,4
pos_5,hold,2.0,0.0,2.3766,11,1015099534,773,96678,130396,156999,4
pos_5,hold,2.0,0.0,2.3936,12,1015118304,767,147296,130383,157009,4
pos_5,hold,2.0,0.0,2.4168,13,1015139574,762,152761,130373,156985,4
pos_5,hold,2.0,0.0,2.4337,14,1015158325,767,43297,130358,157003,4
pos_5,hold,2.0,0.0,2.4569,15,1015179599,768,49541,130378,156977,4
pos_5,hold,2.0,0.0,2.4812,16,1015202123,773,111098,130398,157000,4
pos_5,hold,2.0,0.0,2.4992,17,1015220899,767,6454,130412,157019,4
pos_5,hold,2.0,0.0,2.5224,18,1015240884,767,106695,130369,157016,4
pos_5,hold,2.0,0.0,2.5224,19,1015241821,769,108823,130401,157001,0
pos_5,hold,2.0,0.0,2.5372,20,1015259505,767,132434,130341,156988,4
pos_5,hold,2.0,0.0,2.5572,21,1015280947,767,9963,130385,156985,4
pos_5,hold,2.0,0.0,2.5783,22,1015302200,767,12094,130363,157012,4
pos_5,hold,2.0,0.0,2.5984,23,1015320965,766,62228,130357,157003,4
pos_5,hold,2.0,0.0,2.6187,24,1015342239,773,67833,130372,157020,4
pos_5,hold,2.0,0.0,2.6399,25,1015361009,766,118618,130353,156993,4
pos_5,hold,2.0,0.0,2.6615,26,1015383510,769,19155,130386,156989,4
pos_5,hold,2.0,0.0,2.6813,27,1015403531,769,125571,130409,157012,4
pos_5,hold,2.0,0.0,2.6991,28,1015423553,767,75382,130375,157023,4
pos_5,hold,2.0,0.0,2.7241,29,1015442318,770,125409,130399,157002,4
pos_5,hold,2.0,0.0,2.7404,30,1015463600,767,132319,130423,157009,4
pos_5,hold,2.0,0.0,2.7635,31,1015484842,767,132233,130402,157012,4
pos_5,hold,2.0,0.0,2.784,32,1015505970,767,112984,130395,157001,4
pos_5,hold,2.0,0.0,2.8057,33,1015527393,767,143806,130420,157041,4
pos_5,hold,2.0,0.0,2.8378,34,1015548665,767,149266,130361,156974,4
pos_5,hold,2.0,0.0,2.8622,35,1015569352,768,54833,130361,157011,4
pos_5,hold,2.0,0.0,2.8781,36,1015587948,767,76073,130359,157000,4
pos_5,hold,2.0,0.0,2.8866,37,1015609418,767,114949,130391,156993,4
pos_5,hold,2.0,0.0,2.9038,38,1015628734,767,101366,130388,157038,4
pos_5,hold,2.0,0.0,2.9252,39,1015647500,766,151469,130393,157008,4
pos_5,hold,2.0,0.0,2.9434,40,1015667516,767,100378,130357,156960,4
pos_5,hold,2.0,0.0,2.9657,41,1015688764,767,102119,130357,156952,4
pos_5,hold,2.0,0.0,2.9977,42,1015708533,769,9354,130355,156957,4
pos_5,hold,2.0,0.0,3.0095,43,1015729522,767,124232,130341,156986,4
pos_5,hold,2.0,0.0,3.0319,44,1015740973,768,29892,130397,157004,4
pos_5,hold,2.0,0.0,3.0416,45,1015764578,767,117884,130345,156984,4
pos_5,hold,2.0,0.0,3.0501,46,1015773100,766,154134,130349,156956,4
pos_5,hold,2.0,0.0,3.0671,47,1015791352,766,117811,130327,156964,4
pos_5,hold,2.0,0.0,3.084,48,1015808867,767,112544,130398,157005,4
pos_5,hold,2.0,0.0,3.1064,49,1015830148,767,119892,130326,156958,4
pos_5,hold,2.0,0.0,3.1287,50,1015851418,772,125441,130396,157005,4
pos_5,hold,2.0,0.0,3.1469,51,1015870167,767,16472,130294,156927,4
pos_5,hold,2.0,0.0,3.1671,52,1015890181,768,122296,130375,156977,4
pos_5,hold,2.0,0.0,3.1924,53,1015913792,767,54778,130374,156975,4
pos_5,hold,2.0,0.0,3.2083,54,1015931481,767,79343,130377,156980,4
pos_5,hold,2.0,0.0,3.2285,55,1015952727,768,80736,130362,156963,4
pos_5,hold,2.0,0.0,3.2475,56,1015971496,767,132306,130336,156918,4
pos_5,hold,2.0,0.0,3.2677,57,1015992747,767,134509,130330,156982,4
pos_5,hold,2.0,0.0,3.2932,58,1016013987,767,135367,130388,156965,4
pos_5,hold,2.0,0.0,3.3069,59,1016031541,767,137203,130360,156948,4
pos_5,hold,2.0,0.0,3.3292,60,1016052781,767,138178,130371,156948,4
pos_5,hold,2.0,0.0,3.3493,61,1016074049,767,143186,130371,156980,4
pos_5,hold,2.0,0.0,3.3727,62,1016092827,769,38424,130385,156986,4
pos_5,hold,2.0,0.0,3.3886,63,1016114070,767,39498,130363,156962,4
pos_5,hold,2.0,0.0,3.4098,64,1016132720,766,70528,130358,156999,4
pos_5,hold,2.0,0.0,3.433,65,1016155399,767,1666,130366,156963,4
pos_5,hold,2.0,0.0,3.4489,66,1016172878,766,147211,130310,156965,4
pos_5,hold,2.0,0.0,3.4721,67,1016194159,768,154623,130366,156987,4
pos_5,hold,2.0,0.0,3.4922,68,1016214149,768,99181,130379,156984,4
pos_5,hold,2.0,0.0,3.5081,69,1016232943,766,154207,130358,157015,4
pos_5,hold,2.0,0.0,3.5186,70,1016242519,767,55343,130347,156992,4
pos_5,hold,2.0,0.0,3.5323,71,1016253199,769,143923,130358,157004,4
pos_5,hold,2.0,0.0,3.5492,72,1016272960,769,49441,130352,156995,4
pos_5,hold,2.0,0.0,3.5734,73,1016295519,767,116783,130338,156976,4
pos_5,hold,2.0,0.0,3.5892,74,1016314233,767,1479,130397,157002,4
pos_5,hold,2.0,0.0,3.6125,75,1016335369,767,141157,130337,157000,4
pos_5,hold,2.0,0.0,3.6294,76,1016354274,766,58068,130398,157002,4
pos_5,hold,2.0,0.0,3.6516,77,1016375547,768,63979,130349,156994,4
pos_5,hold,2.0,0.0,3.6685,78,1016394318,767,115326,130380,156982,4
pos_5,hold,2.0,0.0,3.6928,79,1016415589,766,120600,130399,157003,4
pos_5,hold,2.0,0.0,3.7118,80,1016435582,767,65405,130371,157011,4
pos_5,hold,2.0,0.0,3.7276,81,1016453128,766,65276,130339,156976,4
pos_5,hold,2.0,0.0,3.7487,82,1016474372,767,65766,130361,157007,4
pos_5,hold,2.0,0.0,3.7719,83,1016495647,767,72003,130372,156971,4
pos_5,hold,2.0,0.0,3.7932,84,1016514410,771,121943,130350,156991,4
pos_5,hold,2.0,0.0,3.8134,85,1016534431,767,71652,130383,156983,4
pos_5,hold,2.0,0.0,3.8324,86,1016554313,767,154886,130364,156964,4
pos_5,hold,2.0,0.0,3.8524,87,1016575704,767,24072,130369,156969,4
pos_5,hold,2.0,0.0,3.8734,88,1016597008,774,35200,130347,156988,4
pos_5,hold,2.0,0.0,3.8924,89,1016615749,766,81730,130333,156973,4
pos_5,hold,2.0,0.0,3.9124,90,1016635772,767,32000,130401,157005,4
pos_5,hold,2.0,0.0,3.9314,91,1016657052,767,38631,130385,156986,4
pos_5,hold,2.0,0.0,3.9525,92,1016678296,767,39635,130325,156963,4
pos_5,hold,2.0,0.0,3.9705,93,1016695812,767,34306,130403,157012,4
pos_5,hold,2.0,0.0,3.9915,94,1016716978,767,21336,130351,156995,4
pos_5,hold,2.0,0.0,4.0136,95,1016739612,765,101292,130344,156985,4
pos_5,hold,2.0,0.0,4.02,96,1016742120,768,56652,130343,156984,4
pos_5,hold,2.0,0.0,4.0326,97,1016756990,766,72517,130358,157003,4
pos_5,hold,2.0,0.0,4.0526,98,1016778377,767,97753,130391,156990,4
pos_5,hold,2.0,0.0,4.0768,99,1016799653,768,104068,130383,156995,4
pos_5,hold,2.0,0.0,4.0926,100,1016818454,766,2439,130379,157030,4
pos_5,hold,2.0,0.0,4.1168,101,1016840947,767,58102,130421,157030,4
pos_5,hold,2.0,0.0,4.1389,102,1016862229,767,64369,130407,157013,4
pos_5,hold,2.0,0.0,4.1811,103,1016887264,768,81075,130363,157005,4
pos_5,hold,2.0,0.0,4.1874,104,1016906544,767,60921,130392,157040,4
pos_5,hold,2.0,0.0,4.2106,105,1016933546,767,97125,130426,157037,4
pos_5,hold,2.0,0.0,4.2201,106,1016944368,767,52358,130431,157041,4
pos_5,hold,2.0,0.0,4.2433,107,1016965957,767,110697,130369,157015,4
pos_5,hold,2.0,0.0,4.2591,108,1016983608,768,127679,130428,157041,4
pos_5,hold,2.0,0.0,4.2833,109,1017006137,767,32086,130400,157047,4
pos_5,hold,2.0,0.0,4.3034,110,1017024906,772,82419,130410,157019,4
pos_5,hold,2.0,0.0,4.3255,111,1017043469,767,97766,130412,157017,4
pos_5,hold,2.0,0.0,4.3581,112,1017072464,766,2821,130386,156989,4
pos_5,hold,2.0,0.0,4.3666,113,1017089414,766,58018,130409,157019,4
pos_5,hold,2.0,0.0,4.3814,114,1017106243,766,92697,130400,157005,4
pos_5,hold,2.0,0.0,4.4035,115,1017127522,768,98826,130409,157014,4
pos_5,hold,2.0,0.0,4.4247,116,1017147546,767,48586,130408,157012,4
pos_5,hold,2.0,0.0,4.4415,117,1017166285,767,93770,130367,157014,4
pos_5,hold,2.0,0.0,4.4626,118,1017186145,766,15844,130394,157004,4
pos_5,hold,2.0,0.0,4.4826,119,1017207591,767,50004,130349,156994,4
pos_5,hold,2.0,0.0,4.5027,120,1017227610,767,156301,130390,156999,4
pos_5,hold,2.0,0.0,4.5185,121,1017245103,771,146722,130436,157042,4
pos_5,hold,2.0,0.0,4.5249,122,1017247634,768,105761,130454,157071,4
pos_5,hold,2.0,0.0,4.547,123,1017270141,772,5899,130407,157062,4
pos_5,hold,2.0,0.0,4.5638,124,1017288934,768,59106,130411,157066,4
pos_5,hold,2.0,0.0,4.5817,125,1017307700,773,108187,130381,157031,4
pos_5,hold,2.0,0.0,4.6039,126,1017328976,767,112731,130434,157048,4
pos_5,hold,2.0,0.0,4.6239,127,1017350248,767,116990,130394,157044,4
pos_5,hold,2.0,0.0,4.6418,0,1017367762,767,110564,130404,157060,4
pos_5,hold,2.0,0.0,4.6639,1,1017389041,767,115763,130389,157038,4
pos_5,hold,2.0,0.0,4.685,2,1017408951,767,45695,130405,157012,4
pos_5,hold,2.0,0.0,4.704,3,1017429094,765,15303,130359,157000,4
pos_5,hold,2.0,0.0,4.7274,4,1017451588,767,70973,130363,157007,4
pos_5,hold,2.0,0.0,4.7433,5,1017469158,767,74654,130417,157023,4
pos_5,hold,2.0,0.0,4.7665,6,1017490381,768,71170,130410,157014,4
pos_5,hold,2.0,0.0,4.7845,7,1017509172,765,125640,130337,156981,4
pos_5,hold,2.0,0.0,4.8066,8,1017531673,767,26178,130387,156992,4
pos_5,hold,2.0,0.0,4.8235,9,1017550442,767,77458,130377,156980,4
pos_5,hold,2.0,0.0,4.8488,10,1017571689,773,78068,130379,157024,4
pos_5,hold,2.0,0.0,4.8636,11,1017589239,767,78695,130358,156962,4
pos_5,hold,2.0,0.0,4.8879,12,1017610483,767,79289,130353,156998,4
pos_5,hold,2.0,0.0,4.9048,13,1017630507,767,29245,130367,157011,4
pos_5,hold,2.0,0.0,4.9249,14,1017649166,767,60589,130427,157041,4
pos_5,hold,2.0,0.0,4.9439,15,1017670551,766,84482,130372,157015,4
pos_5,hold,2.0,0.0,4.9672,16,1017691825,767,89638,130406,157006,4
pos_5,hold,2.0,0.0,4.9882,17,1017713103,773,95814,130372,157020,4
pos_5,hold,2.0,0.0,5.0072,18,1017731842,768,140831,130429,157051,4
pos_5,hold,2.0,0.0,5.0167,19,1017743382,768,61300,130379,157031,4
pos_5,hold,2.0,0.0,5.0273,20,1017751670,767,56911,130417,157026,4
pos_5,hold,2.0,0.0,5.0452,21,1017770635,767,140524,130404,157034,4
pos_5,hold,2.0,0.0,5.0662,22,1017791917,767,146930,130385,157023,4
pos_5,hold,2.0,0.0,5.0873,23,1017813188,767,151898,130414,157024,4
pos_5,hold,2.0,0.0,5.1084,24,1017834464,767,825,130400,157001,4
pos_5,hold,2.0,0.0,5.1317,25,1017855717,767,2692,130354,156996,4
pos_5,hold,2.0,0.0,5.1476,26,1017874483,767,52598,130414,157059,4
pos_5,hold,2.0,0.0,5.1719,27,1017895761,768,58011,130395,157000,4
pos_5,hold,2.0,0.0,5.1888,28,1017914554,768,112021,130441,157050,4
pos_5,hold,2.0,0.0,5.2088,29,1017935800,767,111841,130395,157004,4
pos_5,hold,2.0,0.0,5.2299,30,1017953347,773,111358,130408,157016,4
pos_5,hold,2.0,0.0,5.2478,31,1017973369,768,60663,130435,157042,4
pos_5,hold,2.0,0.0,5.2688,32,1017995866,767,116609,130351,156996,4
pos_5,hold,2.0,0.0,5.292,33,1018017115,767,117957,130364,157007,4
pos_5,hold,2.0,0.0,5.312,34,1018035888,767,12048,130398,156999,4
pos_5,hold,2.0,0.0,5.332,35,1018057168,767,18221,130425,157042,4
pos_5,hold,2.0,0.0,5.349,36,1018075932,767,67782,130396,156999,4
pos_5,hold,2.0,0.0,5.3722,37,1018097203,766,72800,130378,156982,4
pos_5,hold,2.0,0.0,5.3943,38,1018118482,768,79077,130420,157029,4
pos_5,hold,2.0,0.0,5.4113,39,1018137248,767,128634,130380,157030,4
pos_5,hold,2.0,0.0,5.4325,40,1018158551,774,138467,130403,157003,4
pos_5,hold,2.0,0.0,5.4568,41,1018181029,769,34171,130379,157029,4
pos_5,hold,2.0,0.0,5.4842,42,1018198543,768,28016,130443,157057,4
pos_5,hold,2.0,0.0,5.4949,43,1018219537,767,142192,130430,157043,4
pos_5,hold,2.0,0.0,5.5423,44,1018250662,767,94369,130379,156982,4
pos_5,hold,2.0,0.0,5.5423,45,1018251597,764,96388,130401,157003,0
pos_5,hold,2.0,0.0,5.5498,46,1018274583,768,78560,130415,157022,4
pos_5,hold,2.0,0.0,5.5582,47,1018281047,767,78502,130376,156976,4
pos_5,hold,2.0,0.0,5.573,48,1018299931,766,149004,130352,156980,4
pos_5,hold,2.0,0.0,5.5975,49,1018321185,773,151782,130329,156990,4
pos_5,hold,2.0,0.0,5.6144,50,1018339979,767,50253,130326,156965,4
pos_5,hold,2.0,0.0,5.6431,51,1018361230,767,52603,130356,157000,4
pos_5,hold,2.0,0.0,5.6621,52,1018380024,767,107624,130349,156989,4
pos_5,hold,2.0,0.0,5.6844,53,1018409274,767,57071,130352,156993,4
pos_5,hold,2.0,0.0,5.695,54,1018420814,767,134755,130326,156973,4
pos_5,hold,2.0,0.0,5.7184,55,1018442514,766,56025,130341,156973,4
pos_5,hold,2.0,0.0,5.7384,56,1018463785,768,61221,130355,157001,4
pos_5,hold,2.0,0.0,5.7584,57,1018482583,768,116974,130376,157020,4
pos_5,hold,2.0,0.0,5.7774,58,1018502579,766,62638,130371,156970,4
pos_5,hold,2.0,0.0,5.7974,59,1018523829,767,64733,130333,156932,4
pos_5,hold,2.0,0.0,5.8174,60,1018545132,767,75638,130358,156955,4
pos_5,hold,2.0,0.0,5.8364,61,1018562616,767,65592,130341,156982,4
pos_5,hold,2.0,0.0,5.8565,62,1018583894,767,72066,130386,156988,4
pos_5,hold,2.0,0.0,5.8786,63,1018605166,768,77246,130407,157016,4
pos_5,hold,2.0,0.0,5.8975,64,1018623928,767,127591,130357,156954,4
pos_5,hold,2.0,0.0,5.9187,65,1018645187,767,131354,130393,157015,4
pos_5,hold,2.0,0.0,5.9452,66,1018666458,761,136837,130361,156952,4
pos_5,hold,2.0,0.0,5.9579,67,1018683979,768,132999,130360,156938,4
pos_5,hold,2.0,0.0,5.9834,68,1018706503,774,37996,130377,156979,4
pos_5,hold,2.0,0.0,6.0014,69,1018727605,765,15066,130362,156965,4
pos_5,hold,2.0,0.0,6.0206,70,1018747770,767,146870,130337,156960,4
pos_5,hold,2.0,0.0,6.0248,71,1018748733,760,153460,130339,156983,0
pos_5,hold,2.0,0.0,6.0365,72,1018764021,766,84007,130367,156967,4
pos_5,hold,2.0,0.0,6.0587,73,1018785301,768,91072,130368,156968,4
pos_5,hold,2.0,0.0,6.0823,74,1018807827,767,153036,130400,156967,4
pos_5,hold,2.0,0.0,6.0984,75,1018825320,767,144174,130386,156980,4
pos_5,hold,2.0,0.0,6.1197,76,1018846618,767,154323,130403,156995,4
pos_5,hold,2.0,0.0,6.143,77,1018867862,766,155251,130334,156940,4
pos_5,hold,2.0,0.0,6.1588,78,1018885384,766,151747,130366,156969,4
pos_5,hold,2.0,0.0,6.1789,79,1018906659,767,1581,130310,156939,4
pos_5,hold,2.0,0.0,6.2021,80,1018927903,766,3033,130308,156944,4
pos_5,hold,2.0,0.0,6.2242,81,1018949067,767,147860,130300,156953,4
pos_5,hold,2.0,0.0,6.24,82,1018966693,767,4955,130342,156977,4
pos_5,hold,2.0,0.0,6.2642,83,1018987945,767,6820,130385,156988,4
pos_5,hold,2.0,0.0,6.2833,84,1019010471,767,69072,130297,156930,4
pos_5,hold,2.0,0.0,6.3045,85,1019031716,766,70685,130368,156967,4
pos_5,hold,2.0,0.0,6.3225,86,1019050489,767,122373,130381,156988,4
pos_5,hold,2.0,0.0,6.3456,87,1019071792,768,132937,130375,156986,4
pos_5,hold,2.0,0.0,6.3625,88,1019090529,767,21962,130312,156950,4
pos_5,hold,2.0,0.0,6.3856,89,1019111780,767,23773,130406,157015,4
pos_5,hold,2.0,0.0,6.4067,90,1019133056,768,30019,130346,156943,4
pos_5,hold,2.0,0.0,6.4289,91,1019152936,767,113633,130328,156920,4
pos_5,hold,2.0,0.0,6.4481,92,1019174325,767,140005,130318,156952,4
pos_5,hold,2.0,0.0,6.464,93,1019191840,767,134778,130415,157004,4
pos_5,hold,2.0,0.0,6.4884,94,1019213120,766,141298,130379,156971,4
pos_5,hold,2.0,0.0,6.5076,95,1019235645,766,45760,130375,156977,4
pos_5,hold,2.0,0.0,6.5224,96,1019246891,768,73642,130396,156997,4
pos_5,hold,2.0,0.0,6.5309,97,1019255325,766,94280,130391,156996,4
pos_5,hold,2.0,0.0,6.5458,98,1019273151,767,142019,130372,156983,4
pos_5,hold,2.0,0.0,6.5671,99,1019294461,767,154149,130347,156998,4
pos_5,hold,2.0,0.0,6.5883,100,1019315705,767,154825,130401,156991,4
pos_5,hold,2.0,0.0,6.6063,101,1019333219,767,149636,130361,156956,4
pos_5,hold,2.0,0.0,6.6264,102,1019354474,767,152851,130367,156960,4
pos_5,hold,2.0,0.0,6.6497,103,1019375748,767,2375,130386,156990,4
pos_5,hold,2.0,0.0,6.6665,104,1019394512,767,52891,130369,156973,4
pos_5,hold,2.0,0.0,6.6876,105,1019415790,767,59711,130287,156922,4
pos_5,hold,2.0,0.0,6.7066,106,1019434552,767,110568,130354,156952,4
pos_5,hold,2.0,0.0,6.7288,107,1019455802,767,113089,130371,156971,4
pos_5,hold,2.0,0.0,6.7542,108,1019477074,766,118622,130372,156970,4
pos_5,hold,2.0,0.0,6.7711,109,1019495817,768,9185,130381,156980,4
pos_5,hold,2.0,0.0,6.789,110,1019515838,766,116668,130314,156949,4
pos_5,hold,2.0,0.0,6.8294,111,1019541923,766,156167,130307,156944,4
pos_5,hold,2.0,0.0,6.8454,112,1019558382,767,129260,130345,156939,4
pos_5,hold,2.0,0.0,6.853,113,1019580322,766,92018,130377,156980,4
pos_5,hold,2.0,0.0,6.8732,114,1019598409,767,27195,130368,156965,4
pos_5,hold,2.0,0.0,6.8892,115,1019615930,767,23598,130332,156967,4
pos_5,hold,2.0,0.0,6.9094,116,1019637176,767,25568,130332,156969,4
pos_5,hold,2.0,0.0,6.9306,117,1019658449,766,31853,130341,156978,4
pos_5,hold,2.0,0.0,6.9638,118,1019689698,767,7626,130349,156949,4
pos_5,hold,2.0,0.0,6.9723,119,1019697868,767,140722,130362,156955,4
pos_5,hold,2.0,0.0,6.9979,120,1019720390,766,45794,130286,156914,4
pos_5,hold,2.0,0.0,7.0106,121,1019737255,768,88004,130395,156996,4
pos_5,hold,2.0,0.0,7.0223,122,1019748052,767,40214,130337,156929,4
pos_5,hold,2.0,0.0,7.0329,123,1019758140,767,28898,130374,156972,4
pos_5,hold,2.0,0.0,7.051,124,1019777276,767,142588,130334,156969,4
pos_5,hold,2.0,0.0,7.0722,125,1019798520,766,143448,130332,156964,4
pos_5,hold,2.0,0.0,7.0934,126,1019819801,760,151238,130345,156961,4
pos_5,hold,2.0,0.0,7.1124,127,1019838570,767,45227,130325,156963,4
pos_5,hold,2.0,0.0,7.1326,0,1019859844,767,51394,130357,156950,4
pos_5,hold,2.0,0.0,7.1548,1,1019881095,765,53745,130350,156948,4
pos_5,hold,2.0,0.0,7.1739,2,1019899860,767,104232,130377,156976,4
pos_5,hold,2.0,0.0,7.1983,3,1019921111,765,106494,130325,156965,4
pos_5,hold,2.0,0.0,7.2132,4,1019941158,767,60632,130360,157003,4
pos_5,hold,2.0,0.0,7.2344,5,1019959751,772,81861,130335,156972,4
pos_5,hold,2.0,0.0,7.2524,6,1019979920,767,57174,130361,156959,4
pos_5,hold,2.0,0.0,7.2736,7,1020001193,767,62837,130346,156978,4
pos_5,hold,2.0,0.0,7.2938,8,1020022465,767,68571,130363,156972,4
pos_5,hold,2.0,0.0,7.3163,9,1020039986,767,64257,130354,156998,4
pos_5,hold,2.0,0.0,7.3334,10,1020059981,767,9950,130376,156974,4
pos_5,hold,2.0,0.0,7.3524,11,1020081261,767,17124,130331,156972,4
pos_5,hold,2.0,0.0,7.3757,12,1020102507,769,18464,130361,156960,4
pos_5,hold,2.0,0.0,7.3927,13,1020121301,767,74164,130332,156929,4
pos_5,hold,2.0,0.0,7.4139,14,1020142552,767,77168,130349,156940,4
pos_5,hold,2.0,0.0,7.4363,15,1020163827,767,83691,130329,156966,4
pos_5,hold,2.0,0.0,7.4565,16,1020182422,767,105618,130352,156945,4
pos_5,hold,2.0,0.0,7.4766,17,1020203846,762,137461,130316,156958,4
pos_5,hold,2.0,0.0,7.4935,18,1020222608,767,30877,130339,156981,4
pos_5,hold,2.0,0.0,7.5234,19,1020243888,767,37979,130376,156978,4
pos_5,hold,2.0,0.0,7.5276,20,1020252455,773,81609,130325,156965,4
pos_5,hold,2.0,0.0,7.5372,21,1020263279,767,37968,130398,157000,4
pos_5,hold,2.0,0.0,7.5573,22,1020285156,767,146363,130328,156990,4
pos_5,hold,2.0,0.0,7.5742,23,1020302666,766,140218,130369,156963,4
pos_5,hold,2.0,0.0,7.5954,24,1020323932,767,145216,130340,156965,4
pos_5,hold,2.0,0.0,7.6197,25,1020345215,759,152618,130396,156991,4
pos_5,hold,2.0,0.0,7.6367,26,1020365229,767,100777,130399,156997,4
pos_5,hold,2.0,0.0,7.658,27,1020383832,767,122803,130364,157004,4
pos_5,hold,2.0,0.0,7.6771,28,1020405253,767,153019,130373,157026,4
pos_5,hold,2.0,0.0,7.6963,29,1020422791,770,150778,130444,157056,4
pos_5,hold,2.0,0.0,7.7176,30,1020445301,768,51793,130389,157034,4
pos_5,hold,2.0,0.0,7.7377,31,1020464065,767,101423,130357,156997,4
pos_5,hold,2.0,0.0,7.7567,32,1020485340,767,107137,130360,157000,4
pos_5,hold,2.0,0.0,7.7789,33,1020506619,767,113604,130369,157011,4
pos_5,hold,2.0,0.0,7.7967,34,1020524132,767,107473,130350,156994,4
pos_5,hold,2.0,0.0,7.8178,35,1020545411,766,113651,130375,157019,4
pos_5,hold,2.0,0.0,7.839,36,1020566683,767,118894,130384,156988,4
pos_5,hold,2.0,0.0,7.8622,37,1020587957,768,124272,130418,157028,4
pos_5,hold,2.0,0.0,7.877,38,1020605360,767,99699,130399,157009,4
pos_5,hold,2.0,0.0,7.9023,39,1020627975,769,19053,130391,157000,4
pos_5,hold,2.0,0.0,7.9181,40,1020646767,767,73280,130391,156997,4
pos_5,hold,2.0,0.0,7.9416,41,1020668019,768,74935,130406,157009,4
pos_5,hold,2.0,0.0,7.9576,42,1020686782,767,124975,130388,156993,4
pos_5,hold,2.0,0.0,7.9788,43,1020708064,766,132165,130334,156999,4
pos_5,hold,2.0,0.0,8.0032,44,1020729334,773,137274,130357,156991,4
pos_5,hold,2.0,0.0,8.0265,45,1020749323,767,81594,130347,156990,4
pos_5,hold,2.0,0.0,8.0265,46,1020750288,767,88749,130363,157009,0
pos_5,hold,2.0,0.0,8.0424,47,1020769369,767,35029,130379,157027,4
pos_5,hold,2.0,0.0,8.0625,48,1020790645,768,40525,130391,156996,4
pos_5,hold,2.0,0.0,8.0829,49,1020809385,768,86272,130411,157019,4
pos_5,hold,2.0,0.0,8.1041,50,1020828182,766,141247,130437,157026,4
pos_5,hold,2.0,0.0,8.1442,51,1020855474,767,69823,130391,157040,4
pos_5,hold,2.0,0.0,8.1601,52,1020874471,767,2014,130399,157051,4
pos_5,hold,2.0,0.0,8.1686,53,1020896284,767,98842,130394,156996,4
pos_5,hold,2.0,0.0,8.1824,54,1020909504,767,148120,130402,157030,4
pos_5,hold,2.0,0.0,8.2025,55,1020930775,767,152704,130353,157008,4
pos_5,hold,2.0,0.0,8.2237,56,1020952050,768,1760,130416,157021,4
pos_5,hold,2.0,0.0,8.2427,57,1020970822,767,52653,130352,156992,4
pos_5,hold,2.0,0.0,8.2734,58,1020992093,766,58016,130389,156998,4
pos_5,hold,2.0,0.0,8.2893,59,1021010270,767,7468,130370,157012,4
pos_5,hold,2.0,0.0,8.3116,60,1021039631,767,131580,130333,157002,4
pos_5,hold,2.0,0.0,8.3243,61,1021049879,767,146813,130348,157008,4
pos_5,hold,2.0,0.0,8.3457,62,1021073410,767,64964,130395,157004,4
pos_5,hold,2.0,0.0,8.3616,63,1021090924,767,59619,130353,156993,4
pos_5,hold,2.0,0.0,8.388,64,1021112196,771,65521,130367,156964,4
pos_5,hold,2.0,0.0,8.4039,65,1021132224,768,16306,130399,157008,4
pos_5,hold,2.0,0.0,8.423,66,1021150990,774,66377,130394,156998,4
pos_5,hold,2.0,0.0,8.4432,67,1021170989,767,12707,130356,156996,4
pos_5,hold,2.0,0.0,8.4644,68,1021192263,767,18896,130361,157006,4
pos_5,hold,2.0,0.0,8.4855,69,1021213532,767,23874,130335,156975,4
pos_5,hold,2.0,0.0,8.5014,70,1021231051,767,19699,130345,156982,4
pos_5,hold,2.0,0.0,8.5353,71,1021253546,767,75909,130371,157018,4
pos_5,hold,2.0,0.0,8.5353,72,1021254482,768,77962,130405,157012,0
pos_5,hold,2.0,0.0,8.5449,73,1021273109,767,104336,130409,157012,4
pos_5,hold,2.0,0.0,8.5682,74,1021294842,767,30905,130359,157000,4
pos_5,hold,2.0,0.0,8.583,75,1021312360,767,26230,130398,157006,4
pos_5,hold,2.0,0.0,8.6063,76,1021333630,767,31267,130365,157009,4
pos_5,hold,2.0,0.0,8.6264,77,1021354907,767,37725,130346,156985,4
pos_5,hold,2.0,0.0,8.6433,78,1021372428,767,33519,130365,157009,4
pos_5,hold,2.0,0.0,8.6646,79,1021393673,767,33943,130371,156975,4
pos_5,hold,2.0,0.0,8.6878,80,1021414948,767,39929,130321,156955,4
pos_5,hold,2.0,0.0,8.7027,81,1021432467,767,35668,130391,156998,4
pos_5,hold,2.0,0.0,8.727,82,1021453542,767,7559,130391,156991,4
pos_5,hold,2.0,0.0,8.7472,83,1021474961,767,38193,130385,157031,4
pos_5,hold,2.0,0.0,8.7674,84,1021496261,766,48702,130352,156997,4
pos_5,hold,2.0,0.0,8.7864,85,1021513776,767,43213,130370,157012,4
pos_5,hold,2.0,0.0,8.8065,86,1021536278,767,100379,130359,157001,4
pos_5,hold,2.0,0.0,8.8277,87,1021553790,769,94408,130338,156975,4
pos_5,hold,2.0,0.0,8.848,88,1021576317,767,155855,130381,156950,4
pos_5,hold,2.0,0.0,8.865,89,1021593812,767,147009,130417,157016,4
pos_5,hold,2.0,0.0,8.8872,90,1021615113,768,156805,130364,157001,4
pos_5,hold,2.0,0.0,8.9084,91,1021637622,767,57381,130415,157023,4
pos_5,hold,2.0,0.0,8.9274,92,1021655134,773,51299,130422,157034,4
pos_5,hold,2.0,0.0,8.9486,93,1021674980,767,127350,130435,157047,4
pos_5,hold,2.0,0.0,8.9688,94,1021696436,767,6019,130388,157037,4
pos_5,hold,2.0,0.0,8.9879,95,1021717708,767,10922,130358,156999,4
pos_5,hold,2.0,0.0,9.0071,96,1021735224,766,5574,130336,156976,4
pos_5,hold,2.0,0.0,9.0304,97,1021752746,767,1313,130347,156991,4
pos_5,hold,2.0,0.0,9.0315,98,1021761318,767,45409,130359,157004,4
pos_5,hold,2.0,0.0,9.0474,99,1021775279,767,63935,130380,156984,4
pos_5,hold,2.0,0.0,9.0674,100,1021796524,767,64832,130337,156974,4
pos_5,hold,2.0,0.0,9.0875,101,1021817796,767,69755,130370,157014,4
pos_5,hold,2.0,0.0,9.1086,102,1021839072,767,75351,130374,157019,4
pos_5,hold,2.0,0.0,9.1276,103,1021857750,767,110701,130337,156979,4
pos_5,hold,2.0,0.0,9.1518,104,1021879106,768,129814,130410,157020,4
pos_5,hold,2.0,0.0,9.1676,105,1021897887,767,25383,130348,156989,4
pos_5,hold,2.0,0.0,9.1897,106,1021919134,767,26248,130403,157010,4
pos_5,hold,2.0,0.0,9.212,107,1021940412,767,32199,130405,157014,4
pos_5,hold,2.0,0.0,9.2277,108,1021957956,767,31596,130388,156995,4
pos_5,hold,2.0,0.0,9.249,109,1021979202,767,32267,130341,156985,4
pos_5,hold,2.0,0.0,9.2722,110,1022000480,771,39042,130333,156969,4
pos_5,hold,2.0,0.0,9.2901,111,1022019244,766,88837,130386,156990,4
pos_5,hold,2.0,0.0,9.3132,112,1022040517,767,94670,130363,156961,4
pos_5,hold,2.0,0.0,9.3322,113,1022061795,767,100767,130368,157015,4
pos_5,hold,2.0,0.0,9.3532,114,1022080362,767,117211,130371,156974,4
pos_5,hold,2.0,0.0,9.3732,115,1022101811,760,152644,130376,157022,4
pos_5,hold,2.0,0.0,9.3943,116,1022124335,767,56025,130424,157034,4
pos_5,hold,2.0,0.0,9.4122,117,1022141875,767,54643,130367,157013,4
pos_5,hold,2.0,0.0,9.4555,118,1022168052,766,108518,130337,156980,4
pos_5,hold,2.0,0.0,9.4724,119,1022186906,766,17440,130366,156970,4
pos_5,hold,2.0,0.0,9.4798,120,1022208688,766,109734,130311,156945,4
pos_5,hold,2.0,0.0,9.4914,121,1022221910,766,2812,130337,156973,4
pos_5,hold,2.0,0.0,9.5126,122,1022243182,767,8353,130358,157002,4
pos_5,hold,2.0,0.0,9.5242,123,1022252725,767,60411,130412,157016,4
pos_5,hold,2.0,0.0,9.5336,124,1022262694,768,28132,130407,157011,4
pos_5,hold,2.0,0.0,9.5568,125,1022284306,767,90991,130425,157036,4
pos_5,hold,2.0,0.0,9.5917,126,1022310715,767,27657,130366,156967,4
pos_5,hold,2.0,0.0,9.6022,127,1022327656,767,81982,130435,157050,4
pos_5,hold,2.0,0.0,9.6138,0,1022344511,767,121245,130373,157017,4
pos_5,hold,2.0,0.0,9.638,1,1022365788,766,127577,130333,156971,4
pos_5,hold,2.0,0.0,9.6571,2,1022384532,768,17061,130413,157022,4
pos_5,hold,2.0,0.0,9.6782,3,1022407062,774,78943,130404,157014,4
pos_5,hold,2.0,0.0,9.6971,4,1022425826,767,128698,130369,157015,4
pos_5,hold,2.0,0.0,9.7182,5,1022447104,764,134717,130357,157001,4
pos_5,hold,2.0,0.0,9.7424,6,1022469640,768,40154,130393,156997,4
pos_5,hold,2.0,0.0,9.7583,7,1022488402,767,89616,130379,157025,4
pos_5,hold,2.0,0.0,9.7785,8,1022509590,767,80498,130368,157014,4
pos_5,hold,2.0,0.0,9.7964,9,1022527168,767,85996,130356,157001,4
pos_5,hold,2.0,0.0,9.8186,10,1022548469,770,96253,130367,156967,4
pos_5,hold,2.0,0.0,9.8417,11,1022570974,766,154223,130394,156988,4
pos_5,hold,2.0,0.0,9.8575,12,1022588491,766,148845,130379,157023,4
pos_5,hold,2.0,0.0,9.8807,13,1022609733,761,148663,130386,156995,4
pos_5,hold,2.0,0.0,9.8976,14,1022628509,766,43759,130355,156994,4
pos_5,hold,2.0,0.0,9.9188,15,1022649781,767,49549,130333,156978,4
pos_5,hold,2.0,0.0,9.9441,16,1022671054,768,54622,130374,157016,4
pos_5,hold,2.0,0.0,9.9589,17,1022689824,767,105349,130375,156979,4
pos_5,hold,2.0,0.0,9.9832,18,1022711097,768,110809,130405,157012,4
pos_5,hold,2.0,0.0,10.0002,19,1022729848,767,1369,130381,156982,4
pos_5,hold,2.0,0.0,10.0255,20,1022752177,767,28815,130408,157016,4
pos_5,hold,2.0,0.0,10.0255,21,1022753138,767,35295,130407,157012,0
pos_5,hold,2.0,0.0,10.0434,22,1022772393,768,11570,130415,157022,4
pos_5,hold,2.0,0.0,10.0624,23,1022791158,769,61607,130336,156977,4
pos_5,hold,2.0,0.0,10.0845,24,1022813683,773,122544,130370,157019,4
pos_5,hold,2.0,0.0,10.1024,25,1022832459,767,16947,130376,157022,4
pos_5,hold,2.0,0.0,10.1224,26,1022853732,767,22522,130379,156975,4
pos_5,hold,2.0,0.0,10.1435,27,1022875012,767,29031,130369,156968,4
pos_5,hold,2.0,0.0,10.1635,28,1022892527,768,23434,130361,157007,4
pos_5,hold,2.0,0.0,10.1835,29,1022915020,766,79244,130355,157002,4
pos_5,hold,2.0,0.0,10.2024,30,1022932540,767,74531,130368,157013,4
pos_5,hold,2.0,0.0,10.2227,31,1022953842,767,85033,130353,156991,4
pos_5,hold,2.0,0.0,10.2482,32,1022975004,767,71403,130402,157005,4
pos_5,hold,2.0,0.0,10.2672,33,1022996309,767,81938,130416,157025,4
pos_5,hold,2.0,0.0,10.284,34,1023013876,768,85460,130355,156995,4
pos_5,hold,2.0,0.0,10.3072,35,1023036356,767,138751,130331,156967,4
pos_5,hold,2.0,0.0,10.3284,36,1023057653,763,148801,130375,156999,4
pos_5,hold,2.0,0.0,10.3474,37,1023076418,766,41910,130387,156993,4
pos_5,hold,2.0,0.0,10.3664,38,1023097695,767,47566,130418,157026,4
pos_5,hold,2.0,0.0,10.3844,39,1023115209,767,41894,130403,157006,4
pos_5,hold,2.0,0.0,10.4065,40,1023136483,767,47095,130383,156985,4
pos_5,hold,2.0,0.0,10.4276,41,1023157762,767,54241,130313,156952,4
pos_5,hold,2.0,0.0,10.4476,42,1023176328,767,70465,130386,156990,4
pos_5,hold,2.0,0.0,10.4709,43,1023197776,765,106311,130344,156982,4
pos_5,hold,2.0,0.0,10.4877,44,1023216490,772,147426,130351,157012,4
pos_5,hold,2.0,0.0,10.5077,45,1023239069,766,60967,130380,156985,4
pos_5,hold,2.0,0.0,10.5298,46,1023252832,767,45987,130388,156990,4
pos_5,hold,2.0,0.0,10.5319,47,1023261372,767,84867,130358,157003,4
pos_5,hold,2.0,0.0,10.552,48,1023280285,766,3497,130389,156997,4
pos_5,hold,2.0,0.0,10.5688,49,1023297865,766,10007,130336,156975,4
pos_5,hold,2.0,0.0,10.59,50,1023319140,767,15904,130387,156993,4
pos_5,hold,2.0,0.0,10.6132,51,1023340338,767,8870,130367,157011,4
pos_5,hold,2.0,0.0,10.6323,52,1023361609,767,14580,130351,156993,4
pos_5,hold,2.0,0.0,10.6494,53,1023379008,765,146162,130396,157011,4
pos_5,hold,2.0,0.0,10.6716,54,1023400376,767,11104,130377,156983,4
pos_5,hold,2.0,0.0,10.6916,55,1023421647,767,16505,130380,156985,4
pos_5,hold,2.0,0.0,10.7075,56,1023439220,767,21265,130347,156991,4
pos_5,hold,2.0,0.0,10.7328,57,1023460500,767,28492,130349,156948,4
pos_5,hold,2.0,0.0,10.7739,58,1023486756,774,96184,130399,157005,4
pos_5,hold,2.0,0.0,10.7887,59,1023506015,767,73470,130379,156981,4
pos_5,hold,2.0,0.0,10.7971,60,1023527287,768,79134,130358,156957,4
pos_5,hold,2.0,0.0,10.8087,61,1023540498,767,127389,130358,156960,4
pos_5,hold,2.0,0.0,10.8382,62,1023561784,765,135378,130323,156971,4
pos_5,hold,2.0,0.0,10.8499,63,1023580548,767,28717,130375,156980,4
pos_5,hold,2.0,0.0,10.8837,64,1023601565,767,147192,130386,157006,4
pos_5,hold,2.0,0.0,10.8954,65,1023622503,767,95068,130367,157020,4
pos_5,hold,2.0,0.0,10.9272,66,1023654402,767,22262,130388,157032,4
pos_5,hold,2.0,0.0,10.9356,67,1023663746,767,40497,130403,157010,4
pos_5,hold,2.0,0.0,10.9515,68,1023681888,766,141262,130387,156996,4
pos_5,hold,2.0,0.0,10.9718,69,1023703159,767,146756,130343,156973,4
pos_5,hold,2.0,0.0,10.9941,70,1023724410,764,148746,130389,156971,4
pos_5,hold,2.0,0.0,11.0144,71,1023743230,773,51371,130356,156989,4
pos_5,hold,2.0,0.0,11.0229,72,1023754991,765,10125,130330,156968,4
pos_5,hold,2.0,0.0,11.0334,73,1023764052,773,137712,130376,157005,4
pos_5,hold,2.0,0.0,11.0524,74,1023784527,767,7263,130381,157028,4
pos_5,hold,2.0,0.0,11.0766,75,1023805688,761,150196,130369,157019,4
pos_5,hold,2.0,0.0,11.0924,76,1023824508,767,52734,130390,156998,4
pos_5,hold,2.0,0.0,11.1136,77,1023845781,766,58350,130361,157002,4
pos_5,hold,2.0,0.0,11.1368,78,1023867029,767,59595,130362,157007,4
pos_5,hold,2.0,0.0,11.1536,79,1023885794,767,109428,130349,156993,4
pos_5,hold,2.0,0.0,11.1768,80,1023907066,767,115170,130357,156954,4
pos_5,hold,2.0,0.0,11.1978,81,1023929576,767,16532,130403,157009,4
pos_5,hold,2.0,0.0,11.2168,82,1023947090,767,10730,130362,157007,4
pos_5,hold,2.0,0.0,11.2368,83,1023968368,767,17443,130403,157011,4
pos_5,hold,2.0,0.0,11.2579,84,1023989640,766,22826,130327,156966,4
pos_5,hold,2.0,0.0,11.2768,85,1024007036,762,154336,130346,157009,4
pos_5,hold,2.0,0.0,11.2979,86,1024029713,766,85355,130291,156926,4
pos_5,hold,2.0,0.0,11.3169,87,1024047170,766,70657,130340,156976,4
pos_5,hold,2.0,0.0,11.3389,88,1024069725,772,137444,130345,156967,4
pos_5,hold,2.0,0.0,11.3569,89,1024088531,767,38258,130362,156963,4
pos_5,hold,2.0,0.0,11.378,90,1024109720,766,29501,130408,157016,4
pos_5,hold,2.0,0.0,11.4022,91,1024130999,766,36257,130334,156975,4
pos_5,hold,2.0,0.0,11.4201,92,1024148514,766,31243,130361,156962,4
pos_5,hold,2.0,0.0,11.4423,93,1024172290,767,149531,130303,156936,4
pos_5,hold,2.0,0.0,11.4581,94,1024189785,766,141283,130373,156971,4
pos_5,hold,2.0,0.0,11.4823,95,1024211055,768,146379,130376,156978,4
pos_5,hold,2.0,0.0,11.4982,96,1024229792,767,35403,130362,156965,4
pos_5,hold,2.0,0.0,11.5245,97,1024251072,766,43172,130297,156930,4
pos_5,hold,2.0,0.0,11.5287,98,1024259698,766,97100,130311,156949,4
pos_5,hold,2.0,0.0,11.5403,99,1024270100,766,139042,130328,156956,4
pos_5,hold,2.0,0.0,11.5624,100,1024292364,767,156363,130374,156968,4
pos_5,hold,2.0,0.0,11.5793,101,1024309877,765,150985,130398,156974,4
pos_5,hold,2.0,0.0,11.6024,102,1024332383,767,52093,130368,156969,4
pos_5,hold,2.0,0.0,11.6214,103,1024353655,767,58204,130370,156969,4
pos_5,hold,2.0,0.0,11.6394,104,1024371170,767,52955,130393,156997,4
pos_5,hold,2.0,0.0,11.6615,105,1024392421,766,55418,130350,156991,4
pos_5,hold,2.0,0.0,11.6837,106,1024413721,767,65889,130349,156990,4
pos_5,hold,2.0,0.0,11.704,107,1024432349,767,92704,130366,157010,4
pos_5,hold,2.0,0.0,11.7219,108,1024453733,767,117543,130352,156951,4
pos_5,hold,2.0,0.0,11.7387,109,1024471251,767,112997,130335,156980,4
pos_5,hold,2.0,0.0,11.763,110,1024492500,767,115280,130324,156959,4
pos_5,hold,2.0,0.0,11.782,111,1024513772,766,121091,130345,156987,4
pos_5,hold,2.0,0.0,11.8031,112,1024535044,767,126638,130374,156971,4
pos_5,hold,2.0,0.0,11.8221,113,1024552562,767,122108,130385,156990,4
pos_5,hold,2.0,0.0,11.8421,114,1024573834,766,127432,130354,156998,4
pos_5,hold,2.0,0.0,11.8632,115,1024595089,767,129749,130361,157008,4
pos_5,hold,2.0,0.0,11.8844,116,1024612602,772,124183,130383,156983,4
pos_5,hold,2.0,0.0,11.9065,117,1024636242,766,61072,130381,156985,4
pos_5,hold,2.0,0.0,11.9224,118,1024653903,767,80757,130403,157008,4
pos_5,hold,2.0,0.0,11.9424,119,1024675148,767,81759,130354,156950,4
pos_5,hold,2.0,0.0,11.9647,120,1024696419,767,87145,130357,156995,4
pos_5,hold,2.0,0.0,11.9815,121,1024713935,767,81855,130383,157032,4
