label,mode,volt,spin,t_host,seq,t_us,isr_high,cap_age,cap_high,cap_period,flags
spin_slow,spin,2.0,0.15,0.0137,6,1029552823,768,32993,130476,157052,4
spin_slow,spin,2.0,0.15,0.038,7,1029575348,768,92679,130608,157073,4
spin_slow,spin,2.0,0.15,0.0549,8,1029594120,769,142722,130618,157019,4
spin_slow,spin,2.0,0.15,0.0781,9,1029615384,769,146030,130667,157025,4
spin_slow,spin,2.0,0.15,0.0949,10,1029634172,768,42200,130831,157065,4
spin_slow,spin,2.0,0.15,0.1182,11,1029656676,769,99402,130828,157022,4
spin_slow,spin,2.0,0.15,0.1426,12,1029675452,770,150875,130945,157034,4
spin_slow,spin,2.0,0.15,0.1534,13,1029694210,771,41897,131033,157033,4
spin_slow,spin,2.0,0.15,0.1798,14,1029718004,771,3310,131102,157074,4
spin_slow,spin,2.0,0.15,0.1958,15,1029734270,772,98139,131211,157059,4
spin_slow,spin,2.0,0.15,0.2181,16,1029756798,772,945,131256,157071,4
spin_slow,spin,2.0,0.15,0.2383,17,1029775556,773,48995,131325,157014,4
spin_slow,spin,2.0,0.15,0.2585,18,1029798090,779,110773,131436,157060,4
spin_slow,spin,2.0,0.15,0.2776,19,1029815566,773,97820,131443,157024,4
spin_slow,spin,2.0,0.15,0.2999,20,1029838133,780,8043,131537,157047,4
spin_slow,spin,2.0,0.15,0.318,21,1029856914,774,59421,131621,157052,4
spin_slow,spin,2.0,0.15,0.3382,22,1029875688,774,110170,131625,157015,4
spin_slow,spin,2.0,0.15,0.3604,23,1029899464,781,68710,131735,157052,4
spin_slow,spin,2.0,0.15,0.3794,24,1029918216,776,115709,131799,157040,4
spin_slow,spin,2.0,0.15,0.3984,25,1029936991,775,9996,131851,157050,4
spin_slow,spin,2.0,0.15,0.4195,26,1029959525,777,71876,131957,157044,4
spin_slow,spin,2.0,0.15,0.4395,27,1029979534,777,18411,131976,157021,4
spin_slow,spin,2.0,0.15,0.4595,28,1029998320,777,71709,132078,157011,4
spin_slow,spin,2.0,0.15,0.4827,29,1030020830,778,129491,132129,157025,4
spin_slow,spin,2.0,0.15,0.5028,30,1030040843,778,76879,132213,157030,4
spin_slow,spin,2.0,0.15,0.5154,31,1030053381,778,9749,132260,157044,4
spin_slow,spin,2.0,0.15,0.5228,32,1030061787,778,25249,132266,157051,4
spin_slow,spin,2.0,0.15,0.5397,33,1030079638,779,76042,132342,157046,4
spin_slow,spin,2.0,0.15,0.564,34,1030102055,779,118164,132366,157030,4
spin_slow,spin,2.0,0.15,0.5841,35,1030118431,779,76017,132455,157010,4
spin_slow,spin,2.0,0.15,0.5989,36,1030138440,786,23154,132565,157041,4
spin_slow,spin,2.0,0.15,0.6222,37,1030158456,779,128128,132610,157007,4
spin_slow,spin,2.0,0.15,0.6584,38,1030188496,780,53344,132672,157035,4
spin_slow,spin,2.0,0.15,0.6679,39,1030205401,788,100494,132771,157059,4
spin_slow,spin,2.0,0.15,0.6796,40,1030218540,783,135488,132804,157046,4
spin_slow,spin,2.0,0.15,0.7039,41,1030242309,781,93170,132844,157014,4
spin_slow,spin,2.0,0.15,0.7229,42,1030262321,782,40905,132917,157008,4
spin_slow,spin,2.0,0.15,0.743,43,1030281080,783,89967,132977,156986,4
spin_slow,spin,2.0,0.15,0.7599,44,1030299862,783,142823,133083,157018,4
spin_slow,spin,2.0,0.15,0.7831,45,1030322380,783,45867,133157,157019,4
spin_slow,spin,2.0,0.15,0.8055,46,1030341139,785,94597,133259,157056,4
spin_slow,spin,2.0,0.15,0.8203,47,1030359922,784,147346,133299,156990,4
spin_slow,spin,2.0,0.15,0.844,48,1030382386,786,41415,133399,156989,4
spin_slow,spin,2.0,0.15,0.8648,49,1030401178,792,96577,133408,156957,4
spin_slow,spin,2.0,0.15,0.8835,50,1030423712,786,2103,133592,157039,4
spin_slow,spin,2.0,0.15,0.9034,51,1030442463,787,49689,133619,156988,4
spin_slow,spin,2.0,0.15,0.9262,52,1030464993,792,111694,133734,157029,4
spin_slow,spin,2.0,0.15,0.9482,53,1030483780,787,7738,133829,157051,4
spin_slow,spin,2.0,0.15,0.968,54,1030506283,788,64481,133890,157029,4
spin_slow,spin,2.0,0.15,0.9898,55,1030528805,790,124583,133966,157028,4
spin_slow,spin,2.0,0.15,1.0081,56,1030547592,789,21108,134048,157035,4
spin_slow,spin,2.0,0.15,1.0179,57,1030558439,789,137885,134125,157031,4
spin_slow,spin,2.0,0.15,1.0285,58,1030567206,789,57937,134128,157039,4
spin_slow,spin,2.0,0.15,1.0477,59,1030587630,788,75165,134224,157021,4
spin_slow,spin,2.0,0.15,1.0742,60,1030610161,786,136404,134294,157060,4
spin_slow,spin,2.0,0.15,1.0902,61,1030630187,791,86364,134361,157051,4
spin_slow,spin,2.0,0.15,1.1211,62,1030648933,791,132331,134434,157046,4
spin_slow,spin,2.0,0.15,1.1434,63,1030669593,791,33124,134500,157035,4
spin_slow,spin,2.0,0.15,1.1561,64,1030692348,791,132484,134566,157020,4
spin_slow,spin,2.0,0.15,1.1688,65,1030708995,792,135983,134626,156987,4
spin_slow,spin,2.0,0.15,1.1931,66,1030731516,792,39310,134666,156960,4
spin_slow,spin,2.0,0.15,1.21,67,1030750290,793,90469,134804,157025,4
spin_slow,spin,2.0,0.15,1.2289,68,1030769067,797,142234,134857,157045,4
spin_slow,spin,2.0,0.15,1.2542,69,1030791565,800,41632,134942,157012,4
spin_slow,spin,2.0,0.15,1.2701,70,1030810338,794,92657,135021,157015,4
spin_slow,spin,2.0,0.15,1.2891,71,1030829114,795,144084,135112,157033,4
spin_slow,spin,2.0,0.15,1.3133,72,1030851609,795,42544,135229,157041,4
spin_slow,spin,2.0,0.15,1.3302,73,1030870414,796,98436,135280,157008,4
spin_slow,spin,2.0,0.15,1.3534,74,1030892911,797,154264,135416,157030,4
spin_slow,spin,2.0,0.15,1.3735,75,1030911697,797,50063,135489,157028,4
spin_slow,spin,2.0,0.15,1.3914,76,1030930462,798,99744,135555,157018,4
spin_slow,spin,2.0,0.15,1.4136,77,1030951695,798,97356,135678,157026,4
spin_slow,spin,2.0,0.15,1.4305,78,1030970502,805,154151,135727,157004,4
spin_slow,spin,2.0,0.15,1.4528,79,1030993033,806,59055,135895,157058,4
spin_slow,spin,2.0,0.15,1.4708,80,1031011796,800,108497,135947,157033,4
spin_slow,spin,2.0,0.15,1.4943,81,1031033066,800,112147,136030,157038,4
spin_slow,spin,2.0,0.15,1.5145,82,1031051841,801,5990,136077,157001,4
spin_slow,spin,2.0,0.15,1.5188,83,1031060254,801,23168,136096,157024,4
spin_slow,spin,2.0,0.15,1.5326,84,1031071851,801,110146,136186,157043,4
spin_slow,spin,2.0,0.15,1.555,85,1031094362,806,11855,136181,156992,4
spin_slow,spin,2.0,0.15,1.5734,86,1031113135,801,63191,136286,157027,4
spin_slow,spin,2.0,0.15,1.5956,87,1031135655,803,122721,136370,157036,4
spin_slow,spin,2.0,0.15,1.6137,88,1031154425,802,16057,136462,157010,4
spin_slow,spin,2.0,0.15,1.6387,89,1031176950,804,77148,136485,156993,4
spin_slow,spin,2.0,0.15,1.655,90,1031195707,803,125913,136565,156997,4
spin_slow,spin,2.0,0.15,1.6776,91,1031218234,805,30660,136712,157024,4
spin_slow,spin,2.0,0.15,1.6978,92,1031238202,807,127990,136734,157019,4
spin_slow,spin,2.0,0.15,1.718,93,1031257026,804,30614,136835,157040,4
spin_slow,spin,2.0,0.15,1.7391,94,1031279542,805,89670,136870,157039,4
spin_slow,spin,2.0,0.15,1.7584,95,1031298305,806,139260,136958,156994,4
spin_slow,spin,2.0,0.15,1.7785,96,1031317094,806,36478,137040,157015,4
spin_slow,spin,2.0,0.15,1.7999,97,1031339583,806,91235,137125,157027,4
spin_slow,spin,2.0,0.15,1.817,98,1031357104,810,86468,137171,157030,4
spin_slow,spin,2.0,0.15,1.8393,99,1031379626,807,147094,137225,157000,4
spin_slow,spin,2.0,0.15,1.8586,100,1031398392,808,40600,137295,157002,4
spin_slow,spin,2.0,0.15,1.8778,101,1031418421,808,148462,137347,156969,4
spin_slow,spin,2.0,0.15,1.9013,102,1031440947,808,53063,137415,157009,4
spin_slow,spin,2.0,0.15,1.9193,103,1031459680,810,97604,137539,157018,4
spin_slow,spin,2.0,0.15,1.9607,104,1031492249,803,138740,137675,157048,4
spin_slow,spin,2.0,0.15,1.9704,105,1031509123,810,24014,137677,157000,4
spin_slow,spin,2.0,0.15,1.979,106,1031520569,809,85798,137721,157013,4
spin_slow,spin,2.0,0.15,2.0024,107,1031542283,811,8806,137834,157004,4
spin_slow,spin,2.0,0.15,2.0153,108,1031557289,811,47289,137924,157025,4
spin_slow,spin,2.0,0.15,2.0207,109,1031559824,812,7191,137938,157040,4
spin_slow,spin,2.0,0.15,2.043,110,1031582326,811,63557,138026,157051,4
spin_slow,spin,2.0,0.15,2.06,111,1031601104,813,114987,138128,157036,4
spin_slow,spin,2.0,0.15,2.0843,112,1031623595,819,12290,138185,157015,4
spin_slow,spin,2.0,0.15,2.1034,113,1031642386,813,66011,138301,157063,4
spin_slow,spin,2.0,0.15,2.1205,114,1031661169,814,118184,138302,157021,4
spin_slow,spin,2.0,0.15,2.1429,115,1031683695,812,21778,138341,157017,4
spin_slow,spin,2.0,0.15,2.1631,116,1031702441,814,68479,138437,157000,4
spin_slow,spin,2.0,0.15,2.1854,117,1031724965,816,128914,138525,157012,4
spin_slow,spin,2.0,0.15,2.2037,118,1031743748,815,24868,138586,157035,4
spin_slow,spin,2.0,0.15,2.2233,119,1031763782,816,133274,138659,157040,4
spin_slow,spin,2.0,0.15,2.2464,120,1031786292,817,34410,138785,157051,4
spin_slow,spin,2.0,0.15,2.2657,121,1031806283,816,135029,138789,157010,4
spin_slow,spin,2.0,0.15,2.2849,122,1031825092,817,34899,138847,157033,4
spin_slow,spin,2.0,0.15,2.3084,123,1031847596,817,92355,138892,156994,4
spin_slow,spin,2.0,0.15,2.3254,124,1031866374,824,144304,138985,157011,4
spin_slow,spin,2.0,0.15,2.3488,125,1031885125,818,34351,139068,157015,4
spin_slow,spin,2.0,0.15,2.3678,126,1031908955,818,3580,139110,156987,4
spin_slow,spin,2.0,0.15,2.3869,127,1031927678,819,46776,139145,156982,4
spin_slow,spin,2.0,0.15,2.405,0,1031946448,820,98032,139223,156985,4
spin_slow,spin,2.0,0.15,2.4654,1,1031994606,821,119329,139467,157044,4
spin_slow,spin,2.0,0.15,2.4676,2,1031995553,820,123268,139436,157054,0
spin_slow,spin,2.0,0.15,2.4751,3,1032015911,822,130044,139462,157001,4
spin_slow,spin,2.0,0.15,2.4866,4,1032026791,821,95548,139465,156998,4
spin_slow,spin,2.0,0.15,2.5092,5,1032049030,820,107925,139539,156998,4
spin_slow,spin,2.0,0.15,2.5178,6,1032059908,822,73281,139561,156976,4
spin_slow,spin,2.0,0.15,2.5316,7,1032068672,817,150163,139624,157011,4
spin_slow,spin,2.0,0.15,2.5513,8,1032090294,822,57534,139713,157018,4
spin_slow,spin,2.0,0.15,2.5687,9,1032110341,823,10724,139774,157046,4
spin_slow,spin,2.0,0.15,2.5883,10,1032129108,823,60614,139815,157004,4
spin_slow,spin,2.0,0.15,2.6104,11,1032151652,823,124809,139901,157017,4
spin_slow,spin,2.0,0.15,2.6297,12,1032170421,827,18224,139973,157012,4
spin_slow,spin,2.0,0.15,2.6509,13,1032191696,823,23601,140038,157000,4
spin_slow,spin,2.0,0.15,2.6721,14,1032212952,825,25998,140132,157020,4
spin_slow,spin,2.0,0.15,2.6923,15,1032231719,829,76541,140157,156962,4
spin_slow,spin,2.0,0.15,2.7135,16,1032254226,825,134890,140302,157036,4
spin_slow,spin,2.0,0.15,2.7336,17,1032273010,827,30595,140389,157010,4
spin_slow,spin,2.0,0.15,2.7527,18,1032293034,827,137110,140509,157055,4
spin_slow,spin,2.0,0.15,2.7695,19,1032311786,826,27841,140498,156961,4
spin_slow,spin,2.0,0.15,2.7927,20,1032334295,828,86244,140658,157013,4
spin_slow,spin,2.0,0.15,2.8127,21,1032353061,828,136479,140660,156968,4
spin_slow,spin,2.0,0.15,2.8337,22,1032375582,828,39796,140837,157041,4
spin_slow,spin,2.0,0.15,2.8538,23,1032395587,828,142904,140865,157025,4
spin_slow,spin,2.0,0.15,2.8727,24,1032414361,828,37107,140928,157014,4
spin_slow,spin,2.0,0.15,2.8949,25,1032436903,829,100761,141038,157051,4
spin_slow,spin,2.0,0.15,2.9139,26,1032455674,830,151194,141047,157039,4
spin_slow,spin,2.0,0.15,2.9381,27,1032478180,830,51702,141202,157063,4
spin_slow,spin,2.0,0.15,2.9561,28,1032496956,831,102931,141233,157057,4
spin_slow,spin,2.0,0.15,2.9741,29,1032515727,831,153441,141262,157004,4
spin_slow,spin,2.0,0.15,2.9994,30,1032538262,831,58940,141344,157011,4
spin_slow,spin,2.0,0.15,3.0142,31,1032557015,841,106863,141415,157005,4
spin_slow,spin,2.0,0.15,3.0196,32,1032559543,833,65614,141456,156969,4
spin_slow,spin,2.0,0.15,3.0375,33,1032578294,833,113084,141599,157043,4
spin_slow,spin,2.0,0.15,3.0554,34,1032597057,833,5112,141668,157032,4
spin_slow,spin,2.0,0.15,3.0808,35,1032619575,833,65072,141697,156983,4
spin_slow,spin,2.0,0.15,3.0998,36,1032639583,834,11774,141815,157028,4
spin_slow,spin,2.0,0.15,3.1157,37,1032657105,842,6628,141919,157058,4
spin_slow,spin,2.0,0.15,3.1379,38,1032679647,835,69641,141973,157031,4
spin_slow,spin,2.0,0.15,3.1582,39,1032698395,835,116098,142054,157036,4
spin_slow,spin,2.0,0.15,3.1784,40,1032719684,836,123305,142143,157051,4
spin_slow,spin,2.0,0.15,3.1975,41,1032738444,836,14619,142192,157020,4
spin_slow,spin,2.0,0.15,3.2187,42,1032760987,837,77685,142284,157040,4
spin_slow,spin,2.0,0.15,3.2482,43,1032779763,837,128636,142316,157030,4
spin_slow,spin,2.0,0.15,3.263,44,1032799823,838,83880,142457,157059,4
spin_slow,spin,2.0,0.15,3.2886,45,1032828565,838,101110,142581,157070,4
spin_slow,spin,2.0,0.15,3.2981,46,1032840693,838,121092,142645,157058,4
spin_slow,spin,2.0,0.15,3.3204,47,1032862346,840,31859,142762,157058,4
spin_slow,spin,2.0,0.15,3.3394,48,1032881132,840,83653,142872,157096,4
spin_slow,spin,2.0,0.15,3.3647,49,1032903647,840,141612,142871,157015,4
spin_slow,spin,2.0,0.15,3.3794,50,1032921160,841,134980,142971,157042,4
spin_slow,spin,2.0,0.15,3.4037,51,1032944895,842,86886,143059,157011,4
spin_slow,spin,2.0,0.15,3.4227,52,1032964976,841,45819,143073,156984,4
spin_slow,spin,2.0,0.15,3.4427,53,1032984969,850,147226,143219,157005,4
spin_slow,spin,2.0,0.15,3.4627,54,1033003745,842,42159,143255,156977,4
spin_slow,spin,2.0,0.15,3.4837,55,1033026273,844,103438,143387,157034,4
spin_slow,spin,2.0,0.15,3.5038,56,1033045045,844,153463,143470,157111,4
spin_slow,spin,2.0,0.15,3.5188,57,1033060071,844,37563,143519,157054,4
spin_slow,spin,2.0,0.15,3.5252,58,1033068532,844,62641,143489,157021,4
spin_slow,spin,2.0,0.15,3.5441,59,1033086339,845,105761,143601,157058,4
spin_slow,spin,2.0,0.15,3.5631,60,1033105111,845,155843,143671,157053,4
spin_slow,spin,2.0,0.15,3.5852,61,1033127651,845,61848,143673,157013,4
spin_slow,spin,2.0,0.15,3.6052,62,1033146418,846,111980,143780,157051,4
spin_slow,spin,2.0,0.15,3.6284,63,1033168922,848,11704,143899,157056,4
spin_slow,spin,2.0,0.15,3.6452,64,1033187698,846,62730,143934,157009,4
spin_slow,spin,2.0,0.15,3.6684,65,1033210194,847,118713,144013,157013,4
spin_slow,spin,2.0,0.15,3.6885,66,1033228999,847,18049,144054,157013,4
spin_slow,spin,2.0,0.15,3.7055,67,1033247781,847,70486,144155,157002,4
spin_slow,spin,2.0,0.15,3.7414,68,1033270296,849,129594,144224,157034,4
spin_slow,spin,2.0,0.15,3.7583,69,1033288132,849,21209,144336,157032,4
spin_slow,spin,2.0,0.15,3.7699,70,1033309963,850,121004,144408,157029,4
spin_slow,spin,2.0,0.15,3.7899,71,1033330341,850,130605,144501,157043,4
spin_slow,spin,2.0,0.15,3.8078,72,1033350370,855,81211,144520,157027,4
spin_slow,spin,2.0,0.15,3.8279,73,1033369123,851,129002,144636,157027,4
spin_slow,spin,2.0,0.15,3.849,74,1033391640,851,31560,144674,156986,4
spin_slow,spin,2.0,0.15,3.868,75,1033410419,851,84099,144748,156985,4
spin_slow,spin,2.0,0.15,3.8891,76,1033430421,852,30523,144865,157027,4
spin_slow,spin,2.0,0.15,3.9103,77,1033452957,853,93850,144932,156975,4
spin_slow,spin,2.0,0.15,3.9305,78,1033471710,853,141573,144990,156997,4
spin_slow,spin,2.0,0.15,3.9495,79,1033491694,853,84893,145030,156956,4
spin_slow,spin,2.0,0.15,3.9675,80,1033510496,853,141805,145119,156974,4
spin_slow,spin,2.0,0.15,3.9896,81,1033533018,854,45692,145243,156982,4
spin_slow,spin,2.0,0.15,4.0087,82,1033551790,854,97128,145274,156974,4
spin_slow,spin,2.0,0.15,4.0214,83,1033562667,855,62446,145369,156990,4
spin_slow,spin,2.0,0.15,4.0309,84,1033570988,855,64083,145379,157005,4
spin_slow,spin,2.0,0.15,4.0489,85,1033591823,855,152328,145439,156996,4
spin_slow,spin,2.0,0.15,4.0679,86,1033610585,856,44872,145523,156995,4
spin_slow,spin,2.0,0.15,4.0901,87,1033633121,856,108105,145583,156981,4
spin_slow,spin,2.0,0.15,4.1091,88,1033651852,857,152582,145654,156993,4
spin_slow,spin,2.0,0.15,4.1292,89,1033671879,858,103049,145763,157009,4
spin_slow,spin,2.0,0.15,4.1504,90,1033693149,857,107616,145806,157012,4
spin_slow,spin,2.0,0.15,4.1694,91,1033711928,857,2483,145866,157038,4
spin_slow,spin,2.0,0.15,4.1925,92,1033734431,859,59496,145934,156986,4
spin_slow,spin,2.0,0.15,4.2096,93,1033753213,866,112328,145975,156991,4
spin_slow,spin,2.0,0.15,4.2286,94,1033771925,859,153157,146035,157022,4
spin_slow,spin,2.0,0.15,4.2528,95,1033794492,860,64141,146131,157035,4
spin_slow,spin,2.0,0.15,4.2708,96,1033813271,861,115946,146193,157019,4
spin_slow,spin,2.0,0.15,4.2887,97,1033832020,860,6510,146230,156978,4
spin_slow,spin,2.0,0.15,4.313,98,1033854524,865,64274,146327,156999,4
spin_slow,spin,2.0,0.15,4.3299,99,1033873313,862,118260,146386,157025,4
spin_slow,spin,2.0,0.15,4.3488,100,1033892083,862,11808,146431,156989,4
spin_slow,spin,2.0,0.15,4.373,101,1033914610,862,73656,146474,156994,4
spin_slow,spin,2.0,0.15,4.3899,102,1033933374,863,122982,146628,157035,4
spin_slow,spin,2.0,0.15,4.4132,103,1033955894,863,25642,146678,157048,4
spin_slow,spin,2.0,0.15,4.4333,104,1033974679,864,78337,146750,157044,4
spin_slow,spin,2.0,0.15,4.4544,105,1033997186,864,135471,146807,157022,4
spin_slow,spin,2.0,0.15,4.4735,106,1034014729,864,134094,146889,157029,4
spin_slow,spin,2.0,0.15,4.4946,107,1034037221,864,32358,146949,157015,4
spin_slow,spin,2.0,0.15,4.5137,108,1034055973,871,79815,146982,157010,4
spin_slow,spin,2.0,0.15,4.52,109,1034064410,866,100799,147034,157022,4
spin_slow,spin,2.0,0.15,4.5327,110,1034075069,865,28652,147076,157026,4
spin_slow,spin,2.0,0.15,4.5664,111,1034099782,866,146656,147202,157040,4
spin_slow,spin,2.0,0.15,4.578,112,1034118280,863,150490,147302,157064,4
spin_slow,spin,2.0,0.15,4.5927,113,1034136084,867,36551,147413,157060,4
spin_slow,spin,2.0,0.15,4.6149,114,1034158609,870,97139,147444,157053,4
spin_slow,spin,2.0,0.15,4.6339,115,1034177368,868,145210,147538,157030,4
spin_slow,spin,2.0,0.15,4.6581,116,1034199907,869,50587,147640,157057,4
spin_slow,spin,2.0,0.15,4.676,117,1034218680,869,100928,147662,157038,4
spin_slow,spin,2.0,0.15,4.6991,118,1034241191,870,2339,147781,157007,4
spin_slow,spin,2.0,0.15,4.7182,119,1034261216,870,109305,147840,157030,4
spin_slow,spin,2.0,0.15,4.7382,120,1034279996,870,4337,147969,157043,4
spin_slow,spin,2.0,0.15,4.7594,121,1034298754,872,52789,148005,157038,4
spin_slow,spin,2.0,0.15,4.7784,122,1034320019,877,56028,148109,157030,4
spin_slow,spin,2.0,0.15,4.7985,123,1034341248,871,53469,148172,157016,4
spin_slow,spin,2.0,0.15,4.8176,124,1034360057,872,110680,148241,157008,4
spin_slow,spin,2.0,0.15,4.8388,125,1034378821,870,2929,148308,156998,4
spin_slow,spin,2.0,0.15,4.8578,126,1034401344,873,62834,148428,157044,4
spin_slow,spin,2.0,0.15,4.878,127,1034420121,874,114096,148480,157017,4
spin_slow,spin,2.0,0.15,4.8982,0,1034441387,875,117668,148563,157027,4
spin_slow,spin,2.0,0.15,4.9173,1,1034460165,875,12538,148650,156999,4
spin_slow,spin,2.0,0.15,4.9365,2,1034480182,875,117845,148688,156995,4
spin_slow,spin,2.0,0.15,4.959,3,1034502692,875,18731,148826,157022,4
spin_slow,spin,2.0,0.15,4.9782,4,1034521467,876,69499,148913,157075,4
spin_slow,spin,2.0,0.15,5.0028,5,1034544022,876,134128,148991,157075,4
spin_slow,spin,2.0,0.15,5.0254,6,1034565256,876,131426,149043,157050,4
spin_slow,spin,2.0,0.15,5.0254,7,1034566201,876,135167,149048,157056,0
spin_slow,spin,2.0,0.15,5.0489,8,1034581506,880,66960,149121,157052,4
spin_slow,spin,2.0,0.15,5.0659,9,1034602534,877,29721,149159,157052,4
spin_slow,spin,2.0,0.15,5.0901,10,1034632836,879,155366,149324,157053,4
spin_slow,spin,2.0,0.15,5.1028,11,1034645025,878,28897,149296,157033,4
spin_slow,spin,2.0,0.15,5.1198,12,1034664168,879,142346,149368,157031,4
spin_slow,spin,2.0,0.15,5.1388,13,1034682913,879,31351,149482,157032,4
spin_slow,spin,2.0,0.15,5.163,14,1034705439,880,91793,149527,156998,4
spin_slow,spin,2.0,0.15,5.1799,15,1034724214,887,143204,149657,157013,4
spin_slow,spin,2.0,0.15,5.2001,16,1034742988,882,36731,149799,157042,4
spin_slow,spin,2.0,0.15,5.2233,17,1034765512,881,97071,149880,157009,4
spin_slow,spin,2.0,0.15,5.2402,18,1034784287,882,148110,149963,157015,4
spin_slow,spin,2.0,0.15,5.2634,19,1034806800,882,49947,150052,156990,4
spin_slow,spin,2.0,0.15,5.2834,20,1034825559,883,98817,150151,157013,4
spin_slow,spin,2.0,0.15,5.3076,21,1034848074,884,1045,150227,157015,4
spin_slow,spin,2.0,0.15,5.3235,22,1034865600,884,154255,150279,156980,4
spin_slow,spin,2.0,0.15,5.3446,23,1034888145,885,61551,150389,157023,4
spin_slow,spin,2.0,0.15,5.3638,24,1034908122,885,3375,150453,157010,4
spin_slow,spin,2.0,0.15,5.3828,25,1034926918,884,58175,150469,157027,4
spin_slow,spin,2.0,0.15,5.4029,26,1034945681,886,107086,150594,157039,4
spin_slow,spin,2.0,0.15,5.423,27,1034965696,888,55037,150641,157007,4
spin_slow,spin,2.0,0.15,5.4441,28,1034988239,887,118689,150715,157003,4
spin_slow,spin,2.0,0.15,5.4641,29,1035008271,888,69569,150809,157023,4
spin_slow,spin,2.0,0.15,5.4832,30,1035027036,888,118224,150899,157077,4
spin_slow,spin,2.0,0.15,5.5053,31,1035049554,889,20804,150982,157005,4
spin_slow,spin,2.0,0.15,5.5191,32,1035064558,889,59079,151059,157046,4
spin_slow,spin,2.0,0.15,5.5254,33,1035067078,887,16307,151093,157039,4
spin_slow,spin,2.0,0.15,5.5454,34,1035089591,889,74818,151145,157016,4
spin_slow,spin,2.0,0.15,5.5643,35,1035108355,890,124376,151186,157017,4
spin_slow,spin,2.0,0.15,5.5896,36,1035130878,890,28064,151304,157022,4
spin_slow,spin,2.0,0.15,5.6075,37,1035150911,890,136219,151364,157006,4
spin_slow,spin,2.0,0.15,5.6276,38,1035172129,892,132601,151374,156978,4
spin_slow,spin,2.0,0.15,5.6476,39,1035190950,892,35174,151516,157005,4
spin_slow,spin,2.0,0.15,5.6686,40,1035213441,892,90143,151603,157016,4
spin_slow,spin,2.0,0.15,5.6876,41,1035232221,892,142288,151634,157009,4
spin_slow,spin,2.0,0.15,5.7097,42,1035254745,892,46366,151719,157017,4
spin_slow,spin,2.0,0.15,5.7287,43,1035273518,893,97728,151767,156987,4
spin_slow,spin,2.0,0.15,5.7478,44,1035292261,902,144206,151853,156999,4
spin_slow,spin,2.0,0.15,5.7678,45,1035312297,894,96136,151961,157031,4
spin_slow,spin,2.0,0.15,5.7931,46,1035334838,900,3040,151982,156976,4
spin_slow,spin,2.0,0.15,5.81,47,1035354819,894,102572,152142,157021,4
spin_slow,spin,2.0,0.15,5.83,48,1035373619,898,1304,152224,157028,4
spin_slow,spin,2.0,0.15,5.868,49,1035403639,896,80091,152325,157015,4
spin_slow,spin,2.0,0.15,5.8785,50,1035420523,896,123858,152422,157034,4
spin_slow,spin,2.0,0.15,5.8902,51,1035433675,897,4609,152432,157006,4
spin_slow,spin,2.0,0.15,5.9092,52,1035453629,897,100243,152477,157014,4
spin_slow,spin,2.0,0.15,5.9345,53,1035476215,897,14527,152554,157014,4
spin_slow,spin,2.0,0.15,5.9535,54,1035494996,898,66815,152642,157026,4
spin_slow,spin,2.0,0.15,5.9704,55,1035514984,897,10436,152705,156973,4
spin_slow,spin,2.0,0.15,5.9883,56,1035533759,899,61544,152810,157041,4
spin_slow,spin,2.0,0.15,6.0104,57,1035555054,899,70151,152817,157010,4
spin_slow,spin,2.0,0.15,6.0199,58,1035565926,899,34026,152900,157054,4
spin_slow,spin,2.0,0.15,6.0305,59,1035575944,900,9909,152919,157036,4
spin_slow,spin,2.0,0.15,6.0527,60,1035596330,899,21432,152926,157005,4
spin_slow,spin,2.0,0.15,6.0696,61,1035615111,900,73653,153083,157048,4
spin_slow,spin,2.0,0.15,6.0928,62,1035637618,901,131336,153101,157029,4
spin_slow,spin,2.0,0.15,6.1128,63,1035656309,901,11238,153144,157034,4
spin_slow,spin,2.0,0.15,6.1328,64,1035676411,902,131183,153181,156994,4
spin_slow,spin,2.0,0.15,6.1563,65,1035698942,901,36601,153247,156983,4
spin_slow,spin,2.0,0.15,6.1742,66,1035718915,902,134758,153390,157051,4
spin_slow,spin,2.0,0.15,6.1931,67,1035737720,903,34453,153408,156991,4
spin_slow,spin,2.0,0.15,6.2152,68,1035760239,902,94391,153566,157036,4
spin_slow,spin,2.0,0.15,6.2384,69,1035782745,903,151554,153599,157029,4
spin_slow,spin,2.0,0.15,6.2584,70,1035801525,904,46804,153691,157046,4
spin_slow,spin,2.0,0.15,6.2794,71,1035824036,905,104893,153751,157030,4
spin_slow,spin,2.0,0.15,6.2984,72,1035842837,908,3963,153765,156967,4
spin_slow,spin,2.0,0.15,6.3205,73,1035865340,910,61370,153852,157017,4
spin_slow,spin,2.0,0.15,6.35,74,1035884097,906,109459,153939,157027,4
spin_slow,spin,2.0,0.15,6.3732,75,1035904781,906,14290,153966,157016,4
spin_slow,spin,2.0,0.15,6.3826,76,1035925971,906,4946,154036,157009,4
spin_slow,spin,2.0,0.15,6.4026,77,1035946669,907,69198,154128,157025,4
spin_slow,spin,2.0,0.15,6.4205,78,1035965445,907,120323,154224,157045,4
spin_slow,spin,2.0,0.15,6.4405,79,1035985402,913,58889,154211,156994,4
spin_slow,spin,2.0,0.15,6.4626,80,1036007989,908,130530,154320,156987,4
spin_slow,spin,2.0,0.15,6.4847,81,1036030518,909,34842,154442,157034,4
spin_slow,spin,2.0,0.15,6.5037,82,1036049264,910,81539,154505,156983,4
spin_slow,spin,2.0,0.15,6.5248,83,1036069124,910,3243,154648,157050,4
spin_slow,spin,2.0,0.15,6.5279,84,1036070069,908,6841,154678,157041,0
spin_slow,spin,2.0,0.15,6.5447,85,1036090571,909,37489,154639,156963,4
spin_slow,spin,2.0,0.15,6.5637,86,1036109330,911,86319,154765,157014,4
spin_slow,spin,2.0,0.15,6.5879,87,1036131847,912,145504,154916,157050,4
spin_slow,spin,2.0,0.15,6.6047,88,1036150629,913,41150,154995,157015,4
spin_slow,spin,2.0,0.15,6.6279,89,1036173127,912,97482,155060,157005,4
spin_slow,spin,2.0,0.15,6.649,90,1036191894,912,147900,155106,156973,4
spin_slow,spin,2.0,0.15,6.669,91,1036214433,913,54209,155244,157036,4
spin_slow,spin,2.0,0.15,6.688,92,1036233200,915,104121,155282,157036,4
spin_slow,spin,2.0,0.15,6.708,93,1036251965,914,153393,155383,157062,4
spin_slow,spin,2.0,0.15,6.7292,94,1036274502,914,58723,155481,157044,4
spin_slow,spin,2.0,0.15,6.746,95,1036292001,915,49410,155535,157060,4
spin_slow,spin,2.0,0.15,6.7692,96,1036314563,915,116138,155536,157024,4
spin_slow,spin,2.0,0.15,6.7882,97,1036333303,916,4122,155614,157025,4
spin_slow,spin,2.0,0.15,6.8103,98,1036355837,917,66217,155688,157023,4
spin_slow,spin,2.0,0.15,6.8293,99,1036374602,917,115858,155736,156994,4
spin_slow,spin,2.0,0.15,6.8483,100,1036393376,917,10019,155898,157042,4
spin_slow,spin,2.0,0.15,6.8704,101,1036415908,919,72276,155934,157000,4
spin_slow,spin,2.0,0.15,6.8894,102,1036434650,918,118465,156062,157016,4
spin_slow,spin,2.0,0.15,6.9127,103,1036457167,920,21694,156073,156988,6
spin_slow,spin,2.0,0.15,6.9295,104,1036475949,920,74854,156152,156991,6
spin_slow,spin,2.0,0.15,6.9485,105,1036494707,920,123241,156274,157037,6
spin_slow,spin,2.0,0.15,6.9718,106,1036517247,920,29548,156393,157041,6
spin_slow,spin,2.0,0.15,6.9897,107,1036534784,921,27279,156475,157047,6
spin_slow,spin,2.0,0.15,7.0118,108,1036557292,921,85062,156508,157004,6
spin_slow,spin,2.0,0.15,7.0234,109,1036568816,921,2721,156578,157035,6
spin_slow,spin,2.0,0.15,7.0329,110,1036577101,921,154792,156593,157051,6
spin_slow,spin,2.0,0.15,7.0488,111,1036594829,921,28125,156692,157036,6
spin_slow,spin,2.0,0.15,7.0699,112,1036616115,927,34733,646,157049,6
spin_slow,spin,2.0,0.15,7.0953,113,1036634871,3,82368,722,157016,4
spin_slow,spin,2.0,0.15,7.1132,114,1036657402,4,144093,836,157015,4
spin_slow,spin,2.0,0.15,7.1322,115,1036676174,4,37762,913,157033,4
spin_slow,spin,2.0,0.15,7.1704,116,1036709973,6,131682,1064,156997,4
spin_slow,spin,2.0,0.15,7.1811,117,1036724318,5,58410,1141,156997,4
spin_slow,spin,2.0,0.15,7.1885,118,1036735705,8,110148,1180,156985,4
spin_slow,spin,2.0,0.15,7.2118,119,1036757486,8,44992,1293,157006,4
spin_slow,spin,2.0,0.15,7.2309,120,1036776269,7,98066,1294,156986,4
spin_slow,spin,2.0,0.15,7.2542,121,1036798765,8,154517,1408,156986,4
spin_slow,spin,2.0,0.15,7.2754,122,1036817537,15,48127,1484,157020,4
spin_slow,spin,2.0,0.15,7.2913,123,1036836302,9,97424,1561,157046,4
spin_slow,spin,2.0,0.15,7.3145,124,1036858829,9,1233,1599,157005,4
spin_slow,spin,2.0,0.15,7.3315,125,1036877609,10,53232,1675,157049,4
spin_slow,spin,2.0,0.15,7.3496,126,1036896385,10,104543,1789,157023,4
spin_slow,spin,2.0,0.15,7.3729,127,1036918917,16,9472,1866,156987,4
spin_slow,spin,2.0,0.15,7.392,0,1036937665,10,56548,1904,157026,4
spin_slow,spin,2.0,0.15,7.4144,1,1036960193,11,117645,1980,157027,4
spin_slow,spin,2.0,0.15,7.4335,2,1036978938,12,7434,2055,156981,4
spin_slow,spin,2.0,0.15,7.4526,3,1036997717,13,59575,2171,156992,4
spin_slow,spin,2.0,0.15,7.4748,4,1037020237,13,119991,2209,157017,4
spin_slow,spin,2.0,0.15,7.4928,5,1037039015,14,14884,2323,156985,4
spin_slow,spin,2.0,0.15,7.5119,6,1037057765,12,62022,2401,157034,4
spin_slow,spin,2.0,0.15,7.5247,7,1037069312,15,140439,2400,157022,4
spin_slow,spin,2.0,0.15,7.5353,8,1037081160,15,113387,2437,157005,4
spin_slow,spin,2.0,0.15,7.5564,9,1037101587,15,131738,2513,157005,4
spin_slow,spin,2.0,0.15,7.5744,10,1037119052,15,117694,2589,156960,4
spin_slow,spin,2.0,0.15,7.5945,11,1037141611,16,27416,2666,157030,4
spin_slow,spin,2.0,0.15,7.6136,12,1037160377,14,77324,2742,157026,4
spin_slow,spin,2.0,0.15,7.6327,13,1037179125,17,124566,2780,156961,4
spin_slow,spin,2.0,0.15,7.6994,14,1037230190,18,12653,2972,157046,4
spin_slow,spin,2.0,0.15,7.6994,15,1037231129,17,15163,2972,157041,0
spin_slow,spin,2.0,0.15,7.709,16,1037253917,18,120385,3087,157040,4
spin_slow,spin,2.0,0.15,7.7164,17,1037260414,17,125624,3124,157044,4
spin_slow,spin,2.0,0.15,7.7377,18,1037283011,18,41002,3200,157011,4
spin_slow,spin,2.0,0.15,7.7547,19,1037301789,20,92605,3277,157031,4
spin_slow,spin,2.0,0.15,7.7738,20,1037320543,24,139834,3314,157006,4
spin_slow,spin,2.0,0.15,7.7992,21,1037343055,21,40452,3429,157044,4
spin_slow,spin,2.0,0.15,7.8161,22,1037361831,20,91557,3467,157029,4
spin_slow,spin,2.0,0.15,7.8341,23,1037380594,20,140431,3544,157038,4
spin_slow,spin,2.0,0.15,7.8574,24,1037403130,21,45014,3620,157056,4
spin_slow,spin,2.0,0.15,7.8765,25,1037423130,22,147215,3736,157054,4
spin_slow,spin,2.0,0.15,7.8956,26,1037441956,22,49460,3773,157018,4
spin_slow,spin,2.0,0.15,7.9179,27,1037464443,23,103228,3849,157071,4
spin_slow,spin,2.0,0.15,7.937,28,1037483227,23,155305,3925,157014,4
spin_slow,spin,2.0,0.15,7.9551,29,1037501997,17,48400,4003,157030,4
spin_slow,spin,2.0,0.15,7.9795,30,1037524540,25,111991,4076,157021,4
spin_slow,spin,2.0,0.15,7.9986,31,1037543313,24,5250,4154,157046,4
spin_slow,spin,2.0,0.15,8.023,32,1037565822,20,62532,4192,157063,4
spin_slow,spin,2.0,0.15,8.0305,33,1037574466,25,118645,4192,157051,4
spin_slow,spin,2.0,0.15,8.0348,34,1037583291,21,48415,4267,157007,4
spin_slow,spin,2.0,0.15,8.0592,35,1037604596,26,58906,4344,157015,4
spin_slow,spin,2.0,0.15,8.0773,36,1037623384,25,112787,4380,157014,4
spin_slow,spin,2.0,0.15,8.0995,37,1037645901,26,15728,4420,157014,4
spin_slow,spin,2.0,0.15,8.1185,38,1037664663,26,64967,4496,157010,4
spin_slow,spin,2.0,0.15,8.1386,39,1037684665,27,11090,4570,157007,4
spin_slow,spin,2.0,0.15,8.1565,40,1037703452,27,64817,4610,157005,4
spin_slow,spin,2.0,0.15,8.1861,41,1037725961,28,123501,4686,157001,4
spin_slow,spin,2.0,0.15,8.1945,42,1037743771,28,11379,4725,156996,4
spin_slow,spin,2.0,0.15,8.2178,43,1037764756,29,125281,4799,156957,4
spin_slow,spin,2.0,0.15,8.238,44,1037783524,22,18823,4876,157003,4
spin_slow,spin,2.0,0.15,8.2592,45,1037806059,29,81785,4951,156955,4
spin_slow,spin,2.0,0.15,8.2804,46,1037824818,31,131069,5028,157021,4
spin_slow,spin,2.0,0.15,8.2985,47,1037844817,29,76418,5108,157054,4
spin_slow,spin,2.0,0.15,8.3196,48,1037867343,31,137135,5218,156981,4
spin_slow,spin,2.0,0.15,8.3396,49,1037886127,31,33475,5258,156987,4
spin_slow,spin,2.0,0.15,8.3575,50,1037904884,32,82446,5334,156992,4
spin_slow,spin,2.0,0.15,8.3828,51,1037927422,33,146355,5448,156953,4
spin_slow,spin,2.0,0.15,8.3997,52,1037947402,31,89527,5525,156965,4
spin_slow,spin,2.0,0.15,8.4187,53,1037966128,32,133295,5601,156990,4
spin_slow,spin,2.0,0.15,8.4429,54,1037988698,34,45295,5676,156953,4
spin_slow,spin,2.0,0.15,8.4765,55,1038021241,35,82915,5830,156994,4
spin_slow,spin,2.0,0.15,8.4881,56,1038030697,35,120230,5867,157009,4
spin_slow,spin,2.0,0.15,8.5134,57,1038057498,36,123481,5943,157010,4
spin_slow,spin,2.0,0.15,8.525,58,1038069708,36,1281,5983,157000,4
spin_slow,spin,2.0,0.15,8.5282,59,1038071545,36,156538,5984,156986,0
spin_slow,spin,2.0,0.15,8.543,60,1038088782,36,103770,6095,156965,4
spin_slow,spin,2.0,0.15,8.564,61,1038111284,35,4395,6134,156989,4
spin_slow,spin,2.0,0.15,8.584,62,1038131312,43,112378,6210,156993,4
spin_slow,spin,2.0,0.15,8.6082,63,1038153841,37,16209,6291,157047,4
spin_slow,spin,2.0,0.15,8.6251,64,1038172621,36,67969,6405,157060,4
spin_slow,spin,2.0,0.15,8.6484,65,1038195132,38,126301,6405,157043,4
spin_slow,spin,2.0,0.15,8.6684,66,1038213906,37,20268,6520,157025,4
spin_slow,spin,2.0,0.15,8.6853,67,1038232663,38,68196,6557,157024,4
spin_slow,spin,2.0,0.15,8.7084,68,1038255166,32,124508,6671,157039,4
spin_slow,spin,2.0,0.15,8.7265,69,1038273973,40,23592,6784,157025,4
spin_slow,spin,2.0,0.15,8.7455,70,1038292760,41,76789,6861,157050,4
spin_slow,spin,2.0,0.15,8.7677,71,1038315251,41,131334,6973,157029,4
spin_slow,spin,2.0,0.15,8.7867,72,1038334035,45,26976,6975,157039,4
spin_slow,spin,2.0,0.15,8.8089,73,1038356557,41,86992,7088,157052,4
spin_slow,spin,2.0,0.15,8.8279,74,1038375323,42,136709,7167,157031,4
spin_slow,spin,2.0,0.15,8.8479,75,1038394086,43,28896,7243,157036,4
spin_slow,spin,2.0,0.15,8.8689,76,1038416606,43,88835,7318,157039,4
spin_slow,spin,2.0,0.15,8.8901,77,1038435372,43,138829,7358,157059,4
spin_slow,spin,2.0,0.15,8.9102,78,1038457919,44,45909,7470,157052,4
spin_slow,spin,2.0,0.15,8.9292,79,1038476657,37,90278,7508,157026,4
spin_slow,spin,2.0,0.15,8.9494,80,1038495452,45,144541,7591,157060,4
spin_slow,spin,2.0,0.15,8.9948,81,1038526682,46,113698,7737,157041,4
spin_slow,spin,2.0,0.15,9.0106,82,1038546051,46,109127,7850,157020,4
spin_slow,spin,2.0,0.15,9.0285,83,1038571640,45,62455,8003,157051,4
spin_slow,spin,2.0,0.15,9.0296,84,1038572587,47,66441,8004,157039,0
spin_slow,spin,2.0,0.15,9.0317,85,1038575548,52,98658,7967,157025,4
spin_slow,spin,2.0,0.15,9.0496,86,1038598052,49,155957,8116,156989,4
spin_slow,spin,2.0,0.15,9.0686,87,1038616827,49,50765,8230,156991,4
spin_slow,spin,2.0,0.15,9.0876,88,1038635590,51,99827,8270,157038,4
spin_slow,spin,2.0,0.15,9.1099,89,1038658124,50,4354,8345,157022,4
spin_slow,spin,2.0,0.15,9.1291,90,1038676893,49,54211,8423,157051,4
spin_slow,spin,2.0,0.15,9.1493,91,1038696910,56,2219,8460,157030,4
spin_slow,spin,2.0,0.15,9.1707,92,1038719443,50,63559,8579,157078,4
spin_slow,spin,2.0,0.15,9.1898,93,1038738207,51,112149,8693,157086,4
spin_slow,spin,2.0,0.15,9.2099,94,1038756985,52,5918,8766,157051,4
spin_slow,spin,2.0,0.15,9.2311,95,1038779507,52,65734,8807,157081,4
spin_slow,spin,2.0,0.15,9.2502,96,1038798294,52,118678,8843,157041,4
spin_slow,spin,2.0,0.15,9.2692,97,1038817035,51,7435,8918,157019,4
spin_slow,spin,2.0,0.15,9.2925,98,1038839570,53,69801,9031,157028,4
spin_slow,spin,2.0,0.15,9.3095,99,1038857045,53,57052,9070,157013,4
spin_slow,spin,2.0,0.15,9.3306,100,1038879594,55,122014,9148,157019,4
spin_slow,spin,2.0,0.15,9.355,101,1038899620,61,71747,9225,157026,4
spin_slow,spin,2.0,0.15,9.373,102,1038920882,55,74832,9264,157012,4
spin_slow,spin,2.0,0.15,9.391,103,1038939669,55,128125,9375,156994,4
spin_slow,spin,2.0,0.15,9.41,104,1038958454,56,23988,9416,157012,4
spin_slow,spin,2.0,0.15,9.4334,105,1038980956,55,80782,9487,156971,4
spin_slow,spin,2.0,0.15,9.4524,106,1038999715,56,129760,9565,156994,4
spin_slow,spin,2.0,0.15,9.4704,107,1039018481,57,23172,9641,156987,4
spin_slow,spin,2.0,0.15,9.4926,108,1039041004,58,83627,9755,157002,4
spin_slow,spin,2.0,0.15,9.5116,109,1039059768,58,133290,9795,156995,4
spin_slow,spin,2.0,0.15,9.5306,110,1039073547,56,121046,9869,156977,4
spin_slow,spin,2.0,0.15,9.5339,111,1039081987,59,142828,9870,156966,4
spin_slow,spin,2.0,0.15,9.553,112,1039099804,52,32442,9906,156942,4
spin_slow,spin,2.0,0.15,9.573,113,1039119811,58,137281,9984,156978,4
spin_slow,spin,2.0,0.15,9.5931,114,1039141055,52,137787,10099,156976,4
spin_slow,spin,2.0,0.15,9.6131,115,1039159861,59,38440,10136,156968,4
spin_slow,spin,2.0,0.15,9.6342,116,1039182371,60,97414,10210,156975,4
spin_slow,spin,2.0,0.15,9.6532,117,1039201129,68,146654,10328,156984,4
spin_slow,spin,2.0,0.15,9.6712,118,1039219905,62,41760,10409,157028,4
spin_slow,spin,2.0,0.15,9.6954,119,1039242412,61,99906,10477,156994,4
spin_slow,spin,2.0,0.15,9.7154,120,1039262445,65,51164,10558,157024,4
spin_slow,spin,2.0,0.15,9.7344,121,1039282455,63,156038,10672,157011,4
spin_slow,spin,2.0,0.15,9.7534,122,1039301232,65,51188,10707,156980,4
spin_slow,spin,2.0,0.15,9.7724,123,1039319979,63,98689,10781,156958,4
spin_slow,spin,2.0,0.15,9.8062,124,1039344998,63,113416,10821,156979,4
spin_slow,spin,2.0,0.15,9.8149,125,1039361898,64,3747,10899,156996,4
spin_slow,spin,2.0,0.15,9.8339,126,1039382517,65,55159,10974,156967,4
spin_slow,spin,2.0,0.15,9.8529,127,1039401282,65,105715,11012,156977,4
spin_slow,spin,2.0,0.15,9.8781,0,1039425033,66,61721,11090,156982,4
spin_slow,spin,2.0,0.15,9.8952,1,1039443833,71,118187,11164,156977,4
spin_slow,spin,2.0,0.15,9.9205,2,1039466349,67,20986,11279,156989,4
spin_slow,spin,2.0,0.15,9.9405,3,1039486361,66,126462,11279,156982,4
spin_slow,spin,2.0,0.15,9.9586,4,1039507610,67,128661,11392,156958,4
spin_slow,spin,2.0,0.15,9.9776,5,1039526378,67,22900,11429,156962,4
spin_slow,spin,2.0,0.15,9.9955,6,1039545152,70,74910,11508,156969,4
spin_slow,spin,2.0,0.15,10.0168,7,1039563914,68,124713,11583,156986,4
spin_slow,spin,2.0,0.15,10.0294,8,1039576688,69,98774,11661,156966,4
spin_slow,spin,2.0,0.15,10.041,9,1039588560,68,76243,11663,156996,4
spin_slow,spin,2.0,0.15,10.0558,10,1039605197,69,78605,11738,157001,4
spin_slow,spin,2.0,0.15,10.079,11,1039627717,69,138816,11778,156997,4
spin_slow,spin,2.0,0.15,10.0991,12,1039646480,73,31465,11927,156993,4
spin_slow,spin,2.0,0.15,10.1159,13,1039665245,71,81389,11928,157015,4
spin_slow,spin,2.0,0.15,10.138,14,1039685234,73,25413,11969,157014,4
spin_slow,spin,2.0,0.15,10.1602,15,1039709058,77,150283,12082,156984,4
spin_slow,spin,2.0,0.15,10.1802,16,1039727803,71,39899,12155,156989,4
spin_slow,spin,2.0,0.15,10.2003,17,1039749056,72,42201,12194,156988,4
spin_slow,spin,2.0,0.15,10.2203,18,1039769084,70,149938,12271,156989,4
spin_slow,spin,2.0,0.15,10.2392,19,1039787839,73,41792,12308,156988,4
spin_slow,spin,2.0,0.15,10.2582,20,1039806616,66,93968,12385,156984,4
spin_slow,spin,2.0,0.15,10.3035,21,1039837847,73,65613,12501,157006,4
spin_slow,spin,2.0,0.15,10.3184,22,1039854704,74,105221,12577,157033,4
spin_slow,spin,2.0,0.15,10.3279,23,1039876081,75,128300,12612,156979,4
spin_slow,spin,2.0,0.15,10.3405,24,1039889183,75,839,12691,156994,4
spin_slow,spin,2.0,0.15,10.3626,25,1039910442,75,3349,12733,157027,4
spin_slow,spin,2.0,0.15,10.3797,26,1039929214,76,54823,12840,156986,4
spin_slow,spin,2.0,0.15,10.4029,27,1039951723,76,113107,12919,156963,4
spin_slow,spin,2.0,0.15,10.4229,28,1039971710,75,57170,12995,156973,4
spin_slow,spin,2.0,0.15,10.4429,29,1039991751,77,10620,13110,157004,4
spin_slow,spin,2.0,0.15,10.4608,30,1040010512,76,60781,13179,156951,4
spin_slow,spin,2.0,0.15,10.484,31,1040033031,75,121183,13224,156993,4
spin_slow,spin,2.0,0.15,10.504,32,1040053045,79,69419,13336,156983,4
spin_slow,spin,2.0,0.15,10.5282,33,1040071829,77,122316,13417,157018,4
spin_slow,spin,2.0,0.15,10.5303,34,1040080342,79,156503,13454,157004,4
spin_slow,spin,2.0,0.15,10.5419,35,1040091844,78,70732,13414,157028,4
spin_slow,spin,2.0,0.15,10.564,36,1040113097,80,72936,13566,156989,4
spin_slow,spin,2.0,0.15,10.5861,37,1040134378,80,79813,13603,156972,4
spin_slow,spin,2.0,0.15,10.6061,38,1040155647,81,85262,13678,156963,4
spin_slow,spin,2.0,0.15,10.6304,39,1040176903,81,88721,13756,156970,4
spin_slow,spin,2.0,0.15,10.6453,40,1040194380,81,77219,13834,156992,4
spin_slow,spin,2.0,0.15,10.6685,41,1040216947,82,145465,13946,156974,4
spin_slow,spin,2.0,0.15,10.6895,42,1040235702,82,36624,14064,156992,4
spin_slow,spin,2.0,0.15,10.7106,43,1040255728,83,143617,14104,157026,4
spin_slow,spin,2.0,0.15,10.7295,44,1040276995,83,147567,14176,157015,4
spin_slow,spin,2.0,0.15,10.7495,45,1040299510,84,49936,14256,157016,4
spin_slow,spin,2.0,0.15,10.7696,46,1040318282,84,100629,14332,157021,4
spin_slow,spin,2.0,0.15,10.7897,47,1040339555,85,105821,14446,157016,4
spin_slow,spin,2.0,0.15,10.8086,48,1040358296,86,151376,14523,157027,4
spin_slow,spin,2.0,0.15,10.8297,49,1040377075,86,46819,14600,157025,4
spin_slow,spin,2.0,0.15,10.8502,50,1040399594,87,106598,14675,157012,4
spin_slow,spin,2.0,0.15,10.8705,51,1040418374,87,1949,14745,156970,4
spin_slow,spin,2.0,0.15,10.892,52,1040440874,87,59248,14824,157011,4
spin_slow,spin,2.0,0.15,10.9098,53,1040459641,88,109727,14941,157023,4
spin_slow,spin,2.0,0.15,10.9286,54,1040478387,88,156316,15051,157003,4
spin_slow,spin,2.0,0.15,10.9514,55,1040500947,89,66325,15171,157034,4
spin_slow,spin,2.0,0.15,10.9697,56,1040519715,90,116646,15205,156983,4
spin_slow,spin,2.0,0.15,10.9944,57,1040542233,90,19338,15364,157006,4
spin_slow,spin,2.0,0.15,11.0138,58,1040560975,90,65243,15397,157003,4
spin_slow,spin,2.0,0.15,11.0332,59,1040577265,90,8603,15474,156998,4
spin_slow,spin,2.0,0.15,11.0374,60,1040585768,90,41161,15474,156998,4
spin_slow,spin,2.0,0.15,11.0536,61,1040603529,89,77616,15547,157015,4
spin_slow,spin,2.0,0.15,11.0728,62,1040622274,92,123810,15589,157046,4
spin_slow,spin,2.0,0.15,11.1088,63,1040648557,93,38937,15697,156959,4
spin_slow,spin,2.0,0.15,11.1173,64,1040665458,92,86456,15773,156954,4
spin_slow,spin,2.0,0.15,11.1353,65,1040682354,93,132964,15813,156974,4
spin_slow,spin,2.0,0.15,11.1565,66,1040704842,88,31282,15893,156983,4
spin_slow,spin,2.0,0.15,11.1746,67,1040724869,94,139074,15965,156996,4
spin_slow,spin,2.0,0.15,11.1939,68,1040743589,96,24537,16047,157009,4
spin_slow,spin,2.0,0.15,11.2161,69,1040766156,100,93215,16116,156977,4
spin_slow,spin,2.0,0.15,11.2353,70,1040784916,96,142746,16161,156995,4
spin_slow,spin,2.0,0.15,11.2543,71,1040803690,101,36940,16238,157012,4
spin_slow,spin,2.0,0.15,11.2754,72,1040824945,96,39504,16311,156972,4
spin_slow,spin,2.0,0.15,11.2944,73,1040843709,97,89560,16392,157011,4
spin_slow,spin,2.0,0.15,11.3167,74,1040866241,93,151710,16428,157014,4
spin_slow,spin,2.0,0.15,11.3347,75,1040884998,96,44020,16535,156976,4
spin_slow,spin,2.0,0.15,11.36,76,1040907515,98,103591,16613,157016,4
spin_slow,spin,2.0,0.15,11.3759,77,1040926282,98,154222,16652,156978,4
spin_slow,spin,2.0,0.15,11.395,78,1040945048,93,47648,16772,156993,4
spin_slow,spin,2.0,0.15,11.4162,79,1040965088,99,905,16847,156966,4
spin_slow,spin,2.0,0.15,11.4362,80,1040986333,99,1478,16924,157019,4
spin_slow,spin,2.0,0.15,11.4551,81,1041005096,100,51259,16993,156988,4
spin_slow,spin,2.0,0.15,11.4793,82,1041027611,101,111318,17072,156987,4
spin_slow,spin,2.0,0.15,11.4994,83,1041048840,101,109501,17111,156991,4
spin_slow,spin,2.0,0.15,11.5183,84,1041067643,102,8884,17224,156985,4
spin_slow,spin,2.0,0.15,11.5289,85,1041078445,101,118340,17226,156994,4
spin_slow,spin,2.0,0.15,11.5404,86,1041089190,102,61198,17263,156971,4
spin_slow,spin,2.0,0.15,11.5605,87,1041110192,103,21317,17377,156961,4
spin_slow,spin,2.0,0.15,11.61,88,1041128938,103,68994,17455,156962,4
spin_slow,spin,2.0,0.15,11.6257,89,1041152170,104,93925,17490,156979,4
spin_slow,spin,2.0,0.15,11.631,90,1041169920,104,128851,17563,156917,4
spin_slow,spin,2.0,0.15,11.6405,91,1041189716,104,40762,17643,156996,4
spin_slow,spin,2.0,0.15,11.6605,92,1041210269,105,81565,17717,156983,4
spin_slow,spin,2.0,0.15,11.6837,93,1041232748,104,135989,17754,156969,4
spin_slow,spin,2.0,0.15,11.7005,94,1041251523,104,31451,17833,156996,4
spin_slow,spin,2.0,0.15,11.7237,95,1041274030,107,90426,17948,156978,4
spin_slow,spin,2.0,0.15,11.7437,96,1041294012,106,34132,17981,156913,4
spin_slow,spin,2.0,0.15,11.7661,97,1041316557,106,100200,18100,156950,4
spin_slow,spin,2.0,0.15,11.7851,98,1041335336,107,152804,18217,156981,4
spin_slow,spin,2.0,0.15,11.8041,99,1041354085,107,43710,18214,156967,4
spin_slow,spin,2.0,0.15,11.8315,100,1041376592,108,102285,18334,157000,4
spin_slow,spin,2.0,0.15,11.8442,101,1041394105,108,96407,18370,157013,4
spin_slow,spin,2.0,0.15,11.8653,102,1041415388,108,103716,18410,157000,4
spin_slow,spin,2.0,0.15,11.8842,103,1041434146,109,152456,18479,156998,4
spin_slow,spin,2.0,0.15,11.9064,104,1041456684,111,59002,18560,156998,4
spin_slow,spin,2.0,0.15,11.9253,105,1041475437,111,107196,18595,156987,4
spin_slow,spin,2.0,0.15,11.9485,106,1041497945,111,9358,18709,156971,4
spin_slow,spin,2.0,0.15,11.9665,107,1041515468,110,5689,18710,156993,4
spin_slow,spin,2.0,0.15,11.9887,108,1041537985,110,66374,18788,156980,4
spin_slow,spin,2.0,0.15,12.0056,109,1041556770,111,120487,18823,156956,4
spin_slow,spin,2.0,0.15,12.0278,110,1041575503,112,8529,18903,156982,4
spin_slow,spin,2.0,0.15,12.0341,111,1041583532,111,117649,18903,156960,4
spin_slow,spin,2.0,0.15,12.0446,112,1041595533,112,117106,18978,156984,4
spin_slow,spin,2.0,0.15,12.0689,113,1041618053,106,21296,19052,156950,4
spin_slow,spin,2.0,0.15,12.0857,114,1041636829,113,73891,19090,156968,4
spin_slow,spin,2.0,0.15,12.1089,115,1041659334,112,132427,19168,156989,4
spin_slow,spin,2.0,0.15,12.1289,116,1041678093,112,25352,19164,156946,4
spin_slow,spin,2.0,0.15,12.1501,117,1041700614,113,87003,19279,156948,4
spin_slow,spin,2.0,0.15,12.1744,118,1041723119,116,145574,19359,156983,4
spin_slow,spin,2.0,0.15,12.1913,119,1041741875,117,38112,19475,156964,4
spin_slow,spin,2.0,0.15,12.2102,120,1041760650,115,90762,19509,156950,4
spin_slow,spin,2.0,0.15,12.2334,121,1041783150,116,148640,19622,156970,4
spin_slow,spin,2.0,0.15,12.2534,122,1041801928,115,44912,19696,156958,4
spin_slow,spin,2.0,0.15,12.2703,123,1041820691,116,95686,19775,156949,4
spin_slow,spin,2.0,0.15,12.2934,124,1041843185,117,152439,19926,156962,4
spin_slow,spin,2.0,0.15,12.3114,125,1041861939,118,45018,19926,156921,4
spin_slow,spin,2.0,0.15,12.3314,126,1041881941,117,150201,20000,156929,4
spin_slow,spin,2.0,0.15,12.3535,127,1041904468,119,56282,20115,156943,4
spin_slow,spin,2.0,0.15,12.3736,0,1041923238,113,108057,20192,156938,4
spin_slow,spin,2.0,0.15,12.4115,1,1041951987,119,130068,20304,156924,4
spin_slow,spin,2.0,0.15,12.4189,2,1041968899,121,23006,20314,156979,4
spin_slow,spin,2.0,0.15,12.4326,3,1041983265,119,110327,20347,156990,4
spin_slow,spin,2.0,0.15,12.4548,4,1042005794,121,15752,20461,156971,4
spin_slow,spin,2.0,0.15,12.4759,5,1042024552,121,65388,20542,156990,4
spin_slow,spin,2.0,0.15,12.497,6,1042044570,128,15103,20583,156989,4
spin_slow,spin,2.0,0.15,12.5138,7,1042064591,122,122216,20652,156987,4
spin_slow,spin,2.0,0.15,12.5349,8,1042084531,123,58331,20770,156996,4
spin_slow,spin,2.0,0.15,12.537,9,1042085484,122,63432,20806,156987,0
spin_slow,spin,2.0,0.15,12.5549,10,1042105868,123,75047,20842,156954,4
spin_slow,spin,2.0,0.15,12.5739,11,1042124628,124,124802,20958,157012,4
spin_slow,spin,2.0,0.15,12.5939,12,1042144602,124,66916,21005,157011,4
spin_slow,spin,2.0,0.15,12.6181,13,1042167163,124,133991,21113,157030,4
spin_slow,spin,2.0,0.15,12.6381,14,1042187181,127,82902,21233,157028,4
spin_slow,spin,2.0,0.15,12.6549,15,1042205944,126,132236,21268,157015,4
spin_slow,spin,2.0,0.15,12.6793,16,1042228455,125,34590,21304,156999,4
spin_slow,spin,2.0,0.15,12.6962,17,1042247229,126,86257,21424,156998,4
spin_slow,spin,2.0,0.15,12.7152,18,1042265992,121,136564,21492,156959,4
spin_slow,spin,2.0,0.15,12.7394,19,1042288514,131,40833,21537,157008,4
spin_slow,spin,2.0,0.15,12.7562,20,1042307275,127,90368,21604,156975,4
spin_slow,spin,2.0,0.15,12.7848,21,1042329802,123,152985,21682,156974,4
spin_slow,spin,2.0,0.15,12.7975,22,1042347288,126,143109,21757,156960,4
spin_slow,spin,2.0,0.15,12.8206,23,1042371082,129,106119,21873,156976,4
spin_slow,spin,2.0,0.15,12.8385,24,1042389819,130,151703,21984,156947,4
spin_slow,spin,2.0,0.15,12.8586,25,1042408607,129,49731,22099,156956,4
spin_slow,spin,2.0,0.15,12.8807,26,1042431129,129,111427,22221,156968,4
spin_slow,spin,2.0,0.15,12.9166,27,1042456096,131,117288,22326,156958,4
spin_slow,spin,2.0,0.15,12.9335,28,1042471685,132,98907,22408,157007,4
spin_slow,spin,2.0,0.15,12.9419,29,1042493060,134,122092,22446,156985,4
spin_slow,spin,2.0,0.15,12.9587,30,1042509926,132,6674,22487,156989,4
spin_slow,spin,2.0,0.15,12.9787,31,1042528677,134,54866,22520,156977,4
spin_slow,spin,2.0,0.15,12.9998,32,1042551201,133,116696,22632,156967,4
spin_slow,spin,2.0,0.15,13.0188,33,1042569980,134,12041,22680,157001,4
spin_slow,spin,2.0,0.15,13.0326,34,1042581506,141,87769,22751,156978,4
spin_slow,spin,2.0,0.15,13.0421,35,1042593266,134,46195,22749,156993,4
spin_slow,spin,2.0,0.15,13.059,36,1042610006,134,66353,22861,156952,4
spin_slow,spin,2.0,0.15,13.0811,37,1042632518,135,125680,22900,156972,4
spin_slow,spin,2.0,0.15,13.1012,38,1042651293,135,20905,22949,157021,4
spin_slow,spin,2.0,0.15,13.1191,39,1042670064,136,71856,23058,157004,4
spin_slow,spin,2.0,0.15,13.1413,40,1042692589,135,132875,23103,157019,4
spin_slow,spin,2.0,0.15,13.1603,41,1042711336,135,22318,23178,157029,4
spin_slow,spin,2.0,0.15,13.1793,42,1042730076,137,67372,23297,157028,4
spin_slow,spin,2.0,0.15,13.2014,43,1042752637,137,134697,23370,157021,4
spin_slow,spin,2.0,0.15,13.2203,44,1042771415,144,29525,23444,157015,4
spin_slow,spin,2.0,0.15,13.2425,45,1042791423,138,133223,23483,157038,4
spin_slow,spin,2.0,0.15,13.2646,46,1042815206,132,93982,23589,157005,4
spin_slow,spin,2.0,0.15,13.2835,47,1042833963,138,142837,23703,156976,4
spin_slow,spin,2.0,0.15,13.3015,48,1042852741,139,37921,23708,157023,4
spin_slow,spin,2.0,0.15,13.3215,49,1042872753,140,142801,23781,156987,4
spin_slow,spin,2.0,0.15,13.3436,50,1042895283,140,47849,23826,157023,4
spin_slow,spin,2.0,0.15,13.3646,51,1042914037,141,96298,23901,157004,4
spin_slow,spin,2.0,0.15,13.3846,52,1042936567,142,1877,23975,157004,4
spin_slow,spin,2.0,0.15,13.4089,53,1042959079,141,61432,24045,156990,4
spin_slow,spin,2.0,0.15,13.4257,54,1042977842,141,111214,24088,157004,4
spin_slow,spin,2.0,0.15,13.4489,55,1043000366,143,15356,24201,156985,4
spin_slow,spin,2.0,0.15,13.4689,56,1043020343,143,114190,24359,157005,4
spin_slow,spin,2.0,0.15,13.4889,57,1043039139,143,12121,24430,157012,4
spin_slow,spin,2.0,0.15,13.5089,58,1043059172,144,120991,24458,156943,4
spin_slow,spin,2.0,0.15,13.5268,59,1043077917,145,11236,24542,156981,4
spin_slow,spin,2.0,0.15,13.5342,60,1043086345,145,31083,24618,157020,4
spin_slow,spin,2.0,0.15,13.5489,61,1043099208,145,19707,24656,156977,4
spin_slow,spin,2.0,0.15,13.57,62,1043121738,146,82123,24738,156992,4
spin_slow,spin,2.0,0.15,13.5889,63,1043140506,146,132133,24778,157002,4
spin_slow,spin,2.0,0.15,13.611,64,1043162998,146,30431,24884,156998,4
spin_slow,spin,2.0,0.15,13.63,65,1043181775,147,82755,24963,156960,4
spin_slow,spin,2.0,0.15,13.6542,66,1043204286,148,141325,25037,157009,4
spin_slow,spin,2.0,0.15,13.671,67,1043223076,149,38558,25077,156991,4
spin_slow,spin,2.0,0.15,13.711,68,1043241805,148,82586,25111,156988,4
spin_slow,spin,2.0,0.15,13.7226,69,1043272476,153,116324,25225,156980,4
spin_slow,spin,2.0,0.15,13.7363,70,1043283876,148,13712,25222,156961,4
spin_slow,spin,2.0,0.15,13.7542,71,1043304367,155,43866,25339,156966,4
spin_slow,spin,2.0,0.15,13.7742,72,1043324395,149,151916,25342,156960,4
spin_slow,spin,2.0,0.15,13.7954,73,1043346928,150,57859,25417,157002,4
spin_slow,spin,2.0,0.15,13.8144,74,1043365680,151,106201,25487,156967,4
spin_slow,spin,2.0,0.15,13.8344,75,1043384460,150,2100,25530,156963,4
spin_slow,spin,2.0,0.15,13.8544,76,1043405719,156,5301,25616,157025,4
spin_slow,spin,2.0,0.15,13.8745,77,1043424482,151,54802,25722,156988,4
spin_slow,spin,2.0,0.15,13.8945,78,1043447002,152,114790,25801,156995,4
spin_slow,spin,2.0,0.15,13.9135,79,1043465782,152,10084,25807,157018,4
spin_slow,spin,2.0,0.15,13.9336,80,1043484542,159,58538,25925,157016,4
spin_slow,spin,2.0,0.15,13.9547,81,1043507064,153,118646,26037,157012,4
spin_slow,spin,2.0,0.15,13.9737,82,1043525839,153,13165,26067,156985,4
spin_slow,spin,2.0,0.15,13.9949,83,1043547109,157,17374,26147,156999,4
spin_slow,spin,2.0,0.15,14.015,84,1043565880,155,67813,26191,157043,4
spin_slow,spin,2.0,0.15,14.0373,85,1043587014,154,49182,26257,156985,4
spin_slow,spin,2.0,0.15,14.0404,86,1043587960,154,53012,26262,156990,0
spin_slow,spin,2.0,0.15,14.0542,87,1043604684,155,69787,26300,156987,4
spin_slow,spin,2.0,0.15,14.0753,88,1043627192,155,127555,26379,157039,4
spin_slow,spin,2.0,0.15,14.0953,89,1043647227,154,78678,26455,157042,4
spin_slow,spin,2.0,0.15,14.1143,90,1043665981,156,126046,26526,157010,4
spin_slow,spin,2.0,0.15,14.1364,91,1043688510,158,30127,26650,157050,4
spin_slow,spin,2.0,0.15,14.1545,92,1043707309,158,85688,26649,157026,4
spin_slow,spin,2.0,0.15,14.1747,93,1043726035,158,129231,26751,156995,4
spin_slow,spin,2.0,0.15,14.2095,94,1043747147,164,106697,26840,157059,4
spin_slow,spin,2.0,0.15,14.2307,95,1043769157,157,79322,26912,157016,4
spin_slow,spin,2.0,0.15,14.2477,96,1043786443,158,34608,26992,157007,4
spin_slow,spin,2.0,0.15,14.2562,97,1043808186,160,119401,27134,156992,4
spin_slow,spin,2.0,0.15,14.2741,98,1043826139,159,30938,27178,157034,4
spin_slow,spin,2.0,0.15,14.2942,99,1043846144,160,134370,27245,156978,4
spin_slow,spin,2.0,0.15,14.3196,100,1043868636,161,32931,27326,156990,4
spin_slow,spin,2.0,0.15,14.3365,101,1043886229,161,40513,27403,156974,4
spin_slow,spin,2.0,0.15,14.3588,102,1043909970,162,152192,27476,156954,4
spin_slow,spin,2.0,0.15,14.3769,103,1043928749,161,48131,27512,156969,4
spin_slow,spin,2.0,0.15,14.3949,104,1043947514,163,98570,27629,156985,4
spin_slow,spin,2.0,0.15,14.4193,105,1043970026,163,910,27711,157030,4
spin_slow,spin,2.0,0.15,14.4362,106,1043988803,163,52853,27787,157012,4
spin_slow,spin,2.0,0.15,14.4553,107,1044007560,163,101633,27822,156994,4
spin_slow,spin,2.0,0.15,14.4755,108,1044027582,164,51449,27900,157002,4
spin_slow,spin,2.0,0.15,14.4988,109,1044050101,166,111243,28019,157019,4
spin_slow,spin,2.0,0.15,14.521,110,1044068863,165,3971,28087,156988,4
spin_slow,spin,2.0,0.15,14.5337,111,1044085137,166,101723,28155,156977,4
spin_slow,spin,2.0,0.15,14.5433,112,1044093563,159,121405,28198,156969,4
spin_slow,spin,2.0,0.15,14.5559,113,1044108874,166,55739,28272,156962,4
spin_slow,spin,2.0,0.15,14.5813,114,1044131415,167,120193,28322,157004,4
spin_slow,spin,2.0,0.15,14.6004,115,1044151424,166,67279,28441,157023,4
spin_slow,spin,2.0,0.15,14.6183,116,1044170199,168,118792,28518,157031,4
spin_slow,spin,2.0,0.15,14.6363,117,1044188976,168,13665,28585,157007,4
spin_slow,spin,2.0,0.15,14.6638,118,1044211497,168,74051,28667,157020,4
spin_slow,spin,2.0,0.15,14.6765,119,1044229023,169,70065,28700,157003,4
spin_slow,spin,2.0,0.15,14.6998,120,1044251531,169,128744,28815,156991,4
spin_slow,spin,2.0,0.15,14.7178,121,1044270287,170,20726,28843,156958,4
spin_slow,spin,2.0,0.15,14.739,122,1044289060,169,72215,28967,156992,4
spin_slow,spin,2.0,0.15,14.7612,123,1044312833,172,31692,29090,157030,4
spin_slow,spin,2.0,0.15,14.7804,124,1044331603,171,81962,29128,157062,4
spin_slow,spin,2.0,0.15,14.7984,125,1044350381,172,133314,29280,157033,4
spin_slow,spin,2.0,0.15,14.8205,126,1044372906,173,36249,29358,157062,4
spin_slow,spin,2.0,0.15,14.8417,127,1044391678,173,86678,29427,157017,4
spin_slow,spin,2.0,0.15,14.8587,0,1044411685,174,33325,29547,157017,4
spin_slow,spin,2.0,0.15,14.8777,1,1044430437,175,80602,29580,157034,4
spin_slow,spin,2.0,0.15,14.901,2,1044452998,175,147197,29700,157055,4
spin_slow,spin,2.0,0.15,14.9201,3,1044472988,172,90261,29782,157057,4
spin_slow,spin,2.0,0.15,14.9391,4,1044491788,175,145222,29815,157063,4
spin_slow,spin,2.0,0.15,14.9594,5,1044510541,179,35809,29888,157002,4
spin_slow,spin,2.0,0.15,14.9817,6,1044534331,176,154520,29969,157023,4
spin_slow,spin,2.0,0.15,15.0145,7,1044559348,177,10065,30079,157040,4
spin_slow,spin,2.0,0.15,15.0241,8,1044576237,177,54571,30121,157040,4
spin_slow,spin,2.0,0.15,15.0359,9,1044587610,178,103425,30156,157054,4
spin_slow,spin,2.0,0.15,15.0423,10,1044593340,178,135224,30196,157029,4
spin_slow,spin,2.0,0.15,15.0603,11,1044611890,177,147670,30230,157032,4
spin_slow,spin,2.0,0.15,15.0824,12,1044634429,178,53319,30308,157062,4
spin_slow,spin,2.0,0.15,15.1014,13,1044654410,179,152250,30391,157044,4
spin_slow,spin,2.0,0.15,15.1204,14,1044673224,180,53161,30497,157017,4
spin_slow,spin,2.0,0.15,15.1394,15,1044691993,180,103197,30538,157068,4
spin_slow,spin,2.0,0.15,15.1609,16,1044714515,179,5812,30566,157005,4
spin_slow,spin,2.0,0.15,15.18,17,1044733299,180,58565,30651,157029,4
spin_slow,spin,2.0,0.15,15.2033,18,1044755824,181,119172,30759,157015,4
spin_slow,spin,2.0,0.15,15.2224,19,1044774592,182,12778,30794,157004,4
spin_slow,spin,2.0,0.15,15.2435,20,1044795847,182,14625,30906,156996,4
spin_slow,spin,2.0,0.15,15.2647,21,1044814614,182,64585,31031,157016,4
spin_slow,spin,2.0,0.15,15.2816,22,1044834634,182,13419,31066,157000,4
spin_slow,spin,2.0,0.15,15.3007,23,1044854661,184,120494,31145,157030,4
spin_slow,spin,2.0,0.15,15.3241,24,1044877164,184,20136,31213,157007,4
spin_slow,spin,2.0,0.15,15.3442,25,1044895966,184,76073,31294,157005,4
spin_slow,spin,2.0,0.15,15.3622,26,1044914706,191,121829,31332,157003,4
spin_slow,spin,2.0,0.15,15.3823,27,1044934710,185,67819,31439,157002,4
spin_slow,spin,2.0,0.15,15.4045,28,1044957267,186,134223,31563,157015,4
spin_slow,spin,2.0,0.15,15.4215,29,1044974784,186,128927,31553,157006,4
spin_slow,spin,2.0,0.15,15.4438,30,1044997293,186,30392,31669,156984,4
spin_slow,spin,2.0,0.15,15.4629,31,1045016060,186,80356,31712,157028,4
spin_slow,spin,2.0,0.15,15.4852,32,1045038577,188,139362,31836,157063,4
spin_slow,spin,2.0,0.15,15.5148,33,1045057372,187,36988,31865,157046,4
spin_slow,spin,2.0,0.15,15.537,34,1045078017,188,92260,31939,156993,4
spin_slow,spin,2.0,0.15,15.5529,35,1045094181,188,14009,31979,157014,4
spin_slow,spin,2.0,0.15,15.5582,36,1045101263,188,119052,31977,156993,4
spin_slow,spin,2.0,0.15,15.5645,37,1045117074,188,137839,32056,157005,4
spin_slow,spin,2.0,0.15,15.5868,38,1045138686,189,43509,32105,157041,4
spin_slow,spin,2.0,0.15,15.6048,39,1045158702,190,149258,32139,157027,4
spin_slow,spin,2.0,0.15,15.6238,40,1045177428,188,34928,32206,157002,4
spin_slow,spin,2.0,0.15,15.6429,41,1045196209,190,87076,32291,157038,4
spin_slow,spin,2.0,0.15,15.6662,42,1045218742,190,149430,32352,156992,4
spin_slow,spin,2.0,0.15,15.6843,43,1045237511,191,42794,32430,157010,4
spin_slow,spin,2.0,0.15,15.7064,44,1045260035,191,103969,32469,157001,4
spin_slow,spin,2.0,0.15,15.7265,45,1045278786,192,151563,32589,157008,4
spin_slow,spin,2.0,0.15,15.7435,46,1045297553,192,44840,32633,157031,4
spin_slow,spin,2.0,0.15,15.7657,47,1045320072,186,105002,32706,157026,4
spin_slow,spin,2.0,0.15,15.786,48,1045338855,193,791,32741,157007,4
spin_slow,spin,2.0,0.15,15.804,49,1045357617,194,50509,32822,156999,4
spin_slow,spin,2.0,0.15,15.8262,50,1045380142,194,111753,32851,157000,4
spin_slow,spin,2.0,0.15,15.8453,51,1045398927,195,8271,32973,157015,4
spin_slow,spin,2.0,0.15,15.8644,52,1045417656,193,52099,33013,157020,4
spin_slow,spin,2.0,0.15,15.8888,53,1045441446,200,13931,33085,157001,4
spin_slow,spin,2.0,0.15,15.9058,54,1045460207,187,63291,33157,157008,4
spin_slow,spin,2.0,0.15,15.926,55,1045480199,195,7764,33195,156988,4
spin_slow,spin,2.0,0.15,15.946,56,1045498984,195,61098,33236,156997,4
spin_slow,spin,2.0,0.15,15.9693,57,1045521521,190,124357,33312,157004,4
spin_slow,spin,2.0,0.15,15.9875,58,1045540279,196,16080,33383,156979,4
spin_slow,spin,2.0,0.15,16.0104,59,1045562789,197,74817,33468,156988,4
spin_slow,spin,2.0,0.15,16.0301,60,1045581562,201,125962,33591,157037,4
spin_slow,spin,2.0,0.15,16.0413,61,1045589997,198,146652,33619,157014,4
spin_slow,spin,2.0,0.15,16.0512,62,1045603056,198,11524,33653,157001,4
spin_slow,spin,2.0,0.15,16.0698,63,1045622849,201,79408,33763,156977,4
spin_slow,spin,2.0,0.15,16.0895,64,1045641623,199,131313,33803,156975,4
spin_slow,spin,2.0,0.15,16.1098,65,1045664132,200,33334,33912,156952,4
spin_slow,spin,2.0,0.15,16.1288,66,1045682915,199,86732,33996,156999,4
spin_slow,spin,2.0,0.15,16.1511,67,1045705407,200,142862,34107,156972,4
spin_slow,spin,2.0,0.15,16.1702,68,1045724195,201,39344,34158,157046,4
spin_slow,spin,2.0,0.15,16.1893,69,1045742949,201,86891,34233,157024,4
spin_slow,spin,2.0,0.15,16.2094,70,1045762938,201,30731,34299,156985,4
spin_slow,spin,2.0,0.15,16.2305,71,1045785473,203,93568,34375,156987,4
spin_slow,spin,2.0,0.15,16.2495,72,1045804256,202,147007,34443,156980,4
spin_slow,spin,2.0,0.15,16.2738,73,1045826758,203,48003,34500,157007,4
spin_slow,spin,2.0,0.15,16.3033,74,1045845539,204,100874,34565,156978,4
spin_slow,spin,2.0,0.15,16.3191,75,1045866355,208,28423,34650,157047,4
spin_slow,spin,2.0,0.15,16.3433,76,1045896194,198,76855,34764,157011,4
spin_slow,spin,2.0,0.15,16.3539,77,1045907634,205,137384,34797,157016,4
spin_slow,spin,2.0,0.15,16.374,78,1045928103,205,6301,34876,157018,4
spin_slow,spin,2.0,0.15,16.3932,79,1045946876,206,57631,34961,157012,4
spin_slow,spin,2.0,0.15,16.4165,80,1045969406,206,119695,35068,156986,4
spin_slow,spin,2.0,0.15,16.4355,81,1045989407,207,65997,35150,157041,4
spin_slow,spin,2.0,0.15,16.4535,82,1046008171,207,115372,35221,157024,4
spin_slow,spin,2.0,0.15,16.4737,83,1046028169,208,60744,35286,156982,4
spin_slow,spin,2.0,0.15,16.4927,84,1046046960,208,115092,35345,157019,4
spin_slow,spin,2.0,0.15,16.5162,85,1046069491,209,19480,35414,157001,4
spin_slow,spin,2.0,0.15,16.5374,86,1046089456,209,116365,35491,157051,4
spin_slow,spin,2.0,0.15,16.5395,87,1046090405,202,120675,35501,157047,0
spin_slow,spin,2.0,0.15,16.5564,88,1046110795,210,132415,35569,157023,4
spin_slow,spin,2.0,0.15,16.5755,89,1046129540,211,21847,35600,156997,4
spin_slow,spin,2.0,0.15,16.5945,90,1046148314,210,72953,35670,157005,4
spin_slow,spin,2.0,0.15,16.6168,91,1046170845,211,135031,35784,156999,4
spin_slow,spin,2.0,0.15,16.6348,92,1046189613,211,28305,35861,156980,4
spin_slow,spin,2.0,0.15,16.6549,93,1046208390,204,79946,35946,157013,4
spin_slow,spin,2.0,0.15,16.6761,94,1046230893,212,136875,36057,156997,4
spin_slow,spin,2.0,0.15,16.6962,95,1046249663,213,30648,36136,157020,4
spin_slow,spin,2.0,0.15,16.7184,96,1046272200,214,92903,36290,157028,4
spin_slow,spin,2.0,0.15,16.7375,97,1046290970,217,143021,36413,157056,4
spin_slow,spin,2.0,0.15,16.7565,98,1046309737,215,35253,36483,157055,4
spin_slow,spin,2.0,0.15,16.7756,99,1046330985,215,35442,36559,157018,4
spin_slow,spin,2.0,0.15,16.7959,100,1046349784,216,90774,36590,157029,4
spin_slow,spin,2.0,0.15,16.8288,101,1046372271,216,144865,36709,156998,4
spin_slow,spin,2.0,0.15,16.8468,102,1046391697,215,150081,36777,156991,4
spin_slow,spin,2.0,0.15,16.8564,103,1046410610,215,67932,36834,157067,4
spin_slow,spin,2.0,0.15,16.8786,104,1046432371,218,155466,36940,157024,4
spin_slow,spin,2.0,0.15,16.8965,105,1046451145,211,49338,36982,157029,4
spin_slow,spin,2.0,0.15,16.9167,106,1046469900,217,97539,37023,157042,4
spin_slow,spin,2.0,0.15,16.9378,107,1046492426,224,1654,37051,157002,4
spin_slow,spin,2.0,0.15,16.9558,108,1046511182,218,50098,37167,157005,4
spin_slow,spin,2.0,0.15,16.9792,109,1046533726,219,114216,37245,157025,4
spin_slow,spin,2.0,0.15,16.9984,110,1046552469,220,3624,37349,156982,4
spin_slow,spin,2.0,0.15,17.0165,111,1046571259,221,58744,37394,156985,4
spin_slow,spin,2.0,0.15,17.0387,112,1046591235,220,864,37504,157006,4
spin_slow,spin,2.0,0.15,17.0387,113,1046592161,227,1253,37471,157015,0
spin_slow,spin,2.0,0.15,17.0588,114,1046613752,221,61252,37575,156981,4
spin_slow,spin,2.0,0.15,17.0778,115,1046632552,226,117010,37664,157022,4
spin_slow,spin,2.0,0.15,17.0957,116,1046651312,222,9754,37765,156961,4
spin_slow,spin,2.0,0.15,17.12,117,1046673824,222,68768,37832,156973,4
spin_slow,spin,2.0,0.15,17.1391,118,1046692593,223,119825,37877,156963,4
spin_slow,spin,2.0,0.15,17.1603,119,1046715107,223,22683,37962,156995,4
spin_slow,spin,2.0,0.15,17.1793,120,1046733869,224,72417,37995,156993,4
spin_slow,spin,2.0,0.15,17.1994,121,1046752638,224,123119,38082,157005,4
spin_slow,spin,2.0,0.15,17.2204,122,1046775182,224,30345,38156,156984,4
spin_slow,spin,2.0,0.15,17.2394,123,1046793924,219,76419,38234,157014,4
spin_slow,spin,2.0,0.15,17.2615,124,1046816447,225,137047,38300,156996,4
spin_slow,spin,2.0,0.15,17.2805,125,1046835232,226,33281,38382,157029,4
spin_slow,spin,2.0,0.15,17.2995,126,1046853977,226,79840,38424,157029,4
spin_slow,spin,2.0,0.15,17.3206,127,1046876529,226,145863,38537,157021,4
spin_slow,spin,2.0,0.15,17.3395,0,1046895282,226,36699,38601,156993,4
spin_slow,spin,2.0,0.15,17.3595,1,1046914002,229,79249,38677,156963,4
spin_slow,spin,2.0,0.15,17.3806,2,1046936566,234,147330,38718,156981,4
spin_slow,spin,2.0,0.15,17.3997,3,1046955334,228,40788,38843,156995,4
spin_slow,spin,2.0,0.15,17.4239,4,1046977847,230,100350,38904,156968,4
spin_slow,spin,2.0,0.15,17.4439,5,1046997837,229,44775,38993,157050,4
spin_slow,spin,2.0,0.15,17.4607,6,1047016625,229,98956,39059,156948,4
spin_slow,spin,2.0,0.15,17.4839,7,1047039148,231,3805,39101,156965,4
spin_slow,spin,2.0,0.15,17.5051,8,1047057918,230,54759,39221,157003,4
spin_slow,spin,2.0,0.15,17.5262,9,1047077915,231,156824,39216,156962,4
spin_slow,spin,2.0,0.15,17.5399,10,1047092479,231,121885,39280,156955,4
spin_slow,spin,2.0,0.15,17.5494,11,1047102776,231,145786,39329,156955,4
spin_slow,spin,2.0,0.15,17.5641,12,1047117949,232,56561,39369,157003,4
spin_slow,spin,2.0,0.15,17.5852,13,1047140468,237,117224,39442,156982,4
spin_slow,spin,2.0,0.15,17.6211,14,1047166707,232,25121,39518,156963,4
spin_slow,spin,2.0,0.15,17.6295,15,1047183607,233,72122,39598,156988,4
spin_slow,spin,2.0,0.15,17.6495,16,1047203011,233,74510,39634,156961,4
spin_slow,spin,2.0,0.15,17.6664,17,1047221807,234,130187,39711,156990,4
spin_slow,spin,2.0,0.15,17.6864,18,1047241794,234,74510,39782,156965,4
spin_slow,spin,2.0,0.15,17.7095,19,1047264315,231,135306,39821,156979,4
spin_slow,spin,2.0,0.15,17.7295,20,1047283085,235,29448,39952,157035,4
spin_slow,spin,2.0,0.15,17.7464,21,1047301859,235,80943,39981,157019,4
spin_slow,spin,2.0,0.15,17.7685,22,1047324377,236,140987,40020,156999,4
spin_slow,spin,2.0,0.15,17.7885,23,1047343148,243,34916,40137,157021,4
spin_slow,spin,2.0,0.15,17.8055,24,1047361924,236,86684,40168,156998,4
spin_slow,spin,2.0,0.15,17.8287,25,1047384412,237,141898,40247,156978,4
spin_slow,spin,2.0,0.15,17.8487,26,1047403184,236,36152,40281,156974,4
spin_slow,spin,2.0,0.15,17.8698,27,1047425710,238,97434,40400,156995,4
spin_slow,spin,2.0,0.15,17.8888,28,1047444474,238,147565,40476,156980,4
spin_slow,spin,2.0,0.15,17.9087,29,1047464450,239,89441,40542,156966,4
spin_slow,spin,2.0,0.15,17.9309,30,1047487029,239,3053,40673,157007,4
spin_slow,spin,2.0,0.15,17.9498,31,1047505797,239,53806,40710,157023,4
spin_slow,spin,2.0,0.15,17.974,32,1047528310,240,112665,40859,157013,4
spin_slow,spin,2.0,0.15,17.992,33,1047547080,246,6309,40895,157006,4
spin_slow,spin,2.0,0.15,18.0099,34,1047565850,240,56995,40973,157025,4
spin_slow,spin,2.0,0.15,18.0342,35,1047588346,241,113242,41042,156958,4
spin_slow,spin,2.0,0.15,18.0395,36,1047596848,241,145762,41047,156994,4
spin_slow,spin,2.0,0.15,18.05,37,1047606639,242,83498,41125,156993,4
spin_slow,spin,2.0,0.15,18.0711,38,1047627141,243,115181,41204,156991,4
spin_slow,spin,2.0,0.15,18.0911,39,1047645888,249,5508,41274,156968,4
spin_slow,spin,2.0,0.15,18.1302,40,1047668421,243,68267,41386,156965,4
spin_slow,spin,2.0,0.15,18.146,41,1047688958,244,105447,41431,157003,4
spin_slow,spin,2.0,0.15,18.1545,42,1047710335,245,127883,41539,156985,4
spin_slow,spin,2.0,0.15,18.1714,43,1047727196,245,11239,41580,156995,4
spin_slow,spin,2.0,0.15,18.1903,44,1047745998,245,67536,41665,157006,4
spin_slow,spin,2.0,0.15,18.2135,45,1047768519,246,128047,41730,157032,4
spin_slow,spin,2.0,0.15,18.2315,46,1047787285,250,20646,41815,157011,4
spin_slow,spin,2.0,0.15,18.2504,47,1047806029,246,67187,41849,156994,4
spin_slow,spin,2.0,0.15,18.2736,48,1047828581,247,132448,41928,157017,4
spin_slow,spin,2.0,0.15,18.2946,49,1047851089,246,33730,41995,156993,4
spin_slow,spin,2.0,0.15,18.3136,50,1047869842,247,82017,42078,156968,4
spin_slow,spin,2.0,0.15,18.3357,51,1047892371,248,143971,42193,156999,4
spin_slow,spin,2.0,0.15,18.3558,52,1047911145,248,38344,42267,156989,4
spin_slow,spin,2.0,0.15,18.379,53,1047933668,247,99125,42388,157000,4
spin_slow,spin,2.0,0.15,18.3959,54,1047952446,256,150995,42455,156997,4
spin_slow,spin,2.0,0.15,18.4149,55,1047971221,250,45227,42512,157041,4
spin_slow,spin,2.0,0.15,18.4391,56,1047993713,251,101046,42607,156989,4
spin_slow,spin,2.0,0.15,18.4559,57,1048012489,251,152805,42686,157005,4
spin_slow,spin,2.0,0.15,18.4791,58,1048034968,252,48978,42802,156980,4
spin_slow,spin,2.0,0.15,18.4983,59,1048053770,253,105025,42877,157017,4
spin_slow,spin,2.0,0.15,18.5204,60,1048076301,253,9957,42955,157007,4
spin_slow,spin,2.0,0.15,18.5436,61,1048096266,254,106993,43035,157021,4
spin_slow,spin,2.0,0.15,18.5436,62,1048097233,253,114372,43067,157007,0
spin_slow,spin,2.0,0.15,18.5594,63,1048115065,254,5720,43145,157008,4
spin_slow,spin,2.0,0.15,18.5794,64,1048136359,255,13779,43235,157022,4
spin_slow,spin,2.0,0.15,18.6004,65,1048157615,254,15581,43355,157069,4
spin_slow,spin,2.0,0.15,18.6215,66,1048178900,255,22090,43417,157006,4
spin_slow,spin,2.0,0.15,18.6436,67,1048200170,256,26733,43531,156999,4
spin_slow,spin,2.0,0.15,18.6636,68,1048218942,259,77940,43596,156998,4
spin_slow,spin,2.0,0.15,18.6849,69,1048241456,257,137526,43690,157031,4
spin_slow,spin,2.0,0.15,18.7039,70,1048260216,258,29195,43762,157014,4
spin_slow,spin,2.0,0.15,18.7239,71,1048280213,258,131615,43835,157026,4
spin_slow,spin,2.0,0.15,18.746,72,1048302782,258,43039,43923,157046,4
spin_slow,spin,2.0,0.15,18.766,73,1048321535,259,90565,43995,157017,4
spin_slow,spin,2.0,0.15,18.785,74,1048341561,259,40434,44104,157033,4
spin_slow,spin,2.0,0.15,18.8092,75,1048364079,262,100211,44228,157030,4
spin_slow,spin,2.0,0.15,18.8261,76,1048382846,261,150102,44219,156986,4
spin_slow,spin,2.0,0.15,18.8492,77,1048405348,261,49953,44330,157027,4
spin_slow,spin,2.0,0.15,18.8692,78,1048424126,261,101389,44416,157051,4
spin_slow,spin,2.0,0.15,18.902,79,1048446656,262,6291,44450,157022,4
spin_slow,spin,2.0,0.15,18.9178,80,1048467477,260,92046,44508,156961,4
spin_slow,spin,2.0,0.15,18.9294,81,1048484940,263,77832,44600,157027,4
spin_slow,spin,2.0,0.15,18.9505,82,1048506728,263,13300,44635,157004,4
spin_slow,spin,2.0,0.15,18.9694,83,1048525480,264,60837,44745,157000,4
spin_slow,spin,2.0,0.15,18.9894,84,1048545443,261,1143,44778,156970,4
spin_slow,spin,2.0,0.15,19.0105,85,1048568029,264,72997,44866,157005,4
spin_slow,spin,2.0,0.15,19.0305,86,1048586783,264,121047,44943,157024,4
spin_slow,spin,2.0,0.15,19.0379,87,1048595279,265,152252,44982,157015,4
spin_slow,spin,2.0,0.15,19.0505,88,1048605743,259,47352,45002,156969,4
spin_slow,spin,2.0,0.15,19.0736,89,1048629302,265,127386,45087,156998,4
spin_slow,spin,2.0,0.15,19.0905,90,1048648079,266,22736,45164,156996,4
spin_slow,spin,2.0,0.15,19.1095,91,1048666846,266,73203,45202,156999,4
spin_slow,spin,2.0,0.15,19.1338,92,1048689347,266,130686,45271,156956,4
spin_slow,spin,2.0,0.15,19.155,93,1048709381,268,82503,45399,157034,4
spin_slow,spin,2.0,0.15,19.1709,94,1048728167,268,135851,45476,157002,4
spin_slow,spin,2.0,0.15,19.1952,95,1048750650,268,32523,45548,157005,4
spin_slow,spin,2.0,0.15,19.212,96,1048769428,269,84680,45640,157002,4
spin_slow,spin,2.0,0.15,19.231,97,1048788213,276,137151,45719,157043,4
spin_slow,spin,2.0,0.15,19.2542,98,1048810728,270,38925,45787,157015,4
spin_slow,spin,2.0,0.15,19.2743,99,1048830721,270,140107,45871,157036,4
spin_slow,spin,2.0,0.15,19.2944,100,1048849515,271,37468,45931,157003,4
spin_slow,spin,2.0,0.15,19.3113,101,1048868308,271,92174,46014,156994,4
spin_slow,spin,2.0,0.15,19.3344,102,1048890819,271,150251,46057,157044,4
spin_slow,spin,2.0,0.15,19.3544,103,1048909581,271,42261,46126,157035,4
spin_slow,spin,2.0,0.15,19.3755,104,1048932125,271,106656,46165,157001,4
spin_slow,spin,2.0,0.15,19.3944,105,1048950854,269,150240,46271,156997,4
spin_slow,spin,2.0,0.15,19.4313,106,1048973393,273,56455,46314,157010,4
spin_slow,spin,2.0,0.15,19.4492,107,1048996530,275,64887,46387,156979,4
spin_slow,spin,2.0,0.15,19.4555,108,1049014272,273,98453,46462,156978,4
spin_slow,spin,2.0,0.15,19.4787,109,1049032191,274,5049,46496,156979,4
spin_slow,spin,2.0,0.15,19.4988,110,1049054692,274,61815,46575,157027,4
spin_slow,spin,2.0,0.15,19.5188,111,1049073472,274,114174,46656,157029,4
spin_slow,spin,2.0,0.15,19.5409,112,1049097160,275,59273,46731,157023,4
spin_slow,spin,2.0,0.15,19.5441,113,1049098111,282,64027,46729,157006,0
spin_slow,spin,2.0,0.15,19.5588,114,1049114754,275,67434,46758,156973,4
spin_slow,spin,2.0,0.15,19.5799,115,1049137285,275,129708,46830,156988,4
spin_slow,spin,2.0,0.15,19.6041,116,1049159790,275,31421,46916,156977,4
spin_slow,spin,2.0,0.15,19.6209,117,1049178574,277,84902,46992,156999,4
spin_slow,spin,2.0,0.15,19.6399,118,1049197352,275,136635,47083,157025,4
spin_slow,spin,2.0,0.15,19.6641,119,1049219852,275,36227,47120,157018,4
spin_slow,spin,2.0,0.15,19.6851,120,1049242389,278,99602,47224,156985,4
spin_slow,spin,2.0,0.15,19.7041,121,1049261130,278,145697,47256,156988,4
spin_slow,spin,2.0,0.15,19.722,122,1049279911,283,41980,47327,156971,4
spin_slow,spin,2.0,0.15,19.7454,123,1049302422,279,101404,47371,156972,4
spin_slow,spin,2.0,0.15,19.7675,124,1049321176,279,149926,47448,156983,4
spin_slow,spin,2.0,0.15,19.7864,125,1049343692,280,52952,47529,156982,4
spin_slow,spin,2.0,0.15,19.8054,126,1049362481,273,107186,47603,156972,4
spin_slow,spin,2.0,0.15,19.8276,127,1049384997,280,9696,47689,157021,4
spin_slow,spin,2.0,0.15,19.8455,0,1049403758,281,58672,47805,157031,4
spin_slow,spin,2.0,0.15,19.8645,1,1049422554,287,113603,47875,157012,4
spin_slow,spin,2.0,0.15,19.8909,2,1049445040,288,11670,47945,157001,4
spin_slow,spin,2.0,0.15,19.9088,3,1049465084,282,121994,48027,157000,4
spin_slow,spin,2.0,0.15,19.9259,4,1049483843,290,14231,48132,156983,4
spin_slow,spin,2.0,0.15,19.9491,5,1049506353,286,72791,48207,157003,4
spin_slow,spin,2.0,0.15,19.9692,6,1049525123,284,123994,48249,156955,4
spin_slow,spin,2.0,0.15,19.9862,7,1049543907,285,20450,48331,157006,4
spin_slow,spin,2.0,0.15,20.0093,8,1049566413,279,78715,48406,156987,4
spin_slow,spin,2.0,0.15,20.0304,9,1049585186,285,130573,48436,156975,4
spin_slow,spin,2.0,0.15,20.0399,10,1049597192,285,130730,48470,156957,4
spin_slow,spin,2.0,0.15,20.0484,11,1049606264,285,103272,48503,156958,4
spin_slow,spin,2.0,0.15,20.0674,12,1049623976,285,132230,48579,156939,4
spin_slow,spin,2.0,0.15,20.0895,13,1049646470,286,32017,48635,156992,4
spin_slow,spin,2.0,0.15,20.1107,14,1049666444,286,130935,48743,157005,4
spin_slow,spin,2.0,0.15,20.1297,15,1049686497,287,86137,48786,156998,4
spin_slow,spin,2.0,0.15,20.1489,16,1049705270,288,138187,48853,156945,4
spin_slow,spin,2.0,0.15,20.1659,17,1049724035,288,31059,48990,157044,4
spin_slow,spin,2.0,0.15,20.1977,18,1049746567,287,93457,49054,156983,4
spin_slow,spin,2.0,0.15,20.2136,19,1049765344,289,145543,49123,156956,4
spin_slow,spin,2.0,0.15,20.2284,20,1049785349,290,92831,49241,156974,4
spin_slow,spin,2.0,0.15,20.2497,21,1049807859,290,151306,49315,156972,4
spin_slow,spin,2.0,0.15,20.2687,22,1049826628,297,45145,49404,157018,4
spin_slow,spin,2.0,0.15,20.2889,23,1049845391,291,94668,49472,156999,4
spin_slow,spin,2.0,0.15,20.3101,24,1049867901,291,153553,49544,156985,4
spin_slow,spin,2.0,0.15,20.3302,25,1049886671,292,47737,49622,157008,4
spin_slow,spin,2.0,0.15,20.3504,26,1049907947,299,53732,49700,156986,4
spin_slow,spin,2.0,0.15,20.3694,27,1049926659,295,95233,49739,156951,4
spin_slow,spin,2.0,0.15,20.3916,28,1049949233,293,8122,49819,157002,4
spin_slow,spin,2.0,0.15,20.4096,29,1049967988,292,56961,49877,156943,4
spin_slow,spin,2.0,0.15,20.4285,30,1049986762,294,109583,49965,156936,4
spin_slow,spin,2.0,0.15,20.4506,31,1050009258,296,9841,50075,156948,4
spin_slow,spin,2.0,0.15,20.4696,32,1050028044,295,64204,50188,156960,4
spin_slow,spin,2.0,0.15,20.4938,33,1050050532,296,119662,50335,156964,4
spin_slow,spin,2.0,0.15,20.5107,34,1050069303,302,14703,50409,156946,4
spin_slow,spin,2.0,0.15,20.535,35,1050091794,297,70740,50500,156954,4
spin_slow,spin,2.0,0.15,20.5434,36,1050100306,297,104886,50519,156964,4
spin_slow,spin,2.0,0.15,20.5519,37,1050110118,298,46262,50606,156960,4
spin_slow,spin,2.0,0.15,20.574,38,1050130603,298,75151,50686,156960,4
spin_slow,spin,2.0,0.15,20.5908,39,1050149356,299,123627,50766,156954,4
spin_slow,spin,2.0,0.15,20.614,40,1050171875,299,27783,50836,156970,4
spin_slow,spin,2.0,0.15,20.634,41,1050190650,301,80114,50910,156964,4
spin_slow,spin,2.0,0.15,20.654,42,1050211856,300,74609,50940,156934,4
spin_slow,spin,2.0,0.15,20.674,43,1050230656,300,131001,51022,156964,4
spin_slow,spin,2.0,0.15,20.6961,44,1050254449,301,94644,51109,156976,4
spin_slow,spin,2.0,0.15,20.7257,45,1050273232,300,148042,51201,157001,4
spin_slow,spin,2.0,0.15,20.7437,46,1050295253,302,123839,51231,156997,4
spin_slow,spin,2.0,0.15,20.7563,47,1050313443,300,75743,51306,157005,4
spin_slow,spin,2.0,0.15,20.7753,48,1050333250,302,145571,51383,157025,4
spin_slow,spin,2.0,0.15,20.7985,49,1050355758,303,46645,51459,157021,4
spin_slow,spin,2.0,0.15,20.8155,50,1050374554,309,102025,51528,156994,4
spin_slow,spin,2.0,0.15,20.8345,51,1050393325,298,153196,51568,157026,4
spin_slow,spin,2.0,0.15,20.8566,52,1050415831,303,54037,51674,156991,4
spin_slow,spin,2.0,0.15,20.8756,53,1050434596,305,103921,51766,157024,4
spin_slow,spin,2.0,0.15,20.8988,54,1050457099,305,4362,51836,156993,4
spin_slow,spin,2.0,0.15,20.9189,55,1050475879,305,56519,51925,157015,4
spin_slow,spin,2.0,0.15,20.9357,56,1050494616,306,101500,51983,156970,4
spin_slow,spin,2.0,0.15,20.9589,57,1050517149,306,7181,52059,156981,4
spin_slow,spin,2.0,0.15,20.98,58,1050535929,307,59782,52141,157003,4
spin_slow,spin,2.0,0.15,20.9957,59,1050554701,307,110948,52207,156987,4
spin_slow,spin,2.0,0.15,21.0189,60,1050577220,307,14540,52254,157010,4
spin_slow,spin,2.0,0.15,21.039,61,1050595972,308,62733,52366,156985,4
spin_slow,spin,2.0,0.15,21.0421,62,1050598518,308,24635,52355,156964,4
spin_slow,spin,2.0,0.15,21.0593,63,1050617255,309,70123,52442,156977,4
spin_slow,spin,2.0,0.15,21.0807,64,1050639794,309,134186,52530,157022,4
spin_slow,spin,2.0,0.15,21.1,65,1050658562,310,27756,52589,156963,4
spin_slow,spin,2.0,0.15,21.1234,66,1050681055,310,83037,52679,157024,4
spin_slow,spin,2.0,0.15,21.1425,67,1050699821,310,133164,52753,157001,4
spin_slow,spin,2.0,0.15,21.1595,68,1050718586,311,26151,52830,157002,4
spin_slow,spin,2.0,0.15,21.1849,69,1050741106,311,86797,52911,156996,4
spin_slow,spin,2.0,0.15,21.2029,70,1050761121,311,35720,52969,156960,4
spin_slow,spin,2.0,0.15,21.2241,71,1050781102,310,135626,53051,156987,4
spin_slow,spin,2.0,0.15,21.2411,72,1050799894,312,33799,53089,156962,4
spin_slow,spin,2.0,0.15,21.2601,73,1050818673,313,86982,53154,156970,4
spin_slow,spin,2.0,0.15,21.2843,74,1050841183,316,146713,53242,156978,4
spin_slow,spin,2.0,0.15,21.3022,75,1050859957,314,41802,53319,156981,4
spin_slow,spin,2.0,0.15,21.3243,76,1050882470,314,101237,53384,156974,4
spin_slow,spin,2.0,0.15,21.3443,77,1050901208,314,147020,53432,156985,4
spin_slow,spin,2.0,0.15,21.3653,78,1050923754,315,55171,53527,157025,4
spin_slow,spin,2.0,0.15,21.3843,79,1050942521,317,104953,53557,157013,4
spin_slow,spin,2.0,0.15,21.4064,80,1050965025,316,5401,53642,157030,4
spin_slow,spin,2.0,0.15,21.4254,81,1050983818,316,59504,53749,157022,4
spin_slow,spin,2.0,0.15,21.4444,82,1051002558,313,104581,53789,157041,4
spin_slow,spin,2.0,0.15,21.4665,83,1051025094,317,10066,53876,157055,4
spin_slow,spin,2.0,0.15,21.4939,84,1051043874,315,61883,53951,157046,4
spin_slow,spin,2.0,0.15,21.5202,85,1051077644,317,149582,54018,157025,4
spin_slow,spin,2.0,0.15,21.5265,86,1051086076,318,12793,54056,157014,4
spin_slow,spin,2.0,0.15,21.5413,87,1051098917,319,154327,54141,157045,4
spin_slow,spin,2.0,0.15,21.5486,88,1051107326,319,13545,54131,157027,4
spin_slow,spin,2.0,0.15,21.5688,89,1051126434,320,121393,54214,157042,4
spin_slow,spin,2.0,0.15,21.5856,90,1051145238,325,20191,54295,157058,4
spin_slow,spin,2.0,0.15,21.609,91,1051167744,319,78217,54326,157005,4
spin_slow,spin,2.0,0.15,21.629,92,1051186508,321,127590,54402,157022,4
spin_slow,spin,2.0,0.15,21.6501,93,1051209027,321,30067,54513,157013,4
spin_slow,spin,2.0,0.15,21.6691,94,1051227807,320,81989,54542,156999,4
spin_slow,spin,2.0,0.15,21.6912,95,1051250334,321,142703,54631,157026,4
spin_slow,spin,2.0,0.15,21.7101,96,1051269114,322,37342,54707,157035,4
spin_slow,spin,2.0,0.15,21.7356,97,1051291608,322,93369,54769,156993,4
spin_slow,spin,2.0,0.15,21.7514,98,1051310367,322,142484,54840,156986,4
spin_slow,spin,2.0,0.15,21.7704,99,1051329154,324,38691,54932,157031,4
spin_slow,spin,2.0,0.15,21.7904,100,1051349131,324,137204,55061,157065,4
spin_slow,spin,2.0,0.15,21.8147,101,1051371696,324,47413,55100,157049,4
spin_slow,spin,2.0,0.15,21.8316,102,1051390470,325,98541,55192,157003,4
spin_slow,spin,2.0,0.15,21.8506,103,1051409237,332,149541,55224,156974,4
spin_slow,spin,2.0,0.15,21.8738,104,1051431747,330,51213,55334,156993,4
spin_slow,spin,2.0,0.15,21.8908,105,1051450493,326,98159,55376,156987,4
spin_slow,spin,2.0,0.15,21.9151,106,1051473007,327,156918,55498,156978,4
spin_slow,spin,2.0,0.15,21.9331,107,1051491778,327,51520,55574,157013,4
spin_slow,spin,2.0,0.15,21.9553,108,1051514288,328,110026,55650,157005,4
spin_slow,spin,2.0,0.15,21.9754,109,1051533061,328,4256,55727,157012,4
spin_slow,spin,2.0,0.15,21.9944,110,1051551832,328,55518,55793,156986,4
spin_slow,spin,2.0,0.15,22.0292,111,1051574343,329,114724,55886,157012,4
spin_slow,spin,2.0,0.15,22.0461,112,1051592105,330,151235,55950,156974,4
spin_slow,spin,2.0,0.15,22.0587,113,1051616130,330,153131,56078,157023,4
spin_slow,spin,2.0,0.15,22.0608,114,1051617074,330,156470,56069,157030,0
spin_slow,spin,2.0,0.15,22.0747,115,1051633959,330,43532,56102,156989,4
spin_slow,spin,2.0,0.15,22.0947,116,1051654431,332,69478,56201,157032,4
spin_slow,spin,2.0,0.15,22.1147,117,1051673181,331,116452,56271,157000,4
spin_slow,spin,2.0,0.15,22.1369,118,1051695706,334,20652,56333,157010,4
spin_slow,spin,2.0,0.15,22.1549,119,1051714476,332,71571,56404,156983,4
spin_slow,spin,2.0,0.15,22.1803,120,1051736988,333,131085,56477,156973,4
spin_slow,spin,2.0,0.15,22.1962,121,1051755749,332,23856,56609,157026,4
spin_slow,spin,2.0,0.15,22.2163,122,1051774526,340,75436,56682,157012,4
spin_slow,spin,2.0,0.15,22.2394,123,1051797018,333,130961,56732,156971,4
spin_slow,spin,2.0,0.15,22.2594,124,1051817051,334,82588,56862,157031,4
spin_slow,spin,2.0,0.15,22.2774,125,1051835827,337,134396,56988,157034,4
spin_slow,spin,2.0,0.15,22.2963,126,1051854586,336,26681,57052,156993,4
spin_slow,spin,2.0,0.15,22.3184,127,1051877095,335,85379,57131,156968,4
spin_slow,spin,2.0,0.15,22.3374,0,1051895876,337,137991,57253,157002,4
spin_slow,spin,2.0,0.15,22.3595,1,1051918400,338,41915,57329,157011,4
spin_slow,spin,2.0,0.15,22.3785,2,1051938389,338,143219,57486,156996,4
spin_slow,spin,2.0,0.15,22.3985,3,1051957156,345,36786,57507,156978,4
spin_slow,spin,2.0,0.15,22.4174,4,1051975958,344,93560,57613,156965,4
spin_slow,spin,2.0,0.15,22.4385,5,1051998431,338,146403,57708,157023,4
spin_slow,spin,2.0,0.15,22.4586,6,1052017203,340,40848,57753,157015,4
spin_slow,spin,2.0,0.15,22.4798,7,1052039736,341,103462,57864,156981,4
spin_slow,spin,2.0,0.15,22.4987,8,1052058505,341,154009,57896,157008,4
spin_slow,spin,2.0,0.15,22.5188,9,1052077252,340,43578,57974,157002,4
spin_slow,spin,2.0,0.15,22.5441,10,1052101005,342,156274,58044,157006,4
spin_slow,spin,2.0,0.15,22.5441,11,1052101945,343,2060,58092,157008,4
spin_slow,spin,2.0,0.15,22.5589,12,1052117324,340,103939,58098,157032,4
spin_slow,spin,2.0,0.15,22.5799,13,1052139838,342,6208,58203,157006,4
spin_slow,spin,2.0,0.15,22.599,14,1052158585,343,52782,58288,157016,4
spin_slow,spin,2.0,0.15,22.619,15,1052177355,346,103601,58364,157022,4
spin_slow,spin,2.0,0.15,22.6401,16,1052199895,343,9668,58433,157012,4
spin_slow,spin,2.0,0.15,22.6592,17,1052218669,346,61050,58495,157000,4
spin_slow,spin,2.0,0.15,22.6793,18,1052238661,345,5120,58595,157026,4
spin_slow,spin,2.0,0.15,22.7007,19,1052261185,345,65537,58657,156991,4
spin_slow,spin,2.0,0.15,22.7198,20,1052279966,346,117825,58751,157028,4
spin_slow,spin,2.0,0.15,22.7389,21,1052298739,347,11640,58821,157008,4
spin_slow,spin,2.0,0.15,22.7611,22,1052321264,347,72592,58889,157019,4
spin_slow,spin,2.0,0.15,22.7895,23,1052340044,345,124836,58930,157016,4
spin_slow,spin,2.0,0.15,22.8054,24,1052360069,347,74769,59046,157044,4
spin_slow,spin,2.0,0.15,22.8213,25,1052380080,347,22553,59076,156991,4
spin_slow,spin,2.0,0.15,22.8434,26,1052402565,348,77496,59143,156995,4
spin_slow,spin,2.0,0.15,22.8645,27,1052421343,348,129535,59199,157006,4
spin_slow,spin,2.0,0.15,22.8814,28,1052441380,349,81410,59297,157013,4
spin_slow,spin,2.0,0.15,22.9004,29,1052460128,350,127990,59363,157049,4
spin_slow,spin,2.0,0.15,22.9225,30,1052482677,350,35759,59468,157026,4
spin_slow,spin,2.0,0.15,22.9405,31,1052501422,350,82046,59496,157009,4
spin_slow,spin,2.0,0.15,22.9649,32,1052523927,350,139236,59653,157019,4
spin_slow,spin,2.0,0.15,22.9828,33,1052542716,352,36201,59745,157028,4
spin_slow,spin,2.0,0.15,23.0007,34,1052561494,351,88097,59824,157042,4
spin_slow,spin,2.0,0.15,23.0239,35,1052584005,353,145931,59890,157012,4
spin_slow,spin,2.0,0.15,23.045,36,1052603993,353,89251,59964,157037,4
spin_slow,spin,2.0,0.15,23.0472,37,1052604929,344,91436,59963,157027,0
spin_slow,spin,2.0,0.15,23.0651,38,1052625321,353,103209,60036,157009,4
spin_slow,spin,2.0,0.15,23.0841,39,1052644071,356,150445,60106,157003,4
spin_slow,spin,2.0,0.15,23.1051,40,1052662841,354,44294,60197,157025,4
spin_slow,spin,2.0,0.15,23.1252,41,1052685390,348,109233,60220,156977,4
spin_slow,spin,2.0,0.15,23.1442,42,1052704113,355,152336,60338,156977,4
spin_slow,spin,2.0,0.15,23.1655,43,1052726647,354,58252,60373,157001,4
spin_slow,spin,2.0,0.15,23.1857,44,1052745400,348,106257,60425,157005,4
spin_slow,spin,2.0,0.15,23.2036,45,1052764185,356,2577,60503,157007,4
spin_slow,spin,2.0,0.15,23.23,46,1052786719,355,65027,60574,157024,4
spin_slow,spin,2.0,0.15,23.2448,47,1052805442,357,107811,60626,157052,4
spin_slow,spin,2.0,0.15,23.269,48,1052827997,358,16323,60685,157010,4
spin_slow,spin,2.0,0.15,23.289,49,1052846759,364,65107,60762,157008,4
spin_slow,spin,2.0,0.15,23.3059,50,1052866784,359,14713,60829,156997,4
spin_slow,spin,2.0,0.15,23.3416,51,1052892865,359,52049,60907,156995,4
spin_slow,spin,2.0,0.15,23.3501,52,1052909951,359,130182,60995,157020,4
spin_slow,spin,2.0,0.15,23.3722,53,1052929332,359,127825,61052,156995,4
spin_slow,spin,2.0,0.15,23.3902,54,1052950630,359,136852,61110,157040,4
spin_slow,spin,2.0,0.15,23.4092,55,1052969360,361,23247,61195,157043,4
spin_slow,spin,2.0,0.15,23.4325,56,1052991912,361,87917,61225,157017,4
spin_slow,spin,2.0,0.15,23.4504,57,1053010671,361,136795,61293,157006,4
spin_slow,spin,2.0,0.15,23.4736,58,1053033183,363,38071,61350,157040,4
spin_slow,spin,2.0,0.15,23.4947,59,1053053219,361,146598,61421,157046,4
spin_slow,spin,2.0,0.15,23.5105,60,1053071975,361,37927,61489,157028,4
spin_slow,spin,2.0,0.15,23.5316,61,1053091969,368,139192,61531,157014,4
spin_slow,spin,2.0,0.15,23.5443,62,1053103498,363,57895,61554,156984,4
spin_slow,spin,2.0,0.15,23.555,63,1053115312,367,25204,61601,157011,4
spin_slow,spin,2.0,0.15,23.5708,64,1053132050,363,44748,61625,156986,4
spin_slow,spin,2.0,0.15,23.595,65,1053155810,363,1890,61747,156987,4
spin_slow,spin,2.0,0.15,23.614,66,1053174592,365,55230,61812,156975,4
spin_slow,spin,2.0,0.15,23.6332,67,1053193336,364,101913,61913,157032,4
spin_slow,spin,2.0,0.15,23.6555,68,1053215851,365,4195,62016,156997,4
spin_slow,spin,2.0,0.15,23.6747,69,1053234631,366,56559,62129,157019,4
spin_slow,spin,2.0,0.15,23.6937,70,1053254647,367,4828,62213,157023,4
spin_slow,spin,2.0,0.15,23.7169,71,1053277160,363,63362,62317,157008,4
spin_slow,spin,2.0,0.15,23.7349,72,1053295934,367,115016,62383,156965,4
spin_slow,spin,2.0,0.15,23.7593,73,1053318435,368,15211,62479,157009,4
spin_slow,spin,2.0,0.15,23.7794,74,1053337220,368,68094,62555,157027,4
spin_slow,spin,2.0,0.15,23.7964,75,1053357246,368,17887,62587,157001,4
spin_slow,spin,2.0,0.15,23.8154,76,1053375958,368,59398,62666,157000,4
spin_slow,spin,2.0,0.15,23.8379,77,1053398525,376,127424,62791,157026,4
spin_slow,spin,2.0,0.15,23.8559,78,1053417287,370,19577,62804,156980,4
spin_slow,spin,2.0,0.15,23.8792,79,1053439812,374,80968,62883,156991,4
spin_slow,spin,2.0,0.15,23.9004,80,1053458558,370,127438,62975,157010,4
spin_slow,spin,2.0,0.15,23.9173,81,1053477350,370,24968,63009,157002,4
spin_slow,spin,2.0,0.15,23.9395,82,1053499850,371,81994,63117,157006,4
spin_slow,spin,2.0,0.15,23.9586,83,1053518612,371,131514,63208,157019,4
spin_slow,spin,2.0,0.15,23.9798,84,1053541144,373,36774,63353,156994,4
spin_slow,spin,2.0,0.15,23.9999,85,1053559925,373,89764,63378,156977,4
spin_slow,spin,2.0,0.15,24.0189,86,1053578662,367,135520,63462,157001,4
spin_slow,spin,2.0,0.15,24.0401,87,1053601208,378,43268,63618,157006,4
spin_slow,spin,2.0,0.15,24.0454,88,1053603712,379,155007,63621,157014,4
spin_slow,spin,2.0,0.15,24.0592,89,1053618704,375,34596,63656,157003,4
spin_slow,spin,2.0,0.15,24.0867,90,1053641015,379,59770,63718,156967,4
spin_slow,spin,2.0,0.15,24.1174,91,1053673722,376,125549,63870,157002,4
spin_slow,spin,2.0,0.15,24.1227,92,1053682102,377,137165,63927,157007,4
spin_slow,spin,2.0,0.15,24.1385,93,1053698773,376,145033,63952,156999,4
spin_slow,spin,2.0,0.15,24.1608,94,1053721295,377,47890,64058,157063,4
spin_slow,spin,2.0,0.15,24.1799,95,1053740063,383,98329,64113,156985,4
spin_slow,spin,2.0,0.15,24.2022,96,1053762599,378,4742,64181,156991,4
spin_slow,spin,2.0,0.15,24.2203,97,1053781337,380,50335,64299,156996,4
spin_slow,spin,2.0,0.15,24.2404,98,1053800106,378,101255,64325,156988,4
spin_slow,spin,2.0,0.15,24.2605,99,1053822621,379,3793,64480,156974,4
spin_slow,spin,2.0,0.15,24.2807,100,1053841381,380,53592,64550,156950,4
spin_slow,spin,2.0,0.15,24.2998,101,1053860151,381,105279,64664,156962,4
spin_slow,spin,2.0,0.15,24.322,102,1053882665,381,8614,64738,156952,4
spin_slow,spin,2.0,0.15,24.3401,103,1053901425,381,58194,64816,156960,4
spin_slow,spin,2.0,0.15,24.3644,104,1053923955,382,120457,64937,156976,4
spin_slow,spin,2.0,0.15,24.3814,105,1053940167,384,51008,65010,156972,4
spin_slow,spin,2.0,0.15,24.4014,106,1053961473,384,62536,65100,156995,4
spin_slow,spin,2.0,0.15,24.4249,107,1053983981,382,121150,65172,156994,4
spin_slow,spin,2.0,0.15,24.4441,108,1054004002,390,70104,65268,157016,4
spin_slow,spin,2.0,0.15,24.4611,109,1054022761,384,119225,65327,156994,4
spin_slow,spin,2.0,0.15,24.4801,110,1054041533,387,13764,65362,156988,4
spin_slow,spin,2.0,0.15,24.5044,111,1054064047,385,72755,65446,157007,4
spin_slow,spin,2.0,0.15,24.5214,112,1054082812,386,122548,65530,157043,4
spin_slow,spin,2.0,0.15,24.5406,113,1054101589,386,17015,65605,157019,4
spin_slow,spin,2.0,0.15,24.546,114,1054104097,386,129272,65601,157002,4
spin_slow,spin,2.0,0.15,24.5608,115,1054122870,386,23642,65683,157017,4
spin_slow,spin,2.0,0.15,24.584,116,1054145373,387,80891,65762,157014,4
spin_slow,spin,2.0,0.15,24.6041,117,1054164138,388,130752,65827,157014,4
spin_slow,spin,2.0,0.15,24.6389,118,1054190220,388,11821,65905,157004,4
spin_slow,spin,2.0,0.15,24.6463,119,1054207326,387,93855,65931,156976,4
spin_slow,spin,2.0,0.15,24.6653,120,1054226700,390,90494,66003,156951,4
spin_slow,spin,2.0,0.15,24.6842,121,1054245469,389,141536,66123,156991,4
spin_slow,spin,2.0,0.15,24.7063,122,1054267977,389,43707,66193,156972,4
spin_slow,spin,2.0,0.15,24.7253,123,1054286725,391,90860,66279,156992,4
spin_slow,spin,2.0,0.15,24.7442,124,1054305481,390,140046,66341,156950,4
spin_slow,spin,2.0,0.15,24.7674,125,1054328027,397,48133,66440,157017,4
spin_slow,spin,2.0,0.15,24.7854,126,1054346772,391,94967,66491,156954,4
spin_slow,spin,2.0,0.15,24.8064,127,1054365528,397,143732,66556,157008,4
spin_slow,spin,2.0,0.15,24.8243,0,1054385555,392,94389,66663,156994,4
spin_slow,spin,2.0,0.15,24.8465,1,1054408090,393,1111,66730,156966,4
spin_slow,spin,2.0,0.15,24.8655,2,1054426851,393,50789,66801,156960,4
spin_slow,spin,2.0,0.15,24.8887,3,1054449344,394,106293,66923,156986,4
spin_slow,spin,2.0,0.15,24.9056,4,1054468136,395,3830,66959,156975,4
spin_slow,spin,2.0,0.15,24.9245,5,1054486867,396,48050,67086,156999,4
spin_slow,spin,2.0,0.15,24.9488,6,1054510637,395,6860,67162,156997,4
spin_slow,spin,2.0,0.15,24.9689,7,1054529429,396,61884,67190,156989,4
spin_slow,spin,2.0,0.15,24.9857,8,1054548170,396,107961,67276,157003,4
spin_slow,spin,2.0,0.15,25.0089,9,1054570691,396,11303,67395,157014,4
spin_slow,spin,2.0,0.15,25.0289,10,1054589454,402,60832,67413,156989,4
spin_slow,spin,2.0,0.15,25.0491,11,1054609411,398,156571,67482,156981,4
spin_slow,spin,2.0,0.15,25.0512,12,1054610389,397,8823,67496,156988,4
spin_slow,spin,2.0,0.15,25.0692,13,1054630741,397,14634,67532,156994,4
spin_slow,spin,2.0,0.15,25.0944,14,1054649508,397,65244,67657,157000,4
spin_slow,spin,2.0,0.15,25.1092,15,1054668279,405,116363,67722,156997,4
spin_slow,spin,2.0,0.15,25.1261,16,1054688285,398,63184,67775,157033,4
spin_slow,spin,2.0,0.15,25.1462,17,1054708301,399,11704,67853,157017,4
spin_slow,spin,2.0,0.15,25.1705,18,1054730845,400,76278,67872,156969,4
spin_slow,spin,2.0,0.15,25.1896,19,1054752103,399,79128,67955,157002,4
spin_slow,spin,2.0,0.15,25.2087,20,1054770854,399,126632,68026,156971,4
spin_slow,spin,2.0,0.15,25.2298,21,1054792100,400,127730,68061,156983,4
spin_slow,spin,2.0,0.15,25.2491,22,1054810885,401,24520,68146,156974,4
spin_slow,spin,2.0,0.15,25.2716,23,1054830852,402,121904,68213,156965,4
spin_slow,spin,2.0,0.15,25.2896,24,1054852159,402,133731,68283,156970,4
spin_slow,spin,2.0,0.15,25.3097,25,1054870941,402,29500,68388,157032,4
spin_slow,spin,2.0,0.15,25.3277,26,1054889699,402,78355,68406,156975,4
spin_slow,spin,2.0,0.15,25.3499,27,1054912221,403,139149,68485,156982,4
spin_slow,spin,2.0,0.15,25.3806,28,1054930971,403,30016,68534,157009,4
spin_slow,spin,2.0,0.15,25.3986,29,1054951659,404,92644,68655,157013,4
spin_slow,spin,2.0,0.15,25.4092,30,1054970554,403,7333,68685,157004,4
spin_slow,spin,2.0,0.15,25.4293,31,1054991054,404,38274,68761,156996,4
spin_slow,spin,2.0,0.15,25.4527,32,1055013568,407,98171,68850,156958,4
spin_slow,spin,2.0,0.15,25.4708,33,1055032325,405,146886,68919,156985,4
spin_slow,spin,2.0,0.15,25.4888,34,1055051076,406,37325,68992,157005,4
spin_slow,spin,2.0,0.15,25.5121,35,1055071048,406,135666,69101,156993,4
spin_slow,spin,2.0,0.15,25.5301,36,1055092356,408,147464,69155,156966,4
spin_slow,spin,2.0,0.15,25.546,37,1055106110,407,131159,69242,156969,4
spin_slow,spin,2.0,0.15,25.5513,38,1055114597,408,4052,69296,157002,4
spin_slow,spin,2.0,0.15,25.5714,39,1055132387,407,45510,69332,156999,4
spin_slow,spin,2.0,0.15,25.5893,40,1055151141,409,93906,69435,156975,4
spin_slow,spin,2.0,0.15,25.6109,41,1055173679,409,885,69510,156977,4
spin_slow,spin,2.0,0.15,25.6299,42,1055192423,409,47296,69579,156963,4
spin_slow,spin,2.0,0.15,25.6531,43,1055214931,410,106342,69673,156980,4
spin_slow,spin,2.0,0.15,25.671,44,1055233733,411,5784,69736,156967,4
spin_slow,spin,2.0,0.15,25.69,45,1055252474,411,51458,69834,157014,4
spin_slow,spin,2.0,0.15,25.7142,46,1055275010,412,114840,69904,156992,4
spin_slow,spin,2.0,0.15,25.731,47,1055293759,412,4947,70024,156998,4
spin_slow,spin,2.0,0.15,25.7542,48,1055316300,413,68906,70093,156999,4
spin_slow,spin,2.0,0.15,25.7731,49,1055335037,413,114526,70153,156961,4
spin_slow,spin,2.0,0.15,25.7942,50,1055355024,413,58699,70219,156926,4
spin_slow,spin,2.0,0.15,25.8194,51,1055377574,413,124896,70343,156962,4
spin_slow,spin,2.0,0.15,25.8353,52,1055396338,415,18236,70428,156987,4
spin_slow,spin,2.0,0.15,25.8544,53,1055416348,415,123061,70489,156958,4
spin_slow,spin,2.0,0.15,25.8756,54,1055438870,416,27237,70592,156991,4
spin_slow,spin,2.0,0.15,25.8947,55,1055457619,424,74412,70689,157029,4
spin_slow,spin,2.0,0.15,25.9362,56,1055487497,417,129265,70772,156995,4
spin_slow,spin,2.0,0.15,25.9426,57,1055504597,417,53580,70804,156971,4
spin_slow,spin,2.0,0.15,25.9564,58,1055516668,417,64949,70907,157021,4
spin_slow,spin,2.0,0.15,25.9787,59,1055540200,417,140109,70906,156968,4
spin_slow,spin,2.0,0.15,25.9967,60,1055558999,418,38745,71020,157027,4
spin_slow,spin,2.0,0.15,26.0147,61,1055577746,418,85544,71067,157003,4
spin_slow,spin,2.0,0.15,26.0412,62,1055601500,419,41739,71203,157005,4
spin_slow,spin,2.0,0.15,26.0465,63,1055609927,418,61214,71241,157003,4
spin_slow,spin,2.0,0.15,26.0592,64,1055619839,419,19286,71274,156997,4
spin_slow,spin,2.0,0.15,26.0793,65,1055640284,420,40705,71368,157033,4
spin_slow,spin,2.0,0.15,26.0963,66,1055659070,420,94039,71487,157043,4
spin_slow,spin,2.0,0.15,26.1164,67,1055677842,422,144834,71590,157026,4
spin_slow,spin,2.0,0.15,26.1376,68,1055700358,422,46861,71691,157003,4
spin_slow,spin,2.0,0.15,26.1567,69,1055719140,422,99371,71796,157057,4
spin_slow,spin,2.0,0.15,26.1779,70,1055740399,423,102350,71882,156985,4
spin_slow,spin,2.0,0.15,26.197,71,1055759174,423,153862,71963,157003,4
spin_slow,spin,2.0,0.15,26.2204,72,1055781685,424,55352,72081,157023,4
spin_slow,spin,2.0,0.15,26.2384,73,1055800446,424,104582,72111,156990,4
spin_slow,spin,2.0,0.15,26.2565,74,1055819218,424,155862,72192,157003,4
spin_slow,spin,2.0,0.15,26.2786,75,1055841740,425,58982,72279,157019,4
spin_slow,spin,2.0,0.15,26.2986,76,1055860493,425,106428,72303,157000,4
spin_slow,spin,2.0,0.15,26.3198,77,1055883009,427,9102,72467,157004,4
spin_slow,spin,2.0,0.15,26.3387,78,1055901781,426,60225,72525,156980,4
spin_slow,spin,2.0,0.15,26.3588,79,1055921784,427,6565,72591,157039,4
spin_slow,spin,2.0,0.15,26.3809,80,1055944318,427,69211,72705,157036,4
spin_slow,spin,2.0,0.15,26.3999,81,1055963096,428,121236,72782,157029,4
spin_slow,spin,2.0,0.15,26.4242,82,1055985595,434,20659,72877,157002,4
spin_slow,spin,2.0,0.15,26.4411,83,1056004371,427,72633,72905,156980,4
spin_slow,spin,2.0,0.15,26.4645,84,1056026904,429,135174,73009,156995,4
spin_slow,spin,2.0,0.15,26.4845,85,1056045648,430,24611,73069,156992,4
spin_slow,spin,2.0,0.15,26.5014,86,1056064430,431,77428,73128,156989,4
spin_slow,spin,2.0,0.15,26.5245,87,1056086956,437,138769,73218,156973,4
spin_slow,spin,2.0,0.15,26.5447,88,1056105703,432,28920,73294,156987,4
spin_slow,spin,2.0,0.15,26.5468,89,1056108245,434,147090,73336,156999,4
spin_slow,spin,2.0,0.15,26.5659,90,1056126975,432,33991,73395,157041,4
spin_slow,spin,2.0,0.15,26.5838,91,1056147006,432,142244,73419,157017,4
spin_slow,spin,2.0,0.15,26.6049,92,1056165755,433,32459,73541,157013,4
spin_slow,spin,2.0,0.15,26.6238,93,1056186995,433,32468,73599,156989,4
spin_slow,spin,2.0,0.15,26.646,94,1056209540,434,96963,73675,156998,4
spin_slow,spin,2.0,0.15,26.6765,95,1056228313,434,147910,73723,157009,4
spin_slow,spin,2.0,0.15,26.6945,96,1056250403,432,135497,73776,156996,4
spin_slow,spin,2.0,0.15,26.7061,97,1056269615,434,104628,73916,157054,4
spin_slow,spin,2.0,0.15,26.7345,98,1056292104,435,3032,74007,156964,4
spin_slow,spin,2.0,0.15,26.7462,99,1056309629,435,156210,74062,157008,4
spin_slow,spin,2.0,0.15,26.7685,100,1056332141,437,58050,74131,156987,4
spin_slow,spin,2.0,0.15,26.7897,101,1056350918,436,110383,74245,156987,4
spin_slow,spin,2.0,0.15,26.8065,102,1056369701,437,6315,74289,157008,4
spin_slow,spin,2.0,0.15,26.8297,103,1056392189,438,61319,74358,156986,4
spin_slow,spin,2.0,0.15,26.8477,104,1056410961,438,112315,74482,157025,4
spin_slow,spin,2.0,0.15,26.8699,105,1056433475,438,15151,74512,156983,4
spin_slow,spin,2.0,0.15,26.889,106,1056452268,439,70147,74592,156995,4
spin_slow,spin,2.0,0.15,26.909,107,1056471005,441,115270,74680,157027,4
spin_slow,spin,2.0,0.15,26.9301,108,1056493507,440,16023,74703,156997,4
spin_slow,spin,2.0,0.15,26.9501,109,1056512303,441,71671,74779,156995,4
spin_slow,spin,2.0,0.15,26.9712,110,1056534819,441,131157,74869,157011,4
spin_slow,spin,2.0,0.15,26.9902,111,1056553574,441,22428,74899,157009,4
spin_slow,spin,2.0,0.15,27.0091,112,1056572375,438,78234,74945,157015,4
spin_slow,spin,2.0,0.15,27.0323,113,1056594887,442,136899,75055,156994,4
spin_slow,spin,2.0,0.15,27.046,114,1056608627,441,117654,75089,156980,4
spin_slow,spin,2.0,0.15,27.0554,115,1056617071,442,139988,75135,157015,4
spin_slow,spin,2.0,0.15,27.0712,116,1056634923,442,34809,75176,157023,4
spin_slow,spin,2.0,0.15,27.0944,117,1056657430,439,93289,75274,156995,4
spin_slow,spin,2.0,0.15,27.1144,118,1056676186,444,142018,75356,157006,4
spin_slow,spin,2.0,0.15,27.1354,119,1056698716,444,47541,75396,157009,4
spin_slow,spin,2.0,0.15,27.1554,120,1056717466,453,95183,75452,156965,4
spin_slow,spin,2.0,0.15,27.1744,121,1056736224,444,144194,75510,157003,4
spin_slow,spin,2.0,0.15,27.1955,122,1056757514,444,152540,75628,156995,4
spin_slow,spin,2.0,0.15,27.244,123,1056806135,446,97148,75726,156968,4
spin_slow,spin,2.0,0.15,27.2461,124,1056807082,449,101165,75759,156975,0
spin_slow,spin,2.0,0.15,27.2545,125,1056819117,439,106369,75776,156989,4
spin_slow,spin,2.0,0.15,27.2766,126,1056840082,447,59595,75845,156987,4
spin_slow,spin,2.0,0.15,27.2977,127,1056861342,447,62985,75957,156983,4
spin_slow,spin,2.0,0.15,27.3198,0,1056882608,446,67444,75968,157019,4
spin_slow,spin,2.0,0.15,27.3367,1,1056900132,448,63561,76066,156981,4
spin_slow,spin,2.0,0.15,27.3588,2,1056921372,448,63746,76158,157002,4
spin_slow,spin,2.0,0.15,27.3799,3,1056942647,452,69551,76218,156965,4
spin_slow,spin,2.0,0.15,27.3967,4,1056960169,449,65831,76259,156977,4
spin_slow,spin,2.0,0.15,27.4189,5,1056981441,454,71493,76325,156961,4
spin_slow,spin,2.0,0.15,27.4399,6,1057003954,450,131262,76429,156947,4
spin_slow,spin,2.0,0.15,27.461,7,1057023925,450,72292,76580,157010,4
spin_slow,spin,2.0,0.15,27.4799,8,1057042722,450,127783,76647,157017,4
spin_slow,spin,2.0,0.15,27.501,9,1057062759,447,79225,76771,157035,4
spin_slow,spin,2.0,0.15,27.5241,10,1057086502,452,33613,76888,157016,4
spin_slow,spin,2.0,0.15,27.5463,11,1057105310,452,90557,76948,156993,4
spin_slow,spin,2.0,0.15,27.5505,12,1057113841,453,127993,76955,157003,4
spin_slow,spin,2.0,0.15,27.5601,13,1057124725,458,94210,77054,157023,4
spin_slow,spin,2.0,0.15,27.5843,14,1057146569,454,39501,77114,157015,4
spin_slow,spin,2.0,0.15,27.6012,15,1057165342,456,90662,77171,156994,4
spin_slow,spin,2.0,0.15,27.6201,16,1057184091,456,138316,77265,157014,4
spin_slow,spin,2.0,0.15,27.6444,17,1057206628,462,44404,77328,156979,4
spin_slow,spin,2.0,0.15,27.6613,18,1057225401,457,95830,77377,157030,4
spin_slow,spin,2.0,0.15,27.6834,19,1057244158,456,144208,77447,156987,4
spin_slow,spin,2.0,0.15,27.7036,20,1057266685,456,48968,77484,156989,4
spin_slow,spin,2.0,0.15,27.7215,21,1057285404,456,91433,77566,156984,4
spin_slow,spin,2.0,0.15,27.7415,22,1057304198,457,146439,77645,157018,4
spin_slow,spin,2.0,0.15,27.7648,23,1057326727,457,51242,77758,157006,4
spin_slow,spin,2.0,0.15,27.7827,24,1057346752,463,1338,77804,156950,4
spin_slow,spin,2.0,0.15,27.8005,25,1057365514,458,50764,77883,157027,4
spin_slow,spin,2.0,0.15,27.8247,26,1057388025,459,109577,78035,157002,4
spin_slow,spin,2.0,0.15,27.8447,27,1057406792,458,3122,78122,156972,4
spin_slow,spin,2.0,0.15,27.8647,28,1057429305,460,62776,78185,157010,4
spin_slow,spin,2.0,0.15,27.8837,29,1057448068,466,112019,78349,157042,4
spin_slow,spin,2.0,0.15,27.9069,30,1057470597,462,16603,78413,157031,4
spin_slow,spin,2.0,0.15,27.9248,31,1057489350,462,64225,78445,157005,4
spin_slow,spin,2.0,0.15,27.9438,32,1057508116,464,114390,78561,156989,4
spin_slow,spin,2.0,0.15,27.9745,33,1057530646,462,19628,78597,156999,4
spin_slow,spin,2.0,0.15,27.9904,34,1057548878,456,136378,78649,156953,4
spin_slow,spin,2.0,0.15,28.0073,35,1057569411,464,16114,78779,156987,4
spin_slow,spin,2.0,0.15,28.0263,36,1057590692,464,22997,78893,156981,4
spin_slow,spin,2.0,0.15,28.0475,37,1057610654,465,119660,78968,156975,4
spin_slow,spin,2.0,0.15,28.0497,38,1057611604,465,124253,78981,156987,0
spin_slow,spin,2.0,0.15,28.0697,39,1057631981,465,134685,79078,156991,4
spin_slow,spin,2.0,0.15,28.0865,40,1057650750,468,28914,79201,156994,4
spin_slow,spin,2.0,0.15,28.1086,41,1057673263,468,87841,79341,157018,4
spin_slow,spin,2.0,0.15,28.1277,42,1057692026,463,137211,79361,157036,4
spin_slow,spin,2.0,0.15,28.1499,43,1057714563,467,42881,79437,157009,4
spin_slow,spin,2.0,0.15,28.1689,44,1057733309,467,89499,79503,156995,4
spin_slow,spin,2.0,0.15,28.19,45,1057752076,468,139475,79615,157048,4
spin_slow,spin,2.0,0.15,28.2101,46,1057774613,476,45202,79656,156984,4
spin_slow,spin,2.0,0.15,28.2303,47,1057793356,469,91736,79744,157025,4
spin_slow,spin,2.0,0.15,28.2525,48,1057815897,469,155451,79815,157019,4
spin_slow,spin,2.0,0.15,28.2694,49,1057833401,471,147692,79898,157016,4
spin_slow,spin,2.0,0.15,28.2894,50,1057853379,470,89764,79966,157003,4
spin_slow,spin,2.0,0.15,28.3115,51,1057875951,477,1445,80049,157015,4
spin_slow,spin,2.0,0.15,28.3305,52,1057894716,469,51634,80118,156984,4
spin_slow,spin,2.0,0.15,28.3495,53,1057913456,475,97438,80183,156981,4
spin_slow,spin,2.0,0.15,28.3716,54,1057935997,473,4951,80260,156972,4
spin_slow,spin,2.0,0.15,28.3905,55,1057954759,472,54698,80312,157010,4
spin_slow,spin,2.0,0.15,28.4137,56,1057977248,473,109685,80420,156985,4
spin_slow,spin,2.0,0.15,28.4305,57,1057996038,473,6965,80427,157015,4
spin_slow,spin,2.0,0.15,28.4537,58,1058018561,473,67778,80582,157010,4
spin_slow,spin,2.0,0.15,28.4737,59,1058037305,475,113794,80623,157038,4
spin_slow,spin,2.0,0.15,28.4916,60,1058056090,475,10175,80688,156989,4
spin_slow,spin,2.0,0.15,28.5305,61,1058085944,481,61921,80802,156994,4
spin_slow,spin,2.0,0.15,28.5422,62,1058103036,477,141332,80887,156992,4
spin_slow,spin,2.0,0.15,28.5506,63,1058111674,476,39725,80929,157014,4
spin_slow,spin,2.0,0.15,28.5538,64,1058119045,476,36592,80971,157017,4
spin_slow,spin,2.0,0.15,28.5749,65,1058139890,478,126638,81027,156974,4
spin_slow,spin,2.0,0.15,28.5962,66,1058158653,477,19811,81059,156977,4
spin_slow,spin,2.0,0.15,28.6152,67,1058178688,478,129247,81192,156998,4
spin_slow,spin,2.0,0.15,28.6363,68,1058201204,481,31640,81221,156992,4
spin_slow,spin,2.0,0.15,28.6553,69,1058219959,479,79819,81279,157023,4
spin_slow,spin,2.0,0.15,28.6743,70,1058238734,484,131647,81420,157001,4
spin_slow,spin,2.0,0.15,28.6986,71,1058261247,479,33939,81454,156998,4
spin_slow,spin,2.0,0.15,28.7175,72,1058281275,479,142144,81516,156987,4
spin_slow,spin,2.0,0.15,28.7354,73,1058300018,486,31975,81597,156979,4
spin_slow,spin,2.0,0.15,28.7586,74,1058322528,480,91245,81661,156971,4
spin_slow,spin,2.0,0.15,28.7765,75,1058341304,481,143952,81740,156932,4
spin_slow,spin,2.0,0.15,28.7965,76,1058360046,481,33219,81801,157010,4
spin_slow,spin,2.0,0.15,28.8186,77,1058382580,481,96674,81853,156958,4
spin_slow,spin,2.0,0.15,28.8365,78,1058401326,488,144539,81940,156987,4
spin_slow,spin,2.0,0.15,28.8587,79,1058423819,482,43943,81999,156968,4
spin_slow,spin,2.0,0.15,28.8788,80,1058442609,483,98349,82086,156955,4
spin_slow,spin,2.0,0.15,28.8958,81,1058461355,483,145493,82115,156971,4
spin_slow,spin,2.0,0.15,28.9221,82,1058483905,484,54270,82246,156978,4
spin_slow,spin,2.0,0.15,28.939,83,1058503908,485,1104,82271,156961,4
spin_slow,spin,2.0,0.15,28.959,84,1058522677,484,51712,82355,156977,4
spin_slow,spin,2.0,0.15,28.9801,85,1058545200,485,112908,82391,156976,4
spin_slow,spin,2.0,0.15,28.9991,86,1058563958,485,4935,82471,156993,4
spin_slow,spin,2.0,0.15,29.0212,87,1058586479,484,65694,82559,156995,4
spin_slow,spin,2.0,0.15,29.0454,88,1058605227,486,112818,82632,157003,4
spin_slow,spin,2.0,0.15,29.0485,89,1058613703,486,140751,82627,156994,4
spin_slow,spin,2.0,0.15,29.0601,90,1058625247,490,62690,82649,156960,4
spin_slow,spin,2.0,0.15,29.0844,91,1058647755,486,121677,82697,156973,4
spin_slow,spin,2.0,0.15,29.1012,92,1058666506,487,13105,82766,156951,4
spin_slow,spin,2.0,0.15,29.1245,93,1058689021,487,73260,82879,156965,4
spin_slow,spin,2.0,0.15,29.1435,94,1058709024,488,20210,82978,157004,4
spin_slow,spin,2.0,0.15,29.1636,95,1058727822,489,75783,83003,156972,4
spin_slow,spin,2.0,0.15,29.1849,96,1058750342,487,136516,83083,156994,4
spin_slow,spin,2.0,0.15,29.2039,97,1058769095,489,27758,83157,156973,4
spin_slow,spin,2.0,0.15,29.225,98,1058787862,490,78233,83240,156999,4
spin_slow,spin,2.0,0.15,29.246,99,1058810385,490,139107,83363,157013,4
spin_slow,spin,2.0,0.15,29.2735,100,1058828984,491,3739,83399,157003,4
spin_slow,spin,2.0,0.15,29.2894,101,1058846885,491,63926,83468,157000,4
spin_slow,spin,2.0,0.15,29.3041,102,1058867942,494,32207,83574,157041,4
spin_slow,spin,2.0,0.15,29.3252,103,1058890447,489,89411,83668,157020,4
spin_slow,spin,2.0,0.15,29.3442,104,1058909212,493,140238,83730,156960,4
spin_slow,spin,2.0,0.15,29.3653,105,1058927965,493,31341,83860,157001,4
spin_slow,spin,2.0,0.15,29.3864,106,1058950498,494,94402,83881,156974,4
spin_slow,spin,2.0,0.15,29.4045,107,1058969245,494,141563,83993,156984,4
spin_slow,spin,2.0,0.15,29.4245,108,1058989227,494,84968,83991,156955,4
spin_slow,spin,2.0,0.15,29.4425,109,1059008014,495,139445,84103,156971,4
spin_slow,spin,2.0,0.15,29.4635,110,1059028031,501,88577,84200,157012,4
spin_slow,spin,2.0,0.15,29.4846,111,1059050568,496,151804,84259,156999,4
spin_slow,spin,2.0,0.15,29.5036,112,1059069307,496,40494,84312,157001,4
spin_slow,spin,2.0,0.15,29.5268,113,1059091855,497,105859,84409,156984,4
spin_slow,spin,2.0,0.15,29.549,114,1059111833,497,48676,84495,156977,4
spin_slow,spin,2.0,0.15,29.549,115,1059112779,498,52591,84498,156973,0
spin_slow,spin,2.0,0.15,29.5639,116,1059129357,497,45281,84526,156979,4
spin_slow,spin,2.0,0.15,29.5873,117,1059151899,498,109646,84622,157024,4
spin_slow,spin,2.0,0.15,29.6053,118,1059170681,498,4916,84740,157027,4
spin_slow,spin,2.0,0.15,29.6242,119,1059189414,500,49531,84845,156990,4
spin_slow,spin,2.0,0.15,29.6463,120,1059211949,499,112492,84919,156982,4
spin_slow,spin,2.0,0.15,29.6695,121,1059234446,499,11800,84991,157002,4
spin_slow,spin,2.0,0.15,29.6875,122,1059253221,501,63287,85125,157014,4
spin_slow,spin,2.0,0.15,29.7065,123,1059272016,501,118375,85159,157000,4
spin_slow,spin,2.0,0.15,29.7287,124,1059294465,502,9030,85240,157018,4
spin_slow,spin,2.0,0.15,29.7488,125,1059313271,506,65802,85340,156999,4
spin_slow,spin,2.0,0.15,29.7668,126,1059332060,509,120460,85341,156964,4
spin_slow,spin,2.0,0.15,29.7889,127,1059354542,503,17441,85462,157007,4
spin_slow,spin,2.0,0.15,29.827,0,1059383159,503,14796,85578,157015,4
spin_slow,spin,2.0,0.15,29.8354,1,1059400284,504,100439,85626,156965,4
spin_slow,spin,2.0,0.15,29.8492,2,1059412363,504,113230,85663,156948,4
spin_slow,spin,2.0,0.15,29.8672,3,1059432100,505,14683,85773,157022,4
spin_slow,spin,2.0,0.15,29.8894,4,1059454639,506,78321,85886,157016,4
spin_slow,spin,2.0,0.15,29.9073,5,1059472135,506,69327,85950,156997,4
spin_slow,spin,2.0,0.15,29.9295,6,1059494657,506,129690,86080,157021,4
spin_slow,spin,2.0,0.15,29.9485,7,1059513433,507,24625,86202,156979,4
spin_slow,spin,2.0,0.15,29.9664,8,1059532181,508,71615,86307,157021,4
spin_slow,spin,2.0,0.15,29.9885,9,1059554702,508,132482,86389,156957,4
spin_slow,spin,2.0,0.15,30.0086,10,1059574699,509,78191,86454,157013,4
spin_slow,spin,2.0,0.15,30.0286,11,1059593490,509,132368,86564,157038,4
spin_slow,spin,2.0,0.15,30.0497,12,1059613461,510,73138,86598,157006,4
spin_slow,spin,2.0,0.15,30.0497,13,1059614426,510,80131,86606,157011,0
spin_slow,spin,2.0,0.15,30.0665,14,1059633521,510,28790,86690,157025,4
spin_slow,spin,2.0,0.15,30.0855,15,1059652301,511,81027,86743,156983,4
spin_slow,spin,2.0,0.15,30.1055,16,1059673557,511,83009,86824,157000,4
spin_slow,spin,2.0,0.15,30.1287,17,1059694812,511,85174,86905,157001,4
spin_slow,spin,2.0,0.15,30.1499,18,1059713617,512,141753,87008,157031,4
spin_slow,spin,2.0,0.15,30.1731,19,1059736109,512,39935,87051,156986,4
spin_slow,spin,2.0,0.15,30.1921,20,1059756131,512,146937,87130,156989,4
spin_slow,spin,2.0,0.15,30.21,21,1059774901,513,40744,87240,156993,4
spin_slow,spin,2.0,0.15,30.2291,22,1059793656,513,89478,87277,156991,4
spin_slow,spin,2.0,0.15,30.2503,23,1059816128,514,142451,87384,156967,4
spin_slow,spin,2.0,0.15,30.2694,24,1059834929,515,42015,87472,156997,4
spin_slow,spin,2.0,0.15,30.2915,25,1059857470,516,105734,87554,157004,4
spin_slow,spin,2.0,0.15,30.3105,26,1059876209,516,151691,87598,156945,4
spin_slow,spin,2.0,0.15,30.3294,27,1059894954,516,42464,87604,156962,4
spin_slow,spin,2.0,0.15,30.3505,28,1059917485,517,104854,87705,157001,4
spin_slow,spin,2.0,0.15,30.3705,29,1059936247,516,154200,87778,156979,4
spin_slow,spin,2.0,0.15,30.3927,30,1059958764,517,57090,87908,157030,4
spin_slow,spin,2.0,0.15,30.4116,31,1059977551,517,110563,87944,157039,4
spin_slow,spin,2.0,0.15,30.4295,32,1059996323,517,4380,87947,156958,4
spin_slow,spin,2.0,0.15,30.4537,33,1060018811,519,59486,88053,156994,4
spin_slow,spin,2.0,0.15,30.4738,34,1060037600,518,113452,88133,157036,4
spin_slow,spin,2.0,0.15,30.4938,35,1060057599,519,58802,88212,157017,4
spin_slow,spin,2.0,0.15,30.5106,36,1060077635,519,10186,88274,157002,4
spin_slow,spin,2.0,0.15,30.5338,37,1060100121,520,64353,88371,157028,4
spin_slow,spin,2.0,0.15,30.5485,38,1060113911,519,53446,88417,156982,4
spin_slow,spin,2.0,0.15,30.5654,39,1060122264,521,60631,88498,156989,4
spin_slow,spin,2.0,0.15,30.5844,40,1060142270,521,7616,88567,157040,4
spin_slow,spin,2.0,0.15,30.5929,41,1060159739,528,150848,88583,156992,4
spin_slow,spin,2.0,0.15,30.614,42,1060180199,522,18020,88705,157022,4
spin_slow,spin,2.0,0.15,30.633,43,1060198978,526,70048,88716,156985,4
spin_slow,spin,2.0,0.15,30.6562,44,1060222734,523,26413,88844,156999,4
spin_slow,spin,2.0,0.15,30.6752,45,1060241501,523,76800,88896,157017,4
spin_slow,spin,2.0,0.15,30.6942,46,1060260269,523,127176,88965,157009,4
spin_slow,spin,2.0,0.15,30.7152,47,1060280297,523,77745,89054,157015,4
spin_slow,spin,2.0,0.15,30.7363,48,1060302810,519,136986,89112,156978,4
spin_slow,spin,2.0,0.15,30.7552,49,1060321580,525,30601,89148,156993,4
spin_slow,spin,2.0,0.15,30.7742,50,1060340338,524,79493,89236,157015,4
spin_slow,spin,2.0,0.15,30.7965,51,1060362856,525,139165,89285,157016,4
spin_slow,spin,2.0,0.15,30.8188,52,1060385343,526,36192,89358,157011,4
spin_slow,spin,2.0,0.15,30.8424,53,1060404154,526,93616,89393,157029,4
spin_slow,spin,2.0,0.15,30.8564,54,1060422922,527,144121,89449,156996,4
spin_slow,spin,2.0,0.15,30.8795,55,1060445436,528,46001,89561,156977,4
spin_slow,spin,2.0,0.15,30.8994,56,1060464191,531,94374,89609,156997,4
spin_slow,spin,2.0,0.15,30.9203,57,1060486716,535,155595,89729,156990,4
spin_slow,spin,2.0,0.15,30.9432,58,1060509244,528,60350,89750,156974,4
spin_slow,spin,2.0,0.15,30.9605,59,1060528010,529,111136,89867,156986,4
spin_slow,spin,2.0,0.15,30.9838,60,1060550505,530,10518,89959,156999,4
spin_slow,spin,2.0,0.15,31.004,61,1060569274,530,61220,90048,157028,4
spin_slow,spin,2.0,0.15,31.0221,62,1060588039,528,111064,90070,157032,4
spin_slow,spin,2.0,0.15,31.0465,63,1060610541,530,10680,90164,157030,4
spin_slow,spin,2.0,0.15,31.0519,64,1060618932,530,23841,90210,157035,4
spin_slow,spin,2.0,0.15,31.0615,65,1060628877,531,144373,90233,157030,4
spin_slow,spin,2.0,0.15,31.0839,66,1060649337,539,10924,90326,157038,4
spin_slow,spin,2.0,0.15,31.124,67,1060680434,530,115649,90366,157061,4
spin_slow,spin,2.0,0.15,31.1314,68,1060697630,532,54869,90456,157069,4
spin_slow,spin,2.0,0.15,31.142,69,1060708953,532,95527,90449,157023,4
spin_slow,spin,2.0,0.15,31.1642,70,1060729409,533,118691,90548,157021,4
spin_slow,spin,2.0,0.15,31.1853,71,1060751938,535,22721,90622,157025,4
spin_slow,spin,2.0,0.15,31.2043,72,1060770719,535,74855,90739,157036,4
spin_slow,spin,2.0,0.15,31.2233,73,1060789452,534,119386,90762,157005,4
spin_slow,spin,2.0,0.15,31.2455,74,1060811975,537,22928,90837,157011,4
spin_slow,spin,2.0,0.15,31.2655,75,1060830762,535,76278,90954,157020,4
spin_slow,spin,2.0,0.15,31.2845,76,1060852025,536,79779,91052,156984,4
spin_slow,spin,2.0,0.15,31.3035,77,1060870799,537,131423,91090,156977,4
spin_slow,spin,2.0,0.15,31.3235,78,1060889564,536,24211,91182,157010,4
spin_slow,spin,2.0,0.15,31.3446,79,1060912069,537,81965,91284,156997,4
spin_slow,spin,2.0,0.15,31.3699,80,1060934589,537,142075,91368,157014,4
spin_slow,spin,2.0,0.15,31.3848,81,1060952057,538,128876,91383,156976,4
spin_slow,spin,2.0,0.15,31.4092,82,1060974622,539,39804,91521,157008,4
spin_slow,spin,2.0,0.15,31.4293,83,1060994629,539,144080,91573,156972,4
spin_slow,spin,2.0,0.15,31.4461,84,1061013420,537,41629,91658,156988,4
spin_slow,spin,2.0,0.15,31.4651,85,1061032176,540,89923,91785,157003,4
spin_slow,spin,2.0,0.15,31.4894,86,1061054694,540,150078,91831,157015,4
spin_slow,spin,2.0,0.15,31.5062,87,1061073430,541,38085,91863,157009,4
spin_slow,spin,2.0,0.15,31.5294,88,1061095975,541,102433,91956,157016,4
spin_slow,spin,2.0,0.15,31.5504,89,1061116008,541,53733,92054,157001,4
spin_slow,spin,2.0,0.15,31.5515,90,1061116951,541,56999,92012,157003,0
spin_slow,spin,2.0,0.15,31.5736,91,1061137225,542,49332,92141,157024,4
spin_slow,spin,2.0,0.15,31.5894,92,1061156008,542,101639,92211,157021,4
spin_slow,spin,2.0,0.15,31.6105,93,1061178532,543,5170,92299,157031,4
spin_slow,spin,2.0,0.15,31.6305,94,1061197286,544,52552,92395,157009,4
spin_slow,spin,2.0,0.15,31.6536,95,1061219813,544,113435,92478,157029,4
spin_slow,spin,2.0,0.15,31.6705,96,1061238579,545,6516,92553,157010,4
spin_slow,spin,2.0,0.15,31.6905,97,1061257307,545,50078,92628,157009,4
spin_slow,spin,2.0,0.15,31.7136,98,1061279857,546,115133,92721,157031,4
spin_slow,spin,2.0,0.15,31.7347,99,1061302384,545,18595,92774,156999,4
spin_slow,spin,2.0,0.15,31.7536,100,1061321168,547,71404,92899,157025,4
spin_slow,spin,2.0,0.15,31.7789,101,1061343686,547,130549,93026,157031,4
spin_slow,spin,2.0,0.15,31.7957,102,1061363695,548,77416,93088,157017,4
spin_slow,spin,2.0,0.15,31.8192,103,1061382458,553,126538,93155,157012,4
spin_slow,spin,2.0,0.15,31.836,104,1061403730,549,131402,93270,157015,4
spin_slow,spin,2.0,0.15,31.8814,105,1061439912,556,1910,93451,157044,4
spin_slow,spin,2.0,0.15,31.8899,106,1061454483,550,123829,93506,157008,4
spin_slow,spin,2.0,0.15,31.8973,107,1061465869,551,18523,93553,157039,4
spin_slow,spin,2.0,0.15,31.9163,108,1061483792,551,82218,93620,157012,4
spin_slow,spin,2.0,0.15,31.9395,109,1061506292,554,139012,93683,157003,4
spin_slow,spin,2.0,0.15,31.9574,110,1061525083,551,36375,93772,157011,4
spin_slow,spin,2.0,0.15,31.9775,111,1061543809,552,79489,93902,157030,4
spin_slow,spin,2.0,0.15,31.9996,112,1061566363,553,145111,93922,157002,4
spin_slow,spin,2.0,0.15,32.0176,113,1061585120,553,36623,93994,156998,4
spin_slow,spin,2.0,0.15,32.0356,114,1061603903,554,89695,94059,156983,4
spin_slow,spin,2.0,0.15,32.0493,115,1061616388,554,14209,94111,157003,4
spin_slow,spin,2.0,0.15,32.0599,116,1061627236,554,131366,94134,157002,4
spin_slow,spin,2.0,0.15,32.0756,117,1061643919,554,141861,94211,156976,4
spin_slow,spin,2.0,0.15,32.0988,118,1061666445,553,46710,94230,156946,4
spin_slow,spin,2.0,0.15,32.1189,119,1061685179,555,91513,94355,157029,4
spin_slow,spin,2.0,0.15,32.14,120,1061707716,554,153911,94367,157001,4
spin_slow,spin,2.0,0.15,32.159,121,1061726486,556,47284,94501,157018,4
spin_slow,spin,2.0,0.15,32.1812,122,1061745195,556,87076,94538,157015,4
spin_slow,spin,2.0,0.15,32.1991,123,1061766527,563,101910,94661,157031,4
spin_slow,spin,2.0,0.15,32.2212,124,1061789046,557,4271,94678,157010,4
spin_slow,spin,2.0,0.15,32.2402,125,1061807808,558,53664,94734,157020,4
spin_slow,spin,2.0,0.15,32.2602,126,1061827775,552,150438,94844,157016,4
spin_slow,spin,2.0,0.15,32.2802,127,1061846571,559,48459,94923,157032,4
spin_slow,spin,2.0,0.15,32.3013,0,1061869103,559,109733,94995,157017,4
spin_slow,spin,2.0,0.15,32.3203,1,1061887883,559,4590,95072,157016,4
spin_slow,spin,2.0,0.15,32.3393,2,1061906643,559,52902,95169,157052,4
spin_slow,spin,2.0,0.15,32.3614,3,1061929150,560,110055,95201,157065,4
spin_slow,spin,2.0,0.15,32.3845,4,1061951678,561,13173,95332,157074,4
spin_slow,spin,2.0,0.15,32.4121,5,1061967965,561,112302,95388,157010,4
spin_slow,spin,2.0,0.15,32.43,6,1061990033,562,94999,95468,157042,4
spin_slow,spin,2.0,0.15,32.4395,7,1062008259,562,52819,95508,156985,4
spin_slow,spin,2.0,0.15,32.4605,8,1062029258,563,11540,95602,157014,4
spin_slow,spin,2.0,0.15,32.4837,9,1062051763,563,68771,95658,157045,4
spin_slow,spin,2.0,0.15,32.5039,10,1062070534,563,119076,95709,157019,4
spin_slow,spin,2.0,0.15,32.5213,11,1062089314,564,14127,95828,157078,4
spin_slow,spin,2.0,0.15,32.5416,12,1062109270,564,109115,95914,157042,4
spin_slow,spin,2.0,0.15,32.5515,13,1062120153,564,75017,95950,157027,4
spin_slow,spin,2.0,0.15,32.5646,14,1062130842,564,8054,95921,156974,4
spin_slow,spin,2.0,0.15,32.5846,15,1062153111,565,24891,95996,157043,4
spin_slow,spin,2.0,0.15,32.6056,16,1062171858,566,70952,96122,157052,4
spin_slow,spin,2.0,0.15,32.6263,17,1062194409,565,136256,96165,157006,4
spin_slow,spin,2.0,0.15,32.6456,18,1062213142,565,23639,96203,156994,4
spin_slow,spin,2.0,0.15,32.6693,19,1062235674,567,85513,96357,156998,4
spin_slow,spin,2.0,0.15,32.6896,20,1062254445,561,136904,96391,156991,4
spin_slow,spin,2.0,0.15,32.7067,21,1062274442,567,82348,96457,157046,4
spin_slow,spin,2.0,0.15,32.729,22,1062296969,568,143333,96580,157038,4
spin_slow,spin,2.0,0.15,32.7492,23,1062315741,568,36691,96622,157063,4
spin_slow,spin,2.0,0.15,32.7715,24,1062338257,569,96089,96682,157032,4
spin_slow,spin,2.0,0.15,32.7885,25,1062355763,575,88295,96783,157079,4
spin_slow,spin,2.0,0.15,32.8097,26,1062378274,570,146263,96806,157021,4
spin_slow,spin,2.0,0.15,32.8298,27,1062398267,575,89868,96891,157061,4
spin_slow,spin,2.0,0.15,32.8499,28,1062417088,571,148655,96931,157059,4
spin_slow,spin,2.0,0.15,32.8712,29,1062435860,571,41634,97042,157065,4
spin_slow,spin,2.0,0.15,32.8914,30,1062459624,571,155670,97076,157046,4
spin_slow,spin,2.0,0.15,32.9105,31,1062478382,578,46666,97084,157001,4
spin_slow,spin,2.0,0.15,32.9308,32,1062497150,571,96698,97138,157036,4
spin_slow,spin,2.0,0.15,32.951,33,1062519679,572,1158,97199,157015,4
spin_slow,spin,2.0,0.15,32.9701,34,1062538432,572,48809,97263,156993,4
spin_slow,spin,2.0,0.15,32.9902,35,1062557214,572,100909,97338,157057,4
spin_slow,spin,2.0,0.15,33.0125,36,1062579669,573,149057,97440,157022,4
spin_slow,spin,2.0,0.15,33.0306,37,1062599738,573,106068,97499,157052,4
spin_slow,spin,2.0,0.15,33.054,38,1062619809,574,63118,97565,157036,4
spin_slow,spin,2.0,0.15,33.054,39,1062620753,574,66657,97571,157053,0
spin_slow,spin,2.0,0.15,33.0721,40,1062641029,575,58605,97684,157052,4
spin_slow,spin,2.0,0.15,33.0922,41,1062659826,575,112766,97714,157031,4
spin_slow,spin,2.0,0.15,33.1155,42,1062678569,576,974,97796,157040,4
spin_slow,spin,2.0,0.15,33.1335,43,1062701081,576,58191,97974,157082,4
spin_slow,spin,2.0,0.15,33.1589,44,1062719894,576,114739,98004,157068,4
spin_slow,spin,2.0,0.15,33.1748,45,1062738694,577,12765,98057,157030,4
spin_slow,spin,2.0,0.15,33.1906,46,1062759926,577,10073,98193,157076,4
spin_slow,spin,2.0,0.15,33.2138,47,1062782451,577,70165,98234,157015,4
spin_slow,spin,2.0,0.15,33.2338,48,1062801203,586,116944,98337,157061,4
spin_slow,spin,2.0,0.15,33.2506,49,1062819961,579,8465,98384,157010,4
spin_slow,spin,2.0,0.15,33.2749,50,1062842481,579,68584,98434,157032,4
spin_slow,spin,2.0,0.15,33.2939,51,1062861239,580,116817,98575,157055,4
spin_slow,spin,2.0,0.15,33.315,52,1062883789,580,23955,98639,157043,4
spin_slow,spin,2.0,0.15,33.334,53,1062902534,580,69867,98709,157042,4
spin_slow,spin,2.0,0.15,33.354,54,1062921295,581,118600,98770,157005,4
spin_slow,spin,2.0,0.15,33.3751,55,1062943816,582,21251,98852,157021,4
spin_slow,spin,2.0,0.15,33.3941,56,1062962586,582,71480,98865,156984,4
spin_slow,spin,2.0,0.15,33.4141,57,1062982559,582,12750,98993,157014,4
spin_slow,spin,2.0,0.15,33.4363,58,1063005135,583,81969,99085,157033,4
spin_slow,spin,2.0,0.15,33.4552,59,1063023886,585,128814,99198,157036,4
spin_slow,spin,2.0,0.15,33.4764,60,1063042670,584,25086,99253,156988,4
spin_slow,spin,2.0,0.15,33.4954,61,1063063923,584,26893,99335,157008,4
spin_slow,spin,2.0,0.15,33.5154,62,1063082697,585,78408,99388,156977,4
spin_slow,spin,2.0,0.15,33.5365,63,1063105221,586,139989,99545,156996,4
spin_slow,spin,2.0,0.15,33.5502,64,1063120231,586,22973,99521,156984,4
spin_slow,spin,2.0,0.15,33.5565,65,1063122771,585,140824,99555,156988,4
spin_slow,spin,2.0,0.15,33.5765,66,1063145221,586,32299,99674,157006,4
spin_slow,spin,2.0,0.15,33.5968,67,1063163984,587,81923,99701,156995,4
spin_slow,spin,2.0,0.15,33.6136,68,1063182759,593,133558,99793,156998,4
spin_slow,spin,2.0,0.15,33.6357,69,1063205292,588,38880,99881,157029,4
spin_slow,spin,2.0,0.15,33.6547,70,1063224032,588,83935,99950,157021,4
spin_slow,spin,2.0,0.15,33.6789,71,1063246564,588,145310,100079,157019,4
spin_slow,spin,2.0,0.15,33.7097,72,1063265277,590,29229,100133,157002,4
spin_slow,spin,2.0,0.15,33.7255,73,1063286050,590,105968,100313,156996,4
spin_slow,spin,2.0,0.15,33.7371,74,1063304927,590,17726,100328,157016,4
spin_slow,spin,2.0,0.15,33.7582,75,1063325383,591,41201,100492,157021,4
spin_slow,spin,2.0,0.15,33.7772,76,1063344126,592,86997,100520,157024,4
spin_slow,spin,2.0,0.15,33.7994,77,1063367910,593,47716,100649,157033,4
spin_slow,spin,2.0,0.15,33.8194,78,1063386684,593,98700,100742,157053,4
spin_slow,spin,2.0,0.15,33.8394,79,1063407938,592,99860,100788,157009,4
spin_slow,spin,2.0,0.15,33.8594,80,1063427954,593,48791,100824,156954,4
spin_slow,spin,2.0,0.15,33.8794,81,1063446727,593,100235,100865,156970,4
spin_slow,spin,2.0,0.15,33.8984,82,1063466730,594,46463,100932,157010,4
spin_slow,spin,2.0,0.15,33.9174,83,1063485494,594,95839,101017,157021,4
spin_slow,spin,2.0,0.15,33.9385,84,1063508028,595,1888,101128,157017,4
spin_slow,spin,2.0,0.15,33.9586,85,1063527998,595,99412,101186,157037,4
spin_slow,spin,2.0,0.15,33.9786,86,1063546779,596,151650,101281,156995,4
spin_slow,spin,2.0,0.15,33.9955,87,1063565575,596,49870,101331,157033,4
spin_slow,spin,2.0,0.15,34.0198,88,1063588067,599,104743,101420,157006,4
spin_slow,spin,2.0,0.15,34.0388,89,1063606860,597,1951,101457,157043,4
spin_slow,spin,2.0,0.15,34.0514,90,1063620612,596,141067,101560,157052,4
spin_slow,spin,2.0,0.15,34.0599,91,1063628969,598,148344,101599,157032,4
spin_slow,spin,2.0,0.15,34.0788,92,1063646867,600,50340,101651,157000,4
spin_slow,spin,2.0,0.15,34.0999,93,1063669380,599,108853,101741,157047,4
spin_slow,spin,2.0,0.15,34.1189,94,1063688164,598,4113,101782,157016,4
spin_slow,spin,2.0,0.15,34.1388,95,1063706938,601,54746,101854,157017,4
spin_slow,spin,2.0,0.15,34.1599,96,1063729454,600,112951,101969,157058,4
spin_slow,spin,2.0,0.15,34.1789,97,1063748213,600,4145,102027,157044,4
spin_slow,spin,2.0,0.15,34.201,98,1063770723,600,61817,102092,157023,4
spin_slow,spin,2.0,0.15,34.22,99,1063789504,601,113664,102179,157055,4
spin_slow,spin,2.0,0.15,34.24,100,1063809481,602,54987,102211,156984,4
spin_slow,spin,2.0,0.15,34.259,101,1063828286,602,111620,102291,157016,4
spin_slow,spin,2.0,0.15,34.2812,102,1063850803,602,13662,102390,157019,4
spin_slow,spin,2.0,0.15,34.3001,103,1063869559,603,61832,102439,157029,4
spin_slow,spin,2.0,0.15,34.3191,104,1063888307,603,109016,102481,156986,4
spin_slow,spin,2.0,0.15,34.3444,105,1063912101,604,72622,102618,157009,4
spin_slow,spin,2.0,0.15,34.3614,106,1063930868,604,122677,102724,156999,4
spin_slow,spin,2.0,0.15,34.3803,107,1063949624,604,13958,102711,156992,4
spin_slow,spin,2.0,0.15,34.4035,108,1063972149,605,74927,102891,157022,4
spin_slow,spin,2.0,0.15,34.4214,109,1063990915,606,124608,102926,157026,4
spin_slow,spin,2.0,0.15,34.4541,110,1064013417,606,24717,103046,157024,4
spin_slow,spin,2.0,0.15,34.4732,111,1064034301,606,120679,103112,157016,4
spin_slow,spin,2.0,0.15,34.4826,112,1064051751,607,104212,103147,157003,4
spin_slow,spin,2.0,0.15,34.5027,113,1064072210,609,127777,103197,157018,4
spin_slow,spin,2.0,0.15,34.5217,114,1064090994,608,23898,103304,157017,4
spin_slow,spin,2.0,0.15,34.5407,115,1064110867,608,105150,103373,156982,4
spin_slow,spin,2.0,0.15,34.5544,116,1064122520,608,45396,103347,156965,4
spin_slow,spin,2.0,0.15,34.565,117,1064134344,608,14754,103413,157010,4
spin_slow,spin,2.0,0.15,34.585,118,1064154772,609,33411,103442,156995,4
spin_slow,spin,2.0,0.15,34.606,119,1064173517,609,79609,103583,157038,4
spin_slow,spin,2.0,0.15,34.624,120,1064193542,609,29656,103563,157004,4
spin_slow,spin,2.0,0.15,34.644,121,1064212326,609,82560,103649,157020,4
spin_slow,spin,2.0,0.15,34.6651,122,1064234824,617,138797,103687,157021,4
spin_slow,spin,2.0,0.15,34.684,123,1064253577,610,29277,103753,157005,4
spin_slow,spin,2.0,0.15,34.7093,124,1064276101,610,89945,103826,157000,4
spin_slow,spin,2.0,0.15,34.7262,125,1064296136,612,41184,103934,157043,4
spin_slow,spin,2.0,0.15,34.7451,126,1064314882,612,87187,104002,157029,4
spin_slow,spin,2.0,0.15,34.7693,127,1064337411,613,148613,104057,157002,4
spin_slow,spin,2.0,0.15,34.7862,0,1064356174,613,41369,104101,157008,4
spin_slow,spin,2.0,0.15,34.8094,1,1064378525,612,73073,104185,156968,4
spin_slow,spin,2.0,0.15,34.8294,2,1064397454,609,151234,104231,156968,4
spin_slow,spin,2.0,0.15,34.8515,3,1064421215,613,108826,104314,156981,4
spin_slow,spin,2.0,0.15,34.8695,4,1064439981,615,2485,104364,156949,4
spin_slow,spin,2.0,0.15,34.8907,5,1064458732,614,50633,104434,156996,4
spin_slow,spin,2.0,0.15,34.915,6,1064481244,620,109310,104548,157003,4
spin_slow,spin,2.0,0.15,34.9319,7,1064501267,615,59043,104585,156997,4
spin_slow,spin,2.0,0.15,34.9509,8,1064521274,616,6063,104710,157006,4
spin_slow,spin,2.0,0.15,34.97,9,1064540034,624,54593,104817,157048,4
spin_slow,spin,2.0,0.15,34.9944,10,1064558797,617,103546,104841,157025,4
spin_slow,spin,2.0,0.15,35.0274,11,1064587444,617,105883,104951,157034,4
spin_slow,spin,2.0,0.15,35.0359,12,1064604580,617,35755,104999,156980,4
spin_slow,spin,2.0,0.15,35.0507,13,1064620107,618,6413,105087,157008,4
spin_slow,spin,2.0,0.15,35.055,14,1064622612,618,118177,105096,157020,4
spin_slow,spin,2.0,0.15,35.0741,15,1064642589,619,59741,105143,157035,4
spin_slow,spin,2.0,0.15,35.0952,16,1064662652,619,15754,105299,157036,4
spin_slow,spin,2.0,0.15,35.1142,17,1064681416,620,65344,105324,157008,4
spin_slow,spin,2.0,0.15,35.1311,18,1064701403,620,8679,105397,157008,4
spin_slow,spin,2.0,0.15,35.1542,19,1064723940,621,71981,105519,157019,4
spin_slow,spin,2.0,0.15,35.1743,20,1064742697,615,120398,105587,157011,4
spin_slow,spin,2.0,0.15,35.1912,21,1064761466,622,13333,105699,157065,4
spin_slow,spin,2.0,0.15,35.2144,22,1064783977,622,71861,105784,157024,4
spin_slow,spin,2.0,0.15,35.2335,23,1064802761,626,125061,105774,157013,4
spin_slow,spin,2.0,0.15,35.2545,24,1064825255,623,23707,105870,156983,4
spin_slow,spin,2.0,0.15,35.2745,25,1064844017,630,73692,105989,156986,4
spin_slow,spin,2.0,0.15,35.2956,26,1064866519,624,131146,106049,157002,4
spin_slow,spin,2.0,0.15,35.3146,27,1064885309,625,28025,106103,156986,4
spin_slow,spin,2.0,0.15,35.3336,28,1064904060,627,76093,106175,156979,4
spin_slow,spin,2.0,0.15,35.3557,29,1064926590,620,138468,106265,156983,4
spin_slow,spin,2.0,0.15,35.3746,30,1064945175,626,1004,106360,156977,4
spin_slow,spin,2.0,0.15,35.3989,31,1064967885,626,93251,106464,157009,4
spin_slow,spin,2.0,0.15,35.4158,32,1064986621,620,137889,106547,157010,4
spin_slow,spin,2.0,0.15,35.4348,33,1065005390,628,30756,106647,157049,4
spin_slow,spin,2.0,0.15,35.459,34,1065027904,628,89740,106678,156982,4
spin_slow,spin,2.0,0.15,35.4758,35,1065046677,636,141098,106848,157019,4
spin_slow,spin,2.0,0.15,35.499,36,1065069175,628,40220,106875,157004,4
spin_slow,spin,2.0,0.15,35.519,37,1065087955,629,92641,106912,156999,4
spin_slow,spin,2.0,0.15,35.5401,38,1065110447,629,148415,107000,157014,4
spin_slow,spin,2.0,0.15,35.5549,39,1065124213,630,133298,107076,157004,4
spin_slow,spin,2.0,0.15,35.5612,40,1065132596,630,145263,107097,156996,4
spin_slow,spin,2.0,0.15,35.5812,41,1065151754,630,104971,107196,157017,4
spin_slow,spin,2.0,0.15,35.6002,42,1065170511,631,152592,107349,157062,4
spin_slow,spin,2.0,0.15,35.6193,43,1065189290,632,46936,107399,157035,4
spin_slow,spin,2.0,0.15,35.6393,44,1065208067,633,98344,107488,157053,4
spin_slow,spin,2.0,0.15,35.6593,45,1065229286,634,93489,107549,157040,4
spin_slow,spin,2.0,0.15,35.6793,46,1065248091,629,149596,107705,157042,4
spin_slow,spin,2.0,0.15,35.7003,47,1065270597,634,49939,107750,156996,4
spin_slow,spin,2.0,0.15,35.7193,48,1065289384,637,103478,107798,157011,4
spin_slow,spin,2.0,0.15,35.754,49,1065311896,635,4846,107979,157056,4
spin_slow,spin,2.0,0.15,35.77,50,1065332770,635,98558,107983,157055,4
spin_slow,spin,2.0,0.15,35.7795,51,1065350936,637,46266,108052,157040,4
spin_slow,spin,2.0,0.15,35.8005,52,1065371959,633,7822,108101,157021,4
spin_slow,spin,2.0,0.15,35.8258,53,1065394463,637,64797,108214,157009,4
spin_slow,spin,2.0,0.15,35.8438,54,1065414473,638,12042,108306,157038,4
spin_slow,spin,2.0,0.15,35.8649,55,1065433261,638,65204,108395,157047,4
spin_slow,spin,2.0,0.15,35.8859,56,1065457019,638,21398,108446,157012,4
spin_slow,spin,2.0,0.15,35.9049,57,1065475767,639,68220,108539,157033,4
spin_slow,spin,2.0,0.15,35.925,58,1065495635,638,148259,108560,157011,4
spin_slow,spin,2.0,0.15,35.944,59,1065514556,638,67520,108604,157020,4
spin_slow,spin,2.0,0.15,35.9641,60,1065533332,640,119386,108678,157010,4
spin_slow,spin,2.0,0.15,35.9852,61,1065555834,640,19243,108750,157019,4
spin_slow,spin,2.0,0.15,36.0041,62,1065574635,641,75186,108834,157014,4
spin_slow,spin,2.0,0.15,36.0262,63,1065597112,641,128342,108957,157026,4
spin_slow,spin,2.0,0.15,36.0452,64,1065615881,642,22217,108938,157014,4
spin_slow,spin,2.0,0.15,36.0558,65,1065626741,641,141382,109035,157006,4
spin_slow,spin,2.0,0.15,36.0663,66,1065636579,641,86960,109028,156967,4
spin_slow,spin,2.0,0.15,36.0854,67,1065655915,642,77111,109127,157000,4
spin_slow,spin,2.0,0.15,36.1086,68,1065678441,642,138345,109214,157024,4
spin_slow,spin,2.0,0.15,36.1255,69,1065697203,643,30749,109326,157018,4
spin_slow,spin,2.0,0.15,36.1488,70,1065719719,648,90190,109411,157034,4
spin_slow,spin,2.0,0.15,36.1699,71,1065738484,645,139571,109526,157026,4
spin_slow,spin,2.0,0.15,36.19,72,1065761006,645,42385,109620,157051,4
spin_slow,spin,2.0,0.15,36.2101,73,1065780870,641,121621,109620,157021,4
spin_slow,spin,2.0,0.15,36.2302,74,1065799778,645,38443,109723,157038,4
spin_slow,spin,2.0,0.15,36.2492,75,1065818550,647,88882,109823,157069,4
spin_slow,spin,2.0,0.15,36.2703,76,1065841069,645,148457,109887,157021,4
spin_slow,spin,2.0,0.15,36.2914,77,1065859832,647,40702,109962,157049,4
spin_slow,spin,2.0,0.15,36.3241,78,1065884865,647,56798,110018,157019,4
spin_slow,spin,2.0,0.15,36.3315,79,1065901866,647,120250,110050,157033,4
spin_slow,spin,2.0,0.15,36.3505,80,1065921149,649,100699,110136,157024,4
spin_slow,spin,2.0,0.15,36.3694,81,1065939900,648,147952,110202,157015,4
spin_slow,spin,2.0,0.15,36.3915,82,1065962443,649,55042,110315,157011,4
spin_slow,spin,2.0,0.15,36.4105,83,1065981186,649,100711,110316,157021,4
spin_slow,spin,2.0,0.15,36.4295,84,1065999955,647,151164,110359,156994,4
spin_slow,spin,2.0,0.15,36.4505,85,1066022474,650,53976,110469,157022,4
spin_slow,spin,2.0,0.15,36.4696,86,1066041243,652,104060,110516,157036,4
spin_slow,spin,2.0,0.15,36.4912,87,1066061110,653,26588,110582,157009,4
spin_slow,spin,2.0,0.15,36.5152,88,1066083773,651,110492,110679,157048,4
spin_slow,spin,2.0,0.15,36.5323,89,1066102548,650,4521,110712,157026,4
spin_slow,spin,2.0,0.15,36.5511,90,1066122581,652,112857,110780,157014,4
spin_slow,spin,2.0,0.15,36.5601,91,1066130945,652,121616,110822,157012,4
spin_slow,spin,2.0,0.15,36.5723,92,1066143831,652,113891,110842,157008,4
spin_slow,spin,2.0,0.15,36.5961,93,1066166334,653,13817,110987,157042,4
spin_slow,spin,2.0,0.15,36.6187,94,1066188858,653,73775,111012,157033,4
spin_slow,spin,2.0,0.15,36.6358,95,1066207639,654,125658,111085,157023,4
spin_slow,spin,2.0,0.15,36.6549,96,1066226390,653,15816,111165,156975,4
spin_slow,spin,2.0,0.15,36.6795,97,1066248916,654,76996,111211,156980,4
spin_slow,spin,2.0,0.15,36.6965,98,1066267689,654,128710,111230,156967,4
spin_slow,spin,2.0,0.15,36.7188,99,1066290160,655,24185,111382,157009,4
spin_slow,spin,2.0,0.15,36.7391,100,1066308938,656,76282,111380,157013,4
spin_slow,spin,2.0,0.15,36.7561,101,1066327711,654,127095,111521,157024,4
spin_slow,spin,2.0,0.15,36.7786,102,1066350072,655,2572,111602,157049,4
spin_slow,spin,2.0,0.15,36.7987,103,1066369010,656,81584,111563,156994,4
spin_slow,spin,2.0,0.15,36.8157,104,1066387750,657,127097,111652,157038,4
spin_slow,spin,2.0,0.15,36.839,105,1066410273,657,30271,111750,157051,4
spin_slow,spin,2.0,0.15,36.8592,106,1066429054,658,82656,111865,157045,4
spin_slow,spin,2.0,0.15,36.8805,107,1066451570,658,141592,111911,157049,4
spin_slow,spin,2.0,0.15,36.8995,108,1066470317,659,31236,111962,157024,4
spin_slow,spin,2.0,0.15,36.9178,109,1066489093,659,83043,112067,157006,4
spin_slow,spin,2.0,0.15,36.9411,110,1066511604,662,141778,112206,157042,4
spin_slow,spin,2.0,0.15,36.9602,111,1066530375,660,34975,112239,157035,4
spin_slow,spin,2.0,0.15,36.9813,112,1066552882,660,92704,112314,157028,4
spin_slow,spin,2.0,0.15,37.0003,113,1066571645,664,142076,112400,157020,4
spin_slow,spin,2.0,0.15,37.0245,114,1066594190,665,48853,112503,157019,4
spin_slow,spin,2.0,0.15,37.0488,115,1066612839,666,78588,112589,157036,4
spin_slow,spin,2.0,0.15,37.0815,116,1066630063,662,23001,112620,157031,4
spin_slow,spin,2.0,0.15,37.0964,117,1066646358,663,123789,112686,157009,4
spin_slow,spin,2.0,0.15,37.0996,118,1066661398,663,11375,112774,157042,4
spin_slow,spin,2.0,0.15,37.1039,119,1066676217,666,18017,112819,157053,4
spin_slow,spin,2.0,0.15,37.1208,120,1066693024,664,48290,112879,157021,4
spin_slow,spin,2.0,0.15,37.144,121,1066715543,665,107338,112976,157050,4
spin_slow,spin,2.0,0.15,37.165,122,1066734313,664,156954,113006,157039,4
spin_slow,spin,2.0,0.15,37.1809,123,1066753066,669,47907,113050,156998,4
spin_slow,spin,2.0,0.15,37.2051,124,1066775574,671,105332,113206,157064,4
spin_slow,spin,2.0,0.15,37.2241,125,1066794342,666,154974,113266,157063,4
spin_slow,spin,2.0,0.15,37.241,126,1066813117,667,48708,113360,157055,4
spin_slow,spin,2.0,0.15,37.2641,127,1066835627,667,106305,113421,157035,4
spin_slow,spin,2.0,0.15,37.2821,0,1066854420,667,3770,113476,157004,4
spin_slow,spin,2.0,0.15,37.3054,1,1066876835,667,46003,113593,157006,4
spin_slow,spin,2.0,0.15,37.3243,2,1066895689,669,111004,113608,156985,4
spin_slow,spin,2.0,0.15,37.3443,3,1066915562,669,35042,113778,157051,4
spin_slow,spin,2.0,0.15,37.3644,4,1066934487,669,111747,113792,157024,4
spin_slow,spin,2.0,0.15,37.3854,5,1066956964,670,7720,113868,157027,4
spin_slow,spin,2.0,0.15,37.4044,6,1066975750,670,61190,113879,156980,4
spin_slow,spin,2.0,0.15,37.4255,7,1066998266,667,120896,114027,157030,4
spin_slow,spin,2.0,0.15,37.4446,8,1067017013,670,10415,114041,157002,4
spin_slow,spin,2.0,0.15,37.4646,9,1067035792,673,62829,114116,156997,4
spin_slow,spin,2.0,0.15,37.4857,10,1067058309,671,122598,114208,156974,4
spin_slow,spin,2.0,0.15,37.5058,11,1067076977,673,156716,114292,156981,4
spin_slow,spin,2.0,0.15,37.5239,12,1067095814,679,62241,114376,156985,4
spin_slow,spin,2.0,0.15,37.5461,13,1067118357,674,126241,114563,157016,4
spin_slow,spin,2.0,0.15,37.5545,14,1067129211,675,87090,114620,157000,4
spin_slow,spin,2.0,0.15,37.5661,15,1067137967,681,5565,114625,156964,4
spin_slow,spin,2.0,0.15,37.5873,16,1067158397,674,24213,114723,156992,4
spin_slow,spin,2.0,0.15,37.6263,17,1067182136,674,134447,114827,157014,4
spin_slow,spin,2.0,0.15,37.6421,18,1067201492,676,127646,114941,157031,4
spin_slow,spin,2.0,0.15,37.6517,19,1067222931,676,3841,114942,156980,4
spin_slow,spin,2.0,0.15,37.6645,20,1067237199,676,74294,115007,157022,4
spin_slow,spin,2.0,0.15,37.6887,21,1067259717,682,133525,115114,156998,4
spin_slow,spin,2.0,0.15,37.7055,22,1067278472,678,24583,115208,157035,4
spin_slow,spin,2.0,0.15,37.7287,23,1067301001,679,85422,115273,157023,4
spin_slow,spin,2.0,0.15,37.7487,24,1067319777,679,137227,115318,156994,4
spin_slow,spin,2.0,0.15,37.7698,25,1067342267,684,34375,115410,157046,4
spin_slow,spin,2.0,0.15,37.7888,26,1067361034,681,83949,115475,157028,4
spin_slow,spin,2.0,0.15,37.8089,27,1067379803,674,134374,115501,156998,4
spin_slow,spin,2.0,0.15,37.83,28,1067402336,680,39470,115637,157037,4
spin_slow,spin,2.0,0.15,37.849,29,1067421104,680,88710,115713,157101,4
spin_slow,spin,2.0,0.15,37.8711,30,1067443642,688,150446,115843,157048,4
spin_slow,spin,2.0,0.15,37.89,31,1067462407,683,42463,115925,157068,4
spin_slow,spin,2.0,0.15,37.909,32,1067481175,682,91777,115940,157035,4
spin_slow,spin,2.0,0.15,37.9301,33,1067501040,682,13954,116024,157046,4
spin_slow,spin,2.0,0.15,37.9523,34,1067523705,684,97997,116176,157046,4
spin_slow,spin,2.0,0.15,37.9702,35,1067542480,683,149002,116206,157051,4
spin_slow,spin,2.0,0.15,37.9892,36,1067561252,685,42687,116264,157017,4
spin_slow,spin,2.0,0.15,38.0113,37,1067583769,682,101242,116367,157050,4
spin_slow,spin,2.0,0.15,38.0314,38,1067603772,685,46536,116399,157042,4
spin_slow,spin,2.0,0.15,38.0514,39,1067622546,686,97603,116453,157013,4
spin_slow,spin,2.0,0.15,38.0588,40,1067630930,688,109493,116472,157036,4
spin_slow,spin,2.0,0.15,38.0704,41,1067642567,685,46145,116565,157054,4
spin_slow,spin,2.0,0.15,38.0935,42,1067665098,686,107320,116641,157069,4
spin_slow,spin,2.0,0.15,38.1114,43,1067683853,687,155049,116679,157017,4
spin_slow,spin,2.0,0.15,38.1346,44,1067706374,687,58589,116761,157020,4
spin_slow,spin,2.0,0.15,38.1536,45,1067725144,687,108963,116823,157046,4
spin_slow,spin,2.0,0.15,38.1705,46,1067743899,688,156543,116889,157035,4
spin_slow,spin,2.0,0.15,38.1947,47,1067766415,688,58639,116964,157040,4
spin_slow,spin,2.0,0.15,38.2147,48,1067787533,694,37123,117090,157003,4
spin_slow,spin,2.0,0.15,38.2348,49,1067806452,688,112922,117099,157011,4
spin_slow,spin,2.0,0.15,38.2517,50,1067825227,690,6518,117234,157041,4
spin_slow,spin,2.0,0.15,38.2749,51,1067847740,690,64577,117282,157047,4
spin_slow,spin,2.0,0.15,38.2949,52,1067866502,690,113147,117383,157028,4
spin_slow,spin,2.0,0.15,38.3129,53,1067885276,698,6923,117436,157055,4
spin_slow,spin,2.0,0.15,38.3371,54,1067907791,692,65270,117527,157022,4
spin_slow,spin,2.0,0.15,38.3665,55,1067927822,692,15813,117579,157043,4
spin_slow,spin,2.0,0.15,38.3971,56,1067948711,697,112031,117581,156983,4
spin_slow,spin,2.0,0.15,38.4076,57,1067978541,692,1236,117716,157018,4
spin_slow,spin,2.0,0.15,38.4192,58,1067990084,693,79285,117760,157028,4
spin_slow,spin,2.0,0.15,38.4362,59,1068009141,693,21437,117825,157007,4
spin_slow,spin,2.0,0.15,38.4594,60,1068031656,693,80822,117871,157020,4
spin_slow,spin,2.0,0.15,38.4794,61,1068051538,694,6617,117936,157006,4
spin_slow,spin,2.0,0.15,38.4994,62,1068070439,694,79712,118008,157000,4
spin_slow,spin,2.0,0.15,38.5163,63,1068089213,694,131115,118071,157024,4
spin_slow,spin,2.0,0.15,38.5395,64,1068111722,695,31808,118143,157028,4
spin_slow,spin,2.0,0.15,38.5595,65,1068131603,695,114244,118181,157030,4
spin_slow,spin,2.0,0.15,38.5617,66,1068132583,695,123726,118235,157033,0
spin_slow,spin,2.0,0.15,38.5764,67,1068149253,695,131297,118235,157004,4
spin_slow,spin,2.0,0.15,38.5997,68,1068171762,696,32151,118352,157050,4
spin_slow,spin,2.0,0.15,38.6188,69,1068190538,703,83628,118409,157032,4
spin_slow,spin,2.0,0.15,38.6357,70,1068209292,697,131636,118515,157052,4
spin_slow,spin,2.0,0.15,38.661,71,1068233063,697,89460,118544,157007,4
spin_slow,spin,2.0,0.15,38.6779,72,1068250579,700,83656,118628,157010,4
spin_slow,spin,2.0,0.15,38.7,73,1068273118,699,145898,118705,157067,4
spin_slow,spin,2.0,0.15,38.72,74,1068291877,699,37177,118767,157047,4
spin_slow,spin,2.0,0.15,38.739,75,1068310663,699,89836,118813,157006,4
spin_slow,spin,2.0,0.15,38.7622,76,1068333073,699,130644,118932,157019,4
spin_slow,spin,2.0,0.15,38.7801,77,1068353034,700,69431,118969,157012,4
spin_slow,spin,2.0,0.15,38.799,78,1068371940,700,143183,119093,157022,4
spin_slow,spin,2.0,0.15,38.8211,79,1068394472,701,47588,119174,157028,4
spin_slow,spin,2.0,0.15,38.8401,80,1068413130,702,78755,119230,157053,4
spin_slow,spin,2.0,0.15,38.8643,81,1068435751,703,155028,119333,157052,4
spin_slow,spin,2.0,0.15,38.8812,82,1068454537,703,50843,119462,157054,4
spin_slow,spin,2.0,0.15,38.9159,83,1068476838,705,73401,119433,156979,4
spin_slow,spin,2.0,0.15,38.9402,84,1068497757,704,18023,119558,157035,4
spin_slow,spin,2.0,0.15,38.955,85,1068516374,704,42089,119693,157061,4
spin_slow,spin,2.0,0.15,38.9645,86,1068537773,710,68579,119743,157029,4
spin_slow,spin,2.0,0.15,38.9814,87,1068554624,704,106818,119808,157011,4
spin_slow,spin,2.0,0.15,39.0035,88,1068577108,706,3828,119905,157047,4
spin_slow,spin,2.0,0.15,39.0236,89,1068595880,706,54575,119991,157051,4
spin_slow,spin,2.0,0.15,39.0405,90,1068614657,706,105837,119996,157009,4
spin_slow,spin,2.0,0.15,39.0605,91,1068633277,706,130715,120082,157028,4
spin_slow,spin,2.0,0.15,39.0648,92,1068637317,707,32507,120110,157010,4
spin_slow,spin,2.0,0.15,39.0838,93,1068655936,707,57012,120165,157032,4
spin_slow,spin,2.0,0.15,39.1059,94,1068679576,709,149801,120233,157010,4
spin_slow,spin,2.0,0.15,39.1249,95,1068698332,708,41142,120292,157001,4
spin_slow,spin,2.0,0.15,39.1439,96,1068717096,708,90502,120389,157025,4
spin_slow,spin,2.0,0.15,39.1619,97,1068735861,709,139825,120495,157077,4
spin_slow,spin,2.0,0.15,39.1851,98,1068758390,709,43734,120548,157033,4
spin_slow,spin,2.0,0.15,39.2052,99,1068777165,710,94559,120646,157063,4
spin_slow,spin,2.0,0.15,39.2252,100,1068795963,710,149295,120702,157058,4
spin_slow,spin,2.0,0.15,39.2453,101,1068818466,710,48270,120811,157016,4
spin_slow,spin,2.0,0.15,39.2654,102,1068837217,710,95296,120887,157027,4
spin_slow,spin,2.0,0.15,39.2864,103,1068859745,712,156152,120961,157024,4
spin_slow,spin,2.0,0.15,39.3054,104,1068878486,712,44864,120995,157013,4
spin_slow,spin,2.0,0.15,39.3255,105,1068897270,712,97527,121090,157049,4
spin_slow,spin,2.0,0.15,39.3456,106,1068919773,707,153441,121221,157069,4
spin_slow,spin,2.0,0.15,39.3646,107,1068938551,713,47389,121280,157046,4
spin_slow,spin,2.0,0.15,39.3835,108,1068957322,714,97276,121356,157039,4
spin_slow,spin,2.0,0.15,39.4046,109,1068978583,715,99342,121447,157062,4
spin_slow,spin,2.0,0.15,39.43,110,1069001124,715,4846,121590,157047,4
spin_slow,spin,2.0,0.15,39.4457,111,1069019892,716,54493,121674,157060,4
spin_slow,spin,2.0,0.15,39.47,112,1069042426,717,115853,121768,157028,4
spin_slow,spin,2.0,0.15,39.4889,113,1069061179,717,5739,121878,157076,4
spin_slow,spin,2.0,0.15,39.51,114,1069083697,717,64107,121928,157046,4
spin_slow,spin,2.0,0.15,39.5289,115,1069102482,718,116158,122034,157075,4
spin_slow,spin,2.0,0.15,39.5479,116,1069121255,718,9584,122092,157064,4
spin_slow,spin,2.0,0.15,39.5606,117,1069132880,720,101274,122126,157046,4
spin_slow,spin,2.0,0.15,39.5711,118,1069144750,718,77538,122158,157042,4
spin_slow,spin,2.0,0.15,39.5922,119,1069161363,718,74925,122270,157039,4
spin_slow,spin,2.0,0.15,39.6112,120,1069185043,720,17604,122307,157038,4
spin_slow,spin,2.0,0.15,39.6303,121,1069203840,720,72186,122396,157009,4
spin_slow,spin,2.0,0.15,39.6534,122,1069222634,721,126758,122474,157020,4
spin_slow,spin,2.0,0.15,39.6714,123,1069245106,721,21078,122594,157021,4
spin_slow,spin,2.0,0.15,39.6991,124,1069270133,722,35255,122690,157041,4
spin_slow,spin,2.0,0.15,39.7214,125,1069283572,722,121283,122696,157050,4
spin_slow,spin,2.0,0.15,39.7332,126,1069304889,723,133469,122741,157003,4
spin_slow,spin,2.0,0.15,39.7512,127,1069325185,723,128970,122890,157059,4
spin_slow,spin,2.0,0.15,39.7702,0,1069343946,723,19980,122937,157016,4
spin_slow,spin,2.0,0.15,39.7892,1,1069362716,724,70218,122974,157016,4
spin_slow,spin,2.0,0.15,39.8115,2,1069385232,724,129194,123100,157027,4
spin_slow,spin,2.0,0.15,39.8305,3,1069404002,724,21875,123139,157030,4
spin_slow,spin,2.0,0.15,39.8537,4,1069426546,725,84842,123178,157031,4
spin_slow,spin,2.0,0.15,39.8737,5,1069446554,726,31371,123319,157067,4
spin_slow,spin,2.0,0.15,39.894,6,1069467814,726,32866,123413,157090,4
spin_slow,spin,2.0,0.15,39.9141,7,1069486599,726,84801,123457,157090,4
spin_slow,spin,2.0,0.15,39.9322,8,1069505366,726,134068,123444,157049,4
spin_slow,spin,2.0,0.15,39.9544,9,1069527895,727,37517,123522,157039,4
spin_slow,spin,2.0,0.15,39.9745,10,1069546648,727,84905,123615,157059,4
spin_slow,spin,2.0,0.15,39.9914,11,1069565418,723,134649,123663,157022,4
spin_slow,spin,2.0,0.15,40.0145,12,1069587944,729,38503,123790,157035,4
spin_slow,spin,2.0,0.15,40.0345,13,1069606725,728,90342,123866,157040,4
spin_slow,spin,2.0,0.15,40.0567,14,1069629221,729,146048,123944,157026,4
spin_slow,spin,2.0,0.15,40.0642,15,1069637576,729,152898,123930,157033,4
spin_slow,spin,2.0,0.15,40.0705,16,1069647698,730,146118,124017,157077,4
spin_slow,spin,2.0,0.15,40.0937,17,1069668020,730,145817,124123,157066,4
spin_slow,spin,2.0,0.15,40.1148,18,1069686812,731,42186,124197,157069,4
spin_slow,spin,2.0,0.15,40.1349,19,1069709301,731,95405,124246,157084,4
spin_slow,spin,2.0,0.15,40.1539,20,1069728090,731,147885,124310,157038,4
spin_slow,spin,2.0,0.15,40.1739,21,1069748073,730,90168,124310,157016,4
spin_slow,spin,2.0,0.15,40.194,22,1069766884,731,147240,124435,157035,4
spin_slow,spin,2.0,0.15,40.2363,23,1069789388,740,46379,124527,157050,4
spin_slow,spin,2.0,0.15,40.249,24,1069820415,732,137503,124608,157061,4
spin_slow,spin,2.0,0.15,40.2669,25,1069830249,732,81848,124624,157033,4
spin_slow,spin,2.0,0.15,40.2795,26,1069850329,734,40354,124719,157048,4
spin_slow,spin,2.0,0.15,40.2943,27,1069868211,734,95780,124824,157087,4
spin_slow,spin,2.0,0.15,40.3165,28,1069890741,734,156837,124819,157044,4
spin_slow,spin,2.0,0.15,40.3356,29,1069909494,734,47040,124859,157040,4
spin_slow,spin,2.0,0.15,40.3566,30,1069932048,735,112244,124946,157044,4
spin_slow,spin,2.0,0.15,40.3756,31,1069950808,735,3019,125048,157077,4
spin_slow,spin,2.0,0.15,40.3988,32,1069973442,736,80441,125162,157080,4
spin_slow,spin,2.0,0.15,40.4187,33,1069992113,737,112752,125245,157093,4
spin_slow,spin,2.0,0.15,40.4388,34,1070013377,736,114668,125255,157057,4
spin_slow,spin,2.0,0.15,40.4609,35,1070032165,737,9928,125313,157083,4
spin_slow,spin,2.0,0.15,40.4787,36,1070053424,738,11027,125417,157108,4
spin_slow,spin,2.0,0.15,40.5009,37,1070075943,738,69354,125461,157076,4
spin_slow,spin,2.0,0.15,40.523,38,1070094716,739,119521,125478,157048,4
spin_slow,spin,2.0,0.15,40.5432,39,1070117253,739,24003,125591,157045,4
spin_slow,spin,2.0,0.15,40.5653,40,1070136768,740,43338,125619,157034,4
spin_slow,spin,2.0,0.15,40.5675,41,1070137720,739,48021,125655,157028,0
spin_slow,spin,2.0,0.15,40.5801,42,1070154786,739,122753,125672,157011,4
spin_slow,spin,2.0,0.15,40.6023,43,1070177285,740,21401,125803,157073,4
spin_slow,spin,2.0,0.15,40.6213,44,1070196054,741,71455,125809,157038,4
spin_slow,spin,2.0,0.15,40.6403,45,1070214821,740,120988,125870,157064,4
spin_slow,spin,2.0,0.15,40.6616,46,1070237342,742,22876,125971,157042,4
spin_slow,spin,2.0,0.15,40.6806,47,1070256109,741,72026,126019,157056,4
spin_slow,spin,2.0,0.15,40.7048,48,1070278648,742,134005,126138,157069,4
spin_slow,spin,2.0,0.15,40.7216,49,1070297421,742,27066,126264,157075,4
spin_slow,spin,2.0,0.15,40.7449,50,1070319932,743,84474,126339,157076,4
spin_slow,spin,2.0,0.15,40.7639,51,1070338739,743,140298,126386,157100,4
spin_slow,spin,2.0,0.15,40.7839,52,1070357480,744,27756,126487,157068,4
spin_slow,spin,2.0,0.15,40.805,53,1070380017,743,89542,126555,157103,4
spin_slow,spin,2.0,0.15,40.8239,54,1070398914,745,3234,126650,157086,4
spin_slow,spin,2.0,0.15,40.846,55,1070421286,745,37031,126695,157037,4
spin_slow,spin,2.0,0.15,40.8662,56,1070440074,744,89539,126755,157069,4
spin_slow,spin,2.0,0.15,40.8851,57,1070460067,746,33513,126814,157047,4
spin_slow,spin,2.0,0.15,40.9052,58,1070478978,753,107540,126863,157019,4
spin_slow,spin,2.0,0.15,40.9262,59,1070501361,748,143994,126924,157073,4
spin_slow,spin,2.0,0.15,40.9463,60,1070520135,747,37856,127028,157030,4
spin_slow,spin,2.0,0.15,40.9654,61,1070540177,747,146877,127055,157025,4
spin_slow,spin,2.0,0.15,40.9875,62,1070562668,748,44374,127197,157051,4
spin_slow,spin,2.0,0.15,41.0159,63,1070588910,749,107696,127271,157048,4
spin_slow,spin,2.0,0.15,41.0392,64,1070601284,749,12772,127315,157056,4
spin_slow,spin,2.0,0.15,41.0508,65,1070623700,750,54517,127421,157045,4
spin_slow,spin,2.0,0.15,41.0592,66,1070635039,749,97608,127408,157032,4
spin_slow,spin,2.0,0.15,41.0697,67,1070644953,749,55594,127503,157048,4
spin_slow,spin,2.0,0.15,41.0855,68,1070661510,751,43624,127559,157032,4
spin_slow,spin,2.0,0.15,41.1098,69,1070684165,751,126565,127636,157026,4
spin_slow,spin,2.0,0.15,41.1267,70,1070702925,752,18439,127689,156998,4
spin_slow,spin,2.0,0.15,41.1563,71,1070725322,752,57216,127790,157032,4
spin_slow,spin,2.0,0.15,41.169,72,1070742955,753,70946,127873,157039,4
spin_slow,spin,2.0,0.15,41.19,73,1070765360,753,111222,127965,157006,4
spin_slow,spin,2.0,0.15,41.209,74,1070784251,751,25200,128021,157032,4
spin_slow,spin,2.0,0.15,41.2311,75,1070806763,754,83012,128107,157047,4
spin_slow,spin,2.0,0.15,41.2501,76,1070825519,754,131469,128127,157013,4
spin_slow,spin,2.0,0.15,41.2722,77,1070845404,754,57087,128215,157042,4
spin_slow,spin,2.0,0.15,41.2901,78,1070865582,755,32286,128323,157025,4
spin_slow,spin,2.0,0.15,41.3122,79,1070888073,755,87401,128433,157028,4
spin_slow,spin,2.0,0.15,41.3311,80,1070906759,756,123768,128478,156983,4
spin_slow,spin,2.0,0.15,41.3543,81,1070929358,757,40327,128651,157010,4
spin_slow,spin,2.0,0.15,41.3722,82,1070948126,757,90128,128739,157028,4
spin_slow,spin,2.0,0.15,41.3953,83,1070970633,765,147878,128867,157009,4
spin_slow,spin,2.0,0.15,41.4122,84,1070988060,759,126611,128928,157021,4
spin_slow,spin,2.0,0.15,41.4353,85,1071010656,759,42106,129013,157035,4
spin_slow,spin,2.0,0.15,41.4543,86,1071029338,764,76948,129115,157068,4
spin_slow,spin,2.0,0.15,41.4764,87,1071051957,760,152820,129136,157065,4
spin_slow,spin,2.0,0.15,41.4985,88,1071070648,759,32224,129210,157046,4
spin_slow,spin,2.0,0.15,41.5164,89,1071092011,761,52095,129288,157046,4
spin_slow,spin,2.0,0.15,41.5353,90,1071110695,761,87623,129383,157071,4
spin_slow,spin,2.0,0.15,41.5796,91,1071140593,761,144142,129476,157022,4
spin_slow,spin,2.0,0.15,41.5796,92,1071141934,761,58143,129470,157036,4
spin_slow,spin,2.0,0.15,41.5976,93,1071162801,762,150186,129499,157046,4
spin_slow,spin,2.0,0.15,41.6061,94,1071179028,763,82226,129566,157018,4
spin_slow,spin,2.0,0.15,41.6176,95,1071192896,763,84129,129630,157043,4
spin_slow,spin,2.0,0.15,41.6367,96,1071212107,763,52427,129677,157003,4
spin_slow,spin,2.0,0.15,41.6589,97,1071234645,764,115027,129781,157040,4
spin_slow,spin,2.0,0.15,41.6758,98,1071253396,767,4990,129797,157019,4
spin_slow,spin,2.0,0.15,41.7,99,1071274662,765,8630,129877,156975,4
spin_slow,spin,2.0,0.15,41.7169,100,1071293434,765,60018,129987,157014,4
spin_slow,spin,2.0,0.15,41.74,101,1071315918,765,114246,130090,156997,4
spin_slow,spin,2.0,0.15,41.7569,102,1071334704,766,10612,130120,156991,4
spin_slow,spin,2.0,0.15,41.779,103,1071355963,766,12933,130264,157026,4
spin_slow,spin,2.0,0.15,41.8042,104,1071378359,772,51375,130335,157013,4
spin_slow,spin,2.0,0.15,41.82,105,1071397247,767,122167,130434,157047,4
spin_slow,spin,2.0,0.15,41.8442,106,1071418515,768,126051,130492,157022,4
spin_slow,spin,2.0,0.15,41.8611,107,1071437272,768,16920,130583,157043,4
spin_slow,spin,2.0,0.15,41.8842,108,1071459798,768,78070,130604,157028,4
spin_slow,spin,2.0,0.15,41.9044,109,1071478563,768,127149,130700,157044,4
spin_slow,spin,2.0,0.15,41.9244,110,1071498600,769,78876,130773,157043,4
spin_slow,spin,2.0,0.15,41.9455,111,1071521104,770,135833,130837,157038,4
spin_slow,spin,2.0,0.15,41.9634,112,1071538612,770,128976,130905,157016,4
spin_slow,spin,2.0,0.15,41.9846,113,1071561018,771,11701,131040,157042,4
spin_slow,spin,2.0,0.15,42.0046,114,1071579901,772,80822,131101,157024,4
spin_slow,spin,2.0,0.15,42.0247,115,1071598675,770,131055,131123,157007,4
spin_slow,spin,2.0,0.15,42.0416,116,1071618689,772,79405,131217,157029,4
spin_slow,spin,2.0,0.15,42.0647,117,1071638536,773,155476,131305,157031,4
spin_slow,spin,2.0,0.15,42.0647,118,1071639488,773,3220,131310,157049,4
spin_slow,spin,2.0,0.15,42.0849,119,1071661122,772,68904,131365,157067,4
spin_slow,spin,2.0,0.15,42.105,120,1071679995,773,136263,131416,157043,4
spin_slow,spin,2.0,0.15,42.126,121,1071702505,774,36871,131535,157041,4
spin_slow,spin,2.0,0.15,42.145,122,1071721198,774,73778,131641,157075,4
spin_slow,spin,2.0,0.15,42.1652,123,1071740045,774,136192,131715,157099,4
spin_slow,spin,2.0,0.15,42.1864,124,1071762574,775,39781,131722,157034,4
spin_slow,spin,2.0,0.15,42.2055,125,1071781325,776,86538,131826,157071,4
spin_slow,spin,2.0,0.15,42.2288,126,1071803853,776,146955,131867,157069,4
spin_slow,spin,2.0,0.15,42.2458,127,1071822637,776,41664,131959,157093,4
spin_slow,spin,2.0,0.15,42.2648,0,1071841392,776,88565,131976,157063,4
spin_slow,spin,2.0,0.15,42.2892,1,1071863924,777,150017,132068,157041,4
spin_slow,spin,2.0,0.15,42.3061,2,1071882683,776,41400,132083,157010,4
spin_slow,spin,2.0,0.15,42.3347,3,1071907716,778,57578,132194,157013,4
spin_slow,spin,2.0,0.15,42.359,4,1071922728,777,97032,132265,157048,4
spin_slow,spin,2.0,0.15,42.3759,5,1071943592,780,32425,132267,157002,4
spin_slow,spin,2.0,0.15,42.3854,6,1071961721,778,130708,132358,157023,4
spin_slow,spin,2.0,0.15,42.4075,7,1071984013,779,151686,132421,157056,4
spin_slow,spin,2.0,0.15,42.4265,8,1072002799,779,47184,132471,157022,4
spin_slow,spin,2.0,0.15,42.4507,9,1072025315,780,106139,132585,157018,4
spin_slow,spin,2.0,0.15,42.4676,10,1072044082,781,155304,132657,157079,4
spin_slow,spin,2.0,0.15,42.4865,11,1072062844,781,46639,132686,157045,4
spin_slow,spin,2.0,0.15,42.5098,12,1072085373,781,108439,132750,156988,4
spin_slow,spin,2.0,0.15,42.5266,13,1072104127,782,155781,132873,157058,4
spin_slow,spin,2.0,0.15,42.549,14,1072125409,782,4953,132912,157050,4
spin_slow,spin,2.0,0.15,42.5617,15,1072137899,783,86497,132989,157049,4
spin_slow,spin,2.0,0.15,42.5691,16,1072146297,789,100728,132994,157051,4
spin_slow,spin,2.0,0.15,42.587,17,1072164174,782,156239,133041,157011,4
spin_slow,spin,2.0,0.15,42.6071,18,1072182930,783,47348,133133,157037,4
spin_slow,spin,2.0,0.15,42.6272,19,1072204069,783,29888,133194,157022,4
spin_slow,spin,2.0,0.15,42.6462,20,1072222969,784,102225,133297,157051,4
spin_slow,spin,2.0,0.15,42.6695,21,1072245484,786,3751,133413,157052,4
spin_slow,spin,2.0,0.15,42.6865,22,1072264277,785,57284,133456,157064,4
spin_slow,spin,2.0,0.15,42.7056,23,1072283007,787,100364,133594,157083,4
spin_slow,spin,2.0,0.15,42.7299,24,1072305550,787,6158,133641,157051,4
spin_slow,spin,2.0,0.15,42.7468,25,1072324313,786,54546,133724,157062,4
spin_slow,spin,2.0,0.15,42.77,26,1072346847,787,115775,133846,157066,4
spin_slow,spin,2.0,0.15,42.79,27,1072365600,788,5281,133884,157069,4
spin_slow,spin,2.0,0.15,42.8111,28,1072388138,788,66882,133956,157063,4
spin_slow,spin,2.0,0.15,42.8301,29,1072406888,788,113541,134048,157040,4
spin_slow,spin,2.0,0.15,42.8491,30,1072425671,789,8779,134076,157026,4
spin_slow,spin,2.0,0.15,42.8861,31,1072448209,796,71589,134156,157033,4
spin_slow,spin,2.0,0.15,42.9009,32,1072466037,789,118816,134216,157013,4
spin_slow,spin,2.0,0.15,42.9221,33,1072487816,791,52629,134294,157018,4
spin_slow,spin,2.0,0.15,42.9348,34,1072509031,791,47410,134377,157022,4
spin_slow,spin,2.0,0.15,42.9497,35,1072527010,790,120541,134442,157007,4
spin_slow,spin,2.0,0.15,42.973,36,1072549533,792,23129,134562,157058,4
spin_slow,spin,2.0,0.15,42.992,37,1072568289,792,70688,134625,157049,4
spin_slow,spin,2.0,0.15,43.0099,38,1072587061,794,120790,134672,157056,4
spin_slow,spin,2.0,0.15,43.0321,39,1072609608,792,27767,134715,157016,4
spin_slow,spin,2.0,0.15,43.051,40,1072628369,793,76331,134819,157049,4
spin_slow,spin,2.0,0.15,43.0605,41,1072639892,791,150567,134870,157011,4
spin_slow,spin,2.0,0.15,43.07,42,1072648178,793,146050,134901,157020,4
spin_slow,spin,2.0,0.15,43.0921,43,1072669662,794,30009,134963,156995,4
spin_slow,spin,2.0,0.15,43.1111,44,1072688424,795,78795,135057,157016,4
spin_slow,spin,2.0,0.15,43.1354,45,1072710941,795,137909,135132,157022,4
spin_slow,spin,2.0,0.15,43.1523,46,1072729711,795,31726,135261,157030,4
spin_slow,spin,2.0,0.15,43.1713,47,1072748470,796,80333,135377,157032,4
spin_slow,spin,2.0,0.15,43.1955,48,1072770811,795,109687,135447,157021,4
spin_slow,spin,2.0,0.15,43.2124,49,1072789760,798,33374,135565,157026,4
spin_slow,spin,2.0,0.15,43.2355,50,1072812272,797,92283,135625,157012,4
spin_slow,spin,2.0,0.15,43.2556,51,1072831043,799,142866,135759,157041,4
spin_slow,spin,2.0,0.15,43.2745,52,1072849806,800,35326,135854,157051,4
spin_slow,spin,2.0,0.15,43.2956,53,1072873561,800,147662,135915,157022,4
spin_slow,spin,2.0,0.15,43.3145,54,1072892333,800,40940,135985,157031,4
spin_slow,spin,2.0,0.15,43.3366,55,1072914852,804,100096,136060,157025,4
spin_slow,spin,2.0,0.15,43.3556,56,1072933606,799,147929,136147,157026,4
spin_slow,spin,2.0,0.15,43.3746,57,1072952377,802,41040,136245,157064,4
spin_slow,spin,2.0,0.15,43.3967,58,1072974897,805,100295,136292,157032,4
spin_slow,spin,2.0,0.15,43.4156,59,1072993682,802,153030,136349,157040,4
spin_slow,spin,2.0,0.15,43.4399,60,1073016198,802,54879,136398,157019,4
spin_slow,spin,2.0,0.15,43.4567,61,1073034956,804,103131,136527,157037,4
spin_slow,spin,2.0,0.15,43.4799,62,1073057483,803,6872,136591,157026,4
spin_slow,spin,2.0,0.15,43.4999,63,1073077340,803,85129,136625,157019,4
spin_slow,spin,2.0,0.15,43.5199,64,1073096258,805,3876,136753,157032,4
spin_slow,spin,2.0,0.15,43.543,65,1073118790,804,65191,136846,157054,4
spin_slow,spin,2.0,0.15,43.5621,66,1073138800,806,11972,136927,157020,4
spin_slow,spin,2.0,0.15,43.5664,67,1073141311,805,124697,136923,157060,4
spin_slow,spin,2.0,0.15,43.5801,68,1073156325,806,7009,136985,157039,4
spin_slow,spin,2.0,0.15,43.6011,69,1073178823,806,62405,137039,157061,4
spin_slow,spin,2.0,0.15,43.6201,70,1073197596,806,112670,137128,157071,4
spin_slow,spin,2.0,0.15,43.6517,71,1073226397,802,139825,137209,157049,4
spin_slow,spin,2.0,0.15,43.6738,72,1073239672,809,40605,137286,157077,4
spin_slow,spin,2.0,0.15,43.6854,73,1073260995,808,53226,137357,157073,4
spin_slow,spin,2.0,0.15,43.7055,74,1073281437,815,72829,137409,157045,4
spin_slow,spin,2.0,0.15,43.7225,75,1073300206,809,123043,137457,157054,4
spin_slow,spin,2.0,0.15,43.7415,76,1073318987,808,17528,137512,157031,4
spin_slow,spin,2.0,0.15,43.7646,77,1073341340,809,48522,137623,157074,4
spin_slow,spin,2.0,0.15,43.7816,78,1073360256,811,123490,137632,156995,4
spin_slow,spin,2.0,0.15,43.8049,79,1073382768,810,24854,137725,157013,4
spin_slow,spin,2.0,0.15,43.8251,80,1073401532,811,74146,137844,157019,4
spin_slow,spin,2.0,0.15,43.842,81,1073420298,811,123684,137916,157057,4
spin_slow,spin,2.0,0.15,43.8673,82,1073442814,812,25646,138023,157048,4
spin_slow,spin,2.0,0.15,43.8852,83,1073462826,818,129914,138065,157016,4
spin_slow,spin,2.0,0.15,43.9055,84,1073481588,813,21464,138185,157061,4
spin_slow,spin,2.0,0.15,43.9224,85,1073500389,816,76579,138263,157062,4
spin_slow,spin,2.0,0.15,43.9478,86,1073522879,814,130986,138339,157064,4
spin_slow,spin,2.0,0.15,43.9659,87,1073542919,814,82646,138356,157033,4
spin_slow,spin,2.0,0.15,43.9859,88,1073561554,815,109967,138443,157045,4
spin_slow,spin,2.0,0.15,44.0048,89,1073582953,814,136089,138428,156989,4
spin_slow,spin,2.0,0.15,44.0249,90,1073602792,815,54028,138594,157049,4
spin_slow,spin,2.0,0.15,44.0449,91,1073621698,816,126997,138630,157046,4
spin_slow,spin,2.0,0.15,44.0703,92,1073645482,815,87534,138690,157027,4
spin_slow,spin,2.0,0.15,44.0724,93,1073646426,816,90853,138707,157048,0
spin_slow,spin,2.0,0.15,44.0851,94,1073661775,823,30821,138780,157039,4
spin_slow,spin,2.0,0.15,44.1061,95,1073683044,816,34666,138789,157010,4
spin_slow,spin,2.0,0.15,44.1274,96,1073704318,819,39023,138959,157073,4
spin_slow,spin,2.0,0.15,44.1485,97,1073725571,818,39809,138933,157040,4
spin_slow,spin,2.0,0.15,44.1664,98,1073744357,818,92744,139041,157037,4
spin_slow,spin,2.0,0.15,44.1855,99,1073763108,818,139913,139109,157014,4
spin_slow,spin,2.0,0.15,44.2308,100,1073792944,819,30894,139222,157024,4
spin_slow,spin,2.0,0.15,44.2466,101,1073812413,819,43124,139273,157039,4
spin_slow,spin,2.0,0.15,44.2624,102,1073836783,820,103272,139332,157019,4
spin_slow,spin,2.0,0.15,44.2698,103,1073847174,820,142574,139372,157001,4
spin_slow,spin,2.0,0.15,44.2867,104,1073865660,820,144509,139431,157024,4
spin_slow,spin,2.0,0.15,44.3057,105,1073884458,820,42612,139488,157024,4
spin_slow,spin,2.0,0.15,44.33,106,1073906940,821,96033,139558,157017,4
spin_slow,spin,2.0,0.15,44.3469,107,1073925732,815,150404,139565,157023,4
spin_slow,spin,2.0,0.15,44.3659,108,1073944490,822,41543,139684,157074,4
spin_slow,spin,2.0,0.15,44.3905,109,1073967005,822,99609,139733,157045,4
spin_slow,spin,2.0,0.15,44.4074,110,1073985811,822,155594,139727,157040,4
spin_slow,spin,2.0,0.15,44.4265,111,1074004582,823,48815,139823,157016,4
spin_slow,spin,2.0,0.15,44.4487,112,1074027063,822,102201,139920,157039,4
spin_slow,spin,2.0,0.15,44.4667,113,1074045849,824,154985,140030,157054,4
spin_slow,spin,2.0,0.15,44.49,114,1074068383,824,59159,140061,157030,4
spin_slow,spin,2.0,0.15,44.5101,115,1074087129,824,105246,140159,157048,4
spin_slow,spin,2.0,0.15,44.5312,116,1074108239,825,81904,140264,157039,4
spin_slow,spin,2.0,0.15,44.5492,117,1074127170,824,2236,140375,157078,4
spin_slow,spin,2.0,0.15,44.5673,118,1074142172,825,39877,140385,157048,4
spin_slow,spin,2.0,0.15,44.5725,119,1074150638,826,65760,140432,157016,4
spin_slow,spin,2.0,0.15,44.5874,120,1074165983,832,4912,140487,157033,4
spin_slow,spin,2.0,0.15,44.6096,121,1074188491,829,62984,140584,157014,4
spin_slow,spin,2.0,0.15,44.6308,122,1074207228,828,107737,140616,157007,4
spin_slow,spin,2.0,0.15,44.6467,123,1074226015,828,3964,140722,157039,4
spin_slow,spin,2.0,0.15,44.6711,124,1074248537,828,63509,140831,157076,4
spin_slow,spin,2.0,0.15,44.6913,125,1074267276,830,107956,140896,157062,4
spin_slow,spin,2.0,0.15,44.7105,126,1074289842,830,17995,140972,157063,4
spin_slow,spin,2.0,0.15,44.7296,127,1074308590,829,64250,141023,157033,4
spin_slow,spin,2.0,0.15,44.7498,0,1074327330,830,108899,141073,157049,4
spin_slow,spin,2.0,0.15,44.7721,1,1074349871,832,14407,141175,157079,4
spin_slow,spin,2.0,0.15,44.7902,2,1074368648,831,65634,141234,157057,4
spin_slow,spin,2.0,0.15,44.8095,3,1074388497,831,142068,141275,157015,4
spin_slow,spin,2.0,0.15,44.8317,4,1074411140,832,66029,141411,157046,4
spin_slow,spin,2.0,0.15,44.8507,5,1074429941,833,121437,141526,157044,4
spin_slow,spin,2.0,0.15,44.8697,6,1074448674,833,8321,141582,157021,4
spin_slow,spin,2.0,0.15,44.8918,7,1074471205,833,69841,141616,157015,4
spin_slow,spin,2.0,0.15,44.9108,8,1074489974,834,119603,141753,157043,4
spin_slow,spin,2.0,0.15,44.9308,9,1074509989,834,66859,141841,157054,4
spin_slow,spin,2.0,0.15,44.9604,10,1074528760,835,116943,141951,157049,4
spin_slow,spin,2.0,0.15,44.9751,11,1074548911,835,87678,141987,157050,4
spin_slow,spin,2.0,0.15,45.0025,12,1074577566,835,90380,142135,157086,4
spin_slow,spin,2.0,0.15,45.0109,13,1074591008,836,19396,142162,157034,4
spin_slow,spin,2.0,0.15,45.0352,14,1074612600,840,77143,142301,157139,4
spin_slow,spin,2.0,0.15,45.0542,15,1074631356,837,123771,142341,157098,4
spin_slow,spin,2.0,0.15,45.0658,16,1074643883,836,53875,142406,157133,4
spin_slow,spin,2.0,0.15,45.0721,17,1074652305,838,71592,142428,157075,4
spin_slow,spin,2.0,0.15,45.0911,18,1074670189,839,127267,142483,157090,4
spin_slow,spin,2.0,0.15,45.1153,19,1074692690,838,24934,142563,157093,4
spin_slow,spin,2.0,0.15,45.1332,20,1074711488,846,79227,142635,157046,4
spin_slow,spin,2.0,0.15,45.1512,21,1074730227,840,123686,142741,157079,4
spin_slow,spin,2.0,0.15,45.1755,22,1074752760,840,27745,142857,157082,4
spin_slow,spin,2.0,0.15,45.1924,23,1074771529,843,76636,142929,157079,4
spin_slow,spin,2.0,0.15,45.2156,24,1074794057,844,136910,143008,157039,4
spin_slow,spin,2.0,0.15,45.2345,25,1074812806,842,25895,143123,157080,4
spin_slow,spin,2.0,0.15,45.2517,26,1074831606,842,80764,143177,157057,4
spin_slow,spin,2.0,0.15,45.2749,27,1074854114,847,137646,143240,157042,4
spin_slow,spin,2.0,0.15,45.2949,28,1074872887,843,31276,143307,157031,4
spin_slow,spin,2.0,0.15,45.315,29,1074892904,844,135924,143429,157080,4
spin_slow,spin,2.0,0.15,45.3363,30,1074915419,844,36903,143460,157073,4
spin_slow,spin,2.0,0.15,45.3553,31,1074934193,845,87383,143520,157056,4
spin_slow,spin,2.0,0.15,45.3753,32,1074954053,844,8170,143636,157058,4
spin_slow,spin,2.0,0.15,45.3954,33,1074972969,846,82514,143681,157063,4
spin_slow,spin,2.0,0.15,45.4175,34,1074995503,845,143627,143716,157064,4
spin_slow,spin,2.0,0.15,45.4365,35,1075014251,853,33378,143820,157052,4
spin_slow,spin,2.0,0.15,45.4565,36,1075036776,846,93222,143908,157064,4
spin_slow,spin,2.0,0.15,45.4757,37,1075055551,847,143722,143993,157073,4
spin_slow,spin,2.0,0.15,45.4946,38,1075074328,847,37368,144060,157064,4
spin_slow,spin,2.0,0.15,45.54,39,1075102932,847,31242,144134,157058,4
spin_slow,spin,2.0,0.15,45.5547,40,1075122420,849,45767,144277,157090,4
spin_slow,spin,2.0,0.15,45.5665,41,1075144792,849,78801,144366,157103,4
spin_slow,spin,2.0,0.15,45.5676,42,1075145726,843,80447,144370,157110,0
spin_slow,spin,2.0,0.15,45.5772,43,1075156613,850,46165,144364,157065,4
spin_slow,spin,2.0,0.15,45.5993,44,1075178184,850,100961,144440,157064,4
spin_slow,spin,2.0,0.15,45.6172,45,1075196941,858,148357,144525,157062,4
spin_slow,spin,2.0,0.15,45.6404,46,1075219483,850,54514,144581,157050,4
spin_slow,spin,2.0,0.15,45.6594,47,1075239340,851,132090,144673,157066,4
spin_slow,spin,2.0,0.15,45.6806,48,1075258270,852,52026,144705,157060,4
spin_slow,spin,2.0,0.15,45.6975,49,1075277045,852,102696,144767,157045,4
spin_slow,spin,2.0,0.15,45.7198,50,1075299534,852,156165,144884,157065,4
spin_slow,spin,2.0,0.15,45.7399,51,1075318326,854,52042,144997,157085,4
spin_slow,spin,2.0,0.15,45.7568,52,1075337094,852,101543,145008,157018,4
spin_slow,spin,2.0,0.15,45.78,53,1075359615,853,4082,145083,157016,4
spin_slow,spin,2.0,0.15,45.8012,54,1075378372,855,51553,145191,157048,4
spin_slow,spin,2.0,0.15,45.8224,55,1075400882,861,108523,145290,157072,4
spin_slow,spin,2.0,0.15,45.8397,56,1075419680,854,5749,145374,157084,4
spin_slow,spin,2.0,0.15,45.8603,57,1075438450,855,55193,145427,157057,4
spin_slow,spin,2.0,0.15,45.881,58,1075460954,855,111565,145495,157047,4
spin_slow,spin,2.0,0.15,45.901,59,1075479732,857,5576,145564,157040,4
spin_slow,spin,2.0,0.15,45.9217,60,1075502266,857,67006,145629,157028,4
spin_slow,spin,2.0,0.15,45.9458,61,1075524777,857,124460,145738,157062,4
spin_slow,spin,2.0,0.15,45.9646,62,1075544646,858,46918,145794,157041,4
spin_slow,spin,2.0,0.15,45.9852,63,1075563542,858,118477,145854,157024,4
spin_slow,spin,2.0,0.15,46.0066,64,1075586099,857,27017,145905,157039,4
spin_slow,spin,2.0,0.15,46.0258,65,1075604830,858,70576,146007,157065,4
spin_slow,spin,2.0,0.15,46.047,66,1075627386,859,135530,146057,157036,4
spin_slow,spin,2.0,0.15,46.0704,67,1075647385,858,80386,146113,157055,4
spin_slow,spin,2.0,0.15,46.0704,68,1075648330,859,83981,146146,157051,0
spin_slow,spin,2.0,0.15,46.0874,69,1075664895,861,73133,146146,157049,4
spin_slow,spin,2.0,0.15,46.1054,70,1075684903,863,19524,146234,157061,4
spin_slow,spin,2.0,0.15,46.1275,71,1075707450,861,83512,146289,157039,4
spin_slow,spin,2.0,0.15,46.1465,72,1075724944,863,73391,146324,157037,4
spin_slow,spin,2.0,0.15,46.1666,73,1075747483,861,135829,146432,157071,4
spin_slow,spin,2.0,0.15,46.1859,74,1075766261,861,30009,146477,157038,4
spin_slow,spin,2.0,0.15,46.2102,75,1075788742,862,81889,146601,157090,4
spin_slow,spin,2.0,0.15,46.2303,76,1075808678,863,15273,146648,157060,4
spin_slow,spin,2.0,0.15,46.2471,77,1075827572,863,86121,146694,157024,4
spin_slow,spin,2.0,0.15,46.2787,78,1075850073,869,142021,146807,157065,4
spin_slow,spin,2.0,0.15,46.3103,79,1075882834,864,56718,146917,157101,4
spin_slow,spin,2.0,0.15,46.3188,80,1075897094,869,124907,146955,157057,4
spin_slow,spin,2.0,0.15,46.3304,81,1075909692,866,67936,146984,157048,4
spin_slow,spin,2.0,0.15,46.3514,82,1075931406,865,146280,147043,157072,4
spin_slow,spin,2.0,0.15,46.3704,83,1075950183,865,40419,147123,157035,4
spin_slow,spin,2.0,0.15,46.3926,84,1075972703,866,99168,147272,157073,4
spin_slow,spin,2.0,0.15,46.4115,85,1075991487,862,151408,147320,157052,4
spin_slow,spin,2.0,0.15,46.4347,86,1076013983,868,49543,147426,157074,4
spin_slow,spin,2.0,0.15,46.4515,87,1076032776,868,102795,147529,157103,4
spin_slow,spin,2.0,0.15,46.4747,88,1076055291,869,3385,147655,157116,4
spin_slow,spin,2.0,0.15,46.4947,89,1076074084,875,56580,147664,157082,4
spin_slow,spin,2.0,0.15,46.5116,90,1076092817,869,99394,147748,157092,4
spin_slow,spin,2.0,0.15,46.5348,91,1076115344,870,2283,147768,157030,4
spin_slow,spin,2.0,0.15,46.5548,92,1076134126,875,54342,147871,157059,4
spin_slow,spin,2.0,0.15,46.5664,93,1076146628,870,137876,147971,157086,4
spin_slow,spin,2.0,0.15,46.5769,94,1076157466,871,95362,147978,157093,4
spin_slow,spin,2.0,0.15,46.5969,95,1076177933,871,119139,148060,157060,4
spin_slow,spin,2.0,0.15,46.6161,96,1076196671,872,5696,148154,157079,4
spin_slow,spin,2.0,0.15,46.635,97,1076215463,871,58670,148232,157083,4
spin_slow,spin,2.0,0.15,46.6571,98,1076237976,873,116594,148320,157052,4
spin_slow,spin,2.0,0.15,46.6803,99,1076260502,874,19635,148433,157090,4
spin_slow,spin,2.0,0.15,46.7003,100,1076279280,881,70411,148450,157067,4
spin_slow,spin,2.0,0.15,46.7234,101,1076301798,874,128767,148583,157087,4
spin_slow,spin,2.0,0.15,46.7414,102,1076321834,874,79398,148626,157054,4
spin_slow,spin,2.0,0.15,46.7603,103,1076340580,875,124633,148746,157099,4
spin_slow,spin,2.0,0.15,46.7804,104,1076360513,876,56869,148844,157122,4
spin_slow,spin,2.0,0.15,46.8004,105,1076379363,875,119189,148936,157138,4
spin_slow,spin,2.0,0.15,46.8657,106,1076431756,877,71952,149059,157068,4
spin_slow,spin,2.0,0.15,46.87,107,1076433152,877,152157,149061,157097,0
spin_slow,spin,2.0,0.15,46.8774,108,1076456645,878,62061,149129,157062,4
spin_slow,spin,2.0,0.15,46.8816,109,1076462184,877,61396,149119,157049,4
spin_slow,spin,2.0,0.15,46.8995,110,1076480751,880,76484,149215,157071,4
spin_slow,spin,2.0,0.15,46.9217,111,1076503261,879,133419,149308,157049,4
spin_slow,spin,2.0,0.15,46.942,112,1076522031,879,26241,149401,157066,4
spin_slow,spin,2.0,0.15,46.9631,113,1076543317,878,32356,149425,157054,4
spin_slow,spin,2.0,0.15,46.9811,114,1076562096,880,83495,149535,157047,4
spin_slow,spin,2.0,0.15,47.0002,115,1076580835,879,128022,149576,157047,4
spin_slow,spin,2.0,0.15,47.0224,116,1076603362,881,31324,149744,157064,4
spin_slow,spin,2.0,0.15,47.0414,117,1076622117,881,78562,149846,157051,4
spin_slow,spin,2.0,0.15,47.0595,118,1076640887,887,128383,149956,157048,4
spin_slow,spin,2.0,0.15,47.0701,119,1076651752,881,90458,150049,157106,4
spin_slow,spin,2.0,0.15,47.0818,120,1076661756,883,63146,150059,157076,4
spin_slow,spin,2.0,0.15,47.1019,121,1076682196,884,82448,150080,157019,4
spin_slow,spin,2.0,0.15,47.1253,122,1076704739,885,145625,150189,157051,4
spin_slow,spin,2.0,0.15,47.1424,123,1076723492,885,35631,150299,157048,4
spin_slow,spin,2.0,0.15,47.1625,124,1076742244,884,82288,150313,157022,4
spin_slow,spin,2.0,0.15,47.1858,125,1076764790,884,146358,150447,157043,4
spin_slow,spin,2.0,0.15,47.2048,126,1076784813,885,95034,150519,157077,4
spin_slow,spin,2.0,0.15,47.2259,127,1076804811,885,39201,150619,157103,4
spin_slow,spin,2.0,0.15,47.2418,0,1076823576,886,88324,150624,157028,4
spin_slow,spin,2.0,0.15,47.265,1,1076846097,887,147237,150715,157046,4
spin_slow,spin,2.0,0.15,47.285,2,1076864893,887,44544,150817,157111,4
spin_slow,spin,2.0,0.15,47.3071,3,1076887388,888,99445,150922,157098,4
spin_slow,spin,2.0,0.15,47.3271,4,1076907427,889,50881,150993,157096,4
spin_slow,spin,2.0,0.15,47.3471,5,1076928684,889,52528,151062,157048,4
spin_slow,spin,2.0,0.15,47.366,6,1076947429,888,98429,151108,157056,4
spin_slow,spin,2.0,0.15,47.3914,7,1076969988,890,7292,151270,157066,4
spin_slow,spin,2.0,0.15,47.4072,8,1076988720,890,50404,151277,157034,4
spin_slow,spin,2.0,0.15,47.4303,9,1077011255,890,111950,151414,157096,4
spin_slow,spin,2.0,0.15,47.4503,10,1077030057,891,9494,151470,157074,4
spin_slow,spin,2.0,0.15,47.4714,11,1077052550,891,64834,151535,157025,4
spin_slow,spin,2.0,0.15,47.4904,12,1077071301,892,111333,151608,157060,4
spin_slow,spin,2.0,0.15,47.5145,13,1077093855,892,19046,151683,157059,4
spin_slow,spin,2.0,0.15,47.5324,14,1077113868,893,122893,151764,157064,4
spin_slow,spin,2.0,0.15,47.5514,15,1077132634,893,14891,151772,157034,4
spin_slow,spin,2.0,0.15,47.5724,16,1077152661,893,121105,151889,157075,4
spin_slow,spin,2.0,0.15,47.5746,17,1077153618,893,126770,151928,157077,0
spin_slow,spin,2.0,0.15,47.6051,18,1077182692,897,43939,151996,157028,4
spin_slow,spin,2.0,0.15,47.6146,19,1077194437,894,156272,152051,157025,4
spin_slow,spin,2.0,0.15,47.6441,20,1077221457,895,38677,152214,157056,4
spin_slow,spin,2.0,0.15,47.6556,21,1077236267,895,43484,152207,157049,4
spin_slow,spin,2.0,0.15,47.6746,22,1077256486,895,25375,152287,157054,4
spin_slow,spin,2.0,0.15,47.6946,23,1077275269,896,77345,152347,157037,4
spin_slow,spin,2.0,0.15,47.7156,24,1077297812,897,140499,152498,157035,4
spin_slow,spin,2.0,0.15,47.7346,25,1077316558,898,29429,152506,157044,4
spin_slow,spin,2.0,0.15,47.7567,26,1077339088,898,90474,152622,157045,4
spin_slow,spin,2.0,0.15,47.7799,27,1077361581,905,145343,152719,157066,4
spin_slow,spin,2.0,0.15,47.7999,28,1077380357,898,39200,152754,157063,4
spin_slow,spin,2.0,0.15,47.8199,29,1077400370,899,143077,152809,157080,4
spin_slow,spin,2.0,0.15,47.8367,30,1077419152,899,37861,152781,157012,4
spin_slow,spin,2.0,0.15,47.8599,31,1077441676,900,97483,152937,157055,4
spin_slow,spin,2.0,0.15,47.88,32,1077461669,901,41673,152976,157017,4
spin_slow,spin,2.0,0.15,47.9,33,1077480450,901,93703,153052,157055,4
spin_slow,spin,2.0,0.15,47.9211,34,1077502968,901,152591,153064,157029,4
spin_slow,spin,2.0,0.15,47.9412,35,1077521731,906,43541,153229,157079,4
spin_slow,spin,2.0,0.15,47.9601,36,1077541682,901,136769,153267,157081,4
spin_slow,spin,2.0,0.15,47.9802,37,1077560545,903,45041,153347,157084,4
spin_slow,spin,2.0,0.15,48.0012,38,1077583075,909,105379,153405,157065,4
spin_slow,spin,2.0,0.15,48.0202,39,1077601822,903,151136,153487,157071,4
spin_slow,spin,2.0,0.15,48.0455,40,1077624349,903,54270,153547,157055,4
spin_slow,spin,2.0,0.15,48.0624,41,1077644374,904,3440,153613,157045,4
spin_slow,spin,2.0,0.15,48.0699,42,1077652804,903,23009,153638,157069,4
spin_slow,spin,2.0,0.15,48.0815,43,1077662690,903,132933,153647,157079,4
spin_slow,spin,2.0,0.15,48.1005,44,1077683175,903,2600,153778,157096,4
spin_slow,spin,2.0,0.15,48.1469,45,1077705546,905,35615,153834,157075,4
spin_slow,spin,2.0,0.15,48.1616,46,1077736510,906,115765,153908,157073,4
spin_slow,spin,2.0,0.15,48.1765,47,1077750115,912,72473,153977,157065,4
spin_slow,spin,2.0,0.15,48.1904,48,1077766439,906,20290,154044,157096,4
spin_slow,spin,2.0,0.15,48.2021,49,1077784492,907,104794,154112,157086,4
spin_slow,spin,2.0,0.15,48.2254,50,1077807044,906,12167,154111,157047,4
spin_slow,spin,2.0,0.15,48.2455,51,1077825791,907,58132,154165,157024,4
spin_slow,spin,2.0,0.15,48.2655,52,1077845822,908,8626,154224,157046,4
spin_slow,spin,2.0,0.15,48.2824,53,1077864589,908,58037,154326,157072,4
spin_slow,spin,2.0,0.15,48.3046,54,1077887108,908,116807,154394,157064,4
spin_slow,spin,2.0,0.15,48.3247,55,1077905871,910,8439,154525,157041,4
spin_slow,spin,2.0,0.15,48.3479,56,1077924638,909,57923,154570,157087,4
spin_slow,spin,2.0,0.15,48.3616,57,1077944657,910,5668,154653,157055,4
spin_slow,spin,2.0,0.15,48.3848,58,1077967189,910,67148,154772,157060,4
spin_slow,spin,2.0,0.15,48.407,59,1077989716,911,127701,154888,157062,4
spin_slow,spin,2.0,0.15,48.426,60,1078008490,912,20896,155000,157059,4
spin_slow,spin,2.0,0.15,48.446,61,1078028488,912,121983,155080,157101,4
spin_slow,spin,2.0,0.15,48.4649,62,1078047265,913,15633,155106,157051,4
spin_slow,spin,2.0,0.15,48.487,63,1078067096,913,88757,155209,157078,4
spin_slow,spin,2.0,0.15,48.505,64,1078087296,913,67353,155260,157053,4
spin_slow,spin,2.0,0.15,48.5271,65,1078109808,914,125218,155379,157057,4
spin_slow,spin,2.0,0.15,48.546,66,1078128577,914,18221,155390,157030,4
spin_slow,spin,2.0,0.15,48.5713,67,1078152329,915,130052,155474,157037,4
spin_slow,spin,2.0,0.15,48.5734,68,1078153275,914,133753,155452,157054,0
spin_slow,spin,2.0,0.15,48.5871,69,1078169895,915,132131,155518,157043,4
spin_slow,spin,2.0,0.15,48.6113,70,1078192383,915,28446,155573,157022,4
spin_slow,spin,2.0,0.15,48.6304,71,1078212407,918,134529,155647,157058,4
spin_slow,spin,2.0,0.15,48.6504,72,1078231192,917,29620,155773,157070,4
spin_slow,spin,2.0,0.15,48.6714,73,1078253701,917,86105,155847,157068,4
spin_slow,spin,2.0,0.15,48.6904,74,1078272460,919,133633,155892,157074,4
spin_slow,spin,2.0,0.15,48.7125,75,1078295014,918,40907,156013,157082,4
spin_slow,spin,2.0,0.15,48.7315,76,1078313754,919,85466,156072,157063,4
spin_slow,spin,2.0,0.15,48.7547,77,1078336190,922,129459,156205,157082,6
spin_slow,spin,2.0,0.15,48.7715,78,1078355051,921,37284,156323,157086,6
spin_slow,spin,2.0,0.15,48.7947,79,1078377591,921,99507,156349,157073,6
spin_slow,spin,2.0,0.15,48.8147,80,1078396349,920,146477,156443,157091,6
spin_slow,spin,2.0,0.15,48.8315,81,1078415122,921,39301,156536,157071,6
spin_slow,spin,2.0,0.15,48.8558,82,1078437661,921,101288,156561,157056,6
spin_slow,spin,2.0,0.15,48.8738,83,1078456419,921,149337,156622,157041,6
spin_slow,spin,2.0,0.15,48.8918,84,1078475188,921,41945,156749,157055,6
spin_slow,spin,2.0,0.15,48.9266,85,1078507726,3,76401,722,157018,4
spin_slow,spin,2.0,0.15,48.9509,86,1078519884,3,101680,798,157046,4
spin_slow,spin,2.0,0.15,48.9604,87,1078540895,3,61230,914,157084,4
spin_slow,spin,2.0,0.15,48.9741,88,1078556486,5,41667,951,157076,4
spin_slow,spin,2.0,0.15,48.9963,89,1078579025,3,104099,1104,157058,4
spin_slow,spin,2.0,0.15,49.0164,90,1078597803,7,155677,1142,157047,4
spin_slow,spin,2.0,0.15,49.0354,91,1078617639,6,72597,1256,157065,4
spin_slow,spin,2.0,0.15,49.0575,92,1078640344,7,5544,1294,157084,4
spin_slow,spin,2.0,0.15,49.067,93,1078651813,8,70587,1370,157048,4
spin_slow,spin,2.0,0.15,49.0756,94,1078660104,8,66478,1409,157057,4
spin_slow,spin,2.0,0.15,49.0956,95,1078679146,9,5581,1485,157023,4
spin_slow,spin,2.0,0.15,49.1146,96,1078697885,9,50089,1560,157073,4
spin_slow,spin,2.0,0.15,49.1367,97,1078720418,10,111250,1676,157075,4
spin_slow,spin,2.0,0.15,49.1557,98,1078739196,9,4571,1676,157059,4
spin_slow,spin,2.0,0.15,49.18,99,1078761704,10,61187,1753,157098,4
spin_slow,spin,2.0,0.15,49.197,100,1078780496,10,114461,1865,157044,4
spin_slow,spin,2.0,0.15,49.2172,101,1078799262,7,6493,1943,157062,4
spin_slow,spin,2.0,0.15,49.2373,102,1078820526,15,8476,1981,157105,4
spin_slow,spin,2.0,0.15,49.2574,103,1078839294,12,57160,2057,157076,4
spin_slow,spin,2.0,0.15,49.2764,104,1078859310,8,4283,2172,157081,4
spin_slow,spin,2.0,0.15,49.2986,105,1078881653,13,32842,2208,157043,4
spin_slow,spin,2.0,0.15,49.3177,106,1078900617,14,115861,2323,157025,4
spin_slow,spin,2.0,0.15,49.3409,107,1078923103,14,12136,2400,157054,4
spin_slow,spin,2.0,0.15,49.3568,108,1078940647,15,10700,2476,157069,4
spin_slow,spin,2.0,0.15,49.38,109,1078963145,15,65912,2515,157091,4
spin_slow,spin,2.0,0.15,49.399,110,1078981918,15,115819,2590,157066,4
spin_slow,spin,2.0,0.15,49.4169,111,1079000694,15,8997,2630,157087,4
spin_slow,spin,2.0,0.15,49.4401,112,1079023222,16,69334,2781,157038,4
spin_slow,spin,2.0,0.15,49.4875,113,1079051786,16,57522,2819,157014,4
spin_slow,spin,2.0,0.15,49.5012,114,1079071249,24,68573,2894,157021,4
spin_slow,spin,2.0,0.15,49.5077,115,1079092624,14,90642,2972,157061,4
spin_slow,spin,2.0,0.15,49.5214,116,1079102238,19,154406,3050,157067,4
spin_slow,spin,2.0,0.15,49.5435,117,1079125795,12,75715,3125,157069,4
spin_slow,spin,2.0,0.15,49.5625,118,1079144567,18,125685,3202,157044,4
spin_slow,spin,2.0,0.15,49.5699,119,1079155346,20,73714,3239,157018,4
spin_slow,spin,2.0,0.15,49.5804,120,1079164129,21,153245,3239,157051,4
spin_slow,spin,2.0,0.15,49.6068,121,1079185866,15,79809,3314,157017,4
spin_slow,spin,2.0,0.15,49.6205,122,1079203381,20,73542,3392,157044,4
spin_slow,spin,2.0,0.15,49.6426,123,1079225889,21,131254,3467,157012,4
spin_slow,spin,2.0,0.15,49.6616,124,1079244648,20,22521,3506,157014,4
spin_slow,spin,2.0,0.15,49.6837,125,1079267177,21,83392,3620,157024,4
spin_slow,spin,2.0,0.15,49.7016,126,1079285932,22,131177,3694,156986,4
spin_slow,spin,2.0,0.15,49.7217,127,1079304688,22,22739,3732,156988,4
spin_slow,spin,2.0,0.15,49.7449,0,1079327214,21,83880,3848,157021,4
spin_slow,spin,2.0,0.15,49.7617,1,1079345975,24,132794,3885,157012,4
spin_slow,spin,2.0,0.15,49.7849,2,1079368479,17,32479,3964,157092,4
spin_slow,spin,2.0,0.15,49.805,3,1079387264,24,84376,4039,157046,4
spin_slow,spin,2.0,0.15,49.825,4,1079405875,25,107278,4116,157060,4
spin_slow,spin,2.0,0.15,49.8471,5,1079431071,24,149761,4191,157040,4
spin_slow,spin,2.0,0.15,49.8681,6,1079447327,25,86143,4232,157089,4
spin_slow,spin,2.0,0.15,49.8871,7,1079467269,25,21161,4269,157072,4
spin_slow,spin,2.0,0.15,49.905,8,1079488601,26,35723,4344,157052,4
spin_slow,spin,2.0,0.15,49.925,9,1079507362,25,83983,4382,157077,4
spin_slow,spin,2.0,0.15,49.946,10,1079529900,27,146410,4458,157034,4
spin_slow,spin,2.0,0.15,49.9671,11,1079548654,27,36557,4534,157050,4
spin_slow,spin,2.0,0.15,49.985,12,1079568672,27,141767,4612,157054,4
spin_slow,spin,2.0,0.15,50.0072,13,1079591221,27,49204,4689,157056,4
spin_slow,spin,2.0,0.15,50.0262,14,1079609960,28,93458,4727,157037,4
spin_slow,spin,2.0,0.15,50.0462,15,1079628740,28,144800,4765,157080,4
spin_slow,spin,2.0,0.15,50.0673,16,1079651249,29,45174,4840,157063,4
spin_slow,spin,2.0,0.15,50.0747,17,1079659672,29,63549,4880,157052,4
spin_slow,spin,2.0,0.15,50.0863,18,1079669549,30,15154,4917,157052,4
spin_slow,spin,2.0,0.15,50.1064,19,1079690039,30,43354,4994,157093,4
spin_slow,spin,2.0,0.15,50.1254,20,1079708814,28,93753,5108,157060,4
spin_slow,spin,2.0,0.15,50.1476,21,1079731338,29,153476,5145,157049,4
spin_slow,spin,2.0,0.15,50.1667,22,1079751266,31,86287,5259,157019,4
spin_slow,spin,2.0,0.15,50.1868,23,1079770104,32,147570,5336,157073,4
spin_slow,spin,2.0,0.15,50.21,24,1079792621,32,48982,5412,157042,4
spin_slow,spin,2.0,0.15,50.2353,25,1079811363,32,93928,5491,157085,4
spin_slow,spin,2.0,0.15,50.2522,26,1079830235,33,3822,5602,157050,4
spin_slow,spin,2.0,0.15,50.2798,27,1079858947,34,16233,5717,157037,4
spin_slow,spin,2.0,0.15,50.2872,28,1079872353,34,96522,5756,157038,4
spin_slow,spin,2.0,0.15,50.3061,29,1079890237,30,152558,5794,157083,4
spin_slow,spin,2.0,0.15,50.3304,30,1079912731,34,50403,5869,157032,4
spin_slow,spin,2.0,0.15,50.3505,31,1079932763,36,156981,5946,157044,4
spin_slow,spin,2.0,0.15,50.3674,32,1079951522,35,48919,6022,157017,4
spin_slow,spin,2.0,0.15,50.3886,33,1079970286,35,98360,6099,157028,4
spin_slow,spin,2.0,0.15,50.4097,34,1079992794,42,155689,6174,157031,4
spin_slow,spin,2.0,0.15,50.4267,35,1080011574,36,50408,6213,157071,4
spin_slow,spin,2.0,0.15,50.4468,36,1080031509,37,141151,6289,157038,4
spin_slow,spin,2.0,0.15,50.4669,37,1080051601,37,101974,6365,157055,4
spin_slow,spin,2.0,0.15,50.4933,38,1080074123,38,4567,6443,157049,4
spin_slow,spin,2.0,0.15,50.5102,39,1080092876,40,51770,6517,157022,4
spin_slow,spin,2.0,0.15,50.5271,40,1080111664,39,104611,6633,157056,4
spin_slow,spin,2.0,0.15,50.5503,41,1080134186,40,7771,6707,157019,4
spin_slow,spin,2.0,0.15,50.5703,42,1080152933,45,54494,6822,157016,4
spin_slow,spin,2.0,0.15,50.5734,43,1080155445,45,10512,6820,157004,4
spin_slow,spin,2.0,0.15,50.5934,44,1080174187,40,56530,6858,157035,4
spin_slow,spin,2.0,0.15,50.6155,45,1080196582,41,94812,6977,157041,4
spin_slow,spin,2.0,0.15,50.6304,46,1080214222,41,110075,7052,157047,4
spin_slow,spin,2.0,0.15,50.6525,47,1080236745,42,12562,7129,157039,4
spin_slow,spin,2.0,0.15,50.6725,48,1080256770,42,118635,7243,157032,4
spin_slow,spin,2.0,0.15,50.6935,49,1080275540,42,11705,7278,157004,4
spin_slow,spin,2.0,0.15,50.7138,50,1080298058,43,70570,7353,157002,4
spin_slow,spin,2.0,0.15,50.7349,51,1080317886,43,143289,7433,157048,4
spin_slow,spin,2.0,0.15,50.7518,52,1080336826,44,64976,7432,157039,4
spin_slow,spin,2.0,0.15,50.7981,53,1080366663,43,111148,7585,157053,4
spin_slow,spin,2.0,0.15,50.8129,54,1080386110,45,118948,7661,157059,4
spin_slow,spin,2.0,0.15,50.8213,55,1080407452,40,134782,7776,157064,4
spin_slow,spin,2.0,0.15,50.835,56,1080418154,50,69472,7852,157064,4
spin_slow,spin,2.0,0.15,50.856,57,1080440695,47,131543,7968,157042,4
spin_slow,spin,2.0,0.15,50.875,58,1080459463,48,24171,8080,157016,4
spin_slow,spin,2.0,0.15,50.8971,59,1080481965,48,80246,8195,157080,4
spin_slow,spin,2.0,0.15,50.9172,60,1080500741,49,130931,8271,157046,4
spin_slow,spin,2.0,0.15,50.9372,61,1080520694,49,67863,8388,157071,4
spin_slow,spin,2.0,0.15,50.9561,62,1080540716,48,16557,8424,157055,4
spin_slow,spin,2.0,0.15,50.9751,63,1080559493,50,67765,8463,157028,4
spin_slow,spin,2.0,0.15,50.9973,64,1080582058,50,135172,8576,157016,4
spin_slow,spin,2.0,0.15,51.0163,65,1080600756,51,15337,8653,157046,4
spin_slow,spin,2.0,0.15,51.0353,66,1080619532,52,66457,8694,157064,4
spin_slow,spin,2.0,0.15,51.0574,67,1080642106,52,134365,8767,157051,4
spin_slow,spin,2.0,0.15,51.0733,68,1080657123,53,17797,8806,157050,4
spin_slow,spin,2.0,0.15,51.0775,69,1080659624,53,128684,8844,157052,4
spin_slow,spin,2.0,0.15,51.0975,70,1080682155,53,32147,8922,157086,4
spin_slow,spin,2.0,0.15,51.1165,71,1080700887,49,75062,8997,157081,4
spin_slow,spin,2.0,0.15,51.1397,72,1080723441,54,138812,9035,157059,4
spin_slow,spin,2.0,0.15,51.1566,73,1080742200,53,29416,9113,157092,4
spin_slow,spin,2.0,0.15,51.1766,74,1080760932,55,72455,9226,157072,4
spin_slow,spin,2.0,0.15,51.2,75,1080783493,55,137605,9306,157110,4
spin_slow,spin,2.0,0.15,51.22,76,1080802271,55,30974,9380,157086,4
spin_slow,spin,2.0,0.15,51.2369,77,1080822309,53,138715,9454,157067,4
spin_slow,spin,2.0,0.15,51.2601,78,1080844764,56,28991,9495,157082,4
spin_slow,spin,2.0,0.15,51.2791,79,1080863564,56,83445,9606,157091,4
spin_slow,spin,2.0,0.15,51.3002,80,1080883498,57,16682,9647,157075,4
spin_slow,spin,2.0,0.15,51.3224,81,1080907359,57,146279,9721,157058,4
spin_slow,spin,2.0,0.15,51.3414,82,1080926072,58,29240,9799,157066,4
spin_slow,spin,2.0,0.15,51.3603,83,1080944853,59,80603,9878,157078,4
spin_slow,spin,2.0,0.15,51.3803,84,1080964865,58,27211,9875,157060,4
spin_slow,spin,2.0,0.15,51.4024,85,1080987437,58,94737,9915,157093,4
spin_slow,spin,2.0,0.15,51.4214,86,1081006159,59,135706,10068,157112,4
spin_slow,spin,2.0,0.15,51.4404,87,1081024927,59,27377,10141,157090,4
spin_slow,spin,2.0,0.15,51.4615,88,1081047497,60,94574,10217,157091,4
spin_slow,spin,2.0,0.15,51.4825,89,1081066218,61,135238,10296,157112,4
spin_slow,spin,2.0,0.15,51.5015,90,1081086232,61,81261,10377,157117,4
spin_slow,spin,2.0,0.15,51.5247,91,1081108762,61,140650,10484,157108,4
spin_slow,spin,2.0,0.15,51.5521,92,1081127603,62,44277,10564,157119,4
spin_slow,spin,2.0,0.15,51.57,93,1081148314,62,108882,10643,157093,4
spin_slow,spin,2.0,0.15,51.5868,94,1081161935,62,67858,10641,157126,4
spin_slow,spin,2.0,0.15,51.6026,95,1081180940,62,156478,10716,157104,4
spin_slow,spin,2.0,0.15,51.611,96,1081195938,64,35576,10793,157101,4
spin_slow,spin,2.0,0.15,51.6215,97,1081206643,63,127559,10829,157072,4
spin_slow,spin,2.0,0.15,51.6415,98,1081227659,64,87052,10866,157062,4
spin_slow,spin,2.0,0.15,51.6647,99,1081250171,65,143729,10980,157098,4
spin_slow,spin,2.0,0.15,51.6847,100,1081268946,62,36376,10985,157104,4
spin_slow,spin,2.0,0.15,51.7058,101,1081291482,65,97146,11062,157112,4
spin_slow,spin,2.0,0.15,51.7247,102,1081310223,66,141403,11132,157058,4
spin_slow,spin,2.0,0.15,51.7468,103,1081332799,66,52414,11244,157055,4
spin_slow,spin,2.0,0.15,51.7668,104,1081352770,58,148962,11250,157113,4
spin_slow,spin,2.0,0.15,51.7868,105,1081372814,67,101008,11362,157055,4
spin_slow,spin,2.0,0.15,51.81,106,1081395325,68,815,11440,157050,4
spin_slow,spin,2.0,0.15,51.8302,107,1081414074,60,46729,11478,157086,4
spin_slow,spin,2.0,0.15,51.8502,108,1081434134,68,1246,11591,157074,4
spin_slow,spin,2.0,0.15,51.8702,109,1081455226,73,131299,11666,157053,4
spin_slow,spin,2.0,0.15,51.8915,110,1081474151,69,50441,11745,157026,4
spin_slow,spin,2.0,0.15,51.9074,111,1081492911,69,98414,11779,157062,4
spin_slow,spin,2.0,0.15,51.9305,112,1081514180,70,101716,11892,157060,4
spin_slow,spin,2.0,0.15,51.9474,113,1081532954,70,152193,11934,157057,4
spin_slow,spin,2.0,0.15,51.9696,114,1081555475,71,53667,12010,157088,4
spin_slow,spin,2.0,0.15,51.9917,115,1081574238,70,101661,12048,157070,4
spin_slow,spin,2.0,0.15,52.0097,116,1081595511,70,104978,12164,157086,4
spin_slow,spin,2.0,0.15,52.0276,117,1081614310,72,1949,12203,157060,4
spin_slow,spin,2.0,0.15,52.0519,118,1081636805,72,56088,12281,157105,4
spin_slow,spin,2.0,0.15,52.0825,119,1081655571,79,104734,12278,157059,4
spin_slow,spin,2.0,0.15,52.0847,120,1081663922,73,110956,12353,157073,4
spin_slow,spin,2.0,0.15,52.0952,121,1081677457,73,56174,12393,157055,4
spin_slow,spin,2.0,0.15,52.1174,122,1081696678,73,24962,12470,157084,4
spin_slow,spin,2.0,0.15,52.146,123,1081729381,74,86497,12583,157092,4
spin_slow,spin,2.0,0.15,52.1523,124,1081737221,78,5706,12618,157038,4
spin_slow,spin,2.0,0.15,52.1734,125,1081758190,75,115165,12737,157073,4
spin_slow,spin,2.0,0.15,52.1913,126,1081776939,75,4100,12812,157058,4
spin_slow,spin,2.0,0.15,52.2178,127,1081800702,77,117754,12884,157046,4
spin_slow,spin,2.0,0.15,52.2315,0,1081816979,77,58109,12922,157017,4
spin_slow,spin,2.0,0.15,52.2515,1,1081836969,77,1858,13036,157032,4
spin_slow,spin,2.0,0.15,52.2736,2,1081859493,72,62519,13113,156997,4
spin_slow,spin,2.0,0.15,52.2916,3,1081878281,78,116077,13192,157062,4
spin_slow,spin,2.0,0.15,52.3148,4,1081900775,78,14061,13264,157045,4
spin_slow,spin,2.0,0.15,52.3348,5,1081919544,72,63962,13340,157020,4
spin_slow,spin,2.0,0.15,52.3559,6,1081942046,75,120198,13379,157038,4
spin_slow,spin,2.0,0.15,52.3748,7,1081960824,78,14340,13495,157056,4
spin_slow,spin,2.0,0.15,52.4011,8,1081983370,81,77613,13533,157054,4
spin_slow,spin,2.0,0.15,52.4201,9,1082002096,80,119865,13612,157054,4
spin_slow,spin,2.0,0.15,52.437,10,1082023381,81,125927,13685,157023,4
spin_slow,spin,2.0,0.15,52.456,11,1082042149,80,18309,13760,157048,4
spin_slow,spin,2.0,0.15,52.4803,12,1082064664,83,76431,13803,157075,4
spin_slow,spin,2.0,0.15,52.4972,13,1082082091,82,55186,13912,157031,4
spin_slow,spin,2.0,0.15,52.5162,14,1082102205,83,19583,13992,157042,4
spin_slow,spin,2.0,0.15,52.5385,15,1082124709,83,76442,14108,157031,4
spin_slow,spin,2.0,0.15,52.5565,16,1082143489,84,128278,14145,157045,4
spin_slow,spin,2.0,0.15,52.5798,17,1082163555,84,83768,14220,157059,4
spin_slow,spin,2.0,0.15,52.5829,18,1082164520,84,90841,14225,157076,0
spin_slow,spin,2.0,0.15,52.5955,19,1082182274,84,125174,14296,157042,4
spin_slow,spin,2.0,0.15,52.6198,20,1082204768,86,22886,14451,157043,4
spin_slow,spin,2.0,0.15,52.6366,21,1082223562,83,77123,14488,157027,4
spin_slow,spin,2.0,0.15,52.6597,22,1082246071,85,134543,14560,157029,4
spin_slow,spin,2.0,0.15,52.6819,23,1082268576,88,34149,14677,157060,4
spin_slow,spin,2.0,0.15,52.7008,24,1082287317,87,79057,14712,157021,4
spin_slow,spin,2.0,0.15,52.725,25,1082309877,88,145029,14830,157055,4
spin_slow,spin,2.0,0.15,52.7419,26,1082328646,87,37904,14944,157038,4
spin_slow,spin,2.0,0.15,52.7661,27,1082351152,89,94719,15019,157051,4
spin_slow,spin,2.0,0.15,52.7851,28,1082371178,89,44635,15090,156991,4
spin_slow,spin,2.0,0.15,52.8051,29,1082389947,97,95075,15247,157001,4
spin_slow,spin,2.0,0.15,52.8219,30,1082408691,90,141080,15289,157054,4
spin_slow,spin,2.0,0.15,52.8451,31,1082431224,91,45294,15408,157057,4
spin_slow,spin,2.0,0.15,52.8724,32,1082449963,91,89784,15474,157036,4
spin_slow,spin,2.0,0.15,52.903,33,1082480590,92,114266,15583,156989,4
spin_slow,spin,2.0,0.15,52.9125,34,1082496886,93,58329,15670,157028,4
spin_slow,spin,2.0,0.15,52.9284,35,1082511271,93,148251,15700,157024,4
spin_slow,spin,2.0,0.15,52.9463,36,1082532540,93,152593,15820,157028,4
spin_slow,spin,2.0,0.15,52.9652,37,1082551203,93,27488,15821,157019,4
spin_slow,spin,2.0,0.15,52.9873,38,1082573830,94,105321,15892,157028,4
spin_slow,spin,2.0,0.15,53.0063,39,1082592573,97,150878,16011,157054,4
spin_slow,spin,2.0,0.15,53.0296,40,1082616359,95,111770,16085,157029,4
spin_slow,spin,2.0,0.15,53.0455,41,1082632608,100,47604,16126,157050,4
spin_slow,spin,2.0,0.15,53.0709,42,1082655128,99,107421,16196,157016,4
spin_slow,spin,2.0,0.15,53.0772,43,1082663533,96,123081,16238,157040,4
spin_slow,spin,2.0,0.15,53.0867,44,1082673476,96,86351,16271,156998,4
spin_slow,spin,2.0,0.15,53.1067,45,1082693904,93,104475,16349,157006,4
spin_slow,spin,2.0,0.15,53.1331,46,1082716436,97,9678,16424,157018,4
spin_slow,spin,2.0,0.15,53.1479,47,1082733950,97,3785,16498,157011,4
spin_slow,spin,2.0,0.15,53.1668,48,1082753977,97,111145,16543,157016,4
spin_slow,spin,2.0,0.15,53.19,49,1082776475,97,10304,16615,157006,4
spin_slow,spin,2.0,0.15,53.2101,50,1082796495,98,116162,16661,157039,4
spin_slow,spin,2.0,0.15,53.2303,51,1082815251,99,6948,16771,157013,4
spin_slow,spin,2.0,0.15,53.2503,52,1082836490,98,5734,16887,157047,4
spin_slow,spin,2.0,0.15,53.2724,53,1082859048,99,72227,16956,156993,4
spin_slow,spin,2.0,0.15,53.2914,54,1082877775,102,115407,17041,157030,4
spin_slow,spin,2.0,0.15,53.3095,55,1082896559,100,10993,17115,157017,4
spin_slow,spin,2.0,0.15,53.3317,56,1082919092,102,72979,17156,157038,4
spin_slow,spin,2.0,0.15,53.3506,57,1082937844,101,120059,17228,157027,4
spin_slow,spin,2.0,0.15,53.3749,58,1082960363,101,22819,17306,157033,4
spin_slow,spin,2.0,0.15,53.4065,59,1082979118,102,70710,17345,157030,4
spin_slow,spin,2.0,0.15,53.4297,60,1083000515,109,96318,17422,157053,4
spin_slow,spin,2.0,0.15,53.4465,61,1083019692,103,58898,17532,157002,4
spin_slow,spin,2.0,0.15,53.455,62,1083040582,104,155867,17575,157033,4
spin_slow,spin,2.0,0.15,53.474,63,1083060417,104,73223,17690,157039,4
spin_slow,spin,2.0,0.15,53.4961,64,1083082949,104,135121,17727,157035,4
spin_slow,spin,2.0,0.15,53.5184,65,1083101695,105,24270,17804,157040,4
spin_slow,spin,2.0,0.15,53.5375,66,1083121692,105,126247,17841,157021,4
spin_slow,spin,2.0,0.15,53.5575,67,1083142965,106,130625,17917,157048,4
spin_slow,spin,2.0,0.15,53.5797,68,1083164269,106,140629,18070,157026,4
spin_slow,spin,2.0,0.15,53.5797,69,1083165217,105,144694,17992,157029,0
spin_slow,spin,2.0,0.15,53.5955,70,1083183028,107,32228,18069,157039,4
spin_slow,spin,2.0,0.15,53.6198,71,1083205524,107,87567,18186,157011,4
spin_slow,spin,2.0,0.15,53.6368,72,1083224292,107,137104,18225,157065,4
spin_slow,spin,2.0,0.15,53.6558,73,1083243067,108,30801,18294,157043,4
spin_slow,spin,2.0,0.15,53.68,74,1083265567,109,87349,18374,157017,4
spin_slow,spin,2.0,0.15,53.6968,75,1083284342,108,138467,18446,157026,4
spin_slow,spin,2.0,0.15,53.72,76,1083306858,109,40315,18452,157054,4
spin_slow,spin,2.0,0.15,53.74,77,1083325608,109,87222,18528,157051,4
spin_slow,spin,2.0,0.15,53.7612,78,1083348135,109,147615,18606,157043,4
spin_slow,spin,2.0,0.15,53.7813,79,1083366903,111,40037,18716,157051,4
spin_slow,spin,2.0,0.15,53.8002,80,1083386891,110,140090,18722,157061,4
spin_slow,spin,2.0,0.15,53.8223,81,1083409431,108,45731,18830,156999,4
spin_slow,spin,2.0,0.15,53.8413,82,1083428185,111,93395,18872,157025,4
spin_slow,spin,2.0,0.15,53.8602,83,1083446943,111,141555,18909,157024,4
spin_slow,spin,2.0,0.15,53.8823,84,1083469502,106,50064,18986,157065,4
spin_slow,spin,2.0,0.15,53.9055,85,1083492002,112,105515,19067,157076,4
spin_slow,spin,2.0,0.15,53.9245,86,1083510761,113,153038,19066,157094,4
spin_slow,spin,2.0,0.15,53.9445,87,1083530783,113,101572,19134,157038,4
spin_slow,spin,2.0,0.15,53.9666,88,1083553314,114,5600,19248,157035,4
spin_slow,spin,2.0,0.15,53.9855,89,1083572075,114,53671,19299,157106,4
spin_slow,spin,2.0,0.15,54.0055,90,1083593336,114,55166,19368,157040,4
spin_slow,spin,2.0,0.15,54.0245,91,1083612115,114,106275,19444,157083,4
spin_slow,spin,2.0,0.15,54.0467,92,1083634640,114,8632,19558,157065,4
spin_slow,spin,2.0,0.15,54.0657,93,1083653396,116,55882,19674,157067,4
spin_slow,spin,2.0,0.15,54.0752,94,1083664280,117,21571,19709,157043,4
spin_slow,spin,2.0,0.15,54.0857,95,1083673033,116,95942,19750,157060,4
spin_slow,spin,2.0,0.15,54.108,96,1083694694,118,8321,19823,157045,4
spin_slow,spin,2.0,0.15,54.1261,97,1083713437,118,53337,19946,157060,4
spin_slow,spin,2.0,0.15,54.1461,98,1083732238,118,108010,19943,157087,4
spin_slow,spin,2.0,0.15,54.1683,99,1083754744,118,7344,20095,157079,4
spin_slow,spin,2.0,0.15,54.1988,100,1083782274,118,132673,20132,157062,4
spin_slow,spin,2.0,0.15,54.2199,101,1083795590,119,40516,20250,157082,4
spin_slow,spin,2.0,0.15,54.2304,102,1083815416,120,112241,20288,157099,4
spin_slow,spin,2.0,0.15,54.2473,103,1083834816,118,111075,20361,157075,4
spin_slow,spin,2.0,0.15,54.2695,104,1083857364,120,17403,20402,157069,4
spin_slow,spin,2.0,0.15,54.2885,105,1083876128,120,66189,20476,157056,4
spin_slow,spin,2.0,0.15,54.3096,106,1083894886,128,113919,20550,157049,4
spin_slow,spin,2.0,0.15,54.3308,107,1083918654,122,71266,20628,157086,4
spin_slow,spin,2.0,0.15,54.3497,108,1083937408,121,118037,20699,157063,4
spin_slow,spin,2.0,0.15,54.3697,109,1083957326,122,48759,20782,157081,4
spin_slow,spin,2.0,0.15,54.3897,110,1083976214,122,117996,20895,157063,4
spin_slow,spin,2.0,0.15,54.4107,111,1083998716,123,16852,20932,157052,4
spin_slow,spin,2.0,0.15,54.435,112,1084021248,124,77722,21046,157067,4
spin_slow,spin,2.0,0.15,54.4604,113,1084041275,130,27076,21125,157090,4
spin_slow,spin,2.0,0.15,54.4731,114,1084058775,123,17578,21160,157081,4
spin_slow,spin,2.0,0.15,54.491,115,1084078795,125,122989,21271,157021,4
spin_slow,spin,2.0,0.15,54.5152,116,1084101328,125,27100,21309,157071,4
spin_slow,spin,2.0,0.15,54.5363,117,1084120097,126,76613,21385,157056,4
spin_slow,spin,2.0,0.15,54.5555,118,1084141333,127,74661,21458,157021,4
spin_slow,spin,2.0,0.15,54.5724,119,1084160104,126,124780,21544,157060,4
spin_slow,spin,2.0,0.15,54.5809,120,1084168072,126,65873,21581,157054,4
spin_slow,spin,2.0,0.15,54.5925,121,1084179719,127,3816,21617,157060,4
spin_slow,spin,2.0,0.15,54.6125,122,1084200167,128,24805,21731,157026,4
spin_slow,spin,2.0,0.15,54.6346,123,1084222669,128,81189,21806,157021,4
spin_slow,spin,2.0,0.15,54.6556,124,1084243818,129,64222,21926,157088,4
spin_slow,spin,2.0,0.15,54.6746,125,1084262698,128,132412,21993,157021,4
spin_slow,spin,2.0,0.15,54.6935,126,1084281443,131,20981,22119,157069,4
spin_slow,spin,2.0,0.15,54.7377,127,1084310085,131,20839,22265,157046,4
spin_slow,spin,2.0,0.15,54.7535,0,1084329540,132,29863,22345,157061,4
spin_slow,spin,2.0,0.15,54.7641,1,1084350886,132,45767,22422,157050,4
spin_slow,spin,2.0,0.15,54.782,2,1084365304,132,140607,22501,157081,4
spin_slow,spin,2.0,0.15,54.7999,3,1084387811,137,39944,22578,157083,4
spin_slow,spin,2.0,0.15,54.82,4,1084406568,133,87403,22573,157078,4
spin_slow,spin,2.0,0.15,54.8411,5,1084429112,132,149906,22691,157070,4
spin_slow,spin,2.0,0.15,54.86,6,1084447889,140,43426,22723,157065,4
spin_slow,spin,2.0,0.15,54.8832,7,1084470407,134,101782,22799,157080,4
spin_slow,spin,2.0,0.15,54.9023,8,1084489175,135,150830,22882,157080,4
spin_slow,spin,2.0,0.15,54.9224,9,1084510425,135,150882,22946,157021,4
spin_slow,spin,2.0,0.15,54.9425,10,1084530432,134,96869,22983,157026,4
spin_slow,spin,2.0,0.15,54.9638,11,1084551714,136,103309,23101,157020,4
spin_slow,spin,2.0,0.15,54.982,12,1084570470,136,151041,23141,157039,4
spin_slow,spin,2.0,0.15,55.0011,13,1084589240,136,43984,23216,157051,4
spin_slow,spin,2.0,0.15,55.0212,14,1084609245,137,146327,23330,157054,4
spin_slow,spin,2.0,0.15,55.0457,15,1084631767,138,48928,23367,157027,4
spin_slow,spin,2.0,0.15,55.0659,16,1084650560,144,102542,23487,157073,4
spin_slow,spin,2.0,0.15,55.0776,17,1084665566,138,140249,23568,157097,4
spin_slow,spin,2.0,0.15,55.0851,18,1084673978,138,156576,23528,157069,4
spin_slow,spin,2.0,0.15,55.1031,19,1084691823,139,48856,23639,157055,4
spin_slow,spin,2.0,0.15,55.1222,20,1084710616,142,102291,23714,157028,4
spin_slow,spin,2.0,0.15,55.1455,21,1084733108,140,156703,23791,157041,4
spin_slow,spin,2.0,0.15,55.1646,22,1084753148,140,108157,23833,157053,4
spin_slow,spin,2.0,0.15,55.1869,23,1084771910,140,156553,23906,157054,4
spin_slow,spin,2.0,0.15,55.206,24,1084791920,141,103144,23942,157051,4
spin_slow,spin,2.0,0.15,55.2251,25,1084813168,141,102936,24024,157081,4
spin_slow,spin,2.0,0.15,55.2453,26,1084831962,141,156254,24097,157081,4
spin_slow,spin,2.0,0.15,55.2664,27,1084854499,142,60721,24170,157039,4
spin_slow,spin,2.0,0.15,55.2875,28,1084874495,143,4991,24247,157038,4
spin_slow,spin,2.0,0.15,55.3064,29,1084894534,143,113567,24358,157035,4
spin_slow,spin,2.0,0.15,55.3254,30,1084913283,144,2489,24405,157055,4
spin_slow,spin,2.0,0.15,55.3497,31,1084935793,144,60264,24514,157043,4
spin_slow,spin,2.0,0.15,55.3666,32,1084955824,146,10557,24629,157055,4
spin_slow,spin,2.0,0.15,55.3856,33,1084974588,150,59728,24700,157003,4
spin_slow,spin,2.0,0.15,55.4046,34,1084993342,146,107779,24739,157032,4
spin_slow,spin,2.0,0.15,55.4267,35,1085015865,147,11031,24853,157015,4
spin_slow,spin,2.0,0.15,55.4458,36,1085034634,147,61057,24931,157033,4
spin_slow,spin,2.0,0.15,55.4701,37,1085057140,146,117960,24966,157016,4
spin_slow,spin,2.0,0.15,55.4869,38,1085075917,148,12338,25049,157061,4
spin_slow,spin,2.0,0.15,55.5154,39,1085100906,150,19950,25132,157067,4
spin_slow,spin,2.0,0.15,55.5376,40,1085117205,147,120726,25163,157056,4
spin_slow,spin,2.0,0.15,55.5555,41,1085136705,149,137621,25239,157050,4
spin_slow,spin,2.0,0.15,55.5703,42,1085156005,155,120175,25322,157060,4
spin_slow,spin,2.0,0.15,55.5766,43,1085168084,152,131863,25316,157057,4
spin_slow,spin,2.0,0.15,55.5872,44,1085176864,149,53875,25354,157056,4
spin_slow,spin,2.0,0.15,55.6104,45,1085197280,149,69137,25393,157057,4
spin_slow,spin,2.0,0.15,55.6284,46,1085216029,150,115985,25425,157001,4
spin_slow,spin,2.0,0.15,55.6505,47,1085238556,150,19655,25505,157054,4
spin_slow,spin,2.0,0.15,55.6705,48,1085257301,150,65648,25577,157018,4
spin_slow,spin,2.0,0.15,55.6874,49,1085276086,157,118493,25612,157004,4
spin_slow,spin,2.0,0.15,55.7105,50,1085297320,157,117343,25690,157000,4
spin_slow,spin,2.0,0.15,55.7274,51,1085316102,152,13211,25765,157019,4
spin_slow,spin,2.0,0.15,55.7496,52,1085338569,153,64288,25881,156996,4
spin_slow,spin,2.0,0.15,55.7696,53,1085357375,151,120779,25926,157029,4
spin_slow,spin,2.0,0.15,55.7906,54,1085379874,153,20249,26000,157028,4
spin_slow,spin,2.0,0.15,55.8096,55,1085398650,154,71516,26074,157047,4
spin_slow,spin,2.0,0.15,55.8349,56,1085421170,154,130669,26155,157046,4
spin_slow,spin,2.0,0.15,55.8549,57,1085441186,155,78256,26263,157033,4
spin_slow,spin,2.0,0.15,55.8727,58,1085461224,154,29818,26268,157037,4
spin_slow,spin,2.0,0.15,55.8938,59,1085481234,155,133599,26346,157049,4
spin_slow,spin,2.0,0.15,55.9107,60,1085499982,155,22650,26382,157044,4
spin_slow,spin,2.0,0.15,55.936,61,1085522510,156,83415,26495,157037,4
spin_slow,spin,2.0,0.15,55.9519,62,1085541261,156,130419,26536,157067,4
spin_slow,spin,2.0,0.15,55.9709,63,1085560011,157,19728,26616,157057,4
spin_slow,spin,2.0,0.15,55.9951,64,1085582535,155,79178,26729,157059,4
spin_slow,spin,2.0,0.15,56.0119,65,1085601313,158,129955,26797,157062,4
spin_slow,spin,2.0,0.15,56.0531,66,1085626176,158,116182,26878,157057,4
spin_slow,spin,2.0,0.15,56.0689,67,1085645647,159,127877,26954,157045,4
spin_slow,spin,2.0,0.15,56.0795,68,1085668021,159,5569,27027,157033,4
spin_slow,spin,2.0,0.15,56.0827,69,1085668963,159,8813,27032,157028,0
spin_slow,spin,2.0,0.15,56.0922,70,1085680925,159,157009,27108,157052,4
spin_slow,spin,2.0,0.15,56.1122,71,1085701397,161,26196,27186,157016,4
spin_slow,spin,2.0,0.15,56.1353,72,1085723892,160,81863,27262,157045,4
spin_slow,spin,2.0,0.15,56.1564,73,1085742652,160,130185,27335,157028,4
spin_slow,spin,2.0,0.15,56.1754,74,1085762673,161,79091,27450,157038,4
spin_slow,spin,2.0,0.15,56.1924,75,1085781451,162,130469,27531,157073,4
spin_slow,spin,2.0,0.15,56.2149,76,1085803958,160,30340,27600,157036,4
spin_slow,spin,2.0,0.15,56.235,77,1085822732,163,80979,27643,157066,4
spin_slow,spin,2.0,0.15,56.255,78,1085842753,163,29244,27720,157070,4
spin_slow,spin,2.0,0.15,56.2761,79,1085865255,164,85668,27797,157048,4
spin_slow,spin,2.0,0.15,56.295,80,1085884025,170,135525,27869,157028,4
spin_slow,spin,2.0,0.15,56.3151,81,1085902779,165,25540,27949,157055,4
spin_slow,spin,2.0,0.15,56.3363,82,1085924013,166,23184,28065,157070,4
spin_slow,spin,2.0,0.15,56.3553,83,1085944084,171,136891,28139,157064,4
spin_slow,spin,2.0,0.15,56.3766,84,1085966593,166,37267,28167,157011,4
spin_slow,spin,2.0,0.15,56.3955,85,1085985357,167,86233,28293,157063,4
spin_slow,spin,2.0,0.15,56.4197,86,1086007864,167,143515,28361,157009,4
spin_slow,spin,2.0,0.15,56.4367,87,1086026640,167,37583,28447,157069,4
spin_slow,spin,2.0,0.15,56.4621,88,1086050393,171,148757,28521,157056,4
spin_slow,spin,2.0,0.15,56.48,89,1086069170,169,43188,28636,157019,4
spin_slow,spin,2.0,0.15,56.5,90,1086087911,169,88348,28705,157020,4
spin_slow,spin,2.0,0.15,56.5212,91,1086110445,168,150649,28776,157024,4
spin_slow,spin,2.0,0.15,56.5423,92,1086129213,170,44003,28854,157016,4
spin_slow,spin,2.0,0.15,56.5602,93,1086149201,170,144649,28892,157021,4
spin_slow,spin,2.0,0.15,56.5854,94,1086172860,171,84111,29046,157017,4
spin_slow,spin,2.0,0.15,56.5876,95,1086173797,172,86256,29046,157037,0
spin_slow,spin,2.0,0.15,56.6002,96,1086189230,172,40061,29094,157074,4
spin_slow,spin,2.0,0.15,56.6223,97,1086211764,172,101343,29205,157053,4
spin_slow,spin,2.0,0.15,56.6412,98,1086230479,172,141961,29315,157043,4
spin_slow,spin,2.0,0.15,56.6654,99,1086253045,173,51647,29438,157086,4
spin_slow,spin,2.0,0.15,56.6823,100,1086271812,173,101065,29469,157035,4
spin_slow,spin,2.0,0.15,56.7056,101,1086294324,174,2118,29624,157048,4
spin_slow,spin,2.0,0.15,56.7246,102,1086313093,175,51923,29654,157011,4
spin_slow,spin,2.0,0.15,56.7468,103,1086335593,177,107729,29740,157064,4
spin_slow,spin,2.0,0.15,56.7647,104,1086354371,175,1555,29814,157044,4
spin_slow,spin,2.0,0.15,56.7879,105,1086376897,176,61707,29888,157063,4
spin_slow,spin,2.0,0.15,56.807,106,1086396922,183,11076,29978,157084,4
spin_slow,spin,2.0,0.15,56.8354,107,1086420012,177,9769,30054,157080,4
spin_slow,spin,2.0,0.15,56.8559,108,1086435705,177,7431,30082,157067,4
spin_slow,spin,2.0,0.15,56.8719,109,1086455217,184,26223,30126,157086,4
spin_slow,spin,2.0,0.15,56.8857,110,1086475718,178,56180,30233,157042,4
spin_slow,spin,2.0,0.15,56.9102,111,1086498231,178,114451,30278,157086,4
spin_slow,spin,2.0,0.15,56.9272,112,1086516981,179,3732,30391,157052,4
spin_slow,spin,2.0,0.15,56.9463,113,1086535767,178,56289,30423,157035,4
spin_slow,spin,2.0,0.15,56.9685,114,1086558277,179,113791,30546,157058,4
spin_slow,spin,2.0,0.15,56.9865,115,1086577059,181,8792,30615,157036,4
spin_slow,spin,2.0,0.15,57.0065,116,1086595812,180,56029,30693,157049,4
spin_slow,spin,2.0,0.15,57.0297,117,1086618351,181,118569,30799,157010,4
spin_slow,spin,2.0,0.15,57.0467,118,1086637106,185,9455,30762,157035,4
spin_slow,spin,2.0,0.15,57.0699,119,1086659619,181,67195,30924,157060,4
spin_slow,spin,2.0,0.15,57.0805,120,1086670475,183,27947,30960,157038,4
spin_slow,spin,2.0,0.15,57.09,121,1086679255,180,107049,31035,157062,4
spin_slow,spin,2.0,0.15,57.1069,122,1086697149,182,7931,31074,157069,4
spin_slow,spin,2.0,0.15,57.1301,123,1086719673,184,67078,31189,157046,4
spin_slow,spin,2.0,0.15,57.1501,124,1086738419,184,113024,31259,157017,4
spin_slow,spin,2.0,0.15,57.167,125,1086757197,184,7097,31300,157055,4
spin_slow,spin,2.0,0.15,57.1902,126,1086779691,179,61999,31369,157028,4
spin_slow,spin,2.0,0.15,57.2113,127,1086799691,185,7290,31455,157040,4
spin_slow,spin,2.0,0.15,57.2302,0,1086818498,185,64110,31488,157008,4
spin_slow,spin,2.0,0.15,57.2513,1,1086840987,186,118302,31608,157044,4
spin_slow,spin,2.0,0.15,57.2703,2,1086859762,186,11498,31696,157089,4
spin_slow,spin,2.0,0.15,57.2924,3,1086882289,187,71632,31763,157050,4
spin_slow,spin,2.0,0.15,57.3113,4,1086901060,187,121520,31755,157025,4
spin_slow,spin,2.0,0.15,57.3398,5,1086923362,187,143279,31876,157059,4
spin_slow,spin,2.0,0.15,57.3756,6,1086954816,189,150416,31910,157049,4
spin_slow,spin,2.0,0.15,57.3925,7,1086969128,188,70513,32035,157063,4
spin_slow,spin,2.0,0.15,57.3988,8,1086990501,188,91725,32066,157047,4
spin_slow,spin,2.0,0.15,57.4115,9,1087001124,189,12800,32106,157062,4
spin_slow,spin,2.0,0.15,57.4347,10,1087023658,190,74549,32214,157033,4
spin_slow,spin,2.0,0.15,57.4525,11,1087042415,190,122483,32251,157043,4
spin_slow,spin,2.0,0.15,57.4749,12,1087064907,190,20879,32283,156990,4
spin_slow,spin,2.0,0.15,57.495,13,1087084878,191,118437,32402,157021,4
spin_slow,spin,2.0,0.15,57.515,14,1087103699,191,20292,32397,156984,4
spin_slow,spin,2.0,0.15,57.5364,15,1087126193,186,75387,32527,157035,4
spin_slow,spin,2.0,0.15,57.5546,16,1087144974,191,127850,32553,157029,4
spin_slow,spin,2.0,0.15,57.5747,17,1087163739,192,20657,32638,157044,4
spin_slow,spin,2.0,0.15,57.5822,18,1087172152,194,37393,32674,157043,4
spin_slow,spin,2.0,0.15,57.5949,19,1087183748,192,124542,32669,156995,4
spin_slow,spin,2.0,0.15,57.6161,20,1087206258,193,25651,32747,157050,4
spin_slow,spin,2.0,0.15,57.6352,21,1087225016,194,73972,32821,156994,4
spin_slow,spin,2.0,0.15,57.6574,22,1087247547,190,135983,32854,157011,4
spin_slow,spin,2.0,0.15,57.6764,23,1087266279,194,22883,32938,157032,4
spin_slow,spin,2.0,0.15,57.6954,24,1087285036,194,71261,32975,157018,4
spin_slow,spin,2.0,0.15,57.7175,25,1087307594,192,137002,33088,157010,4
spin_slow,spin,2.0,0.15,57.7354,26,1087325082,195,126221,33138,157066,4
spin_slow,spin,2.0,0.15,57.7575,27,1087347592,202,26469,33205,157041,4
spin_slow,spin,2.0,0.15,57.7765,28,1087366321,195,69458,33247,157047,4
spin_slow,spin,2.0,0.15,57.7997,29,1087388878,191,135647,33277,157008,4
spin_slow,spin,2.0,0.15,57.8166,30,1087407641,197,27827,33396,157043,4
spin_slow,spin,2.0,0.15,57.8366,31,1087426392,197,74527,33437,157055,4
spin_slow,spin,2.0,0.15,57.8587,32,1087448919,197,135412,33513,157038,4
spin_slow,spin,2.0,0.15,57.8766,33,1087467709,197,31329,33631,157063,4
spin_slow,spin,2.0,0.15,57.8956,34,1087486460,197,78006,33694,157016,4
spin_slow,spin,2.0,0.15,57.9189,35,1087508970,193,136294,33810,157028,4
spin_slow,spin,2.0,0.15,57.9369,36,1087527753,197,31514,33902,157073,4
spin_slow,spin,2.0,0.15,57.9559,37,1087546477,198,73239,33969,157081,4
spin_slow,spin,2.0,0.15,57.9801,38,1087569018,194,135769,34048,157063,4
spin_slow,spin,2.0,0.15,57.998,39,1087587797,201,30154,34083,157044,4
spin_slow,spin,2.0,0.15,58.0159,40,1087606546,201,76945,34158,157031,4
spin_slow,spin,2.0,0.15,58.0408,41,1087629053,200,134691,34271,157042,4
spin_slow,spin,2.0,0.15,58.0568,42,1087647833,207,29394,34317,157057,4
spin_slow,spin,2.0,0.15,58.0759,43,1087667800,209,126149,34384,157009,4
spin_slow,spin,2.0,0.15,58.0833,44,1087670335,203,86210,34386,157013,4
spin_slow,spin,2.0,0.15,58.0982,45,1087689108,196,136745,34472,157049,4
spin_slow,spin,2.0,0.15,58.1183,46,1087707870,206,28178,34503,157050,4
spin_slow,spin,2.0,0.15,58.1502,47,1087737905,203,108809,34614,157031,4
spin_slow,spin,2.0,0.15,58.1735,48,1087750078,204,136646,34653,157021,4
spin_slow,spin,2.0,0.15,58.183,49,1087771034,205,86966,34771,157051,4
spin_slow,spin,2.0,0.15,58.2,50,1087790421,205,84581,34842,157025,4
spin_slow,spin,2.0,0.15,58.2201,51,1087809176,204,132049,34928,157055,4
spin_slow,spin,2.0,0.15,58.2392,52,1087829200,206,81084,34999,157015,4
spin_slow,spin,2.0,0.15,58.2614,53,1087851739,211,143578,35113,157038,4
spin_slow,spin,2.0,0.15,58.2805,54,1087870475,206,30690,35146,157047,4
spin_slow,spin,2.0,0.15,58.2995,55,1087889242,208,79905,35229,157050,4
spin_slow,spin,2.0,0.15,58.3197,56,1087909276,214,30451,35301,157017,4
spin_slow,spin,2.0,0.15,58.3408,57,1087930497,209,25723,35341,157029,4
spin_slow,spin,2.0,0.15,58.361,58,1087950561,202,138687,35450,157040,4
spin_slow,spin,2.0,0.15,58.3801,59,1087969310,209,28169,35538,157061,4
spin_slow,spin,2.0,0.15,58.4033,60,1087991819,210,85336,35615,157061,4
spin_slow,spin,2.0,0.15,58.4213,61,1088011858,208,36553,35688,157049,4
spin_slow,spin,2.0,0.15,58.4404,62,1088030607,214,83188,35765,157051,4
spin_slow,spin,2.0,0.15,58.4625,63,1088053136,212,143950,35833,157030,4
spin_slow,spin,2.0,0.15,58.4805,64,1088071874,211,31845,35913,157016,4
spin_slow,spin,2.0,0.15,58.4997,65,1088090650,212,83144,36029,157091,4
spin_slow,spin,2.0,0.15,58.523,66,1088113154,213,139240,36152,157055,4
spin_slow,spin,2.0,0.15,58.541,67,1088131925,212,31953,36257,157050,4
spin_slow,spin,2.0,0.15,58.5643,68,1088154456,208,92359,36343,157097,4
spin_slow,spin,2.0,0.15,58.5855,69,1088174495,221,43859,36450,157061,4
spin_slow,spin,2.0,0.15,58.5866,70,1088175445,215,48380,36486,157042,0
spin_slow,spin,2.0,0.15,58.6004,71,1088190737,214,135374,36511,157004,4
spin_slow,spin,2.0,0.15,58.6215,72,1088213271,216,39833,36611,157069,4
spin_slow,spin,2.0,0.15,58.6405,73,1088231966,216,76964,36671,157022,4
spin_slow,spin,2.0,0.15,58.685,74,1088259381,216,25982,36759,157071,4
spin_slow,spin,2.0,0.15,58.6998,75,1088278820,217,32356,36837,157063,4
spin_slow,spin,2.0,0.15,58.7072,76,1088300191,217,52999,36901,157021,4
spin_slow,spin,2.0,0.15,58.7209,77,1088312081,223,32712,36935,156996,4
spin_slow,spin,2.0,0.15,58.7453,78,1088334574,218,87957,37019,157041,4
spin_slow,spin,2.0,0.15,58.7622,79,1088353331,218,136017,37085,157010,4
spin_slow,spin,2.0,0.15,58.7813,80,1088372103,218,29294,37174,157056,4
spin_slow,spin,2.0,0.15,58.8035,81,1088394639,219,91115,37243,157026,4
spin_slow,spin,2.0,0.15,58.8225,82,1088413408,219,140647,37287,157062,4
spin_slow,spin,2.0,0.15,58.8415,83,1088432157,220,30201,37402,157071,4
spin_slow,spin,2.0,0.15,58.8646,84,1088454687,218,90684,37476,157043,4
spin_slow,spin,2.0,0.15,58.8825,85,1088473447,222,138796,37596,157034,4
spin_slow,spin,2.0,0.15,58.9047,86,1088495960,221,39595,37670,157043,4
spin_slow,spin,2.0,0.15,58.9248,87,1088514725,222,88790,37749,157041,4
spin_slow,spin,2.0,0.15,58.9417,88,1088533462,222,132975,37829,157072,4
spin_slow,spin,2.0,0.15,58.9649,89,1088556014,223,39742,37867,157074,4
spin_slow,spin,2.0,0.15,58.985,90,1088574778,223,88010,37980,157075,4
spin_slow,spin,2.0,0.15,59.0061,91,1088597303,224,147842,38055,157063,4
spin_slow,spin,2.0,0.15,59.025,92,1088616065,224,38074,38088,157055,4
spin_slow,spin,2.0,0.15,59.0462,93,1088634828,225,87002,38165,157047,4
spin_slow,spin,2.0,0.15,59.0663,94,1088657348,225,146435,38235,157033,4
spin_slow,spin,2.0,0.15,59.0832,95,1088672344,226,25854,38309,157036,4
spin_slow,spin,2.0,0.15,59.0905,96,1088679658,226,12909,38325,157066,4
spin_slow,spin,2.0,0.15,59.1064,97,1088696115,226,140765,38361,157050,4
spin_slow,spin,2.0,0.15,59.1275,98,1088718635,233,42574,38471,157036,4
spin_slow,spin,2.0,0.15,59.1455,99,1088737402,227,91904,38512,157075,4
spin_slow,spin,2.0,0.15,59.1645,100,1088756161,227,139786,38625,157061,4
spin_slow,spin,2.0,0.15,59.1867,101,1088778716,227,46907,38709,157082,4
spin_slow,spin,2.0,0.15,59.2056,102,1088797427,228,86124,38743,157091,4
spin_slow,spin,2.0,0.15,59.2246,103,1088816226,228,140584,38825,157072,4
spin_slow,spin,2.0,0.15,59.2478,104,1088838769,228,45992,38898,157084,4
spin_slow,spin,2.0,0.15,59.2658,105,1088857513,223,91136,39019,157085,4
spin_slow,spin,2.0,0.15,59.29,106,1088880052,230,152355,39058,157130,4
spin_slow,spin,2.0,0.15,59.3069,107,1088898834,236,46456,39046,157056,4
spin_slow,spin,2.0,0.15,59.3311,108,1088921343,231,102936,39166,157111,4
spin_slow,spin,2.0,0.15,59.3511,109,1088942609,231,105598,39231,157038,4
spin_slow,spin,2.0,0.15,59.3712,110,1088961354,231,151989,39302,157004,4
spin_slow,spin,2.0,0.15,59.3903,111,1088980131,231,46083,39346,157027,4
spin_slow,spin,2.0,0.15,59.4113,112,1089002637,235,103297,39412,157004,4
spin_slow,spin,2.0,0.15,59.4314,113,1089021327,232,139763,39496,157040,4
spin_slow,spin,2.0,0.15,59.4579,114,1089041408,232,98426,39536,157023,4
spin_slow,spin,2.0,0.15,59.4747,115,1089060238,233,1706,39612,157028,4
spin_slow,spin,2.0,0.15,59.5022,116,1089088929,233,10514,39690,157058,4
spin_slow,spin,2.0,0.15,59.5106,117,1089102426,234,106323,39719,157054,4
spin_slow,spin,2.0,0.15,59.5296,118,1089120242,234,151181,39815,157077,4
spin_slow,spin,2.0,0.15,59.5507,119,1089142735,235,48328,39884,157083,4
spin_slow,spin,2.0,0.15,59.5696,120,1089160268,235,44958,39917,157053,4
spin_slow,spin,2.0,0.15,59.5833,121,1089172783,235,130576,40004,157098,4
spin_slow,spin,2.0,0.15,59.5907,122,1089183721,236,105038,40034,157083,4
spin_slow,spin,2.0,0.15,59.6097,123,1089201551,236,151710,40113,157069,4
spin_slow,spin,2.0,0.15,59.6342,124,1089225319,237,108428,40159,157065,4
spin_slow,spin,2.0,0.15,59.6521,125,1089244095,236,2498,40218,157031,4
spin_slow,spin,2.0,0.15,59.6711,126,1089262845,237,49106,40303,157057,4
spin_slow,spin,2.0,0.15,59.6953,127,1089285383,238,111301,40381,157073,4
spin_slow,spin,2.0,0.15,59.7122,0,1089304155,238,4005,40462,157070,4
spin_slow,spin,2.0,0.15,59.7312,1,1089322854,238,41531,40544,157094,4
spin_slow,spin,2.0,0.15,59.7545,2,1089345430,239,109483,40602,157057,4
spin_slow,spin,2.0,0.15,59.7725,3,1089364212,241,4577,40674,157027,4
spin_slow,spin,2.0,0.15,59.7915,4,1089382963,239,50408,40725,157079,4
spin_slow,spin,2.0,0.15,59.8147,5,1089405479,241,108443,40834,157048,4
spin_slow,spin,2.0,0.15,59.8347,6,1089424225,241,154347,40913,157053,4
spin_slow,spin,2.0,0.15,59.8547,7,1089445521,241,4742,41032,157094,4
spin_slow,spin,2.0,0.15,59.8716,8,1089464292,241,54292,41073,157072,4
spin_slow,spin,2.0,0.15,59.8949,9,1089486784,243,108387,41176,157046,4
spin_slow,spin,2.0,0.15,59.9149,10,1089505571,243,3931,41214,157047,4
spin_slow,spin,2.0,0.15,59.936,11,1089528068,250,59610,41320,157005,4
spin_slow,spin,2.0,0.15,59.956,12,1089546834,244,109254,41369,157034,4
spin_slow,spin,2.0,0.15,59.9971,13,1089572950,241,151433,41519,157045,4
