label,mode,volt,spin,t_host,seq,t_us,isr_high,cap_age,cap_high,cap_period,flags
baseline_off,fight,0.0,0.0,0.0158,6,327695306,856,78605,145418,156756,4
baseline_off,fight,0.0,0.0,0.0348,7,327714058,856,132074,145369,156708,4
baseline_off,fight,0.0,0.0,0.0538,8,327732816,854,29852,145374,156711,4
baseline_off,fight,0.0,0.0,0.076,9,327755344,856,98003,145379,156716,4
baseline_off,fight,0.0,0.0,0.0949,10,327774120,855,154848,145428,156785,4
baseline_off,fight,0.0,0.0,0.1192,11,327796645,860,65376,145403,156743,4
baseline_off,fight,0.0,0.0,0.1393,12,327816670,860,20861,145451,156755,4
baseline_off,fight,0.0,0.0,0.1594,13,327835430,856,74889,145421,156763,4
baseline_off,fight,0.0,0.0,0.1794,14,327856702,855,85627,145437,156780,4
baseline_off,fight,0.0,0.0,0.1963,15,327875482,854,142762,145404,156746,4
baseline_off,fight,0.0,0.0,0.2152,16,327894251,854,41717,145437,156780,4
baseline_off,fight,0.0,0.0,0.2395,17,327916780,856,109369,145452,156755,4
baseline_off,fight,0.0,0.0,0.2564,18,327935510,855,1377,145480,156786,4
baseline_off,fight,0.0,0.0,0.2796,19,327958041,853,69248,145399,156740,4
baseline_off,fight,0.0,0.0,0.2997,20,327976840,856,130128,145389,156730,4
baseline_off,fight,0.0,0.0,0.3166,21,327995600,854,28029,145328,156663,4
baseline_off,fight,0.0,0.0,0.3356,22,328014369,855,84434,145325,156700,4
baseline_off,fight,0.0,0.0,0.359,23,328036864,856,147808,145365,156698,4
baseline_off,fight,0.0,0.0,0.3759,24,328055640,856,48554,145377,156716,4
baseline_off,fight,0.0,0.0,0.3991,25,328078159,855,114826,145351,156687,4
baseline_off,fight,0.0,0.0,0.418,26,328096919,855,12872,145356,156692,4
baseline_off,fight,0.0,0.0,0.4401,27,328119439,859,79900,145376,156715,4
baseline_off,fight,0.0,0.0,0.4591,28,328138208,855,136179,145378,156719,4
baseline_off,fight,0.0,0.0,0.4812,29,328160747,859,49624,145385,156725,4
baseline_off,fight,0.0,0.0,0.5001,30,328179518,855,105776,145395,156734,4
baseline_off,fight,0.0,0.0,0.5149,31,328193252,856,89229,145426,156768,4
baseline_off,fight,0.0,0.0,0.5212,32,328201610,855,99383,145384,156719,4
baseline_off,fight,0.0,0.0,0.5401,33,328219525,855,10496,145392,156730,4
baseline_off,fight,0.0,0.0,0.5643,34,328242046,856,77991,145375,156715,4
baseline_off,fight,0.0,0.0,0.5812,35,328260848,857,140289,145344,156683,4
baseline_off,fight,0.0,0.0,0.6044,36,328283325,856,43938,145405,156703,4
baseline_off,fight,0.0,0.0,0.6243,37,328302086,855,99160,145353,156687,4
baseline_off,fight,0.0,0.0,0.6622,38,328332112,854,32421,145331,156706,4
baseline_off,fight,0.0,0.0,0.6707,39,328349115,857,102075,145365,156704,4
baseline_off,fight,0.0,0.0,0.6854,40,328363391,855,21671,145368,156706,4
baseline_off,fight,0.0,0.0,0.7065,41,328385931,859,92699,145349,156685,4
baseline_off,fight,0.0,0.0,0.7265,42,328405958,856,49674,145332,156666,4
baseline_off,fight,0.0,0.0,0.7454,43,328424718,856,105255,145388,156727,4
baseline_off,fight,0.0,0.0,0.7686,44,328447215,855,11760,145430,156772,4
baseline_off,fight,0.0,0.0,0.7899,45,328469775,856,85036,145423,156764,4
baseline_off,fight,0.0,0.0,0.81,46,328489791,856,39212,145426,156726,4
baseline_off,fight,0.0,0.0,0.829,47,328508522,856,89215,145376,156715,4
baseline_off,fight,0.0,0.0,0.8501,48,328528501,855,37934,145365,156701,4
baseline_off,fight,0.0,0.0,0.8691,49,328548552,855,155118,145417,156777,4
baseline_off,fight,0.0,0.0,0.8892,50,328567319,855,54396,145356,156693,4
baseline_off,fight,0.0,0.0,0.9102,51,328589850,861,123416,145370,156709,4
baseline_off,fight,0.0,0.0,0.9345,52,328612357,855,31141,145382,156721,4
baseline_off,fight,0.0,0.0,0.9513,53,328631129,856,87592,145364,156699,4
baseline_off,fight,0.0,0.0,0.9704,54,328649908,856,145248,145387,156722,4
baseline_off,fight,0.0,0.0,0.9904,55,328668668,856,43506,145388,156727,4
baseline_off,fight,0.0,0.0,1.0125,56,328691221,855,115161,145443,156786,4
baseline_off,fight,0.0,0.0,1.0199,57,328699647,856,136832,145390,156729,4
baseline_off,fight,0.0,0.0,1.0315,58,328710752,857,143658,145405,156746,4
baseline_off,fight,0.0,0.0,1.0515,59,328731280,855,27797,145459,156806,4
baseline_off,fight,0.0,0.0,1.0716,60,328750021,857,78544,145365,156741,4
baseline_off,fight,0.0,0.0,1.0937,61,328772533,856,143604,145463,156767,4
baseline_off,fight,0.0,0.0,1.1116,62,328791333,855,47809,145366,156702,4
baseline_off,fight,0.0,0.0,1.1645,63,328828601,856,113992,145426,156767,4
baseline_off,fight,0.0,0.0,1.1687,64,328835017,855,107473,145411,156753,4
baseline_off,fight,0.0,0.0,1.175,65,328854771,855,16968,145409,156747,4
baseline_off,fight,0.0,0.0,1.1961,66,328876408,856,90593,145383,156725,4
baseline_off,fight,0.0,0.0,1.2151,67,328895161,856,144178,145368,156703,4
baseline_off,fight,0.0,0.0,1.2372,68,328914842,855,41887,145373,156709,4
baseline_off,fight,0.0,0.0,1.2551,69,328932730,855,104845,145420,156722,4
baseline_off,fight,0.0,0.0,1.2794,70,328953991,855,114641,145379,156717,4
baseline_off,fight,0.0,0.0,1.2994,71,328976433,856,11560,145381,156719,4
baseline_off,fight,0.0,0.0,1.3162,72,328996512,855,133959,145380,156714,4
baseline_off,fight,0.0,0.0,1.3351,73,329015281,855,33327,145383,156723,4
baseline_off,fight,0.0,0.0,1.3594,74,329037802,855,100739,145378,156718,4
baseline_off,fight,0.0,0.0,1.3794,75,329057820,855,55983,145408,156747,4
baseline_off,fight,0.0,0.0,1.3962,76,329076601,856,114698,145370,156710,4
baseline_off,fight,0.0,0.0,1.4194,77,329099102,856,22559,145389,156730,4
baseline_off,fight,0.0,0.0,1.4394,78,329119090,855,128903,145398,156735,4
baseline_off,fight,0.0,0.0,1.4615,79,329141650,856,45722,145429,156769,4
baseline_off,fight,0.0,0.0,1.4815,80,329160422,855,102936,145359,156695,4
baseline_off,fight,0.0,0.0,1.5047,81,329182929,856,11451,145360,156693,4
baseline_off,fight,0.0,0.0,1.5163,82,329195439,855,101066,145371,156707,4
baseline_off,fight,0.0,0.0,1.5247,83,329203846,855,119675,145440,156740,4
baseline_off,fight,0.0,0.0,1.5416,84,329221721,855,24323,145372,156711,4
baseline_off,fight,0.0,0.0,1.5647,85,329244221,855,88072,145386,156724,4
baseline_off,fight,0.0,0.0,1.5848,86,329262992,855,144639,145392,156732,4
baseline_off,fight,0.0,0.0,1.6037,87,329283020,855,101551,145391,156731,4
baseline_off,fight,0.0,0.0,1.6258,88,329305541,857,11683,145388,156726,4
baseline_off,fight,0.0,0.0,1.649,89,329328062,859,78913,145442,156742,4
baseline_off,fight,0.0,0.0,1.6679,90,329348079,855,33422,145394,156734,4
baseline_off,fight,0.0,0.0,1.6858,91,329366863,855,91793,145381,156718,4
baseline_off,fight,0.0,0.0,1.709,92,329389367,855,156108,145379,156691,4
baseline_off,fight,0.0,0.0,1.729,93,329409280,857,93085,145401,156741,4
baseline_off,fight,0.0,0.0,1.75,94,329428159,857,11617,145359,156696,4
baseline_off,fight,0.0,0.0,1.7711,95,329451937,854,135691,145431,156734,4
baseline_off,fight,0.0,0.0,1.7901,96,329470689,857,31783,145410,156750,4
baseline_off,fight,0.0,0.0,1.8143,97,329493218,856,100227,145373,156712,4
baseline_off,fight,0.0,0.0,1.8311,98,329511997,855,1158,145397,156738,4
baseline_off,fight,0.0,0.0,1.8543,99,329534499,863,64825,145354,156732,4
baseline_off,fight,0.0,0.0,1.8743,100,329553269,856,120997,145408,156749,4
baseline_off,fight,0.0,0.0,1.8912,101,329572051,855,22097,145390,156730,4
baseline_off,fight,0.0,0.0,1.9154,102,329594571,855,88474,145387,156724,4
baseline_off,fight,0.0,0.0,1.9428,103,329613324,855,142258,145373,156710,4
baseline_off,fight,0.0,0.0,1.9597,104,329632878,856,18339,145376,156713,4
baseline_off,fight,0.0,0.0,1.9713,105,329652140,855,1948,145371,156710,4
baseline_off,fight,0.0,0.0,1.9956,106,329674631,858,63991,145405,156745,4
baseline_off,fight,0.0,0.0,2.0114,107,329692117,854,58929,145381,156716,4
baseline_off,fight,0.0,0.0,2.0187,108,329700550,856,82263,145374,156712,4
baseline_off,fight,0.0,0.0,2.0345,109,329713421,853,75995,145381,156718,4
baseline_off,fight,0.0,0.0,2.0556,110,329735951,855,144760,145383,156719,4
baseline_off,fight,0.0,0.0,2.0757,111,329754700,855,41157,145360,156696,4
baseline_off,fight,0.0,0.0,2.0937,112,329774724,856,153836,145452,156747,4
baseline_off,fight,0.0,0.0,2.1138,113,329793490,854,51959,145400,156742,4
baseline_off,fight,0.0,0.0,2.1349,114,329816023,856,120244,145448,156789,4
baseline_off,fight,0.0,0.0,2.1539,115,329834793,859,19161,145389,156730,4
baseline_off,fight,0.0,0.0,2.174,116,329853554,855,73722,145437,156782,4
baseline_off,fight,0.0,0.0,2.1993,117,329877340,856,41510,145418,156759,4
baseline_off,fight,0.0,0.0,2.2141,118,329893608,856,142431,145418,156759,4
baseline_off,fight,0.0,0.0,2.2351,119,329916129,855,52469,145383,156723,4
baseline_off,fight,0.0,0.0,2.2555,120,329934960,856,118855,145457,156761,4
baseline_off,fight,0.0,0.0,2.2757,121,329957439,863,21343,145405,156748,4
baseline_off,fight,0.0,0.0,2.2958,122,329976091,856,57000,145373,156709,4
baseline_off,fight,0.0,0.0,2.3138,123,329994962,855,129840,145448,156752,4
baseline_off,fight,0.0,0.0,2.336,124,330017491,856,41735,145380,156717,4
baseline_off,fight,0.0,0.0,2.3551,125,330036254,855,96692,145403,156742,4
baseline_off,fight,0.0,0.0,2.3796,126,330055028,853,153549,145405,156744,4
baseline_off,fight,0.0,0.0,2.3955,127,330075062,856,111151,145421,156723,4
baseline_off,fight,0.0,0.0,2.4166,0,330095070,861,64513,145370,156707,4
baseline_off,fight,0.0,0.0,2.4418,1,330116162,856,45075,145395,156734,4
baseline_off,fight,0.0,0.0,2.465,2,330146393,855,11318,145436,156777,4
baseline_off,fight,0.0,0.0,2.4756,3,330157275,855,136996,145435,156737,4
baseline_off,fight,0.0,0.0,2.4966,4,330177667,854,154942,145429,156779,4
baseline_off,fight,0.0,0.0,2.5177,5,330197710,855,113916,145355,156732,4
baseline_off,fight,0.0,0.0,2.5208,6,330198663,854,119179,145351,156729,0
baseline_off,fight,0.0,0.0,2.5387,7,330218949,855,119673,145384,156725,4
baseline_off,fight,0.0,0.0,2.5608,8,330237718,857,19346,145372,156710,4
baseline_off,fight,0.0,0.0,2.5787,9,330258969,855,26830,145429,156771,4
baseline_off,fight,0.0,0.0,2.5967,10,330277761,854,86266,145411,156750,4
baseline_off,fight,0.0,0.0,2.6188,11,330300287,855,153996,145376,156698,4
baseline_off,fight,0.0,0.0,2.6392,12,330319042,855,51028,145413,156754,4
baseline_off,fight,0.0,0.0,2.6602,13,330341574,856,118695,145457,156759,4
baseline_off,fight,0.0,0.0,2.6802,14,330360353,856,18998,145497,156804,4
baseline_off,fight,0.0,0.0,2.7002,15,330380383,855,131760,145395,156734,4
baseline_off,fight,0.0,0.0,2.7213,16,330402904,855,41698,145365,156701,4
baseline_off,fight,0.0,0.0,2.7403,17,330421664,854,96555,145377,156715,4
baseline_off,fight,0.0,0.0,2.7603,18,330440441,856,153394,145385,156771,4
baseline_off,fight,0.0,0.0,2.7814,19,330462957,857,61908,145423,156762,4
baseline_off,fight,0.0,0.0,2.8046,20,330484231,856,72980,145403,156742,4
baseline_off,fight,0.0,0.0,2.8214,21,330503023,853,132636,145384,156723,4
baseline_off,fight,0.0,0.0,2.8446,22,330525533,855,40114,145452,156796,4
baseline_off,fight,0.0,0.0,2.8646,23,330544305,855,95946,145440,156781,4
baseline_off,fight,0.0,0.0,2.8847,24,330566791,856,156272,145432,156745,4
baseline_off,fight,0.0,0.0,2.9037,25,330585596,856,61599,145444,156748,4
baseline_off,fight,0.0,0.0,2.9237,26,330604377,856,119001,145442,156785,4
baseline_off,fight,0.0,0.0,2.9448,27,330626900,856,28806,145400,156745,4
baseline_off,fight,0.0,0.0,2.9637,28,330645660,854,83087,145390,156732,4
baseline_off,fight,0.0,0.0,2.9858,29,330668196,856,152342,145385,156731,4
baseline_off,fight,0.0,0.0,3.0048,30,330686949,857,48755,145426,156767,4
baseline_off,fight,0.0,0.0,3.0196,31,330698504,855,132388,145373,156710,4
baseline_off,fight,0.0,0.0,3.0291,32,330710360,863,110204,145420,156762,4
baseline_off,fight,0.0,0.0,3.047,33,330726999,855,117247,145387,156727,4
baseline_off,fight,0.0,0.0,3.0691,34,330750796,855,86661,145397,156737,4
baseline_off,fight,0.0,0.0,3.0891,35,330769547,855,139625,145409,156751,4
baseline_off,fight,0.0,0.0,3.1102,36,330792066,855,48492,145453,156754,4
baseline_off,fight,0.0,0.0,3.1303,37,330810849,856,106449,145434,156774,4
baseline_off,fight,0.0,0.0,3.1514,38,330832071,858,108885,145436,156784,4
baseline_off,fight,0.0,0.0,3.1694,39,330850892,855,16247,145441,156784,4
baseline_off,fight,0.0,0.0,3.1893,40,330869654,855,70551,145439,156781,4
baseline_off,fight,0.0,0.0,3.2104,41,330892174,858,136725,145407,156749,4
baseline_off,fight,0.0,0.0,3.2388,42,330912834,855,43870,145443,156788,4
baseline_off,fight,0.0,0.0,3.2547,43,330931234,855,36367,145392,156731,4
baseline_off,fight,0.0,0.0,3.2717,44,330950997,855,104550,145405,156744,4
baseline_off,fight,0.0,0.0,3.2897,45,330972262,856,114047,145433,156776,4
baseline_off,fight,0.0,0.0,3.314,46,330994801,856,26785,145390,156728,4
baseline_off,fight,0.0,0.0,3.3309,47,331013573,855,83829,145370,156705,4
baseline_off,fight,0.0,0.0,3.351,48,331032325,857,137263,145378,156716,4
baseline_off,fight,0.0,0.0,3.37,49,331052342,853,91588,145412,156753,4
baseline_off,fight,0.0,0.0,3.3943,50,331074873,856,3251,145400,156740,4
baseline_off,fight,0.0,0.0,3.4121,51,331093655,855,61036,145396,156737,4
baseline_off,fight,0.0,0.0,3.4321,52,331113631,855,8339,145400,156741,4
baseline_off,fight,0.0,0.0,3.4553,53,331136194,856,82180,145410,156750,4
baseline_off,fight,0.0,0.0,3.4753,54,331154953,856,136204,145425,156727,4
baseline_off,fight,0.0,0.0,3.4964,55,331177484,856,47849,145428,156772,4
baseline_off,fight,0.0,0.0,3.5164,56,331196255,854,103570,145398,156779,4
baseline_off,fight,0.0,0.0,3.5237,57,331204639,855,117742,145438,156779,4
baseline_off,fight,0.0,0.0,3.5343,58,331215862,855,144681,145422,156764,4
baseline_off,fight,0.0,0.0,3.5553,59,331236303,854,14424,145417,156759,4
baseline_off,fight,0.0,0.0,3.5753,60,331255073,858,70351,145409,156748,4
baseline_off,fight,0.0,0.0,3.5953,61,331277594,857,137351,145379,156716,4
baseline_off,fight,0.0,0.0,3.6142,62,331296353,861,35248,145414,156714,4
baseline_off,fight,0.0,0.0,3.6363,63,331318874,857,101916,145393,156733,4
baseline_off,fight,0.0,0.0,3.6553,64,331337655,856,2930,145443,156785,4
baseline_off,fight,0.0,0.0,3.6753,65,331357662,855,112374,145409,156751,4
baseline_off,fight,0.0,0.0,3.6995,66,331380194,855,24065,145426,156766,4
baseline_off,fight,0.0,0.0,3.7163,67,331398947,855,77209,145388,156728,4
baseline_off,fight,0.0,0.0,3.7553,68,331427599,855,88939,145417,156761,4
baseline_off,fight,0.0,0.0,3.7648,69,331444720,854,21118,145425,156769,4
baseline_off,fight,0.0,0.0,3.7764,70,331459030,856,102557,145445,156750,4
baseline_off,fight,0.0,0.0,3.7996,71,331481550,855,12368,145368,156707,4
baseline_off,fight,0.0,0.0,3.8196,72,331500312,855,67183,145375,156712,4
baseline_off,fight,0.0,0.0,3.8365,73,331519083,854,123798,145377,156714,4
baseline_off,fight,0.0,0.0,3.8587,74,331541601,856,33630,145384,156725,4
baseline_off,fight,0.0,0.0,3.8788,75,331560374,855,90571,145370,156707,4
baseline_off,fight,0.0,0.0,3.8999,76,331582892,855,918,145363,156701,4
baseline_off,fight,0.0,0.0,3.9188,77,331601644,855,54345,145403,156700,4
baseline_off,fight,0.0,0.0,3.9409,78,331624185,856,125133,145399,156737,4
baseline_off,fight,0.0,0.0,3.9599,79,331642944,855,22718,145456,156760,4
baseline_off,fight,0.0,0.0,3.9841,80,331665466,856,89305,145431,156773,4
baseline_off,fight,0.0,0.0,4.001,81,331684249,855,147343,145422,156754,4
baseline_off,fight,0.0,0.0,4.0241,82,331704211,855,92335,145389,156728,4
baseline_off,fight,0.0,0.0,4.0241,83,331705163,855,97418,145347,156722,0
baseline_off,fight,0.0,0.0,4.0441,84,331725537,856,112815,145444,156748,4
baseline_off,fight,0.0,0.0,4.061,85,331744298,855,10226,145479,156783,4
baseline_off,fight,0.0,0.0,4.0862,86,331766828,855,78078,145419,156761,4
baseline_off,fight,0.0,0.0,4.1041,87,331786846,856,32783,145427,156772,4
baseline_off,fight,0.0,0.0,4.1241,88,331805620,855,88878,145425,156767,4
baseline_off,fight,0.0,0.0,4.1452,89,331828219,857,11466,145438,156779,4
baseline_off,fight,0.0,0.0,4.1641,90,331846921,854,55488,145424,156770,4
baseline_off,fight,0.0,0.0,4.1841,91,331865693,855,111344,145417,156758,4
baseline_off,fight,0.0,0.0,4.2052,92,331888222,855,22069,145439,156781,4
baseline_off,fight,0.0,0.0,4.2263,93,331909497,854,33317,145415,156757,4
baseline_off,fight,0.0,0.0,4.2452,94,331928267,856,89128,145435,156775,4
baseline_off,fight,0.0,0.0,4.2695,95,331950793,855,156206,145408,156759,4
baseline_off,fight,0.0,0.0,4.2863,96,331969569,855,56170,145407,156747,4
baseline_off,fight,0.0,0.0,4.3053,97,331988299,855,104800,145403,156744,4
baseline_off,fight,0.0,0.0,4.3295,98,332010869,855,22422,145398,156740,4
baseline_off,fight,0.0,0.0,4.3506,99,332029642,855,78391,145433,156775,4
baseline_off,fight,0.0,0.0,4.3696,100,332050915,856,88734,145436,156776,4
baseline_off,fight,0.0,0.0,4.3865,101,332069703,856,147070,145447,156774,4
baseline_off,fight,0.0,0.0,4.4055,102,332088477,856,46138,145490,156797,4
baseline_off,fight,0.0,0.0,4.4287,103,332110998,855,112245,145398,156740,4
baseline_off,fight,0.0,0.0,4.4466,104,332129779,855,12548,145452,156797,4
baseline_off,fight,0.0,0.0,4.4656,105,332148550,855,68047,145403,156745,4
baseline_off,fight,0.0,0.0,4.4888,106,332171072,854,134045,145449,156793,4
baseline_off,fight,0.0,0.0,4.5057,107,332189842,856,32421,145457,156803,4
baseline_off,fight,0.0,0.0,4.5341,108,332202368,861,123581,145443,156784,4
baseline_off,fight,0.0,0.0,4.552,109,332226972,855,73173,145451,156797,4
baseline_off,fight,0.0,0.0,4.5637,110,332244605,857,91703,145454,156796,4
baseline_off,fight,0.0,0.0,4.5689,111,332251144,856,105841,145468,156811,4
baseline_off,fight,0.0,0.0,4.59,112,332273674,854,15994,145431,156774,4
baseline_off,fight,0.0,0.0,4.609,113,332292475,856,76654,145450,156797,4
baseline_off,fight,0.0,0.0,4.629,114,332311256,854,133993,145422,156763,4
baseline_off,fight,0.0,0.0,4.6501,115,332333786,855,44384,145406,156746,4
baseline_off,fight,0.0,0.0,4.6691,116,332352555,853,99901,145422,156761,4
baseline_off,fight,0.0,0.0,4.6913,117,332375085,856,10515,145461,156807,4
baseline_off,fight,0.0,0.0,4.7102,118,332393874,856,69172,145471,156777,4
baseline_off,fight,0.0,0.0,4.7292,119,332412627,855,121885,145431,156774,4
baseline_off,fight,0.0,0.0,4.7513,120,332435158,856,32925,145423,156765,4
baseline_off,fight,0.0,0.0,4.7703,121,332453928,856,88783,145452,156756,4
baseline_off,fight,0.0,0.0,4.7945,122,332476454,857,156012,145465,156767,4
baseline_off,fight,0.0,0.0,4.8114,123,332495221,854,53833,145472,156817,4
baseline_off,fight,0.0,0.0,4.8346,124,332517750,855,120853,145431,156775,4
baseline_off,fight,0.0,0.0,4.8525,125,332536530,856,20912,145441,156785,4
baseline_off,fight,0.0,0.0,4.8715,126,332555300,855,76131,145468,156770,4
baseline_off,fight,0.0,0.0,4.8957,127,332577790,856,136967,145453,156799,4
baseline_off,fight,0.0,0.0,4.9147,0,332597859,856,98973,145435,156780,4
baseline_off,fight,0.0,0.0,4.9347,1,332616633,853,155070,145430,156770,4
baseline_off,fight,0.0,0.0,4.9568,2,332639159,863,65346,145402,156743,4
baseline_off,fight,0.0,0.0,4.9747,3,332659176,858,18637,145457,156803,4
baseline_off,fight,0.0,0.0,4.9947,4,332677956,856,75629,145412,156753,4
baseline_off,fight,0.0,0.0,5.0211,5,332700488,855,143050,145448,156791,4
baseline_off,fight,0.0,0.0,5.0211,6,332703001,855,99780,145442,156785,4
baseline_off,fight,0.0,0.0,5.0538,7,332731735,855,124423,145414,156756,4
baseline_off,fight,0.0,0.0,5.0654,8,332746266,855,86179,145419,156760,4
baseline_off,fight,0.0,0.0,5.0749,9,332758320,858,96868,145451,156793,4
baseline_off,fight,0.0,0.0,5.0949,10,332778095,855,9070,145440,156783,4
baseline_off,fight,0.0,0.0,5.1161,11,332800626,855,76540,145478,156784,4
baseline_off,fight,0.0,0.0,5.1351,12,332819346,860,123667,145380,156715,4
baseline_off,fight,0.0,0.0,5.1585,13,332841906,856,40168,145413,156755,4
baseline_off,fight,0.0,0.0,5.1766,14,332860687,856,97294,145477,156782,4
baseline_off,fight,0.0,0.0,5.1947,15,332879464,856,154243,145406,156729,4
baseline_off,fight,0.0,0.0,5.2212,16,332901990,859,65178,145392,156732,4
baseline_off,fight,0.0,0.0,5.2392,17,332922008,856,19441,145403,156742,4
baseline_off,fight,0.0,0.0,5.2561,18,332940789,856,77233,145390,156730,4
baseline_off,fight,0.0,0.0,5.275,19,332959552,855,132251,145378,156716,4
baseline_off,fight,0.0,0.0,5.2992,20,332982071,855,41504,145413,156752,4
baseline_off,fight,0.0,0.0,5.3203,21,333004602,855,109588,145419,156762,4
baseline_off,fight,0.0,0.0,5.3403,22,333023369,856,8036,145442,156751,4
baseline_off,fight,0.0,0.0,5.3613,23,333045902,854,76193,145416,156753,4
baseline_off,fight,0.0,0.0,5.3803,24,333064684,856,133709,145418,156764,4
baseline_off,fight,0.0,0.0,5.3994,25,333083454,856,32930,145382,156721,4
baseline_off,fight,0.0,0.0,5.4215,26,333105988,855,101411,145417,156758,4
baseline_off,fight,0.0,0.0,5.4405,27,333124712,860,149212,145402,156782,4
baseline_off,fight,0.0,0.0,5.4605,28,333143526,856,55884,145428,156771,4
baseline_off,fight,0.0,0.0,5.4815,29,333166049,859,122373,145428,156770,4
baseline_off,fight,0.0,0.0,5.5026,30,333184817,862,20618,145436,156778,4
baseline_off,fight,0.0,0.0,5.5257,31,333206054,855,24697,145412,156755,4
baseline_off,fight,0.0,0.0,5.5257,32,333207014,857,31264,145467,156772,0
baseline_off,fight,0.0,0.0,5.5405,33,333224875,855,88710,145424,156768,4
baseline_off,fight,0.0,0.0,5.5647,34,333247393,858,154359,145428,156753,4
baseline_off,fight,0.0,0.0,5.5815,35,333266181,856,56269,145435,156779,4
baseline_off,fight,0.0,0.0,5.6057,36,333288691,854,120412,145426,156769,4
baseline_off,fight,0.0,0.0,5.6247,37,333307471,862,20838,145394,156774,4
baseline_off,fight,0.0,0.0,5.6448,38,333330001,856,87928,145460,156805,4
baseline_off,fight,0.0,0.0,5.6649,39,333350028,856,43950,145391,156731,4
baseline_off,fight,0.0,0.0,5.6849,40,333368809,855,101427,145405,156749,4
baseline_off,fight,0.0,0.0,5.706,41,333391317,856,8810,145367,156706,4
baseline_off,fight,0.0,0.0,5.725,42,333410048,856,58347,145410,156749,4
baseline_off,fight,0.0,0.0,5.7492,43,333432620,855,133257,145418,156757,4
baseline_off,fight,0.0,0.0,5.766,44,333451398,855,34080,145373,156712,4
baseline_off,fight,0.0,0.0,5.7892,45,333473910,855,99203,145391,156731,4
baseline_off,fight,0.0,0.0,5.8093,46,333492674,856,154604,145391,156700,4
baseline_off,fight,0.0,0.0,5.8462,47,333526288,855,69242,145413,156714,4
baseline_off,fight,0.0,0.0,5.8547,48,333539706,857,155859,145452,156737,4
baseline_off,fight,0.0,0.0,5.8695,49,333551766,856,11568,145403,156743,4
baseline_off,fight,0.0,0.0,5.8863,50,333571524,861,79237,145433,156733,4
baseline_off,fight,0.0,0.0,5.9105,51,333594036,856,144704,145437,156738,4
baseline_off,fight,0.0,0.0,5.9295,52,333612804,855,44231,145336,156675,4
baseline_off,fight,0.0,0.0,5.9463,53,333631567,855,99604,145396,156735,4
baseline_off,fight,0.0,0.0,5.9705,54,333654095,855,10800,145376,156715,4
baseline_off,fight,0.0,0.0,5.9906,55,333672858,856,65499,145423,156763,4
baseline_off,fight,0.0,0.0,6.0138,56,333695350,855,127195,145401,156741,4
baseline_off,fight,0.0,0.0,6.0265,57,333707334,855,127113,145302,156675,4
baseline_off,fight,0.0,0.0,6.0296,58,333713761,856,122657,145384,156721,4
baseline_off,fight,0.0,0.0,6.0507,59,333735426,855,44390,145389,156729,4
baseline_off,fight,0.0,0.0,6.0697,60,333754184,855,98801,145373,156712,4
baseline_off,fight,0.0,0.0,6.0876,61,333772961,856,155907,145428,156744,4
baseline_off,fight,0.0,0.0,6.1098,62,333795486,855,66402,145390,156728,4
baseline_off,fight,0.0,0.0,6.1288,63,333814237,855,119501,145368,156707,4
baseline_off,fight,0.0,0.0,6.1478,64,333833028,855,22353,145391,156730,4
baseline_off,fight,0.0,0.0,6.171,65,333855548,855,88901,145363,156740,4
baseline_off,fight,0.0,0.0,6.1899,66,333874311,857,143596,145425,156768,4
baseline_off,fight,0.0,0.0,6.211,67,333896842,854,55462,145394,156733,4
baseline_off,fight,0.0,0.0,6.2299,68,333915602,855,110210,145321,156696,4
baseline_off,fight,0.0,0.0,6.2552,69,333938132,855,22480,145409,156750,4
baseline_off,fight,0.0,0.0,6.271,70,333956913,855,80716,145373,156710,4
baseline_off,fight,0.0,0.0,6.2901,71,333975615,856,124861,145433,156770,4
baseline_off,fight,0.0,0.0,6.3145,72,333998175,856,41092,145395,156780,4
baseline_off,fight,0.0,0.0,6.3515,73,334026826,854,51818,145431,156774,4
baseline_off,fight,0.0,0.0,6.3588,74,334043959,854,142669,145394,156734,4
baseline_off,fight,0.0,0.0,6.3715,75,334056022,855,155963,145368,156708,4
baseline_off,fight,0.0,0.0,6.3925,76,334075771,861,65138,145410,156748,4
baseline_off,fight,0.0,0.0,6.4105,77,334095789,854,19573,145427,156770,4
baseline_off,fight,0.0,0.0,6.4337,78,334118317,856,87140,145435,156775,4
baseline_off,fight,0.0,0.0,6.4516,79,334137089,856,143707,145400,156740,4
baseline_off,fight,0.0,0.0,6.4716,80,334155859,853,43694,145380,156721,4
baseline_off,fight,0.0,0.0,6.4937,81,334178380,856,111056,145397,156738,4
baseline_off,fight,0.0,0.0,6.5117,82,334197150,857,9973,145394,156736,4
baseline_off,fight,0.0,0.0,6.5222,83,334207990,855,128621,145420,156759,4
baseline_off,fight,0.0,0.0,6.5338,84,334217843,858,79160,145396,156739,4
baseline_off,fight,0.0,0.0,6.5538,85,334239660,854,26369,145342,156720,4
baseline_off,fight,0.0,0.0,6.5749,86,334258459,855,87237,145434,156777,4
baseline_off,fight,0.0,0.0,6.5917,87,334277230,855,143805,145391,156729,4
baseline_off,fight,0.0,0.0,6.6149,88,334299739,855,52840,145348,156682,4
baseline_off,fight,0.0,0.0,6.6339,89,334318509,862,109506,145386,156725,4
baseline_off,fight,0.0,0.0,6.6549,90,334341021,856,18099,145419,156759,4
baseline_off,fight,0.0,0.0,6.6749,91,334359792,855,74687,145384,156720,4
baseline_off,fight,0.0,0.0,6.696,92,334382323,856,143638,145412,156752,4
baseline_off,fight,0.0,0.0,6.715,93,334401084,856,41749,145444,156747,4
baseline_off,fight,0.0,0.0,6.7392,94,334423614,862,110202,145411,156751,4
baseline_off,fight,0.0,0.0,6.756,95,334442375,856,8155,145389,156730,4
baseline_off,fight,0.0,0.0,6.7802,96,334464896,855,74657,145404,156743,4
baseline_off,fight,0.0,0.0,6.8002,97,334483666,856,130841,145388,156726,4
baseline_off,fight,0.0,0.0,6.8192,98,334503682,855,85523,145388,156725,4
baseline_off,fight,0.0,0.0,6.8404,99,334526209,855,153986,145395,156730,4
baseline_off,fight,0.0,0.0,6.8605,100,334546101,854,88142,145409,156750,4
baseline_off,fight,0.0,0.0,6.8805,101,334565002,856,9883,145406,156748,4
baseline_off,fight,0.0,0.0,6.9016,102,334587514,856,74961,145412,156753,4
baseline_off,fight,0.0,0.0,6.9205,103,334606286,855,131478,145388,156727,4
baseline_off,fight,0.0,0.0,6.9395,104,334625047,856,29164,145420,156763,4
baseline_off,fight,0.0,0.0,6.9616,105,334647577,856,97231,145397,156735,4
baseline_off,fight,0.0,0.0,6.9805,106,334666344,855,152785,145360,156726,4
baseline_off,fight,0.0,0.0,7.0026,107,334688870,859,64081,145360,156698,4
baseline_off,fight,0.0,0.0,7.0248,108,334708896,857,20215,145434,156776,4
baseline_off,fight,0.0,0.0,7.0248,109,334709846,855,25015,145461,156763,0
baseline_off,fight,0.0,0.0,7.0438,110,334730162,855,30755,145379,156717,4
baseline_off,fight,0.0,0.0,7.0627,111,334748915,855,84356,145367,156703,4
baseline_off,fight,0.0,0.0,7.0817,112,334767698,855,143477,145355,156689,4
baseline_off,fight,0.0,0.0,7.1059,113,334790196,857,50615,145380,156721,4
baseline_off,fight,0.0,0.0,7.1428,114,334820226,853,140987,145388,156727,4
baseline_off,fight,0.0,0.0,7.1555,115,334837219,855,51850,145389,156726,4
baseline_off,fight,0.0,0.0,7.165,116,334851835,856,28830,145410,156749,4
baseline_off,fight,0.0,0.0,7.185,117,334870255,858,25018,145424,156764,4
baseline_off,fight,0.0,0.0,7.2061,118,334892814,856,97613,145443,156786,4
baseline_off,fight,0.0,0.0,7.2251,119,334911591,857,154290,145446,156794,4
baseline_off,fight,0.0,0.0,7.244,120,334930357,854,51974,145490,156795,4
baseline_off,fight,0.0,0.0,7.2662,121,334952886,856,118959,145423,156764,4
baseline_off,fight,0.0,0.0,7.2852,122,334971667,855,19230,145385,156764,4
baseline_off,fight,0.0,0.0,7.3043,123,334990419,856,71573,145436,156777,4
baseline_off,fight,0.0,0.0,7.3306,124,335012897,854,130465,145389,156728,4
baseline_off,fight,0.0,0.0,7.3454,125,335030494,855,144079,145391,156730,4
baseline_off,fight,0.0,0.0,7.3665,126,335053014,856,53619,145406,156746,4
baseline_off,fight,0.0,0.0,7.3854,127,335071756,856,104764,145387,156729,4
baseline_off,fight,0.0,0.0,7.4067,0,335094298,857,18447,145392,156731,4
baseline_off,fight,0.0,0.0,7.4268,1,335113071,856,74815,145410,156751,4
baseline_off,fight,0.0,0.0,7.4468,2,335133026,856,19297,145378,156717,4
baseline_off,fight,0.0,0.0,7.4689,3,335155588,855,93706,145380,156721,4
baseline_off,fight,0.0,0.0,7.4869,4,335174361,855,150493,145386,156717,4
baseline_off,fight,0.0,0.0,7.506,5,335193138,860,51142,145345,156720,4
baseline_off,fight,0.0,0.0,7.5219,6,335208158,856,96604,145395,156737,4
baseline_off,fight,0.0,0.0,7.5303,7,335216556,856,113494,145403,156740,4
baseline_off,fight,0.0,0.0,7.5492,8,335235689,854,74559,145393,156734,4
baseline_off,fight,0.0,0.0,7.5692,9,335254430,854,125703,145401,156742,4
baseline_off,fight,0.0,0.0,7.5904,10,335276971,855,39045,145405,156746,4
baseline_off,fight,0.0,0.0,7.6095,11,335295733,861,93504,145401,156745,4
baseline_off,fight,0.0,0.0,7.6474,12,335324373,854,103463,145398,156736,4
baseline_off,fight,0.0,0.0,7.6548,13,335341516,855,39490,145405,156746,4
baseline_off,fight,0.0,0.0,7.6696,14,335355794,854,115399,145397,156736,4
baseline_off,fight,0.0,0.0,7.6917,15,335378304,855,23706,145371,156707,4
baseline_off,fight,0.0,0.0,7.7107,16,335396924,855,54110,145437,156781,4
baseline_off,fight,0.0,0.0,7.7307,17,335415847,856,135147,145437,156779,4
baseline_off,fight,0.0,0.0,7.7518,18,335437127,855,147033,145413,156773,4
baseline_off,fight,0.0,0.0,7.7728,19,335459661,855,59033,145397,156739,4
baseline_off,fight,0.0,0.0,7.7981,20,335480934,858,70210,145429,156731,4
baseline_off,fight,0.0,0.0,7.816,21,335502199,856,80004,145411,156751,4
baseline_off,fight,0.0,0.0,7.8328,22,335519714,863,79036,145434,156775,4
baseline_off,fight,0.0,0.0,7.856,23,335540988,856,89973,145443,156785,4
baseline_off,fight,0.0,0.0,7.8783,24,335563518,856,1207,145428,156768,4
baseline_off,fight,0.0,0.0,7.8983,25,335583545,855,113714,145420,156762,4
baseline_off,fight,0.0,0.0,7.9151,26,335602316,854,12686,145433,156777,4
baseline_off,fight,0.0,0.0,7.9352,27,335622194,856,99492,145435,156776,4
baseline_off,fight,0.0,0.0,7.9552,28,335641105,855,22012,145467,156813,4
baseline_off,fight,0.0,0.0,7.9764,29,335663635,856,89763,145429,156771,4
baseline_off,fight,0.0,0.0,7.9953,30,335682411,855,146489,145425,156763,4
baseline_off,fight,0.0,0.0,8.0195,31,335704927,857,55049,145443,156787,4
baseline_off,fight,0.0,0.0,8.0248,32,335713335,856,73156,145427,156770,4
baseline_off,fight,0.0,0.0,8.0364,33,335723320,855,45839,145436,156778,4
baseline_off,fight,0.0,0.0,8.0564,34,335743739,855,67638,145444,156786,4
baseline_off,fight,0.0,0.0,8.0754,35,335762512,863,123529,145452,156758,4
baseline_off,fight,0.0,0.0,8.0996,36,335785032,855,33209,145394,156733,4
baseline_off,fight,0.0,0.0,8.1165,37,335803814,856,90890,145444,156788,4
baseline_off,fight,0.0,0.0,8.1376,38,335825087,856,100806,145454,156799,4
baseline_off,fight,0.0,0.0,8.1566,39,335843866,855,1087,145388,156730,4
baseline_off,fight,0.0,0.0,8.1808,40,335866370,862,64613,145452,156757,4
baseline_off,fight,0.0,0.0,8.1998,41,335886406,855,22293,145425,156767,4
baseline_off,fight,0.0,0.0,8.2198,42,335907520,858,5571,145440,156782,4
baseline_off,fight,0.0,0.0,8.2399,43,335926454,855,88961,145409,156751,4
baseline_off,fight,0.0,0.0,8.261,44,335945214,854,142933,145437,156782,4
baseline_off,fight,0.0,0.0,8.2822,45,335969023,855,114834,145390,156728,4
baseline_off,fight,0.0,0.0,8.297,46,335985279,855,56430,145439,156780,4
baseline_off,fight,0.0,0.0,8.3202,47,336007789,856,119782,145455,156803,4
baseline_off,fight,0.0,0.0,8.3402,48,336026570,858,20228,145402,156744,4
baseline_off,fight,0.0,0.0,8.3592,49,336045351,854,77894,145413,156753,4
baseline_off,fight,0.0,0.0,8.3802,50,336067872,854,144406,145441,156743,4
baseline_off,fight,0.0,0.0,8.4003,51,336086634,856,42553,145400,156739,4
baseline_off,fight,0.0,0.0,8.4405,52,336117916,856,31043,145424,156724,4
baseline_off,fight,0.0,0.0,8.4489,53,336134929,854,101417,145438,156780,4
baseline_off,fight,0.0,0.0,8.4605,54,336146974,856,111147,145435,156778,4
baseline_off,fight,0.0,0.0,8.4805,55,336167827,860,50994,145404,156745,4
baseline_off,fight,0.0,0.0,8.5026,56,336190498,855,142946,145414,156756,4
baseline_off,fight,0.0,0.0,8.525,57,336210524,857,98390,145382,156759,4
baseline_off,fight,0.0,0.0,8.525,58,336211474,855,103209,145466,156768,0
baseline_off,fight,0.0,0.0,8.5447,59,336231810,856,111183,145438,156781,4
baseline_off,fight,0.0,0.0,8.5632,60,336250568,855,7684,145413,156754,4
baseline_off,fight,0.0,0.0,8.5863,61,336273090,856,73788,145424,156765,4
baseline_off,fight,0.0,0.0,8.6061,62,336291871,855,131531,145414,156755,4
baseline_off,fight,0.0,0.0,8.6267,63,336314380,855,39077,145421,156764,4
baseline_off,fight,0.0,0.0,8.6448,64,336333153,856,95296,145455,156758,4
baseline_off,fight,0.0,0.0,8.6671,65,336355701,856,9764,145433,156737,4
baseline_off,fight,0.0,0.0,8.6872,66,336374462,856,63792,145419,156759,4
baseline_off,fight,0.0,0.0,8.7053,67,336393224,856,117293,145431,156773,4
baseline_off,fight,0.0,0.0,8.7277,68,336415754,856,27684,145432,156774,4
baseline_off,fight,0.0,0.0,8.746,69,336434545,856,86928,145424,156766,4
baseline_off,fight,0.0,0.0,8.7695,70,336457052,848,149991,145433,156763,4
baseline_off,fight,0.0,0.0,8.7918,71,336476932,855,81162,145414,156755,4
baseline_off,fight,0.0,0.0,8.8068,72,336494607,855,107379,145424,156765,4
baseline_off,fight,0.0,0.0,8.8258,73,336514632,856,63359,145405,156745,4
baseline_off,fight,0.0,0.0,8.8491,74,336537144,855,128129,145435,156779,4
baseline_off,fight,0.0,0.0,8.8692,75,336555935,857,30104,145425,156769,4
baseline_off,fight,0.0,0.0,8.8904,76,336578445,859,94035,145407,156748,4
baseline_off,fight,0.0,0.0,8.9137,77,336597230,857,152493,145426,156765,4
baseline_off,fight,0.0,0.0,8.9529,78,336625874,862,5656,145429,156770,4
baseline_off,fight,0.0,0.0,8.9688,79,336645349,855,24481,145399,156742,4
baseline_off,fight,0.0,0.0,8.9762,80,336666774,853,62340,145384,156724,4
baseline_off,fight,0.0,0.0,8.9889,81,336676317,855,117529,145379,156717,4
baseline_off,fight,0.0,0.0,9.0111,82,336696063,854,26529,145345,156720,4
baseline_off,fight,0.0,0.0,9.026,83,336711044,854,65597,145360,156698,4
baseline_off,fight,0.0,0.0,9.0302,84,336719540,856,99391,145412,156751,4
baseline_off,fight,0.0,0.0,9.0492,85,336737352,859,148895,145406,156730,4
baseline_off,fight,0.0,0.0,9.0715,86,336759884,855,61039,145384,156720,4
baseline_off,fight,0.0,0.0,9.0905,87,336778647,856,116387,145386,156725,4
baseline_off,fight,0.0,0.0,9.1096,88,336797419,854,16069,145363,156700,4
baseline_off,fight,0.0,0.0,9.1308,89,336819948,855,84115,145429,156769,4
baseline_off,fight,0.0,0.0,9.15,90,336838710,856,138365,145446,156788,4
baseline_off,fight,0.0,0.0,9.1701,91,336857482,855,37720,145372,156710,4
baseline_off,fight,0.0,0.0,9.1913,92,336880011,855,106370,145385,156726,4
baseline_off,fight,0.0,0.0,9.2104,93,336898771,855,4330,145353,156691,4
baseline_off,fight,0.0,0.0,9.2338,94,336921291,854,70720,145414,156756,4
baseline_off,fight,0.0,0.0,9.254,95,336940073,855,128202,145428,156771,4
baseline_off,fight,0.0,0.0,9.271,96,336960091,854,82774,145413,156753,4
baseline_off,fight,0.0,0.0,9.2901,97,336978861,855,138686,145403,156744,4
baseline_off,fight,0.0,0.0,9.3124,98,337001383,855,48671,145373,156709,4
baseline_off,fight,0.0,0.0,9.3324,99,337020014,854,81189,145423,156765,4
baseline_off,fight,0.0,0.0,9.3505,100,337038923,855,3712,145422,156763,4
baseline_off,fight,0.0,0.0,9.3726,101,337061444,855,70698,145419,156718,4
baseline_off,fight,0.0,0.0,9.3916,102,337080214,857,126886,145391,156731,4
baseline_off,fight,0.0,0.0,9.4148,103,337102735,856,36548,145453,156757,4
baseline_off,fight,0.0,0.0,9.4318,104,337121508,854,93051,145394,156732,4
baseline_off,fight,0.0,0.0,9.4509,105,337140293,855,151478,145414,156760,4
baseline_off,fight,0.0,0.0,9.4741,106,337162799,855,58695,145407,156747,4
baseline_off,fight,0.0,0.0,9.4953,107,337182826,854,14372,145445,156786,4
baseline_off,fight,0.0,0.0,9.5143,108,337201599,856,69797,145458,156798,4
baseline_off,fight,0.0,0.0,9.525,109,337213137,855,150201,145424,156727,4
baseline_off,fight,0.0,0.0,9.5367,110,337224986,856,126208,145432,156774,4
baseline_off,fight,0.0,0.0,9.5525,111,337241648,858,137239,145400,156741,4
baseline_off,fight,0.0,0.0,9.5747,112,337264179,855,48273,145389,156728,4
baseline_off,fight,0.0,0.0,9.5947,113,337282969,855,107234,145451,156794,4
baseline_off,fight,0.0,0.0,9.6159,114,337304072,856,88418,145457,156804,4
baseline_off,fight,0.0,0.0,9.634,115,337323004,854,14313,145441,156782,4
baseline_off,fight,0.0,0.0,9.6521,116,337341766,857,68434,145477,156780,4
baseline_off,fight,0.0,0.0,9.6752,117,337364299,855,136907,145428,156771,4
baseline_off,fight,0.0,0.0,9.6953,118,337383068,856,35280,145431,156773,4
baseline_off,fight,0.0,0.0,9.7366,119,337415612,856,80732,145420,156760,4
baseline_off,fight,0.0,0.0,9.7472,120,337432620,856,150331,145410,156764,4
baseline_off,fight,0.0,0.0,9.7556,121,337444087,855,62041,145392,156733,4
baseline_off,fight,0.0,0.0,9.7777,122,337466910,856,23020,145424,156766,4
baseline_off,fight,0.0,0.0,9.7967,123,337485682,860,79384,145417,156759,4
baseline_off,fight,0.0,0.0,9.8167,124,337504452,855,135250,145440,156744,4
baseline_off,fight,0.0,0.0,9.8379,125,337526974,855,44842,145401,156741,4
baseline_off,fight,0.0,0.0,9.8579,126,337547001,855,156738,145427,156764,4
baseline_off,fight,0.0,0.0,9.8758,127,337565773,855,56934,145406,156745,4
baseline_off,fight,0.0,0.0,9.8948,0,337584384,857,85245,145425,156765,4
baseline_off,fight,0.0,0.0,9.9169,1,337607065,855,22197,145407,156747,4
baseline_off,fight,0.0,0.0,9.9359,2,337625867,857,83392,145413,156754,4
baseline_off,fight,0.0,0.0,9.9549,3,337644598,854,132441,145432,156775,4
baseline_off,fight,0.0,0.0,9.977,4,337667129,856,43577,145422,156764,4
baseline_off,fight,0.0,0.0,9.996,5,337685901,856,99627,145445,156789,4
baseline_off,fight,0.0,0.0,10.0205,6,337708429,856,9859,145440,156782,4
baseline_off,fight,0.0,0.0,10.0258,7,337716815,856,24680,145450,156752,4
baseline_off,fight,0.0,0.0,10.0386,8,337726787,856,152442,145432,156784,4
baseline_off,fight,0.0,0.0,10.0567,9,337745983,859,123635,145428,156771,4
baseline_off,fight,0.0,0.0,10.0768,10,337766001,853,77861,145412,156754,4
baseline_off,fight,0.0,0.0,10.1001,11,337788512,856,142918,145412,156754,4
baseline_off,fight,0.0,0.0,10.1192,12,337807281,857,41820,145439,156781,4
baseline_off,fight,0.0,0.0,10.1404,13,337829814,863,109701,145472,156817,4
baseline_off,fight,0.0,0.0,10.1605,14,337848593,855,9488,145497,156802,4
baseline_off,fight,0.0,0.0,10.1815,15,337870964,860,50420,145375,156712,4
baseline_off,fight,0.0,0.0,10.2005,16,337889888,854,132469,145404,156743,4
baseline_off,fight,0.0,0.0,10.2226,17,337912396,855,40794,145366,156704,4
baseline_off,fight,0.0,0.0,10.2617,18,337937431,859,64960,145383,156721,4
baseline_off,fight,0.0,0.0,10.2765,19,337954263,854,105254,145379,156715,4
baseline_off,fight,0.0,0.0,10.2849,20,337975676,856,140775,145377,156713,4
baseline_off,fight,0.0,0.0,10.3017,21,337992476,855,18391,145386,156726,4
baseline_off,fight,0.0,0.0,10.3218,22,338012503,855,131378,145371,156710,4
baseline_off,fight,0.0,0.0,10.3418,23,338031265,855,29530,145406,156747,4
baseline_off,fight,0.0,0.0,10.3649,24,338053797,855,98373,145380,156718,4
baseline_off,fight,0.0,0.0,10.3839,25,338072553,855,151986,145388,156732,4
baseline_off,fight,0.0,0.0,10.4007,26,338091329,855,52414,145399,156742,4
baseline_off,fight,0.0,0.0,10.4263,27,338113850,856,118257,145499,156806,4
baseline_off,fight,0.0,0.0,10.4464,28,338136390,856,30316,145434,156778,4
baseline_off,fight,0.0,0.0,10.4655,29,338155010,855,60103,145425,156766,4
baseline_off,fight,0.0,0.0,10.4856,30,338173922,856,139954,145415,156757,4
baseline_off,fight,0.0,0.0,10.5068,31,338196455,862,51155,145431,156773,4
baseline_off,fight,0.0,0.0,10.5281,32,338216462,855,3761,145381,156721,4
baseline_off,fight,0.0,0.0,10.5313,33,338217404,850,7159,145400,156740,0
baseline_off,fight,0.0,0.0,10.5452,34,338233991,860,5858,145389,156726,4
baseline_off,fight,0.0,0.0,10.5675,35,338256505,855,72077,145402,156701,4
baseline_off,fight,0.0,0.0,10.5856,36,338275266,856,127019,145388,156725,4
baseline_off,fight,0.0,0.0,10.6077,37,338297786,855,37227,145388,156727,4
baseline_off,fight,0.0,0.0,10.6267,38,338316556,862,93715,145362,156700,4
baseline_off,fight,0.0,0.0,10.6467,39,338335322,860,149442,145407,156767,4
baseline_off,fight,0.0,0.0,10.6667,40,338357838,855,58226,145377,156714,4
baseline_off,fight,0.0,0.0,10.6867,41,338376619,856,116475,145393,156731,4
baseline_off,fight,0.0,0.0,10.7088,42,338399130,856,24321,145446,156788,4
baseline_off,fight,0.0,0.0,10.7277,43,338417902,856,79802,145438,156778,4
baseline_off,fight,0.0,0.0,10.7498,44,338440447,858,149578,145407,156752,4
baseline_off,fight,0.0,0.0,10.7688,45,338457806,858,122318,145415,156756,4
baseline_off,fight,0.0,0.0,10.7909,46,338481743,856,115093,145495,156803,4
baseline_off,fight,0.0,0.0,10.8098,47,338500503,856,12270,145394,156732,4
baseline_off,fight,0.0,0.0,10.834,48,338523026,863,78901,145420,156761,4
baseline_off,fight,0.0,0.0,10.8509,49,338541797,856,135208,145436,156738,4
baseline_off,fight,0.0,0.0,10.8751,50,338564328,855,46647,145434,156776,4
baseline_off,fight,0.0,0.0,10.8919,51,338583081,855,99461,145423,156765,4
baseline_off,fight,0.0,0.0,10.9109,52,338601871,855,1980,145427,156769,4
baseline_off,fight,0.0,0.0,10.9372,53,338624391,856,67809,145439,156741,4
baseline_off,fight,0.0,0.0,10.9551,54,338644418,855,24001,145390,156729,4
baseline_off,fight,0.0,0.0,10.972,55,338663170,855,76785,145430,156775,4
baseline_off,fight,0.0,0.0,10.9951,56,338685702,855,145046,145385,156722,4
baseline_off,fight,0.0,0.0,11.0393,57,338723057,856,69896,145372,156709,4
baseline_off,fight,0.0,0.0,11.0573,58,338739978,854,125267,145436,156734,4
baseline_off,fight,0.0,0.0,11.0573,59,338740928,855,130022,145397,156738,0
baseline_off,fight,0.0,0.0,11.0625,60,338754243,856,42490,145419,156760,4
baseline_off,fight,0.0,0.0,11.0762,61,338765779,856,122855,145381,156719,4
baseline_off,fight,0.0,0.0,11.0952,62,338784536,857,20032,145384,156723,4
baseline_off,fight,0.0,0.0,11.1162,63,338807060,856,87722,145390,156728,4
baseline_off,fight,0.0,0.0,11.1352,64,338825822,855,143086,145379,156718,4
baseline_off,fight,0.0,0.0,11.1563,65,338847100,855,155488,145435,156733,4
baseline_off,fight,0.0,0.0,11.1752,66,338865855,855,52523,145395,156734,4
baseline_off,fight,0.0,0.0,11.1974,67,338888388,855,121366,145392,156732,4
baseline_off,fight,0.0,0.0,11.2174,68,338907146,858,18791,145374,156714,4
baseline_off,fight,0.0,0.0,11.2397,69,338929678,855,87608,145379,156718,4
baseline_off,fight,0.0,0.0,11.2577,70,338948437,856,142241,145381,156721,4
baseline_off,fight,0.0,0.0,11.2767,71,338967098,855,22712,145424,156765,4
baseline_off,fight,0.0,0.0,11.3009,72,338989629,856,90822,145421,156763,4
baseline_off,fight,0.0,0.0,11.3219,73,339010841,856,91488,145424,156765,4
baseline_off,fight,0.0,0.0,11.3399,74,339029647,856,153427,145390,156759,4
baseline_off,fight,0.0,0.0,11.3567,75,339048435,855,55979,145344,156719,4
baseline_off,fight,0.0,0.0,11.383,76,339070952,856,122591,145401,156741,4
baseline_off,fight,0.0,0.0,11.4009,77,339092227,854,134295,145388,156727,4
baseline_off,fight,0.0,0.0,11.4199,78,339110965,855,28744,145378,156716,4
baseline_off,fight,0.0,0.0,11.4389,79,339129736,855,84642,145380,156759,4
baseline_off,fight,0.0,0.0,11.461,80,339152282,856,155127,145449,156776,4
baseline_off,fight,0.0,0.0,11.4799,81,339171056,855,54545,145433,156775,4
baseline_off,fight,0.0,0.0,11.502,82,339193576,856,120395,145427,156769,4
baseline_off,fight,0.0,0.0,11.5231,83,339212347,855,19127,145416,156759,4
baseline_off,fight,0.0,0.0,11.5294,84,339220742,863,35458,145443,156783,4
baseline_off,fight,0.0,0.0,11.5473,85,339232277,856,115048,145411,156752,4
baseline_off,fight,0.0,0.0,11.5747,86,339262497,858,79108,145418,156757,4
baseline_off,fight,0.0,0.0,11.5852,87,339274714,856,118207,145416,156758,4
baseline_off,fight,0.0,0.0,11.6053,88,339294924,855,105409,145407,156749,4
baseline_off,fight,0.0,0.0,11.6275,89,339317463,858,18478,145383,156766,4
baseline_off,fight,0.0,0.0,11.6465,90,339336205,854,69373,145410,156751,4
baseline_off,fight,0.0,0.0,11.6655,91,339354997,855,129632,145375,156712,4
baseline_off,fight,0.0,0.0,11.6866,92,339377496,856,36515,145392,156730,4
baseline_off,fight,0.0,0.0,11.7056,93,339396270,855,93181,145421,156760,4
baseline_off,fight,0.0,0.0,11.7268,94,339418808,862,5531,145417,156760,4
baseline_off,fight,0.0,0.0,11.7458,95,339437560,855,58587,145406,156749,4
baseline_off,fight,0.0,0.0,11.7658,96,339456323,857,113639,145378,156718,4
baseline_off,fight,0.0,0.0,11.7868,97,339478850,856,24818,145398,156739,4
baseline_off,fight,0.0,0.0,11.8058,98,339497621,853,81215,145368,156708,4
baseline_off,fight,0.0,0.0,11.83,99,339520137,856,147764,145358,156706,4
baseline_off,fight,0.0,0.0,11.8468,100,339538922,855,50187,145359,156695,4
baseline_off,fight,0.0,0.0,11.8731,101,339561424,855,114535,145412,156710,4
baseline_off,fight,0.0,0.0,11.8868,102,339578917,856,110617,145397,156736,4
baseline_off,fight,0.0,0.0,11.91,103,339601467,855,26188,145386,156724,4
baseline_off,fight,0.0,0.0,11.9336,104,339623990,862,93867,145364,156702,4
baseline_off,fight,0.0,0.0,11.952,105,339642736,855,146259,145378,156700,4
baseline_off,fight,0.0,0.0,11.9716,106,339661524,855,48837,145346,156723,4
baseline_off,fight,0.0,0.0,11.9923,107,339684025,855,112367,145424,156767,4
baseline_off,fight,0.0,0.0,12.0109,108,339702895,856,28543,145396,156736,4
baseline_off,fight,0.0,0.0,12.0309,109,339721556,855,66076,145436,156736,4
baseline_off,fight,0.0,0.0,12.0365,110,339724190,853,43693,145366,156700,4
baseline_off,fight,0.0,0.0,12.0579,111,339746602,854,93031,145359,156696,4
baseline_off,fight,0.0,0.0,12.075,112,339765360,857,147997,145341,156661,4
baseline_off,fight,0.0,0.0,12.0963,113,339787883,855,59352,145388,156726,4
baseline_off,fight,0.0,0.0,12.1155,114,339806616,855,109725,145373,156708,4
baseline_off,fight,0.0,0.0,12.1367,115,339829156,855,23818,145380,156719,4
baseline_off,fight,0.0,0.0,12.1557,116,339847916,856,78396,145425,156768,4
baseline_off,fight,0.0,0.0,12.1757,117,339866659,855,129799,145436,156737,4
baseline_off,fight,0.0,0.0,12.1947,118,339886715,855,91194,145378,156716,4
baseline_off,fight,0.0,0.0,12.2168,119,339909209,855,153792,145414,156724,4
baseline_off,fight,0.0,0.0,12.2359,120,339928077,855,69988,145390,156729,4
baseline_off,fight,0.0,0.0,12.2601,121,339950515,855,122382,145393,156738,4
baseline_off,fight,0.0,0.0,12.2769,122,339969266,855,18277,145474,156780,4
baseline_off,fight,0.0,0.0,12.3001,123,339991817,855,89481,145434,156778,4
baseline_off,fight,0.0,0.0,12.3411,124,340024328,855,129547,145391,156729,4
baseline_off,fight,0.0,0.0,12.3517,125,340040214,856,8602,145424,156766,4
baseline_off,fight,0.0,0.0,12.3601,126,340051675,853,76106,145406,156747,4
baseline_off,fight,0.0,0.0,12.3822,127,340074377,857,16827,145407,156747,4
baseline_off,fight,0.0,0.0,12.4011,0,340093169,855,76388,145412,156752,4
baseline_off,fight,0.0,0.0,12.4254,1,340115670,854,139458,145385,156762,4
baseline_off,fight,0.0,0.0,12.4423,2,340134441,856,38466,145426,156766,4
baseline_off,fight,0.0,0.0,12.4613,3,340153204,856,92442,145438,156779,4
baseline_off,fight,0.0,0.0,12.4855,4,340175743,856,5152,145415,156753,4
baseline_off,fight,0.0,0.0,12.5024,5,340194505,856,59580,145435,156777,4
baseline_off,fight,0.0,0.0,12.5256,6,340217026,855,125874,145363,156702,4
baseline_off,fight,0.0,0.0,12.5298,7,340219652,855,102135,145379,156717,4
baseline_off,fight,0.0,0.0,12.5425,8,340234554,856,127598,145438,156741,4
baseline_off,fight,0.0,0.0,12.5657,9,340257064,855,36272,145391,156730,4
baseline_off,fight,0.0,0.0,12.5857,10,340275856,855,96758,145394,156734,4
baseline_off,fight,0.0,0.0,12.6067,11,340298356,855,3717,145373,156710,4
baseline_off,fight,0.0,0.0,12.6281,12,340317116,854,58880,145393,156690,4
baseline_off,fight,0.0,0.0,12.645,13,340335878,855,113976,145417,156755,4
baseline_off,fight,0.0,0.0,12.666,14,340358425,856,28388,145451,156753,4
baseline_off,fight,0.0,0.0,12.685,15,340377167,862,79796,145389,156726,4
baseline_off,fight,0.0,0.0,12.7043,16,340395941,855,136768,145379,156718,4
baseline_off,fight,0.0,0.0,12.7266,17,340418479,860,49889,145371,156706,4
baseline_off,fight,0.0,0.0,12.7456,18,340437211,857,100363,145413,156712,4
baseline_off,fight,0.0,0.0,12.7669,19,340459741,855,12462,145388,156726,4
baseline_off,fight,0.0,0.0,12.786,20,340478611,855,85786,145394,156733,4
baseline_off,fight,0.0,0.0,12.805,21,340497272,861,123668,145383,156723,4
baseline_off,fight,0.0,0.0,12.8282,22,340519811,855,37298,145380,156717,4
baseline_off,fight,0.0,0.0,12.8956,23,340583024,856,126338,145414,156716,4
baseline_off,fight,0.0,0.0,12.8956,24,340584530,855,68905,145367,156706,4
baseline_off,fight,0.0,0.0,12.8998,25,340585473,854,72482,145358,156737,0
baseline_off,fight,0.0,0.0,12.9061,26,340600043,855,42040,145358,156696,4
baseline_off,fight,0.0,0.0,12.9315,27,340621127,855,22318,145364,156702,4
baseline_off,fight,0.0,0.0,12.9474,28,340639917,855,82453,145369,156704,4
baseline_off,fight,0.0,0.0,12.9706,29,340662409,854,144471,145430,156732,4
baseline_off,fight,0.0,0.0,12.9907,30,340681208,856,48621,145398,156735,4
baseline_off,fight,0.0,0.0,13.0076,31,340699950,854,100032,145383,156722,4
baseline_off,fight,0.0,0.0,13.0318,32,340723319,854,154743,145415,156732,4
baseline_off,fight,0.0,0.0,13.035,33,340724275,856,3752,145434,156736,4
baseline_off,fight,0.0,0.0,13.0501,34,340739977,855,8889,145392,156733,4
baseline_off,fight,0.0,0.0,13.0693,35,340761233,853,17986,145366,156703,4
baseline_off,fight,0.0,0.0,13.0916,36,340783882,853,106916,145327,156704,4
baseline_off,fight,0.0,0.0,13.1097,37,340802523,855,141444,145399,156739,4
baseline_off,fight,0.0,0.0,13.1299,38,340821302,855,42123,145404,156745,4
baseline_off,fight,0.0,0.0,13.1512,39,340841441,856,17231,145415,156755,4
baseline_off,fight,0.0,0.0,13.1713,40,340863962,855,84711,145342,156677,4
baseline_off,fight,0.0,0.0,13.1903,41,340882601,855,119155,145368,156706,4
baseline_off,fight,0.0,0.0,13.2126,42,340905152,856,34343,145473,156778,4
baseline_off,fight,0.0,0.0,13.2309,43,340923903,856,86972,145423,156767,4
baseline_off,fight,0.0,0.0,13.2499,44,340942663,855,140833,145459,156803,4
baseline_off,fight,0.0,0.0,13.2721,45,340965326,855,73998,145462,156806,4
baseline_off,fight,0.0,0.0,13.2911,46,340984095,855,128956,145389,156770,4
baseline_off,fight,0.0,0.0,13.3101,47,341002743,858,6274,145451,156797,4
baseline_off,fight,0.0,0.0,13.3322,48,341025266,855,71890,145458,156761,4
baseline_off,fight,0.0,0.0,13.3512,49,341044035,856,127147,145415,156754,4
baseline_off,fight,0.0,0.0,13.3702,50,341062816,856,27539,145425,156766,4
baseline_off,fight,0.0,0.0,13.3923,51,341085469,856,116032,145427,156768,4
baseline_off,fight,0.0,0.0,13.4113,52,341104226,856,13128,145442,156785,4
baseline_off,fight,0.0,0.0,13.4357,53,341126768,855,82874,145453,156756,4
baseline_off,fight,0.0,0.0,13.4527,54,341145539,864,138781,145411,156751,4
baseline_off,fight,0.0,0.0,13.476,55,341165466,854,77853,145405,156744,4
baseline_off,fight,0.0,0.0,13.495,56,341186741,858,88663,145453,156795,4
baseline_off,fight,0.0,0.0,13.512,57,341205611,854,4229,145430,156774,4
baseline_off,fight,0.0,0.0,13.5331,58,341225279,856,54903,145446,156791,4
baseline_off,fight,0.0,0.0,13.5374,59,341226229,856,59620,145504,156809,0
baseline_off,fight,0.0,0.0,13.5554,60,341246925,856,128315,145493,156841,4
baseline_off,fight,0.0,0.0,13.5736,61,341265686,857,24894,145475,156782,4
baseline_off,fight,0.0,0.0,13.5964,62,341288216,855,91615,145446,156790,4
baseline_off,fight,0.0,0.0,13.615,63,341306992,855,147539,145445,156794,4
baseline_off,fight,0.0,0.0,13.6445,64,341333147,856,47137,145449,156793,4
baseline_off,fight,0.0,0.0,13.6662,65,341348569,857,3347,145478,156784,4
baseline_off,fight,0.0,0.0,13.6802,66,341368449,855,90819,145423,156766,4
baseline_off,fight,0.0,0.0,13.6965,67,341389603,854,81053,145475,156777,4
baseline_off,fight,0.0,0.0,13.7198,68,341412118,856,146515,145417,156758,4
baseline_off,fight,0.0,0.0,13.7369,69,341430884,856,44573,145435,156777,4
baseline_off,fight,0.0,0.0,13.7603,70,341453424,856,112781,145472,156816,4
baseline_off,fight,0.0,0.0,13.7805,71,341472186,858,10030,145483,156788,4
baseline_off,fight,0.0,0.0,13.7976,72,341490967,855,67175,145465,156811,4
baseline_off,fight,0.0,0.0,13.82,73,341513497,855,134827,145391,156730,4
baseline_off,fight,0.0,0.0,13.839,74,341532258,856,32340,145406,156746,4
baseline_off,fight,0.0,0.0,13.8625,75,341554789,855,100991,145437,156736,4
baseline_off,fight,0.0,0.0,13.8816,76,341574815,854,57120,145377,156755,4
baseline_off,fight,0.0,0.0,13.9007,77,341593567,856,110131,145445,156747,4
baseline_off,fight,0.0,0.0,13.9197,78,341613461,855,43601,145410,156751,4
baseline_off,fight,0.0,0.0,13.9388,79,341632355,856,120231,145464,156811,4
baseline_off,fight,0.0,0.0,13.9609,80,341654904,856,33968,145445,156785,4
baseline_off,fight,0.0,0.0,13.9801,81,341673654,855,86130,145437,156779,4
baseline_off,fight,0.0,0.0,14.0002,82,341692425,855,142170,145418,156760,4
baseline_off,fight,0.0,0.0,14.0213,83,341714945,854,51904,145425,156767,4
baseline_off,fight,0.0,0.0,14.0318,84,341725804,856,16990,145412,156753,4
baseline_off,fight,0.0,0.0,14.0403,85,341734222,855,37238,145421,156720,4
baseline_off,fight,0.0,0.0,14.0625,86,341755004,855,121335,145380,156761,4
baseline_off,fight,0.0,0.0,14.0805,87,341773754,855,17000,145394,156733,4
baseline_off,fight,0.0,0.0,14.1038,88,341797534,855,140825,145396,156734,4
baseline_off,fight,0.0,0.0,14.1228,89,341816293,856,37881,145424,156767,4
baseline_off,fight,0.0,0.0,14.1579,90,341835085,856,97742,145352,156729,4
baseline_off,fight,0.0,0.0,14.1717,91,341855423,857,107374,145369,156707,4
baseline_off,fight,0.0,0.0,14.1833,92,341875839,855,129552,145416,156757,4
baseline_off,fight,0.0,0.0,14.2003,93,341893766,856,41738,145413,156755,4
baseline_off,fight,0.0,0.0,14.2225,94,341916396,857,127008,145412,156755,4
baseline_off,fight,0.0,0.0,14.2426,95,341935178,856,28564,145348,156684,4
baseline_off,fight,0.0,0.0,14.2638,96,341957678,855,92330,145466,156768,4
baseline_off,fight,0.0,0.0,14.2829,97,341976451,854,148632,145427,156768,4
baseline_off,fight,0.0,0.0,14.302,98,341995238,862,50565,145363,156739,4
baseline_off,fight,0.0,0.0,14.3253,99,342017739,853,113551,145423,156765,4
baseline_off,fight,0.0,0.0,14.3435,100,342036519,856,13889,145435,156778,4
baseline_off,fight,0.0,0.0,14.3616,101,342055301,856,71549,145437,156776,4
baseline_off,fight,0.0,0.0,14.3848,102,342077812,855,136602,145412,156752,4
baseline_off,fight,0.0,0.0,14.4017,103,342096574,861,34501,145399,156737,4
baseline_off,fight,0.0,0.0,14.4219,104,342115356,855,92857,145385,156725,4
baseline_off,fight,0.0,0.0,14.4474,105,342140377,856,113982,145443,156747,4
baseline_off,fight,0.0,0.0,14.4665,106,342159138,856,11296,145427,156769,4
baseline_off,fight,0.0,0.0,14.4855,107,342177920,855,68914,145417,156758,4
baseline_off,fight,0.0,0.0,14.5056,108,342199062,854,57012,145427,156769,4
baseline_off,fight,0.0,0.0,14.5257,109,342217953,857,133704,145366,156744,4
baseline_off,fight,0.0,0.0,14.531,110,342226354,855,150888,145411,156772,4
baseline_off,fight,0.0,0.0,14.5447,111,342237973,857,88527,145403,156738,4
baseline_off,fight,0.0,0.0,14.5668,112,342260515,857,1624,145428,156767,4
baseline_off,fight,0.0,0.0,14.5847,113,342279285,856,57514,145399,156740,4
baseline_off,fight,0.0,0.0,14.6068,114,342301795,856,122399,145404,156785,4
baseline_off,fight,0.0,0.0,14.6258,115,342320567,863,21471,145420,156762,4
baseline_off,fight,0.0,0.0,14.65,116,342343086,855,87836,145416,156755,4
baseline_off,fight,0.0,0.0,14.6668,117,342361868,856,145288,145443,156786,4
baseline_off,fight,0.0,0.0,14.691,118,342384387,856,54703,145384,156723,4
baseline_off,fight,0.0,0.0,14.71,119,342403149,862,109530,145439,156742,4
baseline_off,fight,0.0,0.0,14.731,120,342425692,855,22612,145466,156770,4
baseline_off,fight,0.0,0.0,14.75,121,342444440,855,74482,145433,156775,4
baseline_off,fight,0.0,0.0,14.77,122,342463223,857,132064,145431,156773,4
baseline_off,fight,0.0,0.0,14.79,123,342484366,855,120774,145433,156775,4
baseline_off,fight,0.0,0.0,14.8121,124,342507016,855,51887,145421,156766,4
baseline_off,fight,0.0,0.0,14.8311,125,342525788,856,107684,145437,156779,4
baseline_off,fight,0.0,0.0,14.8554,126,342548316,855,17981,145425,156767,4
baseline_off,fight,0.0,0.0,14.8722,127,342567089,855,73743,145425,156768,4
baseline_off,fight,0.0,0.0,14.8954,0,342589610,856,139503,145464,156811,4
baseline_off,fight,0.0,0.0,14.9154,1,342608391,856,39468,145444,156788,4
baseline_off,fight,0.0,0.0,14.9375,2,342630932,862,108922,145424,156766,4
baseline_off,fight,0.0,0.0,14.9649,3,342657202,853,28000,145385,156723,4
baseline_off,fight,0.0,0.0,14.988,4,342669408,862,64904,145457,156800,4
baseline_off,fight,0.0,0.0,14.9975,5,342690472,855,39471,145449,156793,4
baseline_off,fight,0.0,0.0,15.0165,6,342711021,856,83994,145414,156757,4
baseline_off,fight,0.0,0.0,15.0323,7,342724775,856,70154,145438,156781,4
baseline_off,fight,0.0,0.0,15.0376,8,342733181,856,88176,145439,156783,4
baseline_off,fight,0.0,0.0,15.0576,9,342750936,856,127660,145414,156754,4
baseline_off,fight,0.0,0.0,15.0755,10,342769838,855,48787,145425,156767,4
baseline_off,fight,0.0,0.0,15.0977,11,342792380,856,118196,145448,156793,4
baseline_off,fight,0.0,0.0,15.1177,12,342811149,857,16776,145389,156729,4
baseline_off,fight,0.0,0.0,15.1357,13,342829921,856,73262,145415,156755,4
baseline_off,fight,0.0,0.0,15.1568,14,342852421,856,136047,145443,156788,4
baseline_off,fight,0.0,0.0,15.1758,15,342871202,855,36468,145481,156787,4
baseline_off,fight,0.0,0.0,15.1989,16,342893745,855,106403,145448,156792,4
baseline_off,fight,0.0,0.0,15.2168,17,342912515,859,5331,145459,156763,4
baseline_off,fight,0.0,0.0,15.24,18,342935018,856,68815,145385,156726,4
baseline_off,fight,0.0,0.0,15.2591,19,342953801,856,126334,145479,156781,4
baseline_off,fight,0.0,0.0,15.2771,20,342972560,855,22751,145436,156781,4
baseline_off,fight,0.0,0.0,15.3003,21,342995103,855,92681,145392,156734,4
baseline_off,fight,0.0,0.0,15.3202,22,343013877,859,149492,145387,156715,4
baseline_off,fight,0.0,0.0,15.3413,23,343036404,856,60088,145429,156768,4
baseline_off,fight,0.0,0.0,15.3615,24,343056392,854,9281,145419,156758,4
baseline_off,fight,0.0,0.0,15.3805,25,343075192,855,69849,145378,156719,4
baseline_off,fight,0.0,0.0,15.4026,26,343097694,856,132795,145436,156780,4
baseline_off,fight,0.0,0.0,15.4215,27,343116465,855,31426,145461,156767,4
baseline_off,fight,0.0,0.0,15.4468,28,343135237,857,87161,145424,156764,4
baseline_off,fight,0.0,0.0,15.4954,29,343185150,856,106146,145486,156789,4
baseline_off,fight,0.0,0.0,15.4975,30,343186323,861,148853,145439,156787,0
baseline_off,fight,0.0,0.0,15.5049,31,343199795,855,87326,145435,156776,4
baseline_off,fight,0.0,0.0,15.5249,32,343219109,858,78490,145423,156766,4
baseline_off,fight,0.0,0.0,15.5334,33,343229946,856,39340,145475,156777,4
baseline_off,fight,0.0,0.0,15.5429,34,343238708,855,117890,145437,156779,4
baseline_off,fight,0.0,0.0,15.565,35,343259165,856,146326,145428,156763,4
baseline_off,fight,0.0,0.0,15.582,36,343277920,855,42415,145401,156742,4
baseline_off,fight,0.0,0.0,15.601,37,343296701,856,100246,145414,156754,4
baseline_off,fight,0.0,0.0,15.6252,38,343319061,862,139061,145426,156768,4
baseline_off,fight,0.0,0.0,15.6432,39,343337992,856,65881,145419,156761,4
baseline_off,fight,0.0,0.0,15.6611,40,343356775,861,123719,145418,156759,4
baseline_off,fight,0.0,0.0,15.6854,41,343379283,855,31289,145424,156767,4
baseline_off,fight,0.0,0.0,15.7022,42,343398066,855,88955,145440,156783,4
baseline_off,fight,0.0,0.0,15.7212,43,343416838,854,144372,145470,156812,4
baseline_off,fight,0.0,0.0,15.7454,44,343439367,855,54766,145433,156779,4
baseline_off,fight,0.0,0.0,15.7622,45,343458138,855,110750,145432,156774,4
baseline_off,fight,0.0,0.0,15.7854,46,343480654,856,18908,145474,156780,4
baseline_off,fight,0.0,0.0,15.8055,47,343499437,856,76318,145453,156797,4
baseline_off,fight,0.0,0.0,15.8257,48,343521983,856,146913,145416,156753,4
baseline_off,fight,0.0,0.0,15.8462,49,343540728,856,41147,145459,156803,4
baseline_off,fight,0.0,0.0,15.8672,50,343563270,856,109960,145462,156805,4
baseline_off,fight,0.0,0.0,15.8858,51,343582051,855,10295,145472,156777,4
baseline_off,fight,0.0,0.0,15.9097,52,343604560,853,74418,145395,156735,4
baseline_off,fight,0.0,0.0,15.9261,53,343621914,855,46367,145420,156763,4
baseline_off,fight,0.0,0.0,15.9497,54,343644606,856,141776,145408,156747,4
baseline_off,fight,0.0,0.0,15.9678,55,343663378,856,41127,145448,156790,4
baseline_off,fight,0.0,0.0,15.9901,56,343685901,855,107811,145394,156733,4
baseline_off,fight,0.0,0.0,16.0114,57,343705907,855,60556,145395,156734,4
baseline_off,fight,0.0,0.0,16.0316,58,343724698,856,119973,145391,156729,4
baseline_off,fight,0.0,0.0,16.0337,59,343727205,855,75787,145418,156760,4
baseline_off,fight,0.0,0.0,16.0507,60,343745964,854,129777,145335,156711,4
baseline_off,fight,0.0,0.0,16.071,61,343764733,856,28912,145424,156765,4
baseline_off,fight,0.0,0.0,16.0911,62,343787264,855,97422,145388,156728,4
baseline_off,fight,0.0,0.0,16.1101,63,343806010,860,149512,145355,156739,4
baseline_off,fight,0.0,0.0,16.1292,64,343824795,859,50865,145401,156740,4
baseline_off,fight,0.0,0.0,16.1515,65,343847315,855,117516,145399,156736,4
baseline_off,fight,0.0,0.0,16.1706,66,343866075,855,15325,145371,156708,4
baseline_off,fight,0.0,0.0,16.1939,67,343888597,856,82289,145430,156731,4
baseline_off,fight,0.0,0.0,16.2098,68,343905958,854,55635,145407,156748,4
baseline_off,fight,0.0,0.0,16.232,69,343928635,859,148322,145416,156761,4
baseline_off,fight,0.0,0.0,16.2511,70,343947409,854,48415,145383,156719,4
baseline_off,fight,0.0,0.0,16.2926,71,343977451,854,139216,145388,156768,4
baseline_off,fight,0.0,0.0,16.3,72,343994422,856,45623,145445,156785,4
baseline_off,fight,0.0,0.0,16.3106,73,344007016,860,148589,145399,156740,4
baseline_off,fight,0.0,0.0,16.3318,74,344028746,855,81165,145361,156698,4
baseline_off,fight,0.0,0.0,16.3508,75,344047519,862,138162,145443,156742,4
baseline_off,fight,0.0,0.0,16.3752,76,344070027,855,45750,145348,156724,4
baseline_off,fight,0.0,0.0,16.3921,77,344088809,855,104127,145379,156716,4
baseline_off,fight,0.0,0.0,16.4112,78,344107578,855,3777,145376,156713,4
baseline_off,fight,0.0,0.0,16.4355,79,344130099,855,70649,145356,156694,4
baseline_off,fight,0.0,0.0,16.4526,80,344148870,855,127056,145398,156737,4
baseline_off,fight,0.0,0.0,16.4707,81,344167640,856,26555,145387,156723,4
baseline_off,fight,0.0,0.0,16.4951,82,344189989,856,64266,145406,156745,4
baseline_off,fight,0.0,0.0,16.512,83,344208926,856,148515,145375,156716,4
baseline_off,fight,0.0,0.0,16.5374,84,344232675,856,110376,145420,156761,4
baseline_off,fight,0.0,0.0,16.5407,85,344233625,855,115125,145396,156738,0
baseline_off,fight,0.0,0.0,16.5566,86,344248963,855,57930,145400,156739,4
baseline_off,fight,0.0,0.0,16.5757,87,344270238,856,69585,145417,156758,4
baseline_off,fight,0.0,0.0,16.5926,88,344288999,855,124649,145387,156726,4
baseline_off,fight,0.0,0.0,16.6148,89,344311518,856,34491,145402,156741,4
baseline_off,fight,0.0,0.0,16.6358,90,344332795,856,46267,145387,156726,4
baseline_off,fight,0.0,0.0,16.6548,91,344351556,855,100481,145415,156755,4
baseline_off,fight,0.0,0.0,16.6748,92,344370336,856,904,145467,156769,4
baseline_off,fight,0.0,0.0,16.6959,93,344392868,855,69549,145350,156726,4
baseline_off,fight,0.0,0.0,16.7148,94,344411629,855,123819,145427,156769,4
baseline_off,fight,0.0,0.0,16.7369,95,344434160,859,34822,145418,156758,4
baseline_off,fight,0.0,0.0,16.7559,96,344452931,855,90652,145412,156754,4
baseline_off,fight,0.0,0.0,16.8033,97,344484045,858,50530,145431,156775,4
baseline_off,fight,0.0,0.0,16.8212,98,344503510,854,67422,145441,156786,4
baseline_off,fight,0.0,0.0,16.8318,99,344527610,855,87745,145428,156772,4
baseline_off,fight,0.0,0.0,16.8382,100,344534085,855,91057,145373,156754,4
baseline_off,fight,0.0,0.0,16.8562,101,344553057,856,24385,145422,156763,4
baseline_off,fight,0.0,0.0,16.8816,102,344575568,855,88998,145408,156749,4
baseline_off,fight,0.0,0.0,16.8975,103,344594330,856,143154,145454,156798,4
baseline_off,fight,0.0,0.0,16.9177,104,344613110,856,43106,145448,156791,4
baseline_off,fight,0.0,0.0,16.94,105,344635651,856,111358,145477,156821,4
baseline_off,fight,0.0,0.0,16.96,106,344655677,856,66104,145448,156790,4
baseline_off,fight,0.0,0.0,16.9769,107,344674458,856,122689,145535,156842,4
baseline_off,fight,0.0,0.0,17.0001,108,344696987,855,32837,145426,156770,4
baseline_off,fight,0.0,0.0,17.0201,109,344715761,855,88902,145418,156760,4
baseline_off,fight,0.0,0.0,17.0327,110,344729524,855,76553,145446,156790,4
baseline_off,fight,0.0,0.0,17.0401,111,344737912,856,91129,145517,156823,4
baseline_off,fight,0.0,0.0,17.0603,112,344756894,855,25399,145442,156786,4
baseline_off,fight,0.0,0.0,17.0803,113,344775835,862,109798,145421,156761,4
baseline_off,fight,0.0,0.0,17.1015,114,344798376,856,21956,145439,156782,4
baseline_off,fight,0.0,0.0,17.1204,115,344817137,856,75547,145480,156784,4
baseline_off,fight,0.0,0.0,17.1426,116,344839676,856,143850,145478,156823,4
baseline_off,fight,0.0,0.0,17.1616,117,344858457,856,43887,145445,156784,4
baseline_off,fight,0.0,0.0,17.1807,118,344877217,856,97650,145439,156781,4
baseline_off,fight,0.0,0.0,17.2028,119,344899756,855,9467,145417,156798,4
baseline_off,fight,0.0,0.0,17.2217,120,344918539,856,66870,145440,156783,4
baseline_off,fight,0.0,0.0,17.2449,121,344941058,856,132632,145393,156729,4
baseline_off,fight,0.0,0.0,17.2628,122,344959827,854,31412,145421,156764,4
baseline_off,fight,0.0,0.0,17.2808,123,344978610,857,88573,145453,156797,4
baseline_off,fight,0.0,0.0,17.305,124,345001114,855,151405,145437,156802,4
baseline_off,fight,0.0,0.0,17.3219,125,345019910,855,54455,145376,156755,4
baseline_off,fight,0.0,0.0,17.345,126,345042439,856,121963,145411,156753,4
baseline_off,fight,0.0,0.0,17.3651,127,345062296,855,48925,145427,156767,4
baseline_off,fight,0.0,0.0,17.3851,0,345081199,854,127228,145403,156744,4
baseline_off,fight,0.0,0.0,17.4063,1,345103766,855,45109,145419,156764,4
baseline_off,fight,0.0,0.0,17.4254,2,345122498,855,94603,145406,156746,4
baseline_off,fight,0.0,0.0,17.4454,3,345141274,855,151181,145411,156761,4
baseline_off,fight,0.0,0.0,17.4658,4,345163798,855,60846,145414,156757,4
baseline_off,fight,0.0,0.0,17.4848,5,345182602,856,121936,145437,156781,4
baseline_off,fight,0.0,0.0,17.5048,6,345201352,855,17151,145428,156771,4
baseline_off,fight,0.0,0.0,17.528,7,345225176,857,147922,145418,156766,4
baseline_off,fight,0.0,0.0,17.5375,8,345233557,858,5175,145415,156755,4
baseline_off,fight,0.0,0.0,17.5501,9,345245422,854,141103,145421,156762,4
baseline_off,fight,0.0,0.0,17.5775,10,345265208,856,55845,145421,156764,4
baseline_off,fight,0.0,0.0,17.5943,11,345284712,858,78864,145458,156801,4
baseline_off,fight,0.0,0.0,17.6175,12,345314028,855,45622,145403,156742,4
baseline_off,fight,0.0,0.0,17.628,13,345326095,854,59167,145419,156759,4
baseline_off,fight,0.0,0.0,17.6501,14,345346564,855,90101,145427,156767,4
baseline_off,fight,0.0,0.0,17.6701,15,345366560,855,40561,145432,156774,4
baseline_off,fight,0.0,0.0,17.6911,16,345389112,856,111612,145442,156784,4
baseline_off,fight,0.0,0.0,17.7111,17,345409138,855,67319,145402,156743,4
baseline_off,fight,0.0,0.0,17.7301,18,345427899,855,121721,145385,156726,4
baseline_off,fight,0.0,0.0,17.7522,19,345450409,854,29749,145412,156752,4
baseline_off,fight,0.0,0.0,17.7713,20,345469201,856,89305,145403,156743,4
baseline_off,fight,0.0,0.0,17.7955,21,345491706,856,152810,145467,156795,4
baseline_off,fight,0.0,0.0,17.8124,22,345510500,854,55230,145442,156785,4
baseline_off,fight,0.0,0.0,17.8314,23,345529242,855,105545,145419,156761,4
baseline_off,fight,0.0,0.0,17.8557,24,345551761,855,14806,145412,156752,4
baseline_off,fight,0.0,0.0,17.8726,25,345570551,855,73774,145410,156752,4
baseline_off,fight,0.0,0.0,17.8926,26,345589324,855,129542,145404,156743,4
baseline_off,fight,0.0,0.0,17.9137,27,345611844,855,39208,145394,156735,4
baseline_off,fight,0.0,0.0,17.9359,28,345631710,855,124602,145417,156759,4
baseline_off,fight,0.0,0.0,17.9529,29,345650631,856,49249,145412,156751,4
baseline_off,fight,0.0,0.0,17.9753,30,345673160,856,116886,145434,156776,4
baseline_off,fight,0.0,0.0,17.9954,31,345691939,855,17202,145439,156782,4
baseline_off,fight,0.0,0.0,18.0123,32,345710713,855,73196,145403,156745,4
baseline_off,fight,0.0,0.0,18.0376,33,345734476,856,36966,145448,156789,4
baseline_off,fight,0.0,0.0,18.0398,34,345735417,856,40033,145454,156800,0
baseline_off,fight,0.0,0.0,18.0524,35,345750803,855,147167,145414,156738,4
baseline_off,fight,0.0,0.0,18.0906,36,345773287,855,49803,145430,156772,4
baseline_off,fight,0.0,0.0,18.1117,37,345796552,856,85585,145484,156791,4
baseline_off,fight,0.0,0.0,18.1265,38,345812641,854,155082,145442,156778,4
baseline_off,fight,0.0,0.0,18.1351,39,345834051,855,31384,145446,156791,4
baseline_off,fight,0.0,0.0,18.1532,40,345850911,855,75409,145426,156771,4
baseline_off,fight,0.0,0.0,18.1754,41,345873420,856,139739,145448,156750,4
baseline_off,fight,0.0,0.0,18.1955,42,345892190,855,38583,145421,156762,4
baseline_off,fight,0.0,0.0,18.2157,43,345913305,854,22929,145409,156751,4
baseline_off,fight,0.0,0.0,18.2348,44,345932237,856,106367,145423,156763,4
baseline_off,fight,0.0,0.0,18.2559,45,345954758,854,16070,145420,156762,4
baseline_off,fight,0.0,0.0,18.275,46,345973538,856,73060,145421,156763,4
baseline_off,fight,0.0,0.0,18.2972,47,345996060,856,139019,145424,156768,4
baseline_off,fight,0.0,0.0,18.3163,48,346014839,856,39568,145466,156772,4
baseline_off,fight,0.0,0.0,18.3354,49,346033602,857,93785,145456,156800,4
baseline_off,fight,0.0,0.0,18.3577,50,346056132,854,3967,145449,156791,4
baseline_off,fight,0.0,0.0,18.3758,51,346074914,855,61345,145408,156748,4
baseline_off,fight,0.0,0.0,18.3959,52,346093675,856,115855,145459,156762,4
baseline_off,fight,0.0,0.0,18.4182,53,346116215,856,28161,145454,156757,4
baseline_off,fight,0.0,0.0,18.4363,54,346134983,856,83187,145457,156806,4
baseline_off,fight,0.0,0.0,18.4555,55,346153756,860,138746,145486,156793,4
baseline_off,fight,0.0,0.0,18.4767,56,346176288,856,49457,145455,156800,4
baseline_off,fight,0.0,0.0,18.4958,57,346195069,855,106487,145415,156800,4
baseline_off,fight,0.0,0.0,18.52,58,346217568,856,11793,145443,156787,4
baseline_off,fight,0.0,0.0,18.5317,59,346232599,855,59084,145406,156745,4
baseline_off,fight,0.0,0.0,18.5369,60,346236674,855,124825,145418,156757,4
baseline_off,fight,0.0,0.0,18.558,61,346255134,855,128238,145420,156762,4
baseline_off,fight,0.0,0.0,18.5813,62,346277653,863,36688,145452,156795,4
baseline_off,fight,0.0,0.0,18.597,63,346296426,857,92766,145440,156783,4
baseline_off,fight,0.0,0.0,18.6202,64,346318957,858,3453,145461,156803,4
baseline_off,fight,0.0,0.0,18.6402,65,346337738,854,60576,145452,156794,4
baseline_off,fight,0.0,0.0,18.6612,66,346360260,855,126534,145452,156796,4
baseline_off,fight,0.0,0.0,18.6804,67,346379040,857,26660,145446,156791,4
baseline_off,fight,0.0,0.0,18.7004,68,346397800,856,80167,145456,156800,4
baseline_off,fight,0.0,0.0,18.7225,69,346421589,856,48221,145406,156746,4
baseline_off,fight,0.0,0.0,18.7415,70,346440360,855,103838,145376,156756,4
baseline_off,fight,0.0,0.0,18.7604,71,346459131,855,3147,145455,156758,4
baseline_off,fight,0.0,0.0,18.7825,72,346481653,855,70719,145374,156712,4
baseline_off,fight,0.0,0.0,18.8025,73,346501689,857,28399,145427,156768,4
baseline_off,fight,0.0,0.0,18.8257,74,346524201,860,93151,145403,156744,4
baseline_off,fight,0.0,0.0,18.8457,75,346542997,856,153343,145424,156779,4
baseline_off,fight,0.0,0.0,18.8794,76,346563009,857,107065,145406,156746,4
baseline_off,fight,0.0,0.0,18.8963,77,346586244,861,138705,145388,156730,4
baseline_off,fight,0.0,0.0,18.9058,78,346603956,855,14630,145420,156721,4
baseline_off,fight,0.0,0.0,18.9261,79,346625575,853,84741,145438,156739,4
baseline_off,fight,0.0,0.0,18.9453,80,346644356,855,142625,145413,156755,4
baseline_off,fight,0.0,0.0,18.9665,81,346663105,855,38380,145370,156747,4
baseline_off,fight,0.0,0.0,18.9867,82,346686903,855,9097,145396,156736,4
baseline_off,fight,0.0,0.0,19.0069,83,346705646,857,60259,145407,156751,4
baseline_off,fight,0.0,0.0,19.0249,84,346724444,856,120276,145441,156784,4
baseline_off,fight,0.0,0.0,19.0366,85,346735285,857,81641,145452,156798,4
baseline_off,fight,0.0,0.0,19.0462,86,346745006,856,9749,145401,156741,4
baseline_off,fight,0.0,0.0,19.0663,87,346764339,855,4602,145428,156768,4
baseline_off,fight,0.0,0.0,19.0886,88,346787012,857,96912,145369,156706,4
baseline_off,fight,0.0,0.0,19.1066,89,346805776,855,152018,145401,156735,4
baseline_off,fight,0.0,0.0,19.13,90,346828302,856,63014,145401,156737,4
baseline_off,fight,0.0,0.0,19.147,91,346847064,855,117220,145407,156746,4
baseline_off,fight,0.0,0.0,19.1662,92,346865834,855,15936,145428,156769,4
baseline_off,fight,0.0,0.0,19.1905,93,346888345,854,81174,145402,156739,4
baseline_off,fight,0.0,0.0,19.2085,94,346907137,857,140246,145435,156778,4
baseline_off,fight,0.0,0.0,19.2265,95,346925897,855,37796,145418,156756,4
baseline_off,fight,0.0,0.0,19.2488,96,346948440,856,107828,145443,156786,4
baseline_off,fight,0.0,0.0,19.2678,97,346967219,857,8144,145439,156784,4
baseline_off,fight,0.0,0.0,19.2911,98,346989731,855,72889,145408,156749,4
baseline_off,fight,0.0,0.0,19.3091,99,347008503,856,129284,145388,156731,4
baseline_off,fight,0.0,0.0,19.3282,100,347027290,857,31677,145401,156742,4
baseline_off,fight,0.0,0.0,19.3505,101,347049800,855,96842,145386,156725,4
baseline_off,fight,0.0,0.0,19.3717,102,347071054,854,105055,145395,156738,4
baseline_off,fight,0.0,0.0,19.4024,103,347089705,855,140397,145389,156728,4
baseline_off,fight,0.0,0.0,19.4236,104,347110476,857,66551,145422,156763,4
baseline_off,fight,0.0,0.0,19.4405,105,347127687,855,14169,145410,156749,4
baseline_off,fight,0.0,0.0,19.4511,106,347149486,855,115005,145385,156723,4
baseline_off,fight,0.0,0.0,19.4714,107,347169935,856,142879,145414,156755,4
baseline_off,fight,0.0,0.0,19.4895,108,347188695,855,40710,145362,156698,4
baseline_off,fight,0.0,0.0,19.5107,109,347211227,862,109859,145409,156747,4
baseline_off,fight,0.0,0.0,19.5308,110,347229985,855,7008,145399,156741,4
baseline_off,fight,0.0,0.0,19.5393,111,347238392,856,25342,145408,156748,4
baseline_off,fight,0.0,0.0,19.5499,112,347249565,856,43472,145437,156783,4
baseline_off,fight,0.0,0.0,19.5701,113,347270033,855,74638,145423,156767,4
baseline_off,fight,0.0,0.0,19.5902,114,347288807,855,131208,145371,156707,4
baseline_off,fight,0.0,0.0,19.6115,115,347311317,856,39726,145410,156747,4
baseline_off,fight,0.0,0.0,19.6316,116,347331193,855,126656,145405,156745,4
baseline_off,fight,0.0,0.0,19.6507,117,347350115,856,51579,145425,156769,4
baseline_off,fight,0.0,0.0,19.6718,118,347372655,855,120908,145456,156759,4
baseline_off,fight,0.0,0.0,19.6909,119,347391414,854,17733,145435,156776,4
baseline_off,fight,0.0,0.0,19.7099,120,347410197,857,75182,145459,156806,4
baseline_off,fight,0.0,0.0,19.7322,121,347432736,856,143952,145448,156753,4
baseline_off,fight,0.0,0.0,19.7512,122,347451507,855,42625,145433,156775,4
baseline_off,fight,0.0,0.0,19.7715,123,347470289,855,99814,145475,156777,4
baseline_off,fight,0.0,0.0,19.7926,124,347492815,856,9384,145467,156815,4
baseline_off,fight,0.0,0.0,19.8117,125,347511588,856,64772,145431,156774,4
baseline_off,fight,0.0,0.0,19.8382,126,347534107,855,130626,145450,156794,4
baseline_off,fight,0.0,0.0,19.854,127,347554155,856,89295,145442,156785,4
baseline_off,fight,0.0,0.0,19.872,0,347572919,857,143523,145412,156753,4
baseline_off,fight,0.0,0.0,19.8922,1,347591666,856,38011,145493,156840,4
baseline_off,fight,0.0,0.0,19.9134,2,347614218,855,108455,145456,156799,4
baseline_off,fight,0.0,0.0,19.9326,3,347632968,857,3547,145384,156761,4
baseline_off,fight,0.0,0.0,19.9507,4,347651758,855,62555,145395,156735,4
baseline_off,fight,0.0,0.0,19.9751,5,347674299,858,132161,145440,156784,4
baseline_off,fight,0.0,0.0,19.9931,6,347693079,856,32300,145492,156799,4
baseline_off,fight,0.0,0.0,20.0165,7,347715591,857,96956,145414,156754,4
baseline_off,fight,0.0,0.0,20.0347,8,347734357,855,152263,145410,156749,4
baseline_off,fight,0.0,0.0,20.0379,9,347736906,856,115309,145441,156783,4
baseline_off,fight,0.0,0.0,20.055,10,347755647,854,9344,145403,156744,4
baseline_off,fight,0.0,0.0,20.0742,11,347774419,855,65503,145431,156772,4
baseline_off,fight,0.0,0.0,20.0954,12,347795692,855,75975,145426,156770,4
baseline_off,fight,0.0,0.0,20.1157,13,347814474,857,133653,145375,156754,4
baseline_off,fight,0.0,0.0,20.136,14,347836993,855,43053,145456,156758,4
baseline_off,fight,0.0,0.0,20.155,15,347855746,856,96152,145413,156752,4
baseline_off,fight,0.0,0.0,20.1825,16,347874437,855,138269,145449,156792,4
baseline_off,fight,0.0,0.0,20.2099,17,347906596,855,119328,145411,156751,4
baseline_off,fight,0.0,0.0,20.2204,18,347920491,857,130372,145428,156771,4
baseline_off,fight,0.0,0.0,20.2372,19,347938358,855,32464,145432,156774,4
baseline_off,fight,0.0,0.0,20.2562,20,347957119,855,86237,145378,156760,4
baseline_off,fight,0.0,0.0,20.2804,21,347979680,856,1915,145443,156745,4
baseline_off,fight,0.0,0.0,20.2972,22,347998428,856,53810,145429,156770,4
baseline_off,fight,0.0,0.0,20.3204,23,348020958,856,120938,145484,156829,4
baseline_off,fight,0.0,0.0,20.3405,24,348039749,855,22731,145439,156783,4
baseline_off,fight,0.0,0.0,20.3575,25,348058509,855,76529,145396,156737,4
baseline_off,fight,0.0,0.0,20.3806,26,348081056,854,146947,145414,156760,4
baseline_off,fight,0.0,0.0,20.4006,27,348099822,856,44992,145411,156751,4
baseline_off,fight,0.0,0.0,20.4238,28,348122341,863,110019,145471,156819,4
baseline_off,fight,0.0,0.0,20.4449,29,348142348,855,62629,145393,156733,4
baseline_off,fight,0.0,0.0,20.4607,30,348159903,857,68418,145454,156758,4
baseline_off,fight,0.0,0.0,20.4798,31,348181137,854,72495,145425,156766,4
baseline_off,fight,0.0,0.0,20.4999,32,348199940,855,133844,145435,156778,4
baseline_off,fight,0.0,0.0,20.5209,33,348222458,856,42721,145421,156762,4
baseline_off,fight,0.0,0.0,20.5378,34,348237470,857,86824,145425,156766,4
baseline_off,fight,0.0,0.0,20.5462,35,348245898,860,108671,145423,156764,4
baseline_off,fight,0.0,0.0,20.5651,36,348265017,856,67011,145439,156783,4
baseline_off,fight,0.0,0.0,20.582,37,348283787,855,122154,145399,156737,4
baseline_off,fight,0.0,0.0,20.6051,38,348306316,856,33321,145396,156738,4
baseline_off,fight,0.0,0.0,20.6251,39,348325089,855,90150,145397,156736,4
baseline_off,fight,0.0,0.0,20.6462,40,348347619,857,1785,145439,156739,4
baseline_off,fight,0.0,0.0,20.6651,41,348366377,856,55594,145407,156749,4
baseline_off,fight,0.0,0.0,20.6884,42,348388909,854,123917,145420,156762,4
baseline_off,fight,0.0,0.0,20.7474,43,348435255,856,8863,145436,156779,4
baseline_off,fight,0.0,0.0,20.7506,44,348436204,854,13425,145442,156787,0
baseline_off,fight,0.0,0.0,20.7558,45,348457135,856,122579,145432,156773,4
baseline_off,fight,0.0,0.0,20.7706,46,348468977,855,97880,145401,156743,4
baseline_off,fight,0.0,0.0,20.7874,47,348489028,856,58066,145418,156761,4
baseline_off,fight,0.0,0.0,20.8106,48,348511539,855,122287,145423,156764,4
baseline_off,fight,0.0,0.0,20.8306,49,348530319,856,22435,145446,156788,4
baseline_off,fight,0.0,0.0,20.8516,50,348552850,855,90637,145407,156744,4
baseline_off,fight,0.0,0.0,20.8706,51,348571602,856,143570,145394,156734,4
baseline_off,fight,0.0,0.0,20.8927,52,348594150,856,57837,145433,156777,4
baseline_off,fight,0.0,0.0,20.9117,53,348612912,856,111985,145448,156790,4
baseline_off,fight,0.0,0.0,20.9349,54,348635441,855,22818,145425,156768,4
baseline_off,fight,0.0,0.0,20.9518,55,348654212,859,78328,145463,156807,4
baseline_off,fight,0.0,0.0,20.9708,56,348672984,857,133571,145449,156792,4
baseline_off,fight,0.0,0.0,20.9951,57,348695525,856,46458,145421,156763,4
baseline_off,fight,0.0,0.0,21.0119,58,348714287,855,100823,145395,156734,4
baseline_off,fight,0.0,0.0,21.0362,59,348733077,856,3254,145412,156752,4
baseline_off,fight,0.0,0.0,21.0415,60,348741522,856,28083,145422,156763,4
baseline_off,fight,0.0,0.0,21.051,61,348753302,860,149453,145449,156797,4
baseline_off,fight,0.0,0.0,21.0752,62,348775604,861,21251,145447,156790,4
baseline_off,fight,0.0,0.0,21.092,63,348794386,860,78562,145404,156744,4
baseline_off,fight,0.0,0.0,21.1152,64,348816899,856,143337,145436,156776,4
baseline_off,fight,0.0,0.0,21.1353,65,348835677,856,43466,145440,156781,4
baseline_off,fight,0.0,0.0,21.1576,66,348858209,856,111255,145477,156782,4
baseline_off,fight,0.0,0.0,21.1767,67,348878244,856,68297,145466,156767,4
baseline_off,fight,0.0,0.0,21.1949,68,348897005,855,121898,145418,156759,4
baseline_off,fight,0.0,0.0,21.2171,69,348919546,860,34368,145441,156783,4
baseline_off,fight,0.0,0.0,21.2361,70,348938316,855,89898,145425,156768,4
baseline_off,fight,0.0,0.0,21.2552,71,348957092,855,146363,145390,156739,4
baseline_off,fight,0.0,0.0,21.2785,72,348979608,855,55685,145384,156721,4
baseline_off,fight,0.0,0.0,21.2965,73,348998388,856,113414,145389,156769,4
baseline_off,fight,0.0,0.0,21.3155,74,349017158,855,12453,145434,156776,4
baseline_off,fight,0.0,0.0,21.3367,75,349039691,855,80690,145403,156746,4
baseline_off,fight,0.0,0.0,21.357,76,349059665,855,27804,145415,156756,4
baseline_off,fight,0.0,0.0,21.3761,77,349078479,855,90694,145433,156774,4
baseline_off,fight,0.0,0.0,21.4005,78,349100991,855,155459,145422,156785,4
baseline_off,fight,0.0,0.0,21.4174,79,349119768,855,55853,145367,156747,4
baseline_off,fight,0.0,0.0,21.4365,80,349138540,855,112064,145410,156750,4
baseline_off,fight,0.0,0.0,21.4598,81,349161069,856,23054,145489,156796,4
baseline_off,fight,0.0,0.0,21.4907,82,349179570,856,32380,145439,156781,4
baseline_off,fight,0.0,0.0,21.5024,83,349200505,858,142052,145461,156802,4
baseline_off,fight,0.0,0.0,21.5363,84,349234864,856,24335,145456,156802,4
baseline_off,fight,0.0,0.0,21.5458,85,349245827,861,6473,145462,156805,4
baseline_off,fight,0.0,0.0,21.549,86,349246770,856,10093,145430,156770,0
baseline_off,fight,0.0,0.0,21.5596,87,349260703,858,26718,145416,156757,4
baseline_off,fight,0.0,0.0,21.5797,88,349281215,863,65073,145425,156767,4
baseline_off,fight,0.0,0.0,21.5998,89,349301261,855,23702,145367,156746,4
baseline_off,fight,0.0,0.0,21.6199,90,349322354,856,3478,145461,156805,4
baseline_off,fight,0.0,0.0,21.6401,91,349341298,855,88411,145432,156777,4
baseline_off,fight,0.0,0.0,21.6612,92,349363833,855,156514,145467,156809,4
baseline_off,fight,0.0,0.0,21.6845,93,349382601,856,54242,145471,156818,4
baseline_off,fight,0.0,0.0,21.7004,94,349401390,856,112238,145465,156807,4
baseline_off,fight,0.0,0.0,21.7216,95,349423929,856,23759,145469,156814,4
baseline_off,fight,0.0,0.0,21.7406,96,349442703,856,79077,145422,156802,4
baseline_off,fight,0.0,0.0,21.7607,97,349461462,855,132279,145440,156780,4
baseline_off,fight,0.0,0.0,21.7808,98,349484012,856,46263,145475,156780,4
baseline_off,fight,0.0,0.0,21.802,99,349502774,857,100223,145427,156770,4
baseline_off,fight,0.0,0.0,21.8211,100,349524057,856,112349,145434,156774,4
baseline_off,fight,0.0,0.0,21.8401,101,349542827,856,11377,145392,156735,4
baseline_off,fight,0.0,0.0,21.8603,102,349561597,855,66819,145439,156781,4
baseline_off,fight,0.0,0.0,21.8814,103,349584128,856,134284,145398,156739,4
baseline_off,fight,0.0,0.0,21.9006,104,349602897,855,33376,145393,156733,4
baseline_off,fight,0.0,0.0,21.9218,105,349622834,855,130636,145418,156761,4
baseline_off,fight,0.0,0.0,21.9398,106,349642941,855,99647,145480,156787,4
baseline_off,fight,0.0,0.0,21.9631,107,349665474,855,11146,145444,156745,4
baseline_off,fight,0.0,0.0,21.9823,108,349684253,856,68005,145453,156754,4
baseline_off,fight,0.0,0.0,22.0226,109,349706775,856,134441,145443,156786,4
baseline_off,fight,0.0,0.0,22.0375,110,349728550,855,73753,145445,156748,4
baseline_off,fight,0.0,0.0,22.0557,111,349750849,855,102330,145425,156767,4
baseline_off,fight,0.0,0.0,22.0589,112,349751800,855,107199,145460,156763,0
baseline_off,fight,0.0,0.0,22.0685,113,349768997,856,52102,145448,156792,4
baseline_off,fight,0.0,0.0,22.0813,114,349784366,856,156223,145492,156801,4
baseline_off,fight,0.0,0.0,22.1047,115,349806892,855,65699,145432,156773,4
baseline_off,fight,0.0,0.0,22.1227,116,349825672,857,123479,145376,156713,4
baseline_off,fight,0.0,0.0,22.1407,117,349844441,854,22912,145392,156732,4
baseline_off,fight,0.0,0.0,22.1651,118,349866961,854,89620,145407,156748,4
baseline_off,fight,0.0,0.0,22.1884,119,349888033,855,66484,145416,156756,4
baseline_off,fight,0.0,0.0,22.2055,120,349907000,857,155997,145402,156741,4
baseline_off,fight,0.0,0.0,22.2224,121,349925764,855,54292,145338,156715,4
baseline_off,fight,0.0,0.0,22.2457,122,349948287,856,121396,145418,156718,4
baseline_off,fight,0.0,0.0,22.2647,123,349967048,859,19761,145371,156705,4
baseline_off,fight,0.0,0.0,22.2827,124,349985827,855,77394,145418,156761,4
baseline_off,fight,0.0,0.0,22.305,125,350008350,857,143754,145427,156767,4
baseline_off,fight,0.0,0.0,22.3252,126,350028374,855,98776,145422,156764,4
baseline_off,fight,0.0,0.0,22.3453,127,350047150,855,155166,145446,156779,4
baseline_off,fight,0.0,0.0,22.3675,0,350069677,855,65572,145387,156724,4
baseline_off,fight,0.0,0.0,22.3877,1,350088447,855,121227,145404,156743,4
baseline_off,fight,0.0,0.0,22.4058,2,350108465,857,75246,145445,156787,4
baseline_off,fight,0.0,0.0,22.4259,3,350128483,855,29531,145455,156756,4
baseline_off,fight,0.0,0.0,22.4439,4,350147271,856,88127,145421,156761,4
baseline_off,fight,0.0,0.0,22.464,5,350167197,854,26288,145440,156784,4
baseline_off,fight,0.0,0.0,22.4884,6,350189827,855,110723,145426,156765,4
baseline_off,fight,0.0,0.0,22.5064,7,350208589,857,8284,145470,156772,4
baseline_off,fight,0.0,0.0,22.5277,8,350231121,856,76874,145437,156779,4
baseline_off,fight,0.0,0.0,22.5362,9,350241937,856,34201,145430,156773,4
baseline_off,fight,0.0,0.0,22.5468,10,350250668,856,107568,145433,156774,4
baseline_off,fight,0.0,0.0,22.5669,11,350271169,855,143923,145438,156782,4
baseline_off,fight,0.0,0.0,22.5859,12,350289947,856,43910,145421,156761,4
baseline_off,fight,0.0,0.0,22.605,13,350308708,855,97929,145443,156786,4
baseline_off,fight,0.0,0.0,22.6272,14,350331237,857,8245,145465,156770,4
baseline_off,fight,0.0,0.0,22.6463,15,350350019,855,65662,145454,156799,4
baseline_off,fight,0.0,0.0,22.6664,16,350368791,856,120888,145465,156809,4
baseline_off,fight,0.0,0.0,22.6876,17,350391330,856,32543,145426,156765,4
baseline_off,fight,0.0,0.0,22.7058,18,350410102,855,87871,145489,156794,4
baseline_off,fight,0.0,0.0,22.73,19,350432617,855,152716,145443,156787,4
baseline_off,fight,0.0,0.0,22.7458,20,350450066,856,139900,145426,156768,4
baseline_off,fight,0.0,0.0,22.77,21,350472674,858,63858,145436,156779,4
baseline_off,fight,0.0,0.0,22.7869,22,350491454,856,120629,145460,156844,4
baseline_off,fight,0.0,0.0,22.8248,23,350520242,855,153713,145436,156780,4
baseline_off,fight,0.0,0.0,22.8355,24,350537070,859,35559,145423,156765,4
baseline_off,fight,0.0,0.0,22.8503,25,350552784,855,41875,145451,156792,4
baseline_off,fight,0.0,0.0,22.8715,26,350575316,863,109871,145434,156778,4
baseline_off,fight,0.0,0.0,22.8928,27,350594096,857,9981,145435,156778,4
baseline_off,fight,0.0,0.0,22.9097,28,350612856,857,63660,145443,156787,4
baseline_off,fight,0.0,0.0,22.9319,29,350635397,855,132789,145453,156798,4
baseline_off,fight,0.0,0.0,22.9498,30,350654166,855,30782,145468,156811,4
baseline_off,fight,0.0,0.0,22.9729,31,350676707,856,100000,145421,156767,4
baseline_off,fight,0.0,0.0,22.9909,32,350695489,855,156725,145434,156785,4
baseline_off,fight,0.0,0.0,23.011,33,350714248,856,54103,145416,156758,4
baseline_off,fight,0.0,0.0,23.0301,34,350734097,855,136229,145408,156749,4
baseline_off,fight,0.0,0.0,23.0418,35,350745068,856,120135,145418,156756,4
baseline_off,fight,0.0,0.0,23.0525,36,350754809,857,51665,145427,156766,4
baseline_off,fight,0.0,0.0,23.0705,37,350774314,856,75079,145407,156748,4
baseline_off,fight,0.0,0.0,23.0917,38,350796853,856,144114,145427,156772,4
baseline_off,fight,0.0,0.0,23.1109,39,350815624,855,42674,145402,156743,4
baseline_off,fight,0.0,0.0,23.1362,40,350838136,858,107527,145408,156751,4
baseline_off,fight,0.0,0.0,23.152,41,350856924,856,9291,145431,156775,4
baseline_off,fight,0.0,0.0,23.1763,42,350879437,857,73635,145388,156770,4
baseline_off,fight,0.0,0.0,23.1921,43,350896982,855,77402,145453,156800,4
baseline_off,fight,0.0,0.0,23.2152,44,350919501,856,142859,145460,156806,4
baseline_off,fight,0.0,0.0,23.2352,45,350938272,856,41383,145460,156764,4
baseline_off,fight,0.0,0.0,23.2563,46,350960811,862,109708,145446,156789,4
baseline_off,fight,0.0,0.0,23.2763,47,350979582,855,8378,145462,156767,4
baseline_off,fight,0.0,0.0,23.2974,48,351002014,855,58698,145451,156797,4
baseline_off,fight,0.0,0.0,23.33,49,351020885,856,130988,145487,156791,4
baseline_off,fight,0.0,0.0,23.35,50,351042179,855,144665,145401,156781,4
baseline_off,fight,0.0,0.0,23.3721,51,351064333,857,147885,145409,156798,4
baseline_off,fight,0.0,0.0,23.3847,52,351085360,856,115642,145494,156842,4
baseline_off,fight,0.0,0.0,23.3984,53,351102250,855,7367,145434,156776,4
baseline_off,fight,0.0,0.0,23.4206,54,351124759,856,71463,145430,156774,4
baseline_off,fight,0.0,0.0,23.4397,55,351143541,856,128375,145454,156799,4
baseline_off,fight,0.0,0.0,23.4577,56,351162312,855,27043,145420,156761,4
baseline_off,fight,0.0,0.0,23.48,57,351184842,854,94682,145408,156745,4
baseline_off,fight,0.0,0.0,23.5003,58,351203610,859,149921,145428,156749,4
baseline_off,fight,0.0,0.0,23.5216,59,351226137,857,60089,145449,156791,4
baseline_off,fight,0.0,0.0,23.5418,60,351246161,856,15403,145412,156751,4
baseline_off,fight,0.0,0.0,23.545,61,351247112,856,20198,145430,156773,0
baseline_off,fight,0.0,0.0,23.5598,62,351263685,856,15628,145501,156806,4
baseline_off,fight,0.0,0.0,23.5808,63,351286038,856,53046,145432,156775,4
baseline_off,fight,0.0,0.0,23.5999,64,351304978,858,137372,145476,156783,4
baseline_off,fight,0.0,0.0,23.6221,65,351327518,861,50116,145417,156760,4
baseline_off,fight,0.0,0.0,23.641,66,351346289,856,105530,145458,156801,4
baseline_off,fight,0.0,0.0,23.66,67,351365059,858,3729,145462,156807,4
baseline_off,fight,0.0,0.0,23.6821,68,351387589,854,70737,145458,156801,4
baseline_off,fight,0.0,0.0,23.7052,69,351410119,858,137538,145462,156807,4
baseline_off,fight,0.0,0.0,23.7252,70,351428889,861,35488,145466,156810,4
baseline_off,fight,0.0,0.0,23.7463,71,351451421,856,103412,145463,156807,4
baseline_off,fight,0.0,0.0,23.7652,72,351470202,854,3984,145413,156753,4
baseline_off,fight,0.0,0.0,23.7852,73,351488961,855,58162,145410,156751,4
baseline_off,fight,0.0,0.0,23.8063,74,351511494,856,126776,145397,156738,4
baseline_off,fight,0.0,0.0,23.8263,75,351530263,856,25460,145420,156763,4
baseline_off,fight,0.0,0.0,23.8452,76,351550289,856,137122,145437,156778,4
baseline_off,fight,0.0,0.0,23.8673,77,351572819,855,47578,145453,156799,4
baseline_off,fight,0.0,0.0,23.8863,78,351591509,855,89167,145385,156723,4
baseline_off,fight,0.0,0.0,23.9105,79,351614101,855,11348,145391,156733,4
baseline_off,fight,0.0,0.0,23.9274,80,351632893,855,70646,145420,156761,4
baseline_off,fight,0.0,0.0,23.9558,81,351655353,856,126877,145476,156779,4
baseline_off,fight,0.0,0.0,23.9706,82,351674172,856,34385,145403,156745,4
baseline_off,fight,0.0,0.0,23.9937,83,351696705,855,102549,145423,156765,4
baseline_off,fight,0.0,0.0,24.0106,84,351715472,855,1293,145391,156730,4
baseline_off,fight,0.0,0.0,24.0296,85,351734232,854,55307,145450,156793,4
baseline_off,fight,0.0,0.0,24.0411,86,351745041,856,11252,145453,156796,4
baseline_off,fight,0.0,0.0,24.0506,87,351755731,855,103800,145449,156793,4
baseline_off,fight,0.0,0.0,24.0717,88,351778042,857,133747,145458,156804,4
baseline_off,fight,0.0,0.0,24.0918,89,351796821,856,33600,145407,156750,4
baseline_off,fight,0.0,0.0,24.1286,90,351824356,856,11436,145412,156755,4
baseline_off,fight,0.0,0.0,24.1402,91,351841169,856,47635,145452,156798,4
baseline_off,fight,0.0,0.0,24.1519,92,351856732,856,28307,145414,156755,4
baseline_off,fight,0.0,0.0,24.1709,93,351876920,855,11137,145447,156790,4
baseline_off,fight,0.0,0.0,24.1932,94,351899468,856,81286,145462,156806,4
baseline_off,fight,0.0,0.0,24.2121,95,351918230,856,135062,145459,156803,4
baseline_off,fight,0.0,0.0,24.2311,96,351937000,854,33226,145446,156790,4
baseline_off,fight,0.0,0.0,24.2553,97,351959469,856,89894,145491,156798,4
baseline_off,fight,0.0,0.0,24.2723,98,351978306,858,156135,145488,156819,4
baseline_off,fight,0.0,0.0,24.2914,99,351997083,855,55322,145461,156806,4
baseline_off,fight,0.0,0.0,24.3148,100,352019600,855,120228,145482,156828,4
baseline_off,fight,0.0,0.0,24.3317,101,352038391,864,21660,145452,156795,4
baseline_off,fight,0.0,0.0,24.355,102,352060872,864,80048,145466,156809,4
baseline_off,fight,0.0,0.0,24.3751,103,352079695,856,143511,145451,156796,4
baseline_off,fight,0.0,0.0,24.3921,104,352098474,855,43219,145465,156811,4
baseline_off,fight,0.0,0.0,24.4196,105,352120944,856,99337,145440,156783,4
baseline_off,fight,0.0,0.0,24.4323,106,352138459,856,97788,145462,156806,4
baseline_off,fight,0.0,0.0,24.4556,107,352160997,854,8999,145483,156828,4
baseline_off,fight,0.0,0.0,24.4747,108,352179828,856,73768,145432,156772,4
baseline_off,fight,0.0,0.0,24.496,109,352198620,856,132708,145418,156760,4
baseline_off,fight,0.0,0.0,24.5141,110,352219917,856,147282,145465,156789,4
baseline_off,fight,0.0,0.0,24.5417,111,352241161,855,153107,145419,156757,4
baseline_off,fight,0.0,0.0,24.5438,112,352249582,856,16919,145451,156794,4
baseline_off,fight,0.0,0.0,24.5555,113,352260141,856,87110,145450,156793,4
baseline_off,fight,0.0,0.0,24.5767,114,352282461,856,118194,145450,156793,4
baseline_off,fight,0.0,0.0,24.5958,115,352301231,857,16530,145443,156786,4
baseline_off,fight,0.0,0.0,24.616,116,352322523,857,29970,145452,156797,4
baseline_off,fight,0.0,0.0,24.6487,117,352342230,855,87412,145443,156786,4
baseline_off,fight,0.0,0.0,24.672,118,352363120,856,32673,145446,156788,4
baseline_off,fight,0.0,0.0,24.6868,119,352381833,856,78073,145394,156773,4
baseline_off,fight,0.0,0.0,24.6953,120,352403159,856,97913,145431,156773,4
baseline_off,fight,0.0,0.0,24.7154,121,352421336,856,52394,145449,156791,4
baseline_off,fight,0.0,0.0,24.7376,122,352443907,856,126609,145431,156772,4
baseline_off,fight,0.0,0.0,24.7567,123,352462687,858,26724,145452,156794,4
baseline_off,fight,0.0,0.0,24.7757,124,352481397,856,71644,145459,156803,4
baseline_off,fight,0.0,0.0,24.7969,125,352503994,849,150153,145465,156788,4
baseline_off,fight,0.0,0.0,24.8202,126,352522769,856,49356,145443,156787,4
baseline_off,fight,0.0,0.0,24.835,127,352541480,856,95003,145408,156750,4
baseline_off,fight,0.0,0.0,24.8583,0,352564010,860,5812,145444,156786,4
baseline_off,fight,0.0,0.0,24.8763,1,352582830,856,69799,145433,156777,4
baseline_off,fight,0.0,0.0,24.8954,2,352601552,856,116809,145445,156786,4
baseline_off,fight,0.0,0.0,24.9168,3,352624132,862,35693,145436,156780,4
baseline_off,fight,0.0,0.0,24.94,4,352644057,854,130763,145413,156754,4
baseline_off,fight,0.0,0.0,24.9569,5,352664175,855,102178,145428,156771,4
baseline_off,fight,0.0,0.0,24.9811,6,352686654,855,5141,145394,156732,4
baseline_off,fight,0.0,0.0,25.0,7,352705416,855,60077,145466,156773,4
baseline_off,fight,0.0,0.0,25.017,8,352724188,856,116336,145378,156718,4
baseline_off,fight,0.0,0.0,25.0435,9,352748026,857,93959,145389,156728,4
baseline_off,fight,0.0,0.0,25.0457,10,352748974,855,98488,145403,156743,0
baseline_off,fight,0.0,0.0,25.0574,11,352764265,854,33255,145413,156755,4
baseline_off,fight,0.0,0.0,25.0776,12,352784252,862,138733,145449,156794,4
baseline_off,fight,0.0,0.0,25.1009,13,352806782,855,48979,145454,156797,4
baseline_off,fight,0.0,0.0,25.12,14,352826797,856,2834,145399,156740,4
baseline_off,fight,0.0,0.0,25.1403,15,352845569,856,59594,145395,156736,4
baseline_off,fight,0.0,0.0,25.1604,16,352866894,856,79610,145424,156727,4
baseline_off,fight,0.0,0.0,25.1806,17,352885594,859,123913,145377,156676,4
baseline_off,fight,0.0,0.0,25.2027,18,352908184,855,45888,145436,156783,4
baseline_off,fight,0.0,0.0,25.2208,19,352928093,857,138745,145407,156749,4
baseline_off,fight,0.0,0.0,25.2409,20,352948159,853,101713,145387,156726,4
baseline_off,fight,0.0,0.0,25.2598,21,352966929,855,1311,145383,156722,4
baseline_off,fight,0.0,0.0,25.2799,22,352985700,856,56892,145452,156793,4
baseline_off,fight,0.0,0.0,25.301,23,353008283,858,133734,145426,156764,4
baseline_off,fight,0.0,0.0,25.3199,24,353026982,855,20989,145403,156743,4
baseline_off,fight,0.0,0.0,25.3399,25,353045753,856,77051,145387,156726,4
baseline_off,fight,0.0,0.0,25.361,26,353068339,856,155313,145355,156722,4
baseline_off,fight,0.0,0.0,25.3885,27,353090793,856,53910,145424,156767,4
baseline_off,fight,0.0,0.0,25.4118,28,353109564,856,109914,145449,156750,4
baseline_off,fight,0.0,0.0,25.4307,29,353130415,857,49993,145391,156727,4
baseline_off,fight,0.0,0.0,25.456,30,353163428,856,19014,145393,156775,4
baseline_off,fight,0.0,0.0,25.4676,31,353174220,856,129166,145460,156803,4
baseline_off,fight,0.0,0.0,25.4876,32,353192166,856,44336,145420,156761,4
baseline_off,fight,0.0,0.0,25.5057,33,353212251,856,9437,145437,156778,4
baseline_off,fight,0.0,0.0,25.529,34,353235839,854,99849,145448,156793,4
baseline_off,fight,0.0,0.0,25.5406,35,353247492,855,42499,145448,156792,4
baseline_off,fight,0.0,0.0,25.5469,36,353255676,856,22588,145447,156790,4
baseline_off,fight,0.0,0.0,25.5659,37,353273522,858,77101,145447,156789,4
baseline_off,fight,0.0,0.0,25.5901,38,353296042,854,142826,145446,156788,4
baseline_off,fight,0.0,0.0,25.607,39,353314812,856,41485,145402,156742,4
baseline_off,fight,0.0,0.0,25.6302,40,353337344,856,108980,145448,156789,4
baseline_off,fight,0.0,0.0,25.6502,41,353356112,855,7298,145457,156797,4
baseline_off,fight,0.0,0.0,25.6712,42,353378643,854,74103,145456,156802,4
baseline_off,fight,0.0,0.0,25.6923,43,353397425,856,130955,145482,156829,4
baseline_off,fight,0.0,0.0,25.7102,44,353417450,856,85406,145502,156809,4
baseline_off,fight,0.0,0.0,25.7324,45,353439996,855,155400,145407,156758,4
baseline_off,fight,0.0,0.0,25.7514,46,353458753,856,51609,145432,156773,4
baseline_off,fight,0.0,0.0,25.7703,47,353477546,856,110535,145429,156773,4
baseline_off,fight,0.0,0.0,25.7924,48,353500067,859,19435,145481,156784,4
baseline_off,fight,0.0,0.0,25.8114,49,353518798,856,67985,145428,156770,4
baseline_off,fight,0.0,0.0,25.8356,50,353541350,856,139548,145405,156745,4
baseline_off,fight,0.0,0.0,25.8525,51,353560132,855,40381,145403,156744,4
baseline_off,fight,0.0,0.0,25.8715,52,353578911,855,97481,145442,156785,4
baseline_off,fight,0.0,0.0,25.8936,53,353601421,856,4301,145425,156767,4
baseline_off,fight,0.0,0.0,25.9125,54,353620212,856,63485,145431,156772,4
baseline_off,fight,0.0,0.0,25.9357,55,353638974,855,117583,145432,156775,4
baseline_off,fight,0.0,0.0,25.9653,56,353660028,855,91399,145399,156740,4
baseline_off,fight,0.0,0.0,25.9885,57,353680867,856,28877,145423,156723,4
baseline_off,fight,0.0,0.0,26.0053,58,353700603,856,91984,145491,156796,4
baseline_off,fight,0.0,0.0,26.0117,59,353720923,855,97322,145391,156731,4
baseline_off,fight,0.0,0.0,26.0307,60,353739080,857,48874,145421,156763,4
baseline_off,fight,0.0,0.0,26.0412,61,353749938,856,13779,145421,156721,4
baseline_off,fight,0.0,0.0,26.0518,62,353759682,856,102894,145355,156732,4
baseline_off,fight,0.0,0.0,26.075,63,353782858,856,124449,145455,156760,4
baseline_off,fight,0.0,0.0,26.095,64,353802764,855,59641,145435,156778,4
baseline_off,fight,0.0,0.0,26.115,65,353821664,857,137500,145456,156759,4
baseline_off,fight,0.0,0.0,26.1332,66,353840445,855,38151,145428,156774,4
baseline_off,fight,0.0,0.0,26.1554,67,353862956,856,102741,145477,156782,4
baseline_off,fight,0.0,0.0,26.1735,68,353881738,855,3546,145448,156789,4
baseline_off,fight,0.0,0.0,26.1928,69,353900510,856,59569,145409,156750,4
baseline_off,fight,0.0,0.0,26.2151,70,353923029,855,125636,145434,156774,4
baseline_off,fight,0.0,0.0,26.2354,71,353941810,855,26071,145437,156781,4
baseline_off,fight,0.0,0.0,26.2567,72,353964341,860,93395,145465,156810,4
baseline_off,fight,0.0,0.0,26.2747,73,353983117,857,149342,145442,156802,4
baseline_off,fight,0.0,0.0,26.2949,74,354003129,856,102441,145425,156770,4
baseline_off,fight,0.0,0.0,26.3141,75,354021909,855,3532,145391,156732,4
baseline_off,fight,0.0,0.0,26.3364,76,354044448,855,73261,145428,156771,4
baseline_off,fight,0.0,0.0,26.3555,77,354063200,854,125530,145436,156781,4
baseline_off,fight,0.0,0.0,26.3777,78,354085727,862,35206,145467,156813,4
baseline_off,fight,0.0,0.0,26.3967,79,354104468,857,85145,145433,156774,4
baseline_off,fight,0.0,0.0,26.4157,80,354123285,856,148495,145426,156752,4
baseline_off,fight,0.0,0.0,26.4368,81,354145801,855,56957,145416,156757,4
baseline_off,fight,0.0,0.0,26.4557,82,354164582,855,114468,145462,156765,4
baseline_off,fight,0.0,0.0,26.4799,83,354187104,856,24205,145399,156736,4
baseline_off,fight,0.0,0.0,26.4999,84,354207131,855,137082,145411,156752,4
baseline_off,fight,0.0,0.0,26.5189,85,354225903,863,36574,145380,156719,4
baseline_off,fight,0.0,0.0,26.5421,86,354249518,853,132538,145402,156741,4
baseline_off,fight,0.0,0.0,26.5464,87,354250467,857,137216,145376,156714,0
baseline_off,fight,0.0,0.0,26.5579,88,354265950,856,104763,145423,156763,4
baseline_off,fight,0.0,0.0,26.5801,89,354288457,856,11950,145467,156771,4
baseline_off,fight,0.0,0.0,26.6003,90,354307240,857,70141,145391,156728,4
baseline_off,fight,0.0,0.0,26.6172,91,354326013,855,126391,145396,156735,4
baseline_off,fight,0.0,0.0,26.6406,92,354348530,856,35358,145421,156762,4
baseline_off,fight,0.0,0.0,26.6606,93,354367302,855,91279,145416,156753,4
baseline_off,fight,0.0,0.0,26.6816,94,354389841,856,3566,145424,156766,4
baseline_off,fight,0.0,0.0,26.7165,95,354409820,855,108082,145428,156768,4
baseline_off,fight,0.0,0.0,26.7334,96,354433005,856,130952,145399,156739,4
baseline_off,fight,0.0,0.0,26.7418,97,354449252,856,71345,145428,156728,4
baseline_off,fight,0.0,0.0,26.7608,98,354469934,863,138534,145391,156731,4
baseline_off,fight,0.0,0.0,26.7797,99,354488676,855,33172,145413,156752,4
baseline_off,fight,0.0,0.0,26.8018,100,354511216,855,103127,145398,156699,4
baseline_off,fight,0.0,0.0,26.821,101,354529989,855,2494,145425,156768,4
baseline_off,fight,0.0,0.0,26.8453,102,354552518,855,70504,145413,156754,4
baseline_off,fight,0.0,0.0,26.8654,103,354572534,856,24685,145443,156784,4
baseline_off,fight,0.0,0.0,26.8822,104,354591317,857,81874,145451,156796,4
baseline_off,fight,0.0,0.0,26.9055,105,354613841,857,148048,145409,156774,4
baseline_off,fight,0.0,0.0,26.9237,106,354632598,856,45026,145410,156750,4
baseline_off,fight,0.0,0.0,26.9423,107,354651371,856,101176,145442,156787,4
baseline_off,fight,0.0,0.0,26.9666,108,354673910,856,13592,145451,156755,4
baseline_off,fight,0.0,0.0,26.9864,109,354695135,856,16477,145391,156733,4
baseline_off,fight,0.0,0.0,27.0095,110,354717705,855,91861,145435,156738,4
baseline_off,fight,0.0,0.0,27.028,111,354736481,854,148615,145427,156766,4
baseline_off,fight,0.0,0.0,27.042,112,354750252,858,138337,145439,156783,4
baseline_off,fight,0.0,0.0,27.0506,113,354758676,855,2702,145401,156741,4
baseline_off,fight,0.0,0.0,27.0676,114,354776514,857,56667,145409,156753,4
baseline_off,fight,0.0,0.0,27.0909,115,354799037,855,123845,145373,156713,4
baseline_off,fight,0.0,0.0,27.109,116,354817796,856,21590,145373,156711,4
baseline_off,fight,0.0,0.0,27.1325,117,354840327,857,90418,145406,156746,4
baseline_off,fight,0.0,0.0,27.1505,118,354859087,855,144842,145416,156758,4
baseline_off,fight,0.0,0.0,27.1706,119,354877858,855,43873,145372,156751,4
baseline_off,fight,0.0,0.0,27.1917,120,354900390,855,112528,145315,156691,4
baseline_off,fight,0.0,0.0,27.2107,121,354919158,855,11980,145408,156751,4
baseline_off,fight,0.0,0.0,27.2308,122,354937920,858,66729,145415,156755,4
baseline_off,fight,0.0,0.0,27.2508,123,354960441,856,133648,145417,156758,4
baseline_off,fight,0.0,0.0,27.3204,124,355025682,856,96274,145362,156698,4
baseline_off,fight,0.0,0.0,27.3236,125,355026632,855,100957,145354,156691,0
baseline_off,fight,0.0,0.0,27.3299,126,355027579,856,105388,145371,156708,0
baseline_off,fight,0.0,0.0,27.3352,127,355042817,854,31554,145387,156726,4
baseline_off,fight,0.0,0.0,27.351,0,355060554,855,68899,145391,156727,4
baseline_off,fight,0.0,0.0,27.3752,1,355083053,854,132312,145369,156708,4
baseline_off,fight,0.0,0.0,27.3953,2,355101833,855,33394,145361,156737,4
baseline_off,fight,0.0,0.0,27.4153,3,355123109,855,45612,145372,156671,4
baseline_off,fight,0.0,0.0,27.4333,4,355141869,855,100677,145409,156706,4
baseline_off,fight,0.0,0.0,27.4512,5,355160639,854,816,145382,156722,4
baseline_off,fight,0.0,0.0,27.4755,6,355183149,855,66383,145387,156723,4
baseline_off,fight,0.0,0.0,27.4924,7,355201921,856,122941,145437,156738,4
baseline_off,fight,0.0,0.0,27.5113,8,355220683,860,21325,145387,156728,4
baseline_off,fight,0.0,0.0,27.5357,9,355243193,856,86794,145396,156737,4
baseline_off,fight,0.0,0.0,27.5421,10,355254043,855,50375,145401,156743,4
baseline_off,fight,0.0,0.0,27.5516,11,355262823,854,132408,145387,156724,4
baseline_off,fight,0.0,0.0,27.5716,12,355280688,862,35044,145396,156736,4
baseline_off,fight,0.0,0.0,27.5948,13,355303251,858,108913,145406,156749,4
baseline_off,fight,0.0,0.0,27.6127,14,355322021,856,8471,145393,156732,4
baseline_off,fight,0.0,0.0,27.6348,15,355344554,855,76667,145447,156790,4
baseline_off,fight,0.0,0.0,27.6549,16,355363316,856,131067,145416,156757,4
baseline_off,fight,0.0,0.0,27.6738,17,355383331,855,85342,145430,156770,4
baseline_off,fight,0.0,0.0,27.696,18,355405867,856,154649,145404,156754,4
baseline_off,fight,0.0,0.0,27.715,19,355424632,855,53021,145402,156743,4
baseline_off,fight,0.0,0.0,27.735,20,355443393,856,107089,145489,156794,4
baseline_off,fight,0.0,0.0,27.7562,21,355465922,856,18497,145402,156744,4
baseline_off,fight,0.0,0.0,27.7763,22,355484693,855,74083,145425,156766,4
baseline_off,fight,0.0,0.0,27.7973,23,355507216,855,140828,145404,156747,4
baseline_off,fight,0.0,0.0,27.8163,24,355525995,855,41218,145444,156788,4
baseline_off,fight,0.0,0.0,27.8353,25,355544765,855,96882,145373,156750,4
baseline_off,fight,0.0,0.0,27.8576,26,355567296,855,8315,145410,156751,4
baseline_off,fight,0.0,0.0,27.8766,27,355586018,855,56354,145428,156770,4
baseline_off,fight,0.0,0.0,27.8957,28,355604816,855,117409,145403,156745,4
baseline_off,fight,0.0,0.0,27.9169,29,355627349,856,29165,145411,156752,4
baseline_off,fight,0.0,0.0,27.936,30,355646110,855,83681,145382,156721,4
baseline_off,fight,0.0,0.0,27.955,31,355664882,855,139980,145423,156764,4
baseline_off,fight,0.0,0.0,27.9774,32,355687414,855,52024,145382,156720,4
baseline_off,fight,0.0,0.0,27.9975,33,355706175,855,106922,145399,156739,4
baseline_off,fight,0.0,0.0,28.0303,34,355738704,856,151149,145404,156759,4
baseline_off,fight,0.0,0.0,28.0526,35,355748182,855,38254,145360,156738,4
baseline_off,fight,0.0,0.0,28.0685,36,355753923,856,73647,145466,156773,4
baseline_off,fight,0.0,0.0,28.0727,37,355770585,856,84883,145413,156752,4
baseline_off,fight,0.0,0.0,28.0812,38,355788430,855,140535,145414,156756,4
baseline_off,fight,0.0,0.0,28.0981,39,355807522,857,95059,145386,156725,4
baseline_off,fight,0.0,0.0,28.1171,40,355826289,856,150806,145374,156715,4
baseline_off,fight,0.0,0.0,28.1362,41,355846261,856,98647,145377,156712,4
baseline_off,fight,0.0,0.0,28.1607,42,355868810,855,14113,145400,156740,4
baseline_off,fight,0.0,0.0,28.1776,43,355887592,855,72937,145339,156673,4
baseline_off,fight,0.0,0.0,28.1966,44,355906342,855,126232,145404,156747,4
baseline_off,fight,0.0,0.0,28.2197,45,355928873,853,38473,145359,156695,4
baseline_off,fight,0.0,0.0,28.2376,46,355947644,862,94779,145409,156750,4
baseline_off,fight,0.0,0.0,28.2608,47,355970165,854,4931,145363,156701,4
baseline_off,fight,0.0,0.0,28.2797,48,355988928,856,59664,145426,156766,4
baseline_off,fight,0.0,0.0,28.3008,49,356011457,856,127074,145426,156766,4
baseline_off,fight,0.0,0.0,28.3198,50,356030239,856,27634,145471,156776,4
baseline_off,fight,0.0,0.0,28.3398,51,356049001,855,82192,145404,156745,4
baseline_off,fight,0.0,0.0,28.361,52,356071525,849,149333,145372,156743,4
baseline_off,fight,0.0,0.0,28.38,53,356090291,856,48154,145401,156742,4
baseline_off,fight,0.0,0.0,28.4001,54,356110307,856,3216,145376,156712,4
baseline_off,fight,0.0,0.0,28.4223,55,356132839,858,71881,145392,156733,4
baseline_off,fight,0.0,0.0,28.4413,56,356151551,856,117840,145422,156765,4
baseline_off,fight,0.0,0.0,28.4613,57,356171626,855,81795,145431,156774,4
baseline_off,fight,0.0,0.0,28.4802,58,356190399,859,137748,145428,156769,4
baseline_off,fight,0.0,0.0,28.5024,59,356212929,855,48943,145389,156726,4
baseline_off,fight,0.0,0.0,28.5256,60,356235439,856,113504,145412,156756,4
baseline_off,fight,0.0,0.0,28.5458,61,356255305,855,42186,145427,156770,4
baseline_off,fight,0.0,0.0,28.549,62,356256258,855,47351,145431,156775,0
baseline_off,fight,0.0,0.0,28.5618,63,356273007,855,73182,145371,156712,4
baseline_off,fight,0.0,0.0,28.6097,64,356302970,855,152109,145401,156725,4
baseline_off,fight,0.0,0.0,28.6236,65,356322334,856,152384,145423,156768,4
baseline_off,fight,0.0,0.0,28.6322,66,356343654,855,15321,145355,156693,4
baseline_off,fight,0.0,0.0,28.6449,67,356354304,856,101788,145388,156723,4
baseline_off,fight,0.0,0.0,28.6661,68,356376821,856,11098,145448,156748,4
baseline_off,fight,0.0,0.0,28.6853,69,356395604,855,69857,145394,156731,4
baseline_off,fight,0.0,0.0,28.7054,70,356415569,856,15504,145423,156763,4
baseline_off,fight,0.0,0.0,28.7267,71,356438142,855,91262,145353,156690,4
baseline_off,fight,0.0,0.0,28.746,72,356456918,853,148567,145384,156730,4
baseline_off,fight,0.0,0.0,28.7651,73,356475684,856,46837,145438,156779,4
baseline_off,fight,0.0,0.0,28.7874,74,356498196,856,111894,145419,156761,4
baseline_off,fight,0.0,0.0,28.8065,75,356516976,854,12701,145349,156724,4
baseline_off,fight,0.0,0.0,28.8299,76,356539486,855,77906,145386,156725,4
baseline_off,fight,0.0,0.0,28.8468,77,356558269,857,136720,145385,156724,4
baseline_off,fight,0.0,0.0,28.8659,78,356577019,854,33216,145371,156707,4
baseline_off,fight,0.0,0.0,28.8902,79,356599541,855,100401,145394,156735,4
baseline_off,fight,0.0,0.0,28.9071,80,356618331,855,2979,145380,156761,4
baseline_off,fight,0.0,0.0,28.9262,81,356637082,855,55646,145412,156753,4
baseline_off,fight,0.0,0.0,28.9505,82,356659602,856,122673,145398,156738,4
baseline_off,fight,0.0,0.0,28.9674,83,356678383,855,24164,145402,156740,4
baseline_off,fight,0.0,0.0,28.9864,84,356697144,856,78173,145444,156788,4
baseline_off,fight,0.0,0.0,29.0064,85,356717132,855,27298,145425,156766,4
baseline_off,fight,0.0,0.0,29.0306,86,356739691,855,100309,145391,156729,4
baseline_off,fight,0.0,0.0,29.0507,87,356759546,856,27157,145434,156776,4
baseline_off,fight,0.0,0.0,29.0518,88,356760497,855,32016,145433,156777,0
baseline_off,fight,0.0,0.0,29.0665,89,356777234,853,55623,145396,156736,4
baseline_off,fight,0.0,0.0,29.0897,90,356799745,856,120306,145375,156753,4
baseline_off,fight,0.0,0.0,29.1077,91,356818526,856,21512,145405,156745,4
baseline_off,fight,0.0,0.0,29.1267,92,356837287,853,76267,145388,156724,4
baseline_off,fight,0.0,0.0,29.1489,93,356859823,855,145339,145397,156734,4
baseline_off,fight,0.0,0.0,29.1671,94,356878577,855,42941,145379,156718,4
baseline_off,fight,0.0,0.0,29.1873,95,356898601,856,155886,145356,156684,4
baseline_off,fight,0.0,0.0,29.2117,96,356921119,860,65927,145403,156744,4
baseline_off,fight,0.0,0.0,29.2307,97,356941135,859,20881,145394,156732,4
baseline_off,fight,0.0,0.0,29.2507,98,356959908,856,77431,145420,156762,4
baseline_off,fight,0.0,0.0,29.2717,99,356982419,854,142770,145406,156705,4
baseline_off,fight,0.0,0.0,29.2907,100,357001188,855,42235,145382,156720,4
baseline_off,fight,0.0,0.0,29.3108,101,357021181,857,149377,145409,156748,4
baseline_off,fight,0.0,0.0,29.3403,102,357043703,855,59155,145428,156770,4
baseline_off,fight,0.0,0.0,29.3572,103,357061490,856,104152,145442,156785,4
baseline_off,fight,0.0,0.0,29.3804,104,357090644,855,43964,145406,156746,4
baseline_off,fight,0.0,0.0,29.3909,105,357102146,855,118654,145383,156723,4
baseline_off,fight,0.0,0.0,29.4109,106,357122576,855,143203,145425,156726,4
baseline_off,fight,0.0,0.0,29.4351,107,357145107,855,54994,145410,156747,4
baseline_off,fight,0.0,0.0,29.4521,108,357163884,855,112424,145398,156738,4
baseline_off,fight,0.0,0.0,29.4711,109,357182637,856,8879,145413,156755,4
baseline_off,fight,0.0,0.0,29.4953,110,357205189,864,80460,145400,156741,4
baseline_off,fight,0.0,0.0,29.5121,111,357223939,855,132991,145418,156760,4
baseline_off,fight,0.0,0.0,29.5354,112,357246450,855,41330,145400,156700,4
baseline_off,fight,0.0,0.0,29.5441,113,357257298,857,4926,145394,156732,4
baseline_off,fight,0.0,0.0,29.5547,114,357266069,855,85556,145376,156715,4
baseline_off,fight,0.0,0.0,29.5738,115,357283950,855,147551,145395,156688,4
baseline_off,fight,0.0,0.0,29.5917,116,357304021,856,111583,145407,156746,4
baseline_off,fight,0.0,0.0,29.6149,117,357326531,855,19221,145372,156750,4
baseline_off,fight,0.0,0.0,29.6349,118,357345311,856,76760,145398,156738,4
baseline_off,fight,0.0,0.0,29.6517,119,357364081,854,132522,145393,156733,4
baseline_off,fight,0.0,0.0,29.6749,120,357386602,855,42580,145394,156735,4
baseline_off,fight,0.0,0.0,29.697,121,357409142,855,112104,145428,156771,4
baseline_off,fight,0.0,0.0,29.7159,122,357427892,855,7427,145434,156774,4
baseline_off,fight,0.0,0.0,29.7381,123,357450415,857,73582,145417,156758,4
baseline_off,fight,0.0,0.0,29.7571,124,357469206,855,132286,145452,156797,4
baseline_off,fight,0.0,0.0,29.7802,125,357491736,856,42524,145457,156801,4
baseline_off,fight,0.0,0.0,29.8002,126,357510506,856,97817,145479,156785,4
baseline_off,fight,0.0,0.0,29.8213,127,357533037,856,8773,145467,156770,4
baseline_off,fight,0.0,0.0,29.8404,0,357551800,855,63036,145443,156787,4
baseline_off,fight,0.0,0.0,29.8604,1,357570571,856,118240,145455,156798,4
baseline_off,fight,0.0,0.0,29.8804,2,357591815,855,124310,145389,156727,4
baseline_off,fight,0.0,0.0,29.9269,3,357621836,857,54938,145396,156692,4
baseline_off,fight,0.0,0.0,29.9427,4,357641219,857,58410,145433,156774,4
baseline_off,fight,0.0,0.0,29.949,5,357662562,854,81094,145447,156747,4
baseline_off,fight,0.0,0.0,29.9617,6,357673189,855,6613,145414,156756,4
baseline_off,fight,0.0,0.0,29.9838,7,357695711,857,73580,145429,156766,4
