label,mode,volt,spin,t_host,seq,t_us,isr_high,cap_age,cap_high,cap_period,flags
baseline_off,fight,0.0,0.0,0.0137,6,409019752,853,117903,145420,156763,4
baseline_off,fight,0.0,0.0,0.0359,7,409042292,856,30624,145434,156778,4
baseline_off,fight,0.0,0.0,0.0549,8,409061052,856,84312,145411,156754,4
baseline_off,fight,0.0,0.0,0.0739,9,409079842,856,143369,145425,156768,4
baseline_off,fight,0.0,0.0,0.096,10,409102361,857,51669,145465,156810,4
baseline_off,fight,0.0,0.0,0.1161,11,409121141,856,107960,145463,156809,4
baseline_off,fight,0.0,0.0,0.1393,12,409143669,855,18239,145423,156765,4
baseline_off,fight,0.0,0.0,0.1562,13,409162441,855,74103,145441,156786,4
baseline_off,fight,0.0,0.0,0.1752,14,409181209,854,129018,145438,156782,4
baseline_off,fight,0.0,0.0,0.1996,15,409203749,856,41743,145447,156750,4
baseline_off,fight,0.0,0.0,0.2165,16,409222518,857,96917,145461,156807,4
baseline_off,fight,0.0,0.0,0.2378,17,409241284,854,151514,145424,156761,4
baseline_off,fight,0.0,0.0,0.259,18,409263809,855,61405,145438,156782,4
baseline_off,fight,0.0,0.0,0.2791,19,409284982,856,54585,145436,156779,4
baseline_off,fight,0.0,0.0,0.2982,20,409303874,857,130258,145454,156797,4
baseline_off,fight,0.0,0.0,0.3162,21,409322646,856,28723,145432,156773,4
baseline_off,fight,0.0,0.0,0.3394,22,409345165,861,93790,145465,156811,4
baseline_off,fight,0.0,0.0,0.3595,23,409363949,856,151342,145484,156819,4
baseline_off,fight,0.0,0.0,0.3765,24,409382732,862,51204,145456,156802,4
baseline_off,fight,0.0,0.0,0.3996,25,409405263,856,117586,145475,156821,4
baseline_off,fight,0.0,0.0,0.4187,26,409424032,858,15217,145464,156810,4
baseline_off,fight,0.0,0.0,0.4366,27,409442822,858,73552,145446,156789,4
baseline_off,fight,0.0,0.0,0.4598,28,409465344,856,138926,145481,156787,4
baseline_off,fight,0.0,0.0,0.4787,29,409485391,856,97271,145435,156784,4
baseline_off,fight,0.0,0.0,0.4988,30,409504145,848,149953,145438,156754,4
baseline_off,fight,0.0,0.0,0.5188,31,409524176,856,106348,145405,156747,4
baseline_off,fight,0.0,0.0,0.5209,32,409525129,856,111641,145414,156758,0
baseline_off,fight,0.0,0.0,0.5388,33,409545455,856,118013,145449,156795,4
baseline_off,fight,0.0,0.0,0.5609,34,409567975,856,25748,145476,156820,4
baseline_off,fight,0.0,0.0,0.5798,35,409586643,855,62794,145470,156815,4
baseline_off,fight,0.0,0.0,0.604,36,409609279,858,148319,145419,156739,4
baseline_off,fight,0.0,0.0,0.6209,37,409628057,855,48291,145421,156761,4
baseline_off,fight,0.0,0.0,0.6452,38,409650585,856,115364,145450,156792,4
baseline_off,fight,0.0,0.0,0.6645,39,409669354,856,12880,145496,156800,4
baseline_off,fight,0.0,0.0,0.6815,40,409688144,855,70663,145427,156810,4
baseline_off,fight,0.0,0.0,0.7037,41,409710663,856,135456,145465,156810,4
baseline_off,fight,0.0,0.0,0.7238,42,409729445,856,35780,145428,156771,4
baseline_off,fight,0.0,0.0,0.7408,43,409748235,860,93982,145450,156794,4
baseline_off,fight,0.0,0.0,0.7641,44,409770745,855,1239,145428,156769,4
baseline_off,fight,0.0,0.0,0.7842,45,409789526,857,58525,145427,156770,4
baseline_off,fight,0.0,0.0,0.8054,46,409812045,862,123796,145448,156795,4
baseline_off,fight,0.0,0.0,0.8255,47,409830825,857,23210,145476,156822,4
baseline_off,fight,0.0,0.0,0.8447,48,409849605,855,79501,145461,156808,4
baseline_off,fight,0.0,0.0,0.8691,49,409872127,855,144645,145477,156823,4
baseline_off,fight,0.0,0.0,0.8862,50,409892153,855,99699,145458,156800,4
baseline_off,fight,0.0,0.0,0.9053,51,409910935,855,156461,145465,156804,4
baseline_off,fight,0.0,0.0,0.9265,52,409933480,854,68959,145452,156795,4
baseline_off,fight,0.0,0.0,0.9457,53,409952240,861,122527,145405,156787,4
baseline_off,fight,0.0,0.0,0.9637,54,409971020,856,22310,145512,156818,4
baseline_off,fight,0.0,0.0,0.986,55,409993562,856,91126,145457,156804,4
baseline_off,fight,0.0,0.0,1.0082,56,410013279,850,150186,145440,156807,4
baseline_off,fight,0.0,0.0,1.0199,57,410023068,855,89737,145380,156757,4
baseline_off,fight,0.0,0.0,1.0263,58,410034570,855,7335,145365,156744,4
baseline_off,fight,0.0,0.0,1.0475,59,410054225,856,56630,145406,156747,4
baseline_off,fight,0.0,0.0,1.0731,60,410072202,855,134589,145404,156744,4
baseline_off,fight,0.0,0.0,1.107,61,410101184,855,44674,145465,156773,4
baseline_off,fight,0.0,0.0,1.1228,62,410118004,855,82403,145443,156785,4
baseline_off,fight,0.0,0.0,1.1346,63,410139329,855,102460,145381,156719,4
baseline_off,fight,0.0,0.0,1.1452,64,410152489,856,144898,145434,156777,4
baseline_off,fight,0.0,0.0,1.1769,65,410180017,855,121456,145399,156739,4
baseline_off,fight,0.0,0.0,1.1971,66,410193379,856,41679,145437,156779,4
baseline_off,fight,0.0,0.0,1.2088,67,410214722,855,64292,145429,156768,4
baseline_off,fight,0.0,0.0,1.2289,68,410235084,855,76939,145449,156793,4
baseline_off,fight,0.0,0.0,1.2458,69,410253855,856,132089,145435,156779,4
baseline_off,fight,0.0,0.0,1.2691,70,410276385,856,42872,145423,156765,4
baseline_off,fight,0.0,0.0,1.2893,71,410295147,857,96961,145461,156764,4
baseline_off,fight,0.0,0.0,1.3064,72,410313941,855,156427,145454,156791,4
baseline_off,fight,0.0,0.0,1.3317,73,410336457,855,64450,145442,156785,4
baseline_off,fight,0.0,0.0,1.3497,74,410353982,856,65141,145429,156770,4
baseline_off,fight,0.0,0.0,1.3667,75,410374010,856,20804,145463,156808,4
baseline_off,fight,0.0,0.0,1.3891,76,410396533,856,86613,145434,156777,4
baseline_off,fight,0.0,0.0,1.4092,77,410416431,855,19968,145430,156774,4
baseline_off,fight,0.0,0.0,1.4294,78,410435332,858,96991,145469,156813,4
baseline_off,fight,0.0,0.0,1.4507,79,410457871,856,8304,145480,156826,4
baseline_off,fight,0.0,0.0,1.4687,80,410476640,856,62426,145489,156835,4
baseline_off,fight,0.0,0.0,1.4888,81,410495423,855,119447,145457,156800,4
baseline_off,fight,0.0,0.0,1.5111,82,410517962,855,30684,145459,156803,4
baseline_off,fight,0.0,0.0,1.5196,83,410526407,854,55233,145457,156802,4
baseline_off,fight,0.0,0.0,1.5291,84,410536362,856,22597,145464,156811,4
baseline_off,fight,0.0,0.0,1.5502,85,410556761,855,40733,145438,156781,4
baseline_off,fight,0.0,0.0,1.5714,86,410579300,860,109078,145463,156805,4
baseline_off,fight,0.0,0.0,1.5905,87,410598060,861,5696,145433,156776,4
baseline_off,fight,0.0,0.0,1.6106,88,410616840,855,62674,145425,156766,4
baseline_off,fight,0.0,0.0,1.6318,89,410639371,857,130322,145443,156786,4
baseline_off,fight,0.0,0.0,1.6519,90,410659400,856,85888,145441,156783,4
baseline_off,fight,0.0,0.0,1.6709,91,410678160,856,139074,145463,156807,4
baseline_off,fight,0.0,0.0,1.6899,92,410698067,856,73885,145467,156814,4
baseline_off,fight,0.0,0.0,1.7089,93,410716973,855,152093,145421,156754,4
baseline_off,fight,0.0,0.0,1.7322,94,410739516,859,64851,145441,156785,4
baseline_off,fight,0.0,0.0,1.7511,95,410758268,856,117028,145429,156769,4
baseline_off,fight,0.0,0.0,1.7691,96,410777047,856,16978,145454,156798,4
baseline_off,fight,0.0,0.0,1.7913,97,410799599,854,87862,145399,156780,4
baseline_off,fight,0.0,0.0,1.8104,98,410818362,856,141787,145422,156763,4
baseline_off,fight,0.0,0.0,1.8294,99,410837121,856,38779,145452,156794,4
baseline_off,fight,0.0,0.0,1.8516,100,410859662,856,108088,145446,156789,4
baseline_off,fight,0.0,0.0,1.8706,101,410878433,862,6695,145449,156795,4
baseline_off,fight,0.0,0.0,1.8937,102,410900962,856,73274,145449,156793,4
baseline_off,fight,0.0,0.0,1.9108,103,410919743,858,130366,145440,156782,4
baseline_off,fight,0.0,0.0,1.9309,104,410938513,856,28920,145436,156779,4
baseline_off,fight,0.0,0.0,1.9531,105,410961044,854,96326,145442,156784,4
baseline_off,fight,0.0,0.0,1.971,106,410979820,856,152390,145462,156812,4
baseline_off,fight,0.0,0.0,1.99,107,410998464,856,29262,145466,156769,4
baseline_off,fight,0.0,0.0,2.0143,108,411021126,856,119106,145457,156799,4
baseline_off,fight,0.0,0.0,2.0206,109,411029587,856,145436,145452,156796,4
baseline_off,fight,0.0,0.0,2.0323,110,411040178,857,65033,145466,156812,4
baseline_off,fight,0.0,0.0,2.0544,111,411062438,856,86327,145443,156788,4
baseline_off,fight,0.0,0.0,2.0745,112,411081197,856,139681,145468,156773,4
baseline_off,fight,0.0,0.0,2.0914,113,411099977,855,39826,145443,156785,4
baseline_off,fight,0.0,0.0,2.1145,114,411122508,856,106922,145452,156797,4
baseline_off,fight,0.0,0.0,2.1345,115,411141275,855,4333,145442,156787,4
baseline_off,fight,0.0,0.0,2.1556,116,411163817,856,73718,145440,156781,4
baseline_off,fight,0.0,0.0,2.1746,117,411182609,855,132792,145453,156753,4
baseline_off,fight,0.0,0.0,2.199,118,411205119,855,40427,145409,156751,4
baseline_off,fight,0.0,0.0,2.2169,119,411225142,856,152098,145454,156800,4
baseline_off,fight,0.0,0.0,2.235,120,411243904,858,48697,145477,156825,4
baseline_off,fight,0.0,0.0,2.254,121,411262556,856,82998,145475,156819,4
baseline_off,fight,0.0,0.0,2.2761,122,411285228,857,16729,145445,156790,4
baseline_off,fight,0.0,0.0,2.2961,123,411303996,856,71016,145452,156796,4
baseline_off,fight,0.0,0.0,2.314,124,411324157,856,48338,145476,156822,4
baseline_off,fight,0.0,0.0,2.3361,125,411345311,854,38366,145428,156768,4
baseline_off,fight,0.0,0.0,2.3551,126,411364081,860,93507,145468,156813,4
baseline_off,fight,0.0,0.0,2.3742,127,411382856,860,149518,145473,156794,4
baseline_off,fight,0.0,0.0,2.4154,0,411414005,856,114711,145392,156731,4
baseline_off,fight,0.0,0.0,2.4376,1,411433480,857,133633,145428,156772,4
baseline_off,fight,0.0,0.0,2.446,2,411457008,855,57032,145399,156780,4
baseline_off,fight,0.0,0.0,2.4555,3,411465301,856,55858,145486,156790,4
baseline_off,fight,0.0,0.0,2.4844,4,411486535,855,59626,145446,156788,4
baseline_off,fight,0.0,0.0,2.5174,5,411518043,856,85426,145405,156746,4
baseline_off,fight,0.0,0.0,2.5258,6,411533897,855,115118,145457,156801,4
baseline_off,fight,0.0,0.0,2.529,7,411534846,857,119733,145445,156787,0
baseline_off,fight,0.0,0.0,2.5396,8,411546484,856,60334,145434,156774,4
baseline_off,fight,0.0,0.0,2.5575,9,411565588,856,15372,145441,156783,4
baseline_off,fight,0.0,0.0,2.5787,10,411586864,855,26884,145378,156715,4
baseline_off,fight,0.0,0.0,2.5966,11,411605643,856,84326,145419,156761,4
baseline_off,fight,0.0,0.0,2.6188,12,411625660,856,38655,145458,156760,4
baseline_off,fight,0.0,0.0,2.6357,13,411645693,856,151994,145452,156795,4
baseline_off,fight,0.0,0.0,2.659,14,411668206,856,59763,145453,156794,4
baseline_off,fight,0.0,0.0,2.6781,15,411686979,855,116127,145428,156730,4
baseline_off,fight,0.0,0.0,2.696,16,411705760,856,17153,145407,156747,4
baseline_off,fight,0.0,0.0,2.7192,17,411728281,855,83052,145430,156773,4
baseline_off,fight,0.0,0.0,2.7393,18,411747063,856,140163,145458,156801,4
baseline_off,fight,0.0,0.0,2.7604,19,411769580,856,48074,145473,156819,4
baseline_off,fight,0.0,0.0,2.7794,20,411788362,854,105236,145429,156773,4
baseline_off,fight,0.0,0.0,2.8006,21,411807152,856,6654,145496,156803,4
baseline_off,fight,0.0,0.0,2.8187,22,411827140,854,112022,145447,156792,4
baseline_off,fight,0.0,0.0,2.84,23,411849700,856,27462,145455,156801,4
baseline_off,fight,0.0,0.0,2.8591,24,411868480,856,84022,145453,156799,4
baseline_off,fight,0.0,0.0,2.8815,25,411890996,850,149232,145444,156782,4
baseline_off,fight,0.0,0.0,2.9006,26,411909772,855,48946,145429,156770,4
baseline_off,fight,0.0,0.0,2.9199,27,411928541,856,104437,145466,156769,4
baseline_off,fight,0.0,0.0,2.9412,28,411951081,856,16486,145433,156776,4
baseline_off,fight,0.0,0.0,2.9614,29,411969852,856,72038,145433,156775,4
baseline_off,fight,0.0,0.0,2.9795,30,411988632,856,129322,145450,156754,4
baseline_off,fight,0.0,0.0,3.0018,31,412010206,857,34326,145430,156774,4
baseline_off,fight,0.0,0.0,3.0209,32,412029749,856,64139,145440,156782,4
baseline_off,fight,0.0,0.0,3.0241,33,412030699,856,68859,145429,156774,0
baseline_off,fight,0.0,0.0,3.0411,34,412051206,855,105935,145394,156776,4
baseline_off,fight,0.0,0.0,3.0604,35,412069975,854,4056,145417,156758,4
baseline_off,fight,0.0,0.0,3.0828,36,412092517,853,74343,145383,156721,4
baseline_off,fight,0.0,0.0,3.103,37,412112466,855,17665,145393,156733,4
baseline_off,fight,0.0,0.0,3.1211,38,412131288,855,82829,145409,156751,4
baseline_off,fight,0.0,0.0,3.1456,39,412153804,849,148830,145390,156724,4
baseline_off,fight,0.0,0.0,3.1626,40,412172577,857,48771,145377,156716,4
baseline_off,fight,0.0,0.0,3.1816,41,412191349,854,105161,145407,156750,4
baseline_off,fight,0.0,0.0,3.2048,42,412213869,855,14203,145435,156777,4
baseline_off,fight,0.0,0.0,3.2237,43,412233895,854,127030,145444,156747,4
baseline_off,fight,0.0,0.0,3.2437,44,412252666,853,26418,145409,156750,4
baseline_off,fight,0.0,0.0,3.2669,45,412275199,858,94310,145439,156783,4
baseline_off,fight,0.0,0.0,3.2848,46,412295225,856,49979,145430,156773,4
baseline_off,fight,0.0,0.0,3.3038,47,412313986,855,103850,145451,156793,4
baseline_off,fight,0.0,0.0,3.3259,48,412336525,856,16224,145440,156742,4
baseline_off,fight,0.0,0.0,3.3449,49,412355287,855,70962,145429,156730,4
baseline_off,fight,0.0,0.0,3.3691,50,412377808,856,137405,145412,156753,4
baseline_off,fight,0.0,0.0,3.3912,51,412399042,856,141823,145487,156791,4
baseline_off,fight,0.0,0.0,3.4092,52,412419123,855,106656,145428,156770,4
baseline_off,fight,0.0,0.0,3.4292,53,412437884,855,3812,145440,156780,4
baseline_off,fight,0.0,0.0,3.4503,54,412460413,856,71045,145456,156800,4
baseline_off,fight,0.0,0.0,3.4694,55,412479185,856,126611,145454,156761,4
baseline_off,fight,0.0,0.0,3.4916,56,412501723,855,38318,145434,156777,4
baseline_off,fight,0.0,0.0,3.5106,57,412520496,859,93837,145447,156790,4
baseline_off,fight,0.0,0.0,3.519,58,412531365,857,60023,145411,156794,4
baseline_off,fight,0.0,0.0,3.5306,59,412540143,855,141270,145449,156753,4
baseline_off,fight,0.0,0.0,3.5506,60,412560542,856,3067,145460,156803,4
baseline_off,fight,0.0,0.0,3.5697,61,412579314,854,58873,145452,156793,4
baseline_off,fight,0.0,0.0,3.5908,62,412601853,856,127044,145459,156803,4
baseline_off,fight,0.0,0.0,3.6097,63,412620624,855,25702,145439,156780,4
baseline_off,fight,0.0,0.0,3.6339,64,412643144,855,91344,145424,156765,4
baseline_off,fight,0.0,0.0,3.6508,65,412661930,848,149654,145430,156762,4
baseline_off,fight,0.0,0.0,3.6739,66,412684407,858,51702,145410,156750,4
baseline_off,fight,0.0,0.0,3.7066,67,412703217,855,114608,145391,156728,4
baseline_off,fight,0.0,0.0,3.73,68,412725117,855,75748,145434,156775,4
baseline_off,fight,0.0,0.0,3.7448,69,412743826,856,120810,145447,156790,4
baseline_off,fight,0.0,0.0,3.7543,70,412765161,855,141627,145382,156762,4
baseline_off,fight,0.0,0.0,3.7711,71,412782071,856,37556,145491,156796,4
baseline_off,fight,0.0,0.0,3.8017,72,412804600,855,104427,145450,156796,4
baseline_off,fight,0.0,0.0,3.8196,73,412822422,854,154904,145449,156765,4
baseline_off,fight,0.0,0.0,3.8417,74,412851473,855,76355,145449,156794,4
baseline_off,fight,0.0,0.0,3.8512,75,412863669,855,111876,145409,156750,4
baseline_off,fight,0.0,0.0,3.8744,76,412884691,861,80272,145372,156711,4
baseline_off,fight,0.0,0.0,3.8944,77,412903453,855,135055,145414,156755,4
baseline_off,fight,0.0,0.0,3.9155,78,412925974,856,44891,145371,156709,4
baseline_off,fight,0.0,0.0,3.9355,79,412945957,857,150887,145427,156764,4
baseline_off,fight,0.0,0.0,3.9545,80,412964770,854,57048,145421,156762,4
baseline_off,fight,0.0,0.0,3.9766,81,412987303,856,124763,145468,156815,4
baseline_off,fight,0.0,0.0,3.9956,82,413006063,856,21351,145455,156799,4
baseline_off,fight,0.0,0.0,4.0115,83,413024842,856,78544,145407,156748,4
baseline_off,fight,0.0,0.0,4.0199,84,413032735,855,9543,145443,156744,4
baseline_off,fight,0.0,0.0,4.0336,85,413044853,856,31704,145395,156735,4
baseline_off,fight,0.0,0.0,4.0558,86,413067393,855,101502,145408,156746,4
baseline_off,fight,0.0,0.0,4.0758,87,413086164,856,1088,145398,156738,4
baseline_off,fight,0.0,0.0,4.0949,88,413104933,855,57375,145409,156708,4
baseline_off,fight,0.0,0.0,4.117,89,413127466,856,125682,145417,156760,4
baseline_off,fight,0.0,0.0,4.1349,90,413146226,853,22973,145416,156757,4
baseline_off,fight,0.0,0.0,4.1539,91,413164995,856,77795,145466,156810,4
baseline_off,fight,0.0,0.0,4.176,92,413187542,856,147912,145418,156754,4
baseline_off,fight,0.0,0.0,4.195,93,413206300,855,44942,145401,156741,4
baseline_off,fight,0.0,0.0,4.215,94,413226281,859,149538,145442,156802,4
baseline_off,fight,0.0,0.0,4.2393,95,413248847,857,66570,145429,156773,4
baseline_off,fight,0.0,0.0,4.2561,96,413267628,857,123507,145389,156768,4
baseline_off,fight,0.0,0.0,4.2793,97,413290147,856,32574,145392,156734,4
baseline_off,fight,0.0,0.0,4.2972,98,413308909,856,87509,145377,156711,4
baseline_off,fight,0.0,0.0,4.3163,99,413327689,855,144847,145452,156754,4
baseline_off,fight,0.0,0.0,4.3394,100,413350198,856,52822,145410,156750,4
baseline_off,fight,0.0,0.0,4.3615,101,413372730,855,121227,145428,156771,4
baseline_off,fight,0.0,0.0,4.3805,102,413391501,857,20372,145459,156763,4
baseline_off,fight,0.0,0.0,4.4047,103,413414035,855,88822,145466,156768,4
baseline_off,fight,0.0,0.0,4.4216,104,413432805,853,144451,145417,156759,4
baseline_off,fight,0.0,0.0,4.4405,105,413451576,856,43556,145464,156807,4
baseline_off,fight,0.0,0.0,4.4637,106,413474098,861,109744,145427,156769,4
baseline_off,fight,0.0,0.0,4.4817,107,413492879,858,10034,145479,156784,4
baseline_off,fight,0.0,0.0,4.5007,108,413511642,863,64353,145453,156798,4
baseline_off,fight,0.0,0.0,4.5239,109,413532766,855,49607,145416,156756,4
baseline_off,fight,0.0,0.0,4.5239,110,413533715,855,54130,145424,156764,0
baseline_off,fight,0.0,0.0,4.5439,111,413554202,855,88175,145417,156758,4
baseline_off,fight,0.0,0.0,4.5608,112,413572961,855,142336,145390,156728,4
baseline_off,fight,0.0,0.0,4.5839,113,413595482,855,52270,145423,156764,4
baseline_off,fight,0.0,0.0,4.6039,114,413614264,859,109528,145481,156787,4
baseline_off,fight,0.0,0.0,4.6208,115,413633034,857,8393,145412,156752,4
baseline_off,fight,0.0,0.0,4.6439,116,413655546,855,73210,145416,156755,4
baseline_off,fight,0.0,0.0,4.6639,117,413674317,855,129116,145416,156758,4
baseline_off,fight,0.0,0.0,4.6862,118,413696846,853,40171,145419,156762,4
baseline_off,fight,0.0,0.0,4.7041,119,413715610,856,94394,145414,156753,4
baseline_off,fight,0.0,0.0,4.7252,120,413734393,855,152239,145414,156767,4
baseline_off,fight,0.0,0.0,4.7453,121,413756910,854,60640,145442,156784,4
baseline_off,fight,0.0,0.0,4.7643,122,413775673,855,114529,145432,156775,4
baseline_off,fight,0.0,0.0,4.7865,123,413798210,856,27120,145448,156791,4
baseline_off,fight,0.0,0.0,4.8065,124,413816982,854,82744,145483,156788,4
baseline_off,fight,0.0,0.0,4.8255,125,413836969,855,31177,145420,156759,4
baseline_off,fight,0.0,0.0,4.8476,126,413859529,857,103703,145445,156790,4
baseline_off,fight,0.0,0.0,4.8655,127,413877046,855,102824,145419,156757,4
baseline_off,fight,0.0,0.0,4.8898,0,413899574,855,13452,145438,156778,4
baseline_off,fight,0.0,0.0,4.9067,1,413918356,856,70348,145483,156789,4
baseline_off,fight,0.0,0.0,4.9246,2,413937119,855,123922,145456,156799,4
baseline_off,fight,0.0,0.0,4.9489,3,413960904,855,90410,145443,156786,4
baseline_off,fight,0.0,0.0,4.9668,4,413979690,857,148067,145471,156823,4
baseline_off,fight,0.0,0.0,4.9858,5,413998458,856,45649,145460,156802,4
baseline_off,fight,0.0,0.0,5.0206,6,414017219,855,99189,145442,156787,4
baseline_off,fight,0.0,0.0,5.028,7,414035305,856,38454,145438,156782,4
baseline_off,fight,0.0,0.0,5.0323,8,414042344,855,137567,145488,156792,4
baseline_off,fight,0.0,0.0,5.0569,9,414057274,856,10602,145414,156758,4
baseline_off,fight,0.0,0.0,5.0696,10,414079383,855,6733,145407,156748,4
baseline_off,fight,0.0,0.0,5.0886,11,414099771,855,23454,145467,156812,4
baseline_off,fight,0.0,0.0,5.1171,12,414118603,855,88776,145469,156813,4
baseline_off,fight,0.0,0.0,5.1297,13,414139497,863,34762,145427,156771,4
baseline_off,fight,0.0,0.0,5.1624,14,414169917,855,32052,145452,156795,4
baseline_off,fight,0.0,0.0,5.1687,15,414182134,856,70570,145467,156811,4
baseline_off,fight,0.0,0.0,5.1887,16,414199949,855,119781,145418,156803,4
baseline_off,fight,0.0,0.0,5.2087,17,414219988,856,76363,145438,156783,4
baseline_off,fight,0.0,0.0,5.2266,18,414238760,855,131581,145469,156816,4
baseline_off,fight,0.0,0.0,5.2487,19,414261288,856,41504,145423,156765,4
baseline_off,fight,0.0,0.0,5.2687,20,414280060,856,97017,145508,156814,4
baseline_off,fight,0.0,0.0,5.2898,21,414302599,856,8634,145471,156815,4
baseline_off,fight,0.0,0.0,5.3088,22,414321369,856,63430,145474,156821,4
baseline_off,fight,0.0,0.0,5.3288,23,414340140,855,118128,145425,156808,4
baseline_off,fight,0.0,0.0,5.3498,24,414362629,863,21318,145449,156791,4
baseline_off,fight,0.0,0.0,5.374,25,414385211,857,97069,145483,156788,4
baseline_off,fight,0.0,0.0,5.391,26,414403986,856,153353,145458,156762,4
baseline_off,fight,0.0,0.0,5.41,27,414422752,856,51343,145430,156773,4
baseline_off,fight,0.0,0.0,5.4345,28,414445275,855,117280,145434,156777,4
baseline_off,fight,0.0,0.0,5.4514,29,414464055,855,17144,145453,156796,4
baseline_off,fight,0.0,0.0,5.4736,30,414486587,854,84549,145432,156775,4
baseline_off,fight,0.0,0.0,5.495,31,414505350,856,138525,145449,156794,4
baseline_off,fight,0.0,0.0,5.5109,32,414524129,856,38154,145460,156804,4
baseline_off,fight,0.0,0.0,5.5217,33,414534998,855,4260,145468,156809,4
baseline_off,fight,0.0,0.0,5.5346,34,414545669,860,93390,145510,156816,4
baseline_off,fight,0.0,0.0,5.5538,35,414565433,857,3412,145465,156809,4
baseline_off,fight,0.0,0.0,5.575,36,414587965,856,70440,145526,156837,4
baseline_off,fight,0.0,0.0,5.5941,37,414606747,855,127021,145495,156844,4
baseline_off,fight,0.0,0.0,5.6164,38,414629266,861,35019,145500,156809,4
baseline_off,fight,0.0,0.0,5.6354,39,414648008,856,85097,145436,156780,4
baseline_off,fight,0.0,0.0,5.6545,40,414666821,855,147409,145433,156805,4
baseline_off,fight,0.0,0.0,5.6769,41,414689346,856,57162,145427,156767,4
baseline_off,fight,0.0,0.0,5.6964,42,414708128,855,114517,145429,156773,4
baseline_off,fight,0.0,0.0,5.7171,43,414730646,855,22711,145482,156788,4
baseline_off,fight,0.0,0.0,5.7374,44,414749428,863,79803,145453,156799,4
baseline_off,fight,0.0,0.0,5.7561,45,414768201,856,134800,145472,156819,4
baseline_off,fight,0.0,0.0,5.779,46,414790738,856,45935,145461,156806,4
baseline_off,fight,0.0,0.0,5.8,47,414813259,856,111175,145442,156786,4
baseline_off,fight,0.0,0.0,5.8196,48,414832028,855,9493,145447,156790,4
baseline_off,fight,0.0,0.0,5.841,49,414854570,856,78457,145457,156799,4
baseline_off,fight,0.0,0.0,5.8603,50,414873332,857,131945,145459,156800,4
baseline_off,fight,0.0,0.0,5.8849,51,414895871,856,43503,145523,156830,4
baseline_off,fight,0.0,0.0,5.9042,52,414915904,858,156038,145469,156813,4
baseline_off,fight,0.0,0.0,5.9202,53,414933390,855,149279,145454,156778,4
baseline_off,fight,0.0,0.0,5.9437,54,414955943,858,63822,145428,156772,4
baseline_off,fight,0.0,0.0,5.9607,55,414974723,857,120786,145427,156768,4
baseline_off,fight,0.0,0.0,5.9841,56,414997242,855,29593,145428,156769,4
baseline_off,fight,0.0,0.0,6.0041,57,415016016,856,85500,145433,156774,4
baseline_off,fight,0.0,0.0,6.0241,58,415035924,862,21017,145414,156752,4
baseline_off,fight,0.0,0.0,6.0262,59,415036877,855,26312,145398,156737,0
baseline_off,fight,0.0,0.0,6.0441,60,415057315,855,52097,145422,156766,4
baseline_off,fight,0.0,0.0,6.0641,61,415076077,855,106135,145427,156768,4
baseline_off,fight,0.0,0.0,6.0851,62,415098606,855,17112,145413,156756,4
baseline_off,fight,0.0,0.0,6.1041,63,415117379,856,73379,145445,156750,4
baseline_off,fight,0.0,0.0,6.1263,64,415139917,856,142100,145443,156784,4
baseline_off,fight,0.0,0.0,6.1453,65,415158679,856,39385,145440,156784,4
baseline_off,fight,0.0,0.0,6.1642,66,415177453,858,95131,145466,156811,4
baseline_off,fight,0.0,0.0,6.1864,67,415199982,859,5558,145448,156790,4
baseline_off,fight,0.0,0.0,6.2054,68,415218755,855,61036,145449,156792,4
baseline_off,fight,0.0,0.0,6.2254,69,415238668,855,153151,145463,156803,4
baseline_off,fight,0.0,0.0,6.2444,70,415257562,855,72300,145467,156815,4
baseline_off,fight,0.0,0.0,6.2665,71,415280093,856,139711,145495,156800,4
baseline_off,fight,0.0,0.0,6.2896,72,415302612,856,48041,145437,156780,4
baseline_off,fight,0.0,0.0,6.3096,73,415321394,857,105312,145435,156776,4
baseline_off,fight,0.0,0.0,6.3475,74,415343923,856,15203,145450,156796,4
baseline_off,fight,0.0,0.0,6.3622,75,415364514,854,65637,145492,156840,4
baseline_off,fight,0.0,0.0,6.3854,76,415385852,856,85609,145498,156846,4
baseline_off,fight,0.0,0.0,6.3949,77,415407136,856,97357,145457,156801,4
baseline_off,fight,0.0,0.0,6.4107,78,415424052,859,150155,145462,156795,4
baseline_off,fight,0.0,0.0,6.4454,79,415456600,856,38436,145476,156821,4
baseline_off,fight,0.0,0.0,6.4677,80,415468787,857,71869,145419,156762,4
baseline_off,fight,0.0,0.0,6.4772,81,415489749,856,29271,145457,156799,4
baseline_off,fight,0.0,0.0,6.4951,82,415509104,856,27481,145417,156758,4
baseline_off,fight,0.0,0.0,6.5141,83,415527915,856,89145,145441,156785,4
baseline_off,fight,0.0,0.0,6.5246,84,415538796,856,57124,145527,156835,4
baseline_off,fight,0.0,0.0,6.532,85,415547578,862,138728,145480,156828,4
baseline_off,fight,0.0,0.0,6.5545,86,415567984,856,1546,145461,156807,4
baseline_off,fight,0.0,0.0,6.5757,87,415590505,857,66511,145464,156809,4
baseline_off,fight,0.0,0.0,6.5959,88,415609284,856,122238,145491,156835,4
baseline_off,fight,0.0,0.0,6.614,89,415628065,862,21889,145442,156785,4
baseline_off,fight,0.0,0.0,6.6363,90,415650606,856,90519,145470,156815,4
baseline_off,fight,0.0,0.0,6.6556,91,415669357,856,141830,145497,156842,4
baseline_off,fight,0.0,0.0,6.6791,92,415691907,854,55507,145460,156804,4
baseline_off,fight,0.0,0.0,6.6972,93,415710679,855,111317,145422,156763,4
baseline_off,fight,0.0,0.0,6.7164,94,415729447,855,9013,145474,156819,4
baseline_off,fight,0.0,0.0,6.7388,95,415751979,856,76065,145464,156807,4
baseline_off,fight,0.0,0.0,6.7558,96,415770759,854,132373,145450,156795,4
baseline_off,fight,0.0,0.0,6.7791,97,415793239,857,33763,145445,156791,4
baseline_off,fight,0.0,0.0,6.7992,98,415813313,856,153695,145486,156794,4
baseline_off,fight,0.0,0.0,6.8203,99,415832079,862,51411,145450,156793,4
baseline_off,fight,0.0,0.0,6.8362,100,415850860,859,108731,145423,156765,4
baseline_off,fight,0.0,0.0,6.8594,101,415873381,855,17993,145421,156765,4
baseline_off,fight,0.0,0.0,6.8816,102,415892162,855,74839,145488,156833,4
baseline_off,fight,0.0,0.0,6.8964,103,415910943,856,131450,145478,156821,4
baseline_off,fight,0.0,0.0,6.9198,104,415933471,856,41044,145461,156804,4
baseline_off,fight,0.0,0.0,6.9369,105,415952234,865,95268,145450,156794,4
baseline_off,fight,0.0,0.0,6.9605,106,415974764,858,5448,145440,156782,4
baseline_off,fight,0.0,0.0,6.9818,107,415993533,857,59966,145438,156781,4
baseline_off,fight,0.0,0.0,6.9977,108,416012314,855,117272,145425,156768,4
baseline_off,fight,0.0,0.0,7.0188,109,416034834,856,25494,145515,156821,4
baseline_off,fight,0.0,0.0,7.0252,110,416037370,854,142982,145460,156807,4
baseline_off,fight,0.0,0.0,7.0391,111,416052360,856,25778,145468,156774,4
baseline_off,fight,0.0,0.0,7.0592,112,416073603,856,30941,145461,156806,4
baseline_off,fight,0.0,0.0,7.0834,113,416094918,856,47877,145515,156823,4
baseline_off,fight,0.0,0.0,7.0992,114,416113700,855,104741,145442,156783,4
baseline_off,fight,0.0,0.0,7.1213,115,416136239,856,16447,145452,156794,4
baseline_off,fight,0.0,0.0,7.1403,116,416155001,856,70266,145420,156762,4
baseline_off,fight,0.0,0.0,7.1603,117,416173691,855,112236,145396,156738,4
baseline_off,fight,0.0,0.0,7.1793,118,416193786,856,79731,145423,156765,4
baseline_off,fight,0.0,0.0,7.2015,119,416216335,849,150331,145426,156765,4
baseline_off,fight,0.0,0.0,7.2207,120,416235081,855,44917,145415,156755,4
baseline_off,fight,0.0,0.0,7.2387,121,416253852,855,101011,145416,156759,4
baseline_off,fight,0.0,0.0,7.2609,122,416276393,856,14072,145419,156765,4
baseline_off,fight,0.0,0.0,7.2798,123,416295153,856,67151,145451,156796,4
baseline_off,fight,0.0,0.0,7.3001,124,416313933,860,123440,145454,156798,4
baseline_off,fight,0.0,0.0,7.3224,125,416336475,856,35614,145445,156789,4
baseline_off,fight,0.0,0.0,7.3416,126,416355235,856,89204,145432,156771,4
baseline_off,fight,0.0,0.0,7.3607,127,416375224,855,38317,145439,156782,4
baseline_off,fight,0.0,0.0,7.3839,0,416397794,856,112566,145393,156773,4
baseline_off,fight,0.0,0.0,7.4008,1,416416565,856,11311,145439,156780,4
baseline_off,fight,0.0,0.0,7.4219,2,416435328,864,65331,145421,156765,4
baseline_off,fight,0.0,0.0,7.4401,3,416455353,863,20565,145437,156780,4
baseline_off,fight,0.0,0.0,7.4643,4,416477883,855,88195,145490,156838,4
baseline_off,fight,0.0,0.0,7.4843,5,416497911,856,42752,145515,156821,4
baseline_off,fight,0.0,0.0,7.5012,6,416516681,856,97732,145445,156789,4
baseline_off,fight,0.0,0.0,7.5265,7,416540317,855,39411,145439,156781,4
baseline_off,fight,0.0,0.0,7.5296,8,416541259,856,42770,145427,156769,0
baseline_off,fight,0.0,0.0,7.5412,9,416556732,857,8318,145419,156762,4
baseline_off,fight,0.0,0.0,7.5644,10,416579244,857,73622,145400,156741,4
baseline_off,fight,0.0,0.0,7.5844,11,416598025,855,131536,145409,156747,4
baseline_off,fight,0.0,0.0,7.6065,12,416621801,856,97545,145446,156788,4
baseline_off,fight,0.0,0.0,7.6254,13,416640568,855,151966,145402,156755,4
baseline_off,fight,0.0,0.0,7.6465,14,416660548,854,99745,145453,156758,4
baseline_off,fight,0.0,0.0,7.6929,15,416693023,855,133281,145426,156769,4
baseline_off,fight,0.0,0.0,7.7087,16,416712479,855,148500,145483,156798,4
baseline_off,fight,0.0,0.0,7.7108,17,416721526,855,118417,145469,156813,4
baseline_off,fight,0.0,0.0,7.7256,18,416740689,855,83649,145463,156769,4
baseline_off,fight,0.0,0.0,7.7667,19,416763018,856,117146,145436,156777,4
baseline_off,fight,0.0,0.0,7.7836,20,416791630,855,120754,145427,156770,4
baseline_off,fight,0.0,0.0,7.8005,21,416805175,856,71906,145458,156762,4
baseline_off,fight,0.0,0.0,7.81,22,416823000,864,123527,145409,156749,4
baseline_off,fight,0.0,0.0,7.8258,23,416842073,856,74046,145461,156765,4
baseline_off,fight,0.0,0.0,7.8489,24,416864583,855,138043,145426,156769,4
baseline_off,fight,0.0,0.0,7.8689,25,416883364,855,38530,145441,156782,4
baseline_off,fight,0.0,0.0,7.8889,26,416904588,855,40837,145429,156771,4
baseline_off,fight,0.0,0.0,7.9111,27,416927179,855,118878,145445,156789,4
baseline_off,fight,0.0,0.0,7.9301,28,416945930,856,13968,145456,156760,4
baseline_off,fight,0.0,0.0,7.9491,29,416964701,855,69437,145429,156770,4
baseline_off,fight,0.0,0.0,7.9713,30,416987232,857,137033,145460,156763,4
baseline_off,fight,0.0,0.0,7.9903,31,417005995,855,34627,145419,156761,4
baseline_off,fight,0.0,0.0,8.0104,32,417024764,855,89955,145436,156780,4
baseline_off,fight,0.0,0.0,8.0252,33,417039787,855,135552,145435,156781,4
baseline_off,fight,0.0,0.0,8.0315,34,417048234,856,3800,145460,156764,4
baseline_off,fight,0.0,0.0,8.0505,35,417066060,855,55543,145441,156786,4
baseline_off,fight,0.0,0.0,8.0747,36,417088602,856,124259,145471,156816,4
baseline_off,fight,0.0,0.0,8.0917,37,417107382,856,24064,145498,156805,4
baseline_off,fight,0.0,0.0,8.1138,38,417129901,856,88709,145483,156828,4
baseline_off,fight,0.0,0.0,8.1318,39,417148689,856,145459,145488,156836,4
baseline_off,fight,0.0,0.0,8.1507,40,417167474,856,46180,145469,156814,4
baseline_off,fight,0.0,0.0,8.1739,41,417189944,856,102183,145524,156832,4
baseline_off,fight,0.0,0.0,8.1919,42,417208775,856,10350,145441,156785,4
baseline_off,fight,0.0,0.0,8.2109,43,417227564,855,68539,145394,156775,4
baseline_off,fight,0.0,0.0,8.2341,44,417250077,856,132956,145436,156778,4
baseline_off,fight,0.0,0.0,8.2521,45,417268847,854,31356,145441,156786,4
baseline_off,fight,0.0,0.0,8.2711,46,417287618,855,86496,145467,156807,4
baseline_off,fight,0.0,0.0,8.2943,47,417310143,855,152207,145477,156814,4
baseline_off,fight,0.0,0.0,8.3123,48,417328929,856,53120,145461,156804,4
baseline_off,fight,0.0,0.0,8.3313,49,417347700,857,107894,145475,156822,4
baseline_off,fight,0.0,0.0,8.3546,50,417370221,856,16342,145453,156796,4
baseline_off,fight,0.0,0.0,8.3725,51,417389021,856,76591,145422,156766,4
baseline_off,fight,0.0,0.0,8.3915,52,417407773,856,129157,145438,156784,4
baseline_off,fight,0.0,0.0,8.4146,53,417430302,855,39631,145372,156753,4
baseline_off,fight,0.0,0.0,8.4325,54,417449093,856,98441,145486,156793,4
baseline_off,fight,0.0,0.0,8.4547,55,417471601,857,4712,145485,156829,4
baseline_off,fight,0.0,0.0,8.4748,56,417491588,862,109162,145485,156831,4
baseline_off,fight,0.0,0.0,8.4938,57,417510409,855,16109,145428,156769,4
baseline_off,fight,0.0,0.0,8.5139,58,417529182,857,71925,145417,156756,4
baseline_off,fight,0.0,0.0,8.5255,59,417540727,855,152964,145478,156808,4
baseline_off,fight,0.0,0.0,8.535,60,417552568,856,127385,145450,156792,4
baseline_off,fight,0.0,0.0,8.5539,61,417569239,861,139295,145434,156777,4
baseline_off,fight,0.0,0.0,8.576,62,417593015,855,104031,145476,156820,4
baseline_off,fight,0.0,0.0,8.5951,63,417611784,854,2218,145429,156810,4
baseline_off,fight,0.0,0.0,8.614,64,417630554,856,56535,145526,156835,4
baseline_off,fight,0.0,0.0,8.6362,65,417653116,856,127983,145497,156845,4
baseline_off,fight,0.0,0.0,8.6562,66,417673145,857,83297,145530,156838,4
baseline_off,fight,0.0,0.0,8.6772,67,417691893,855,134143,145499,156841,4
baseline_off,fight,0.0,0.0,8.6952,68,417711933,856,90810,145491,156839,4
baseline_off,fight,0.0,0.0,8.7142,69,417730709,856,146387,145466,156810,4
baseline_off,fight,0.0,0.0,8.7364,70,417753253,857,58677,145446,156789,4
baseline_off,fight,0.0,0.0,8.7553,71,417771975,857,105284,145444,156787,4
baseline_off,fight,0.0,0.0,8.7795,72,417794554,856,23404,145470,156813,4
baseline_off,fight,0.0,0.0,8.7975,73,417813324,856,77869,145484,156830,4
baseline_off,fight,0.0,0.0,8.8196,74,417835854,856,144079,145431,156773,4
baseline_off,fight,0.0,0.0,8.8376,75,417854633,856,43652,145460,156803,4
baseline_off,fight,0.0,0.0,8.8576,76,417874666,855,156580,145436,156790,4
baseline_off,fight,0.0,0.0,8.8766,77,417893443,856,56055,145456,156806,4
baseline_off,fight,0.0,0.0,8.8966,78,417912212,863,110464,145514,156822,4
baseline_off,fight,0.0,0.0,8.9167,79,417934741,862,20392,145477,156821,4
baseline_off,fight,0.0,0.0,8.9357,80,417953512,855,74904,145451,156794,4
baseline_off,fight,0.0,0.0,8.9588,81,417976056,855,143909,145445,156789,4
baseline_off,fight,0.0,0.0,9.0021,82,418003470,857,100084,145469,156816,4
baseline_off,fight,0.0,0.0,9.0168,83,418022933,856,115037,145481,156829,4
baseline_off,fight,0.0,0.0,9.0295,84,418045299,856,152961,145478,156848,4
baseline_off,fight,0.0,0.0,9.0316,85,418046253,856,1538,145482,156832,4
baseline_off,fight,0.0,0.0,9.0411,86,418057721,855,68903,145516,156865,4
baseline_off,fight,0.0,0.0,9.059,87,418074954,858,18523,145467,156812,4
baseline_off,fight,0.0,0.0,9.0939,88,418107506,856,63081,145492,156839,4
baseline_off,fight,0.0,0.0,9.1139,89,418119412,855,48298,145468,156812,4
baseline_off,fight,0.0,0.0,9.1245,90,418140647,855,51810,145465,156810,4
baseline_off,fight,0.0,0.0,9.1404,91,418156330,856,52341,145468,156815,4
baseline_off,fight,0.0,0.0,9.1615,92,418178872,856,119794,145448,156834,4
baseline_off,fight,0.0,0.0,9.1804,93,418197643,856,17194,145455,156801,4
baseline_off,fight,0.0,0.0,9.1995,94,418216424,858,73669,145469,156816,4
baseline_off,fight,0.0,0.0,9.2216,95,418238955,856,140440,145495,156843,4
baseline_off,fight,0.0,0.0,9.2406,96,418257723,855,37502,145471,156820,4
baseline_off,fight,0.0,0.0,9.2637,97,418280265,855,105732,145457,156803,4
baseline_off,fight,0.0,0.0,9.2827,98,418300302,855,62530,145464,156812,4
baseline_off,fight,0.0,0.0,9.3016,99,418319064,855,116310,145453,156797,4
baseline_off,fight,0.0,0.0,9.3238,100,418341544,854,17682,145480,156829,4
baseline_off,fight,0.0,0.0,9.3438,101,418360377,856,83026,145463,156806,4
baseline_off,fight,0.0,0.0,9.3638,102,418379077,856,125804,145460,156804,4
baseline_off,fight,0.0,0.0,9.3817,103,418399174,857,92429,145532,156842,4
baseline_off,fight,0.0,0.0,9.4048,104,418421723,856,4619,145520,156831,4
baseline_off,fight,0.0,0.0,9.4238,105,418440494,856,58878,145498,156845,4
baseline_off,fight,0.0,0.0,9.4459,106,418464291,855,26788,145488,156838,4
baseline_off,fight,0.0,0.0,9.4648,107,418483051,860,79248,145486,156832,4
baseline_off,fight,0.0,0.0,9.4869,108,418505598,856,148364,145528,156850,4
baseline_off,fight,0.0,0.0,9.5059,109,418524373,856,46602,145494,156841,4
baseline_off,fight,0.0,0.0,9.5269,110,418544229,857,128400,145502,156849,4
baseline_off,fight,0.0,0.0,9.529,111,418545180,856,133201,145498,156844,0
baseline_off,fight,0.0,0.0,9.549,112,418565695,856,13646,145447,156792,4
baseline_off,fight,0.0,0.0,9.5659,113,418584456,859,66766,145501,156847,4
baseline_off,fight,0.0,0.0,9.589,114,418606988,858,133638,145453,156796,4
baseline_off,fight,0.0,0.0,9.609,115,418626973,855,81226,145476,156824,4
baseline_off,fight,0.0,0.0,9.629,116,418647051,856,44898,145403,156785,4
baseline_off,fight,0.0,0.0,9.649,117,418665823,855,100326,145400,156781,4
baseline_off,fight,0.0,0.0,9.6701,118,418688342,856,8754,145464,156807,4
baseline_off,fight,0.0,0.0,9.6892,119,418707116,862,64531,145429,156768,4
baseline_off,fight,0.0,0.0,9.7124,120,418729654,856,133251,145459,156804,4
baseline_off,fight,0.0,0.0,9.7325,121,418748414,854,29651,145480,156784,4
baseline_off,fight,0.0,0.0,9.7505,122,418768444,856,142093,145458,156802,4
baseline_off,fight,0.0,0.0,9.7694,123,418787224,856,42207,145438,156781,4
baseline_off,fight,0.0,0.0,9.7905,124,418807246,856,153372,145487,156791,4
baseline_off,fight,0.0,0.0,9.8116,125,418829783,861,64446,145450,156792,4
baseline_off,fight,0.0,0.0,9.8296,126,418848556,856,120120,145482,156787,4
baseline_off,fight,0.0,0.0,9.8487,127,418867328,856,18631,145461,156807,4
baseline_off,fight,0.0,0.0,9.8709,0,418889888,856,90537,145456,156804,4
baseline_off,fight,0.0,0.0,9.8899,1,418908582,855,132435,145467,156810,4
baseline_off,fight,0.0,0.0,9.9111,2,418927413,856,41445,145419,156761,4
baseline_off,fight,0.0,0.0,9.9343,3,418949934,855,106750,145495,156802,4
baseline_off,fight,0.0,0.0,9.9511,4,418969993,856,66883,145465,156808,4
baseline_off,fight,0.0,0.0,9.9702,5,418988754,854,120357,145444,156787,4
baseline_off,fight,0.0,0.0,9.9957,6,419011283,856,30457,145459,156801,4
baseline_off,fight,0.0,0.0,10.0116,7,419030066,856,87733,145466,156810,4
baseline_off,fight,0.0,0.0,10.0275,8,419045076,857,130524,145452,156796,4
baseline_off,fight,0.0,0.0,10.0348,9,419053463,855,145025,145462,156809,4
baseline_off,fight,0.0,0.0,10.0517,10,419071350,863,49697,145443,156787,4
baseline_off,fight,0.0,0.0,10.0717,11,419090160,856,111201,145474,156820,4
baseline_off,fight,0.0,0.0,10.0948,12,419112678,856,19117,145493,156798,4
baseline_off,fight,0.0,0.0,10.1138,13,419131440,854,72423,145439,156782,4
baseline_off,fight,0.0,0.0,10.1348,14,419153988,854,142492,145463,156807,4
baseline_off,fight,0.0,0.0,10.159,15,419176490,856,48031,145449,156791,4
baseline_off,fight,0.0,0.0,10.1759,16,419195221,855,97101,145408,156748,4
baseline_off,fight,0.0,0.0,10.1991,17,419217811,856,18317,145443,156787,4
baseline_off,fight,0.0,0.0,10.217,18,419236572,856,72222,145428,156770,4
baseline_off,fight,0.0,0.0,10.236,19,419255343,856,128434,145405,156743,4
baseline_off,fight,0.0,0.0,10.2613,20,419277873,855,39485,145384,156761,4
baseline_off,fight,0.0,0.0,10.2918,21,419296637,860,93871,145404,156744,4
baseline_off,fight,0.0,0.0,10.3013,22,419318543,858,55129,145416,156756,4
baseline_off,fight,0.0,0.0,10.3318,23,419336690,855,4652,145401,156741,4
baseline_off,fight,0.0,0.0,10.3392,24,419357652,855,120047,145366,156745,4
baseline_off,fight,0.0,0.0,10.3613,25,419379237,855,27576,145426,156769,4
baseline_off,fight,0.0,0.0,10.3823,26,419400521,856,40160,145431,156772,4
baseline_off,fight,0.0,0.0,10.4171,27,419426739,856,107077,145482,156827,4
baseline_off,fight,0.0,0.0,10.435,28,419443699,856,11112,145466,156812,4
baseline_off,fight,0.0,0.0,10.4455,29,419461567,856,69926,145383,156764,4
baseline_off,fight,0.0,0.0,10.4613,30,419480628,853,18043,145386,156729,4
baseline_off,fight,0.0,0.0,10.4855,31,419503140,855,82754,145392,156733,4
baseline_off,fight,0.0,0.0,10.5045,32,419521920,855,139658,145453,156793,4
baseline_off,fight,0.0,0.0,10.5287,33,419545517,856,74729,145449,156792,4
baseline_off,fight,0.0,0.0,10.5287,34,419546467,862,79327,145424,156808,0
baseline_off,fight,0.0,0.0,10.5445,35,419561956,856,46869,145459,156804,4
baseline_off,fight,0.0,0.0,10.5655,36,419584498,856,116103,145472,156777,4
baseline_off,fight,0.0,0.0,10.5845,37,419603257,856,12946,145419,156757,4
baseline_off,fight,0.0,0.0,10.6066,38,419625796,856,82074,145435,156778,4
baseline_off,fight,0.0,0.0,10.6255,39,419644566,856,137838,145418,156760,4
baseline_off,fight,0.0,0.0,10.6489,40,419667105,856,49856,145440,156783,4
baseline_off,fight,0.0,0.0,10.6668,41,419687069,856,151012,145457,156786,4
baseline_off,fight,0.0,0.0,10.69,42,419709654,854,70695,145420,156763,4
baseline_off,fight,0.0,0.0,10.7091,43,419728425,856,126175,145483,156786,4
baseline_off,fight,0.0,0.0,10.727,44,419747205,855,26504,145436,156778,4
baseline_off,fight,0.0,0.0,10.7513,45,419769717,855,90895,145398,156739,4
baseline_off,fight,0.0,0.0,10.7692,46,419788492,855,147412,145385,156743,4
baseline_off,fight,0.0,0.0,10.7871,47,419807259,855,46368,145436,156738,4
baseline_off,fight,0.0,0.0,10.8103,48,419829778,855,113082,145402,156703,4
baseline_off,fight,0.0,0.0,10.8304,49,419848550,855,12562,145441,156786,4
baseline_off,fight,0.0,0.0,10.8483,50,419867323,855,68550,145415,156757,4
baseline_off,fight,0.0,0.0,10.8705,51,419889844,855,134909,145412,156749,4
baseline_off,fight,0.0,0.0,10.8905,52,419908626,862,36013,145418,156756,4
baseline_off,fight,0.0,0.0,10.9096,53,419928650,855,148215,145402,156757,4
baseline_off,fight,0.0,0.0,10.9286,54,419947403,855,44745,145376,156758,4
baseline_off,fight,0.0,0.0,10.9497,55,419969935,856,112975,145406,156747,4
baseline_off,fight,0.0,0.0,10.9708,56,419989921,855,62013,145434,156775,4
baseline_off,fight,0.0,0.0,10.9887,57,420008733,855,124639,145438,156780,4
baseline_off,fight,0.0,0.0,11.0111,58,420031283,855,38484,145435,156776,4
baseline_off,fight,0.0,0.0,11.0323,59,420051108,855,116454,145418,156758,4
baseline_off,fight,0.0,0.0,11.0366,60,420052059,856,121226,145408,156749,0
baseline_off,fight,0.0,0.0,11.0514,61,420068824,857,149432,145416,156752,4
baseline_off,fight,0.0,0.0,11.0726,62,420091337,855,57427,145426,156767,4
baseline_off,fight,0.0,0.0,11.0907,63,420110109,856,113119,145427,156767,4
baseline_off,fight,0.0,0.0,11.1118,64,420132628,856,22048,145402,156741,4
baseline_off,fight,0.0,0.0,11.131,65,420151412,856,80294,145416,156757,4
baseline_off,fight,0.0,0.0,11.15,66,420170175,855,135048,145398,156737,4
baseline_off,fight,0.0,0.0,11.1721,67,420192703,856,46272,145438,156779,4
baseline_off,fight,0.0,0.0,11.191,68,420211475,856,102973,145375,156712,4
baseline_off,fight,0.0,0.0,11.2164,69,420233985,856,11297,145413,156755,4
baseline_off,fight,0.0,0.0,11.2322,70,420252755,854,67360,145419,156762,4
baseline_off,fight,0.0,0.0,11.2565,71,420275289,855,136009,145420,156761,4
baseline_off,fight,0.0,0.0,11.2754,72,420295265,854,82916,145445,156787,4
baseline_off,fight,0.0,0.0,11.2954,73,420314081,856,146382,145408,156730,4
baseline_off,fight,0.0,0.0,11.3165,74,420336628,855,60707,145416,156756,4
baseline_off,fight,0.0,0.0,11.3355,75,420355369,856,112166,145398,156740,4
baseline_off,fight,0.0,0.0,11.3576,76,420377890,855,22492,145355,156732,4
baseline_off,fight,0.0,0.0,11.3766,77,420396663,859,79442,145376,156716,4
baseline_off,fight,0.0,0.0,11.3956,78,420415423,854,134487,145403,156701,4
baseline_off,fight,0.0,0.0,11.4167,79,420437952,856,45993,145433,156774,4
baseline_off,fight,0.0,0.0,11.4357,80,420456713,855,100292,145409,156749,4
baseline_off,fight,0.0,0.0,11.46,81,420479253,855,12832,145444,156786,4
baseline_off,fight,0.0,0.0,11.479,82,420498025,856,68791,145401,156742,4
baseline_off,fight,0.0,0.0,11.5011,83,420520546,856,134651,145446,156790,4
baseline_off,fight,0.0,0.0,11.5202,84,420539317,855,33100,145462,156805,4
baseline_off,fight,0.0,0.0,11.5297,85,420550208,857,3234,145424,156766,4
baseline_off,fight,0.0,0.0,11.536,86,420558524,858,5898,145438,156784,4
baseline_off,fight,0.0,0.0,11.5602,87,420579338,855,95494,145413,156756,4
baseline_off,fight,0.0,0.0,11.5824,88,420601895,856,11177,145444,156745,4
baseline_off,fight,0.0,0.0,11.6141,89,420620657,855,65489,145382,156724,4
baseline_off,fight,0.0,0.0,11.6236,90,420642575,856,29247,145438,156780,4
baseline_off,fight,0.0,0.0,11.6509,91,420659458,856,77366,145436,156778,4
baseline_off,fight,0.0,0.0,11.6636,92,420681597,858,78546,145401,156740,4
baseline_off,fight,0.0,0.0,11.6825,93,420703282,855,2644,145408,156748,4
baseline_off,fight,0.0,0.0,11.7015,94,420722032,856,55002,145358,156736,4
baseline_off,fight,0.0,0.0,11.7269,95,420745798,862,20585,145387,156723,4
baseline_off,fight,0.0,0.0,11.7501,96,420760820,856,66534,145402,156744,4
baseline_off,fight,0.0,0.0,11.7627,97,420781608,855,152023,145393,156734,4
baseline_off,fight,0.0,0.0,11.7817,98,420803381,855,91235,145445,156747,4
baseline_off,fight,0.0,0.0,11.8007,99,420822102,863,138530,145398,156739,4
baseline_off,fight,0.0,0.0,11.8249,100,420844662,855,55269,145425,156728,4
baseline_off,fight,0.0,0.0,11.8418,101,420863435,856,111898,145430,156773,4
baseline_off,fight,0.0,0.0,11.8608,102,420882194,855,8773,145412,156750,4
baseline_off,fight,0.0,0.0,11.884,103,420904734,856,77909,145449,156792,4
baseline_off,fight,0.0,0.0,11.9019,104,420923505,856,133348,145428,156771,4
baseline_off,fight,0.0,0.0,11.922,105,420942267,856,31141,145382,156722,4
baseline_off,fight,0.0,0.0,11.9454,106,420964788,856,97477,145462,156768,4
baseline_off,fight,0.0,0.0,11.9623,107,420983574,856,155728,145431,156767,4
baseline_off,fight,0.0,0.0,11.9814,108,421002349,854,55287,145435,156779,4
baseline_off,fight,0.0,0.0,12.0046,109,421024861,855,119889,145454,156755,4
baseline_off,fight,0.0,0.0,12.0281,110,421043639,862,20566,145400,156737,4
baseline_off,fight,0.0,0.0,12.0345,111,421052158,855,57984,145409,156749,4
baseline_off,fight,0.0,0.0,12.0408,112,421062894,855,2099,145467,156769,4
baseline_off,fight,0.0,0.0,12.0652,113,421084894,855,136453,145406,156748,4
baseline_off,fight,0.0,0.0,12.0854,114,421103706,856,42751,145459,156760,4
baseline_off,fight,0.0,0.0,12.1024,115,421123725,858,154350,145422,156749,4
baseline_off,fight,0.0,0.0,12.1257,116,421146252,857,64593,145521,156826,4
baseline_off,fight,0.0,0.0,12.1437,117,421165023,856,120030,145443,156786,4
baseline_off,fight,0.0,0.0,12.1627,118,421183791,855,18377,145435,156776,4
baseline_off,fight,0.0,0.0,12.185,119,421206314,854,84756,145416,156758,4
baseline_off,fight,0.0,0.0,12.2051,120,421225085,856,140378,145439,156782,4
baseline_off,fight,0.0,0.0,12.2241,121,421243863,856,40206,145475,156777,4
baseline_off,fight,0.0,0.0,12.2464,122,421266396,855,107612,145449,156791,4
baseline_off,fight,0.0,0.0,12.2654,123,421285154,854,4299,145420,156761,4
baseline_off,fight,0.0,0.0,12.2866,124,421307685,856,72046,145451,156796,4
baseline_off,fight,0.0,0.0,12.3056,125,421326456,856,127295,145425,156766,4
baseline_off,fight,0.0,0.0,12.3248,126,421345227,855,26092,145438,156780,4
baseline_off,fight,0.0,0.0,12.346,127,421367757,860,93169,145490,156799,4
baseline_off,fight,0.0,0.0,12.365,0,421386496,854,142836,145467,156811,4
baseline_off,fight,0.0,0.0,12.384,1,421405319,856,49855,145474,156817,4
baseline_off,fight,0.0,0.0,12.4061,2,421427839,856,115065,145439,156823,4
baseline_off,fight,0.0,0.0,12.4295,3,421450368,856,25017,145419,156759,4
baseline_off,fight,0.0,0.0,12.4496,4,421469161,856,83996,145465,156771,4
baseline_off,fight,0.0,0.0,12.4665,5,421487922,857,137851,145484,156788,4
baseline_off,fight,0.0,0.0,12.4897,6,421510451,856,48416,145512,156820,4
baseline_off,fight,0.0,0.0,12.5076,7,421529223,857,103575,145440,156783,4
baseline_off,fight,0.0,0.0,12.5339,8,421552846,856,42844,145466,156811,4
baseline_off,fight,0.0,0.0,12.5339,9,421553786,856,45789,145467,156811,0
baseline_off,fight,0.0,0.0,12.5487,10,421569298,855,16866,145481,156828,4
baseline_off,fight,0.0,0.0,12.5697,11,421591798,862,78687,145383,156764,4
baseline_off,fight,0.0,0.0,12.5897,12,421610571,855,134206,145485,156790,4
baseline_off,fight,0.0,0.0,12.6108,13,421633111,854,47051,145389,156730,4
baseline_off,fight,0.0,0.0,12.6299,14,421651881,856,102439,145417,156760,4
baseline_off,fight,0.0,0.0,12.65,15,421670660,855,2880,145432,156772,4
baseline_off,fight,0.0,0.0,12.6711,16,421693150,855,63449,145455,156799,4
baseline_off,fight,0.0,0.0,12.69,17,421711943,860,122423,145472,156777,4
baseline_off,fight,0.0,0.0,12.7122,18,421734483,859,34693,145436,156781,4
baseline_off,fight,0.0,0.0,12.7313,19,421753274,860,93750,145470,156773,4
baseline_off,fight,0.0,0.0,12.7503,20,421772017,855,144730,145449,156794,4
baseline_off,fight,0.0,0.0,12.7703,21,421790798,856,44807,145436,156779,4
baseline_off,fight,0.0,0.0,12.7915,22,421813326,856,111762,145436,156780,4
baseline_off,fight,0.0,0.0,12.8104,23,421832108,855,11908,145429,156812,4
baseline_off,fight,0.0,0.0,12.8336,24,421854638,860,79362,145392,156772,4
baseline_off,fight,0.0,0.0,12.8516,25,421873409,856,135521,145419,156761,4
baseline_off,fight,0.0,0.0,12.8716,26,421892158,855,31111,145388,156725,4
baseline_off,fight,0.0,0.0,12.8926,27,421914697,856,101158,145422,156762,4
baseline_off,fight,0.0,0.0,12.9116,28,421933477,856,2118,145413,156754,4
baseline_off,fight,0.0,0.0,12.9412,29,421952250,855,58069,145419,156761,4
baseline_off,fight,0.0,0.0,12.9528,30,421973200,856,13884,145428,156767,4
baseline_off,fight,0.0,0.0,12.9844,31,422003362,857,124984,145442,156784,4
baseline_off,fight,0.0,0.0,12.9939,32,422015809,856,45979,145430,156773,4
baseline_off,fight,0.0,0.0,13.0108,33,422033585,856,89160,145470,156776,4
baseline_off,fight,0.0,0.0,13.0372,34,422052127,856,105790,145413,156753,4
baseline_off,fight,0.0,0.0,13.054,35,422068221,863,20168,145484,156789,4
baseline_off,fight,0.0,0.0,13.0698,36,422081776,856,129946,145416,156755,4
baseline_off,fight,0.0,0.0,13.0794,37,422098034,855,72086,145417,156758,4
baseline_off,fight,0.0,0.0,13.0889,38,422112411,857,8306,145389,156730,4
baseline_off,fight,0.0,0.0,13.111,39,422133695,860,21239,145437,156778,4
baseline_off,fight,0.0,0.0,13.13,40,422152456,856,75617,145422,156763,4
baseline_off,fight,0.0,0.0,13.1544,41,422174987,855,143278,145453,156796,4
baseline_off,fight,0.0,0.0,13.1702,42,422192463,857,135489,145430,156772,4
baseline_off,fight,0.0,0.0,13.1924,43,422215022,856,51593,145428,156770,4
baseline_off,fight,0.0,0.0,13.2113,44,422233793,855,107502,145423,156767,4
baseline_off,fight,0.0,0.0,13.2303,45,422252564,859,6329,145387,156726,4
baseline_off,fight,0.0,0.0,13.2545,46,422275094,856,74181,145468,156771,4
baseline_off,fight,0.0,0.0,13.2713,47,422293866,857,130423,145388,156728,4
baseline_off,fight,0.0,0.0,13.2945,48,422316375,855,38490,145393,156735,4
baseline_off,fight,0.0,0.0,13.3123,49,422335147,862,94410,145409,156751,4
baseline_off,fight,0.0,0.0,13.3355,50,422357668,855,3538,145449,156792,4
baseline_off,fight,0.0,0.0,13.3555,51,422376438,856,59571,145387,156727,4
baseline_off,fight,0.0,0.0,13.3767,52,422398970,856,128036,145404,156745,4
baseline_off,fight,0.0,0.0,13.3947,53,422417739,855,26889,145436,156779,4
baseline_off,fight,0.0,0.0,13.4137,54,422436518,855,84738,145380,156718,4
baseline_off,fight,0.0,0.0,13.4358,55,422459035,855,150978,145412,156743,4
baseline_off,fight,0.0,0.0,13.4548,56,422477790,855,47692,145375,156713,4
baseline_off,fight,0.0,0.0,13.4748,57,422497773,855,153590,145362,156710,4
baseline_off,fight,0.0,0.0,13.4969,58,422520350,857,73623,145367,156705,4
baseline_off,fight,0.0,0.0,13.5158,59,422539109,856,128105,145384,156720,4
baseline_off,fight,0.0,0.0,13.5348,60,422552873,855,117284,145363,156701,4
baseline_off,fight,0.0,0.0,13.54,61,422561430,856,4915,145360,156695,4
baseline_off,fight,0.0,0.0,13.5558,62,422579146,854,38463,145422,156765,4
baseline_off,fight,0.0,0.0,13.58,63,422601656,855,102811,145421,156764,4
baseline_off,fight,0.0,0.0,13.5969,64,422620445,857,4976,145393,156737,4
baseline_off,fight,0.0,0.0,13.62,65,422642957,855,69557,145427,156765,4
baseline_off,fight,0.0,0.0,13.6411,66,422661728,856,125751,145431,156772,4
baseline_off,fight,0.0,0.0,13.6621,67,422684247,862,35294,145421,156764,4
baseline_off,fight,0.0,0.0,13.68,68,422703019,856,90903,145430,156774,4
baseline_off,fight,0.0,0.0,13.7021,69,422725561,856,3629,145411,156753,4
baseline_off,fight,0.0,0.0,13.7212,70,422744331,856,59333,145417,156757,4
baseline_off,fight,0.0,0.0,13.7435,71,422766843,861,124294,145421,156762,4
baseline_off,fight,0.0,0.0,13.7625,72,422785583,855,18133,145410,156749,4
baseline_off,fight,0.0,0.0,13.7815,73,422804395,855,80678,145406,156749,4
baseline_off,fight,0.0,0.0,13.8057,74,422828162,856,45362,145421,156762,4
baseline_off,fight,0.0,0.0,13.8247,75,422846931,855,101146,145405,156746,4
baseline_off,fight,0.0,0.0,13.8426,76,422865723,856,3740,145420,156763,4
baseline_off,fight,0.0,0.0,13.866,77,422888223,856,66228,145435,156780,4
baseline_off,fight,0.0,0.0,13.8841,78,422906993,856,121707,145416,156757,4
baseline_off,fight,0.0,0.0,13.9074,79,422929524,856,33457,145391,156729,4
baseline_off,fight,0.0,0.0,13.9264,80,422948293,855,89249,145418,156759,4
baseline_off,fight,0.0,0.0,13.9454,81,422967071,856,146432,145387,156740,4
baseline_off,fight,0.0,0.0,13.9666,82,422989598,855,56911,145428,156775,4
baseline_off,fight,0.0,0.0,13.9856,83,423008357,855,110552,145420,156760,4
baseline_off,fight,0.0,0.0,14.0046,84,423027129,857,10031,145434,156734,4
baseline_off,fight,0.0,0.0,14.0321,85,423049660,858,78212,145458,156762,4
baseline_off,fight,0.0,0.0,14.0353,86,423058156,856,111911,145382,156720,4
baseline_off,fight,0.0,0.0,14.0448,87,423067809,855,28807,145407,156748,4
baseline_off,fight,0.0,0.0,14.0659,88,423087191,856,31789,145400,156740,4
baseline_off,fight,0.0,0.0,14.087,89,423109723,855,100293,145401,156740,4
baseline_off,fight,0.0,0.0,14.105,90,423128498,855,156512,145420,156773,4
baseline_off,fight,0.0,0.0,14.125,91,423147272,855,55982,145413,156753,4
baseline_off,fight,0.0,0.0,14.146,92,423169793,859,122523,145414,156755,4
baseline_off,fight,0.0,0.0,14.165,93,423188564,856,21504,145394,156738,4
baseline_off,fight,0.0,0.0,14.1871,94,423211094,856,89260,145403,156742,4
baseline_off,fight,0.0,0.0,14.2061,95,423229882,857,147949,145381,156789,4
baseline_off,fight,0.0,0.0,14.2314,96,423252395,856,55800,145437,156779,4
baseline_off,fight,0.0,0.0,14.2578,97,423271168,856,111754,145416,156756,4
baseline_off,fight,0.0,0.0,14.2789,98,423291497,855,119038,145388,156766,4
baseline_off,fight,0.0,0.0,14.301,99,423311816,862,124299,145394,156734,4
baseline_off,fight,0.0,0.0,14.3137,100,423334668,855,90382,145413,156757,4
baseline_off,fight,0.0,0.0,14.3305,101,423352475,863,138835,145446,156785,4
baseline_off,fight,0.0,0.0,14.3642,102,423383789,856,132617,145473,156774,4
baseline_off,fight,0.0,0.0,14.3853,103,423395975,855,9538,145424,156767,4
baseline_off,fight,0.0,0.0,14.3948,104,423416937,855,124434,145402,156742,4
baseline_off,fight,0.0,0.0,14.4116,105,423436353,855,133256,145425,156768,4
baseline_off,fight,0.0,0.0,14.4316,106,423455114,856,30785,145412,156754,4
baseline_off,fight,0.0,0.0,14.4537,107,423477633,858,96817,145394,156734,4
baseline_off,fight,0.0,0.0,14.4717,108,423496420,856,155900,145362,156701,4
baseline_off,fight,0.0,0.0,14.4961,109,423518927,855,63413,145394,156734,4
baseline_off,fight,0.0,0.0,14.5141,110,423537698,856,119330,145419,156760,4
baseline_off,fight,0.0,0.0,14.5351,111,423557663,855,64295,145443,156786,4
baseline_off,fight,0.0,0.0,14.5373,112,423558607,856,67851,145454,156798,0
baseline_off,fight,0.0,0.0,14.5563,113,423579014,856,88126,145447,156790,4
baseline_off,fight,0.0,0.0,14.5753,114,423597775,855,142026,145374,156753,4
baseline_off,fight,0.0,0.0,14.5921,115,423616556,855,42948,145397,156736,4
baseline_off,fight,0.0,0.0,14.6122,116,423636529,855,146428,145456,156795,4
baseline_off,fight,0.0,0.0,14.6354,117,423659085,856,61155,145460,156764,4
baseline_off,fight,0.0,0.0,14.6565,118,423677874,856,119939,145433,156777,4
baseline_off,fight,0.0,0.0,14.6724,119,423696654,858,19945,145463,156804,4
baseline_off,fight,0.0,0.0,14.6956,120,423719174,856,85731,145422,156762,4
baseline_off,fight,0.0,0.0,14.7156,121,423737956,855,143116,145441,156785,4
baseline_off,fight,0.0,0.0,14.7325,122,423756725,856,41229,145441,156783,4
baseline_off,fight,0.0,0.0,14.7547,123,423779235,855,106005,145393,156733,4
baseline_off,fight,0.0,0.0,14.7748,124,423798006,854,5816,145365,156701,4
baseline_off,fight,0.0,0.0,14.7916,125,423816789,857,63763,145417,156759,4
baseline_off,fight,0.0,0.0,14.8148,126,423836804,856,17463,145405,156744,4
baseline_off,fight,0.0,0.0,14.8317,127,423856833,856,130383,145418,156759,4
baseline_off,fight,0.0,0.0,14.8549,0,423879341,855,37790,145422,156764,4
baseline_off,fight,0.0,0.0,14.8739,1,423898114,862,93902,145456,156798,4
baseline_off,fight,0.0,0.0,14.8928,2,423916909,855,153637,145417,156757,4
baseline_off,fight,0.0,0.0,14.9139,3,423936890,856,101123,145416,156757,4
baseline_off,fight,0.0,0.0,14.935,4,423959440,855,15825,145410,156748,4
baseline_off,fight,0.0,0.0,14.9551,5,423978213,856,71664,145391,156770,4
baseline_off,fight,0.0,0.0,14.972,6,423996993,854,128997,145433,156775,4
baseline_off,fight,0.0,0.0,14.9951,7,424019512,855,37519,145434,156779,4
baseline_off,fight,0.0,0.0,15.0141,8,424038281,856,92859,145437,156738,4
baseline_off,fight,0.0,0.0,15.0352,9,424058167,857,24956,145400,156740,4
baseline_off,fight,0.0,0.0,15.0373,10,424059117,856,29771,145451,156754,0
baseline_off,fight,0.0,0.0,15.0552,11,424079592,855,61895,145385,156726,4
baseline_off,fight,0.0,0.0,15.0775,12,424102125,857,130388,145414,156756,4
baseline_off,fight,0.0,0.0,15.0965,13,424120885,856,27502,145479,156784,4
baseline_off,fight,0.0,0.0,15.1156,14,424139655,854,82754,145445,156789,4
baseline_off,fight,0.0,0.0,15.1367,15,424162182,855,149748,145426,156760,4
baseline_off,fight,0.0,0.0,15.1556,16,424180956,855,48902,145401,156742,4
baseline_off,fight,0.0,0.0,15.1799,17,424203478,856,114957,145443,156786,4
baseline_off,fight,0.0,0.0,15.1968,18,424222259,855,15629,145427,156768,4
baseline_off,fight,0.0,0.0,15.2199,19,424244757,853,77659,145441,156782,4
baseline_off,fight,0.0,0.0,15.2399,20,424263549,856,136576,145475,156821,4
baseline_off,fight,0.0,0.0,15.261,21,424286081,854,47157,145424,156764,4
baseline_off,fight,0.0,0.0,15.2799,22,424304851,855,102310,145424,156765,4
baseline_off,fight,0.0,0.0,15.302,23,424327393,856,14554,145506,156813,4
baseline_off,fight,0.0,0.0,15.321,24,424346182,855,72558,145429,156772,4
baseline_off,fight,0.0,0.0,15.3453,25,424368693,858,137164,145413,156752,4
baseline_off,fight,0.0,0.0,15.3621,26,424387474,856,37876,145390,156730,4
baseline_off,fight,0.0,0.0,15.3811,27,424406255,862,95044,145420,156762,4
baseline_off,fight,0.0,0.0,15.4053,28,424428774,855,3526,145460,156802,4
baseline_off,fight,0.0,0.0,15.4233,29,424447557,854,60588,145446,156788,4
baseline_off,fight,0.0,0.0,15.4454,30,424470067,857,125131,145435,156776,4
baseline_off,fight,0.0,0.0,15.4654,31,424488836,857,23202,145469,156815,4
baseline_off,fight,0.0,0.0,15.4864,32,424511385,861,93366,145450,156793,4
baseline_off,fight,0.0,0.0,15.5054,33,424530151,856,147906,145413,156759,4
baseline_off,fight,0.0,0.0,15.5287,34,424550135,854,96606,145400,156740,4
baseline_off,fight,0.0,0.0,15.532,35,424558579,856,121523,145453,156759,4
baseline_off,fight,0.0,0.0,15.5449,36,424570183,855,56341,145392,156729,4
baseline_off,fight,0.0,0.0,15.5672,37,424592733,856,127613,145422,156762,4
baseline_off,fight,0.0,0.0,15.5957,38,424610256,856,127548,145472,156817,4
baseline_off,fight,0.0,0.0,15.6084,39,424631198,856,81567,145468,156812,4
baseline_off,fight,0.0,0.0,15.6391,40,424661528,857,63809,145430,156771,4
baseline_off,fight,0.0,0.0,15.6507,41,424673756,856,104591,145428,156773,4
baseline_off,fight,0.0,0.0,15.6708,42,424690125,860,65175,145458,156804,4
baseline_off,fight,0.0,0.0,15.7037,43,424719141,856,137037,145431,156774,4
baseline_off,fight,0.0,0.0,15.7122,44,424736032,855,29759,145473,156819,4
baseline_off,fight,0.0,0.0,15.7259,45,424751687,856,25822,145444,156784,4
baseline_off,fight,0.0,0.0,15.7493,46,424774157,855,82836,145427,156769,4
baseline_off,fight,0.0,0.0,15.7684,47,424792970,856,145032,145474,156823,4
baseline_off,fight,0.0,0.0,15.7864,48,424811758,855,46304,145459,156804,4
baseline_off,fight,0.0,0.0,15.8097,49,424834260,862,108663,145438,156780,4
baseline_off,fight,0.0,0.0,15.8276,50,424853060,854,12669,145434,156776,4
baseline_off,fight,0.0,0.0,15.8466,51,424871820,856,66410,145482,156788,4
baseline_off,fight,0.0,0.0,15.8698,52,424894351,855,133524,145469,156812,4
baseline_off,fight,0.0,0.0,15.8877,53,424913142,853,35066,145435,156779,4
baseline_off,fight,0.0,0.0,15.9098,54,424935641,856,97541,145420,156761,4
baseline_off,fight,0.0,0.0,15.931,55,424954417,856,154606,145427,156745,4
baseline_off,fight,0.0,0.0,15.951,56,424976951,856,66023,145452,156798,4
baseline_off,fight,0.0,0.0,15.97,57,424995714,856,120200,145451,156795,4
baseline_off,fight,0.0,0.0,15.99,58,425014493,859,20112,145439,156781,4
baseline_off,fight,0.0,0.0,16.0111,59,425037015,853,86379,145425,156764,4
baseline_off,fight,0.0,0.0,16.0322,60,425055777,855,140739,145424,156766,4
baseline_off,fight,0.0,0.0,16.0364,61,425058313,856,101533,145403,156745,4
baseline_off,fight,0.0,0.0,16.0502,62,425075785,856,93121,145441,156783,4
baseline_off,fight,0.0,0.0,16.0724,63,425098345,856,8696,145463,156809,4
baseline_off,fight,0.0,0.0,16.0936,64,425117124,861,65194,145460,156804,4
baseline_off,fight,0.0,0.0,16.1116,65,425137142,857,19059,145419,156761,4
baseline_off,fight,0.0,0.0,16.1327,66,425155914,856,74578,145472,156817,4
baseline_off,fight,0.0,0.0,16.1516,67,425178454,857,143696,145411,156751,4
baseline_off,fight,0.0,0.0,16.1717,68,425197205,855,39859,145418,156758,4
baseline_off,fight,0.0,0.0,16.1917,69,425218499,855,54148,145430,156772,4
baseline_off,fight,0.0,0.0,16.2107,70,425237259,856,107506,145488,156793,4
baseline_off,fight,0.0,0.0,16.2349,71,425259788,854,17899,145432,156775,4
baseline_off,fight,0.0,0.0,16.2517,72,425278569,854,74234,145464,156809,4
baseline_off,fight,0.0,0.0,16.2749,73,425301090,855,139621,145435,156778,4
baseline_off,fight,0.0,0.0,16.2949,74,425319860,856,37563,145474,156820,4
baseline_off,fight,0.0,0.0,16.3118,75,425338661,856,97249,145494,156839,4
baseline_off,fight,0.0,0.0,16.3351,76,425361159,856,1567,145477,156824,4
baseline_off,fight,0.0,0.0,16.3551,77,425379972,856,63052,145494,156841,4
baseline_off,fight,0.0,0.0,16.3773,78,425402492,856,127460,145460,156803,4
baseline_off,fight,0.0,0.0,16.3953,79,425421273,856,26777,145497,156840,4
baseline_off,fight,0.0,0.0,16.4186,80,425443822,855,96313,145485,156834,4
baseline_off,fight,0.0,0.0,16.4365,81,425462590,856,150279,145464,156820,4
baseline_off,fight,0.0,0.0,16.4555,82,425481356,856,47599,145473,156818,4
baseline_off,fight,0.0,0.0,16.4776,83,425503896,856,115996,145415,156757,4
baseline_off,fight,0.0,0.0,16.4967,84,425522668,857,15091,145401,156738,4
baseline_off,fight,0.0,0.0,16.5146,85,425541441,855,70605,145438,156778,4
baseline_off,fight,0.0,0.0,16.5357,86,425561415,855,16826,145431,156776,4
baseline_off,fight,0.0,0.0,16.5378,87,425562366,854,21645,145445,156787,0
baseline_off,fight,0.0,0.0,16.5568,88,425584007,854,94682,145411,156751,4
baseline_off,fight,0.0,0.0,16.5758,89,425602775,857,149485,145454,156799,4
baseline_off,fight,0.0,0.0,16.5947,90,425621542,856,47467,145411,156751,4
baseline_off,fight,0.0,0.0,16.6169,91,425644071,856,115236,145414,156754,4
baseline_off,fight,0.0,0.0,16.6358,92,425662801,856,6969,145458,156800,4
baseline_off,fight,0.0,0.0,16.66,93,425685364,863,79909,145455,156797,4
baseline_off,fight,0.0,0.0,16.6769,94,425704144,855,136430,145404,156786,4
baseline_off,fight,0.0,0.0,16.7002,95,425726666,855,45659,145381,156762,4
baseline_off,fight,0.0,0.0,16.7202,96,425745436,856,100979,145397,156739,4
baseline_off,fight,0.0,0.0,16.7416,97,425767976,856,13060,145457,156802,4
baseline_off,fight,0.0,0.0,16.7596,98,425786738,855,67076,145416,156756,4
baseline_off,fight,0.0,0.0,16.7798,99,425805508,860,122673,145450,156792,4
baseline_off,fight,0.0,0.0,16.801,100,425828048,855,35106,145462,156809,4
baseline_off,fight,0.0,0.0,16.8201,101,425846810,855,88794,145442,156783,4
baseline_off,fight,0.0,0.0,16.8403,102,425865580,856,144341,145420,156762,4
baseline_off,fight,0.0,0.0,16.8614,103,425888122,855,57023,145377,156759,4
baseline_off,fight,0.0,0.0,16.8803,104,425906881,856,110592,145462,156805,4
baseline_off,fight,0.0,0.0,16.914,105,425929411,857,21598,145395,156739,4
baseline_off,fight,0.0,0.0,16.9352,106,425949741,857,28204,145457,156800,4
baseline_off,fight,0.0,0.0,16.9552,107,425970079,855,36109,145445,156788,4
baseline_off,fight,0.0,0.0,16.9649,108,425991475,854,67327,145466,156770,4
baseline_off,fight,0.0,0.0,16.9903,109,426008276,855,101410,145417,156759,4
baseline_off,fight,0.0,0.0,17.0198,110,426038928,863,138598,145436,156782,4
baseline_off,fight,0.0,0.0,17.0304,111,426055187,856,80821,145413,156751,4
baseline_off,fight,0.0,0.0,17.0388,112,426065180,857,55237,145415,156754,4
baseline_off,fight,0.0,0.0,17.042,113,426070049,856,99030,145423,156765,4
baseline_off,fight,0.0,0.0,17.062,114,426089614,855,132707,145409,156751,4
baseline_off,fight,0.0,0.0,17.0811,115,426108383,854,31437,145391,156733,4
baseline_off,fight,0.0,0.0,17.1054,116,426130894,856,95405,145454,156798,4
baseline_off,fight,0.0,0.0,17.1222,117,426149690,855,155181,145430,156736,4
baseline_off,fight,0.0,0.0,17.1412,118,426168453,857,53193,145415,156755,4
baseline_off,fight,0.0,0.0,17.1655,119,426190964,856,117863,145399,156736,4
baseline_off,fight,0.0,0.0,17.1826,120,426209703,855,11327,145412,156751,4
baseline_off,fight,0.0,0.0,17.2016,121,426228526,855,75791,145411,156752,4
baseline_off,fight,0.0,0.0,17.2248,122,426251037,855,139931,145423,156766,4
baseline_off,fight,0.0,0.0,17.2427,123,426269814,855,39617,145439,156784,4
baseline_off,fight,0.0,0.0,17.2649,124,426292326,855,104009,145417,156757,4
baseline_off,fight,0.0,0.0,17.2849,125,426311107,855,3990,145455,156801,4
baseline_off,fight,0.0,0.0,17.305,126,426332389,856,15566,145439,156781,4
baseline_off,fight,0.0,0.0,17.325,127,426351152,855,69673,145433,156776,4
baseline_off,fight,0.0,0.0,17.342,0,426369944,856,128699,145428,156769,4
baseline_off,fight,0.0,0.0,17.3651,1,426392464,856,37618,145461,156804,4
baseline_off,fight,0.0,0.0,17.3851,2,426411225,856,91031,145479,156785,4
baseline_off,fight,0.0,0.0,17.4062,3,426433773,855,4900,145420,156762,4
baseline_off,fight,0.0,0.0,17.4252,4,426452525,854,56992,145450,156794,4
baseline_off,fight,0.0,0.0,17.4453,5,426471307,856,114768,145453,156798,4
baseline_off,fight,0.0,0.0,17.4655,6,426492540,856,117873,145520,156828,4
baseline_off,fight,0.0,0.0,17.4876,7,426515113,856,35807,145415,156755,4
baseline_off,fight,0.0,0.0,17.5067,8,426533893,854,93106,145416,156758,4
baseline_off,fight,0.0,0.0,17.5259,9,426553911,855,47725,145480,156784,4
baseline_off,fight,0.0,0.0,17.5355,10,426564695,855,156552,145481,156772,4
baseline_off,fight,0.0,0.0,17.545,11,426573488,855,83690,145429,156772,4
baseline_off,fight,0.0,0.0,17.5672,12,426595205,856,13046,145444,156786,4
baseline_off,fight,0.0,0.0,17.5862,13,426613986,855,70453,145386,156764,4
baseline_off,fight,0.0,0.0,17.6052,14,426632747,855,124963,145373,156711,4
baseline_off,fight,0.0,0.0,17.6274,15,426655268,856,34929,145425,156764,4
baseline_off,fight,0.0,0.0,17.6474,16,426674048,856,91989,145442,156783,4
baseline_off,fight,0.0,0.0,17.6664,17,426694066,856,46109,145449,156789,4
baseline_off,fight,0.0,0.0,17.6854,18,426712827,855,100358,145418,156760,4
baseline_off,fight,0.0,0.0,17.7075,19,426735364,855,12693,145447,156792,4
baseline_off,fight,0.0,0.0,17.7265,20,426754146,855,70366,145346,156722,4
baseline_off,fight,0.0,0.0,17.7455,21,426772857,855,116250,145401,156743,4
baseline_off,fight,0.0,0.0,17.7698,22,426796673,853,89633,145393,156736,4
baseline_off,fight,0.0,0.0,17.7866,23,426815451,856,146631,145441,156755,4
baseline_off,fight,0.0,0.0,17.8056,24,426834225,856,46073,145417,156758,4
baseline_off,fight,0.0,0.0,17.8298,25,426856735,855,110632,145472,156776,4
baseline_off,fight,0.0,0.0,17.8509,26,426879285,854,24641,145414,156757,4
baseline_off,fight,0.0,0.0,17.872,27,426898046,856,78591,145393,156732,4
baseline_off,fight,0.0,0.0,17.8899,28,426918065,856,32502,145432,156774,4
baseline_off,fight,0.0,0.0,17.909,29,426936835,856,87978,145434,156780,4
baseline_off,fight,0.0,0.0,17.928,30,426955606,856,143691,145428,156769,4
baseline_off,fight,0.0,0.0,17.9501,31,426978137,856,54892,145405,156747,4
baseline_off,fight,0.0,0.0,17.9692,32,426996907,856,110754,145431,156772,4
baseline_off,fight,0.0,0.0,17.9924,33,427019447,857,23290,145440,156784,4
baseline_off,fight,0.0,0.0,18.0104,34,427038200,855,75558,145431,156772,4
baseline_off,fight,0.0,0.0,18.0338,35,427056980,856,132586,145500,156808,4
baseline_off,fight,0.0,0.0,18.0391,36,427065477,855,9161,145461,156804,4
baseline_off,fight,0.0,0.0,18.0496,37,427077323,855,141607,145404,156742,4
baseline_off,fight,0.0,0.0,18.0709,38,427099526,855,153800,145416,156753,4
baseline_off,fight,0.0,0.0,18.093,39,427118303,854,53590,145467,156809,4
baseline_off,fight,0.0,0.0,18.1109,40,427139587,862,66065,145438,156779,4
baseline_off,fight,0.0,0.0,18.1309,41,427158328,856,117176,145418,156757,4
baseline_off,fight,0.0,0.0,18.1521,42,427180877,856,31656,145426,156770,4
baseline_off,fight,0.0,0.0,18.171,43,427199647,856,86639,145422,156764,4
baseline_off,fight,0.0,0.0,18.19,44,427218420,855,142438,145452,156749,4
baseline_off,fight,0.0,0.0,18.2121,45,427240950,855,52974,145476,156820,4
baseline_off,fight,0.0,0.0,18.2447,46,427259731,863,109713,145444,156788,4
baseline_off,fight,0.0,0.0,18.2679,47,427281568,854,58786,145436,156778,4
baseline_off,fight,0.0,0.0,18.2848,48,427301334,856,126295,145453,156796,4
baseline_off,fight,0.0,0.0,18.2954,49,427321673,855,134327,145457,156801,4
baseline_off,fight,0.0,0.0,18.3217,50,427347300,855,100768,145427,156771,4
baseline_off,fight,0.0,0.0,18.3449,51,427361375,857,141955,145425,156767,4
baseline_off,fight,0.0,0.0,18.3555,52,427383122,855,76517,145412,156753,4
baseline_off,fight,0.0,0.0,18.3755,53,427403671,856,120633,145440,156783,4
baseline_off,fight,0.0,0.0,18.3955,54,427422430,856,17165,145493,156796,4
baseline_off,fight,0.0,0.0,18.4166,55,427444972,856,86737,145428,156771,4
baseline_off,fight,0.0,0.0,18.4356,56,427464988,856,40387,145427,156769,4
baseline_off,fight,0.0,0.0,18.4546,57,427483760,856,95746,145503,156806,4
baseline_off,fight,0.0,0.0,18.4747,58,427502536,854,151620,145440,156767,4
baseline_off,fight,0.0,0.0,18.4957,59,427525063,855,62020,145443,156784,4
baseline_off,fight,0.0,0.0,18.5147,60,427543833,856,117360,145427,156769,4
baseline_off,fight,0.0,0.0,18.5401,61,427567539,856,70867,145469,156813,4
baseline_off,fight,0.0,0.0,18.5422,62,427568488,856,75300,145437,156777,0
baseline_off,fight,0.0,0.0,18.5549,63,427583888,854,27969,145444,156786,4
baseline_off,fight,0.0,0.0,18.5749,64,427603875,856,133026,145438,156781,4
baseline_off,fight,0.0,0.0,18.597,65,427626449,857,51535,145388,156727,4
baseline_off,fight,0.0,0.0,18.6159,66,427645220,856,108035,145431,156734,4
baseline_off,fight,0.0,0.0,18.6401,67,427667737,856,17107,145412,156753,4
baseline_off,fight,0.0,0.0,18.657,68,427686509,856,73239,145423,156765,4
baseline_off,fight,0.0,0.0,18.6801,69,427709022,857,138557,145392,156731,4
baseline_off,fight,0.0,0.0,18.7001,70,427727800,855,39003,145413,156754,4
baseline_off,fight,0.0,0.0,18.7212,71,427750331,857,107210,145439,156784,4
baseline_off,fight,0.0,0.0,18.7401,72,427769099,855,5701,145420,156762,4
baseline_off,fight,0.0,0.0,18.7613,73,427787861,855,59806,145423,156763,4
baseline_off,fight,0.0,0.0,18.7813,74,427810401,855,129401,145419,156762,4
baseline_off,fight,0.0,0.0,18.8002,75,427829159,856,25989,145439,156782,4
baseline_off,fight,0.0,0.0,18.8204,76,427847940,856,83225,145434,156775,4
baseline_off,fight,0.0,0.0,18.8425,77,427870475,854,151604,145440,156780,4
baseline_off,fight,0.0,0.0,18.8596,78,427889239,856,49405,145421,156761,4
baseline_off,fight,0.0,0.0,18.8799,79,427909212,855,153046,145404,156780,4
baseline_off,fight,0.0,0.0,18.9021,80,427931785,855,72320,145404,156743,4
baseline_off,fight,0.0,0.0,18.9212,81,427950556,856,128098,145447,156789,4
baseline_off,fight,0.0,0.0,18.9413,82,427969317,855,25185,145428,156771,4
baseline_off,fight,0.0,0.0,18.9634,83,427991846,854,93092,145396,156737,4
baseline_off,fight,0.0,0.0,18.9825,84,428010622,857,149812,145472,156778,4
baseline_off,fight,0.0,0.0,19.0025,85,428029389,856,48207,145393,156731,4
baseline_off,fight,0.0,0.0,19.0216,86,428051918,855,116382,145393,156732,4
baseline_off,fight,0.0,0.0,19.0375,87,428065685,858,105534,145432,156776,4
baseline_off,fight,0.0,0.0,19.048,88,428074160,856,135630,145422,156764,4
baseline_off,fight,0.0,0.0,19.0617,89,428091966,855,27686,145417,156758,4
baseline_off,fight,0.0,0.0,19.0808,90,428110737,855,83551,145416,156756,4
baseline_off,fight,0.0,0.0,19.1051,91,428133243,855,147428,145420,156749,4
baseline_off,fight,0.0,0.0,19.1219,92,428152029,855,48549,145435,156778,4
baseline_off,fight,0.0,0.0,19.1409,93,428170801,855,104439,145429,156772,4
baseline_off,fight,0.0,0.0,19.1651,94,428193280,862,6082,145447,156788,4
baseline_off,fight,0.0,0.0,19.1841,95,428212093,856,68820,145400,156742,4
baseline_off,fight,0.0,0.0,19.2053,96,428233376,856,81356,145424,156768,4
baseline_off,fight,0.0,0.0,19.2222,97,428252148,859,137140,145430,156773,4
baseline_off,fight,0.0,0.0,19.2453,98,428274680,856,48402,145385,156725,4
baseline_off,fight,0.0,0.0,19.2654,99,428293430,856,101306,145459,156765,4
baseline_off,fight,0.0,0.0,19.2822,100,428312220,858,3387,145444,156786,4
baseline_off,fight,0.0,0.0,19.3054,101,428334732,856,67777,145431,156772,4
baseline_off,fight,0.0,0.0,19.3255,102,428353523,856,126712,145471,156775,4
baseline_off,fight,0.0,0.0,19.3465,103,428376044,854,36825,145366,156746,4
baseline_off,fight,0.0,0.0,19.3655,104,428394803,856,90497,145444,156789,4
baseline_off,fight,0.0,0.0,19.3855,105,428413580,856,147428,145434,156752,4
baseline_off,fight,0.0,0.0,19.4076,106,428437363,856,114485,145414,156796,4
baseline_off,fight,0.0,0.0,19.4266,107,428456151,856,15568,145444,156789,4
baseline_off,fight,0.0,0.0,19.4456,108,428474912,856,69282,145446,156785,4
baseline_off,fight,0.0,0.0,19.4656,109,428494900,854,17997,145401,156740,4
baseline_off,fight,0.0,0.0,19.4866,110,428517471,855,92533,145414,156756,4
baseline_off,fight,0.0,0.0,19.5066,111,428536250,858,149596,145441,156752,4
baseline_off,fight,0.0,0.0,19.5298,112,428558763,856,58203,145409,156749,4
baseline_off,fight,0.0,0.0,19.5372,113,428569562,856,12915,145401,156744,4
baseline_off,fight,0.0,0.0,19.5551,114,428578222,856,74520,145362,156737,4
baseline_off,fight,0.0,0.0,19.5709,115,428595074,856,117622,145400,156785,4
baseline_off,fight,0.0,0.0,19.5983,116,428623841,860,148593,145428,156753,4
baseline_off,fight,0.0,0.0,19.6067,117,428637230,856,73378,145413,156753,4
baseline_off,fight,0.0,0.0,19.6404,118,428666382,855,12141,145440,156783,4
baseline_off,fight,0.0,0.0,19.6615,119,428678538,855,40470,145429,156772,4
baseline_off,fight,0.0,0.0,19.6699,120,428699539,858,4851,145435,156777,4
baseline_off,fight,0.0,0.0,19.6899,121,428718942,856,11091,145500,156806,4
baseline_off,fight,0.0,0.0,19.7068,122,428737684,856,61625,145424,156766,4
baseline_off,fight,0.0,0.0,19.7299,123,428760244,854,134243,145414,156755,4
baseline_off,fight,0.0,0.0,19.7499,124,428780271,854,89710,145385,156765,4
baseline_off,fight,0.0,0.0,19.7689,125,428799034,855,144375,145407,156746,4
baseline_off,fight,0.0,0.0,19.7921,126,428821581,856,57879,145438,156782,4
baseline_off,fight,0.0,0.0,19.8101,127,428840333,856,110261,145440,156782,4
baseline_off,fight,0.0,0.0,19.8301,0,428859112,855,10622,145397,156739,4
baseline_off,fight,0.0,0.0,19.8512,1,428881645,858,78624,145426,156767,4
baseline_off,fight,0.0,0.0,19.8701,2,428900407,855,132966,145403,156745,4
baseline_off,fight,0.0,0.0,19.8933,3,428922934,855,44412,145386,156724,4
baseline_off,fight,0.0,0.0,19.9112,4,428941706,856,100570,145424,156765,4
baseline_off,fight,0.0,0.0,19.9355,5,428964217,856,8753,145386,156727,4
baseline_off,fight,0.0,0.0,19.9524,6,428982998,857,66820,145383,156721,4
baseline_off,fight,0.0,0.0,19.9714,7,429001770,857,123492,145402,156742,4
baseline_off,fight,0.0,0.0,19.9956,8,429024288,855,32824,145394,156733,4
hold_2v,hold,2.0,0.0,0.015,15,429096892,833,147804,141434,156708,4
hold_2v,hold,2.0,0.0,0.034,16,429115637,832,42743,141478,156735,4
hold_2v,hold,2.0,0.0,0.0572,17,429138161,831,110283,141421,156716,4
hold_2v,hold,2.0,0.0,0.0751,18,429156932,832,9883,141481,156740,4
hold_2v,hold,2.0,0.0,0.0983,19,429179462,833,78254,141452,156709,4
hold_2v,hold,2.0,0.0,0.1163,20,429198223,832,132539,141484,156784,4
hold_2v,hold,2.0,0.0,0.1415,21,429220759,831,44360,141473,156773,4
hold_2v,hold,2.0,0.0,0.1595,22,429239531,832,100524,141488,156791,4
hold_2v,hold,2.0,0.0,0.1764,23,429258298,832,155959,141427,156707,4
hold_2v,hold,2.0,0.0,0.1986,24,429280808,831,63717,141486,156746,4
hold_2v,hold,2.0,0.0,0.2186,25,429299598,839,122887,141448,156746,4
hold_2v,hold,2.0,0.0,0.2397,26,429322076,830,25179,141448,156744,4
hold_2v,hold,2.0,0.0,0.2587,27,429340876,832,86179,141485,156743,4
hold_2v,hold,2.0,0.0,0.2788,28,429359670,832,145908,141453,156737,4
hold_2v,hold,2.0,0.0,0.2957,29,429378436,831,44409,141506,156765,4
hold_2v,hold,2.0,0.0,0.3189,30,429400942,832,108669,141467,156729,4
hold_2v,hold,2.0,0.0,0.3369,31,429419714,832,8677,141480,156739,4
hold_2v,hold,2.0,0.0,0.3596,32,429442249,833,77885,141452,156750,4
hold_2v,hold,2.0,0.0,0.3786,33,429461012,832,132879,141450,156747,4
hold_2v,hold,2.0,0.0,0.3976,34,429479781,832,31814,141457,156757,4
hold_2v,hold,2.0,0.0,0.4197,35,429502315,832,100710,141454,156749,4
hold_2v,hold,2.0,0.0,0.4386,36,429521079,833,155575,141497,156779,4
hold_2v,hold,2.0,0.0,0.4607,37,429543609,832,67099,141489,156749,4
hold_2v,hold,2.0,0.0,0.4839,38,429566120,833,132502,141494,156755,4
hold_2v,hold,2.0,0.0,0.5039,39,429584889,832,31716,141443,156696,4
hold_2v,hold,2.0,0.0,0.5134,40,429596356,832,100298,141437,156733,4
hold_2v,hold,2.0,0.0,0.524,41,429604680,832,104818,141433,156732,4
hold_2v,hold,2.0,0.0,0.5408,42,429623679,833,42985,141447,156702,4
hold_2v,hold,2.0,0.0,0.564,43,429646185,831,107430,141473,156730,4
hold_2v,hold,2.0,0.0,0.584,44,429664985,833,11735,141512,156767,4
hold_2v,hold,2.0,0.0,0.6051,45,429687487,833,74708,141542,156807,4
hold_2v,hold,2.0,0.0,0.6262,46,429706261,832,130898,141480,156780,4
hold_2v,hold,2.0,0.0,0.6446,47,429726285,832,86406,141451,156707,4
hold_2v,hold,2.0,0.0,0.6643,48,429745058,832,142919,141507,156781,4
hold_2v,hold,2.0,0.0,0.6864,49,429767589,831,54072,141529,156796,4
hold_2v,hold,2.0,0.0,0.7038,50,429786353,833,108721,141476,156733,4
hold_2v,hold,2.0,0.0,0.7293,51,429808894,832,21941,141500,156759,4
hold_2v,hold,2.0,0.0,0.7489,52,429828908,832,132365,141490,156750,4
hold_2v,hold,2.0,0.0,0.7654,53,429847651,832,27116,141481,156739,4
hold_2v,hold,2.0,0.0,0.7891,54,429870186,832,95913,141431,156729,4
hold_2v,hold,2.0,0.0,0.8189,55,429888922,833,146163,141465,156731,4
hold_2v,hold,2.0,0.0,0.8413,56,429910776,832,98889,141503,156763,4
hold_2v,hold,2.0,0.0,0.8626,57,429932134,832,124307,141489,156748,4
hold_2v,hold,2.0,0.0,0.8722,58,429953409,835,136277,141446,156740,4
hold_2v,hold,2.0,0.0,0.8945,59,429970277,832,25920,141453,156710,4
hold_2v,hold,2.0,0.0,0.9124,60,429989099,832,90900,141489,156745,4
hold_2v,hold,2.0,0.0,0.9399,61,430017842,832,118322,141447,156747,4
hold_2v,hold,2.0,0.0,0.9504,62,430031257,832,47849,141470,156728,4
hold_2v,hold,2.0,0.0,0.9726,63,430052875,833,117759,141521,156783,4
hold_2v,hold,2.0,0.0,0.9895,64,430072907,832,74748,141406,156704,4
hold_2v,hold,2.0,0.0,1.0106,65,430091641,832,124668,141475,156776,4
hold_2v,hold,2.0,0.0,1.018,66,430100143,833,2370,141502,156765,4
hold_2v,hold,2.0,0.0,1.0296,67,430111606,831,69782,141413,156753,4
hold_2v,hold,2.0,0.0,1.0486,68,430131686,832,34875,141443,156741,4
hold_2v,hold,2.0,0.0,1.0738,69,430154239,832,106815,141508,156767,4
hold_2v,hold,2.0,0.0,1.0907,70,430174243,832,58472,141434,156734,4
hold_2v,hold,2.0,0.0,1.1107,71,430193007,832,113541,141435,156731,4
hold_2v,hold,2.0,0.0,1.1341,72,430215551,832,26742,141472,156772,4
hold_2v,hold,2.0,0.0,1.151,73,430234317,833,81126,141538,156804,4
hold_2v,hold,2.0,0.0,1.1699,74,430253083,832,135696,141517,156778,4
hold_2v,hold,2.0,0.0,1.1934,75,430275599,832,44110,141508,156768,4
hold_2v,hold,2.0,0.0,1.2105,76,430294392,832,103495,141531,156797,4
hold_2v,hold,2.0,0.0,1.2306,77,430314418,831,58825,141468,156731,4
hold_2v,hold,2.0,0.0,1.2539,78,430335674,832,66591,141486,156746,4
hold_2v,hold,2.0,0.0,1.271,79,430354438,832,121560,141485,156746,4
hold_2v,hold,2.0,0.0,1.2965,80,430376982,839,34815,141459,156760,4
hold_2v,hold,2.0,0.0,1.3145,81,430396967,831,140273,141516,156776,4
hold_2v,hold,2.0,0.0,1.3327,82,430415768,833,44144,141462,156764,4
hold_2v,hold,2.0,0.0,1.3522,83,430434541,832,100162,141518,156780,4
hold_2v,hold,2.0,0.0,1.3746,84,430457051,833,7642,141514,156775,4
hold_2v,hold,2.0,0.0,1.3931,85,430475841,832,66664,141452,156749,4
hold_2v,hold,2.0,0.0,1.4179,86,430498351,831,130989,141515,156779,4
hold_2v,hold,2.0,0.0,1.4353,87,430518404,833,90521,141535,156798,4
hold_2v,hold,2.0,0.0,1.4578,88,430540913,833,153774,141532,156785,4
hold_2v,hold,2.0,0.0,1.477,89,430559681,832,52270,141471,156771,4
hold_2v,hold,2.0,0.0,1.4949,90,430578476,832,111653,141467,156767,4
hold_2v,hold,2.0,0.0,1.5205,91,430602161,832,61925,141477,156775,4
hold_2v,hold,2.0,0.0,1.5216,92,430603127,824,69432,141453,156753,0
hold_2v,hold,2.0,0.0,1.5354,93,430618508,832,18880,141502,156807,4
hold_2v,hold,2.0,0.0,1.5587,94,430641017,833,82418,141528,156794,4
hold_2v,hold,2.0,0.0,1.5756,95,430659816,833,142597,141459,156756,4
hold_2v,hold,2.0,0.0,1.5956,96,430679791,833,88948,141545,156812,4
hold_2v,hold,2.0,0.0,1.621,97,430702361,832,5715,141509,156773,4
hold_2v,hold,2.0,0.0,1.6358,98,430719876,832,4375,141497,156796,4
hold_2v,hold,2.0,0.0,1.6601,99,430742413,831,73156,141478,156738,4
hold_2v,hold,2.0,0.0,1.6802,100,430762440,833,28334,141528,156792,4
hold_2v,hold,2.0,0.0,1.6982,101,430781205,831,82829,141488,156747,4
hold_2v,hold,2.0,0.0,1.7173,102,430799977,833,138654,141530,156792,4
hold_2v,hold,2.0,0.0,1.7386,103,430822483,830,44620,141493,156795,4
hold_2v,hold,2.0,0.0,1.7586,104,430841257,832,100323,141530,156796,4
hold_2v,hold,2.0,0.0,1.7777,105,430860058,836,4362,141498,156757,4
hold_2v,hold,2.0,0.0,1.7988,106,430882555,832,66660,141464,156760,4
hold_2v,hold,2.0,0.0,1.8179,107,430901329,833,122710,141491,156754,4
hold_2v,hold,2.0,0.0,1.8401,108,430923862,832,34667,141499,156762,4
hold_2v,hold,2.0,0.0,1.8592,109,430942622,832,89020,141476,156740,4
hold_2v,hold,2.0,0.0,1.8792,110,430961398,833,145994,141510,156756,4
hold_2v,hold,2.0,0.0,1.9003,111,430983870,839,47642,141447,156744,4
hold_2v,hold,2.0,0.0,1.9194,112,431002699,832,113156,141533,156796,4
hold_2v,hold,2.0,0.0,1.9377,113,431021444,833,7527,141519,156781,4
hold_2v,hold,2.0,0.0,1.961,114,431043975,835,74864,141462,156759,4
hold_2v,hold,2.0,0.0,1.9796,115,431062748,831,131000,141484,156741,4
hold_2v,hold,2.0,0.0,1.9992,116,431082769,832,86139,141498,156761,4
hold_2v,hold,2.0,0.0,2.0166,117,431101529,831,140149,141468,156770,4
hold_2v,hold,2.0,0.0,2.0232,118,431104050,834,98375,141472,156771,4
hold_2v,hold,2.0,0.0,2.0425,119,431126562,830,6486,141479,156738,4
hold_2v,hold,2.0,0.0,2.0607,120,431145330,832,62015,141506,156769,4
hold_2v,hold,2.0,0.0,2.0842,121,431167860,832,129281,141533,156798,4
hold_2v,hold,2.0,0.0,2.1044,122,431186633,833,28394,141506,156768,4
hold_2v,hold,2.0,0.0,2.1214,123,431205406,833,84355,141511,156776,4
hold_2v,hold,2.0,0.0,2.1786,124,431257896,832,70091,141493,156793,4
hold_2v,hold,2.0,0.0,2.1786,125,431258861,838,77382,141485,156786,0
hold_2v,hold,2.0,0.0,2.185,126,431267054,832,59081,141510,156771,4
hold_2v,hold,2.0,0.0,2.2138,127,431286730,830,111868,141505,156768,4
hold_2v,hold,2.0,0.0,2.2297,0,431307561,839,47906,141447,156744,4
hold_2v,hold,2.0,0.0,2.2435,1,431326785,833,23927,141446,156744,4
hold_2v,hold,2.0,0.0,2.2657,2,431349336,832,95741,141475,156733,4
hold_2v,hold,2.0,0.0,2.2839,3,431368083,832,147767,141472,156764,4
hold_2v,hold,2.0,0.0,2.3034,4,431386851,833,46202,141468,156769,4
hold_2v,hold,2.0,0.0,2.325,5,431409379,832,113443,141518,156780,4
hold_2v,hold,2.0,0.0,2.3495,6,431431924,832,26264,141479,156778,4
hold_2v,hold,2.0,0.0,2.366,7,431450690,833,80727,141540,156805,4
hold_2v,hold,2.0,0.0,2.39,8,431473226,833,149032,141502,156799,4
hold_2v,hold,2.0,0.0,2.4095,9,431493244,832,103239,141456,156753,4
hold_2v,hold,2.0,0.0,2.4308,10,431515752,831,10915,141464,156763,4
hold_2v,hold,2.0,0.0,2.4499,11,431534522,832,66794,141458,156752,4
hold_2v,hold,2.0,0.0,2.4689,12,431553283,831,121123,141491,156749,4
hold_2v,hold,2.0,0.0,2.489,13,431573278,832,71577,141492,156754,4
hold_2v,hold,2.0,0.0,2.5154,14,431595849,833,145822,141504,156761,4
hold_2v,hold,2.0,0.0,2.5207,15,431604378,832,28102,141460,156762,4
hold_2v,hold,2.0,0.0,2.5313,16,431615250,833,151866,141439,156751,4
hold_2v,hold,2.0,0.0,2.5504,17,431634647,833,156725,141463,156770,4
hold_2v,hold,2.0,0.0,2.5694,18,431653384,833,50634,141487,156790,4
hold_2v,hold,2.0,0.0,2.5915,19,431675942,833,122524,141520,156784,4
hold_2v,hold,2.0,0.0,2.6104,20,431694717,832,21956,141523,156782,4
hold_2v,hold,2.0,0.0,2.6336,21,431717219,833,84395,141538,156801,4
hold_2v,hold,2.0,0.0,2.6505,22,431736020,832,144422,141544,156798,4
hold_2v,hold,2.0,0.0,2.6727,23,431754787,832,42666,141477,156781,4
hold_2v,hold,2.0,0.0,2.6938,24,431777291,832,105307,141484,156786,4
hold_2v,hold,2.0,0.0,2.7107,25,431796095,833,9051,141559,156824,4
hold_2v,hold,2.0,0.0,2.734,26,431818599,832,71366,141488,156798,4
hold_2v,hold,2.0,0.0,2.7551,27,431837366,832,125932,141519,156783,4
hold_2v,hold,2.0,0.0,2.7752,28,431858618,833,132322,141560,156827,4
hold_2v,hold,2.0,0.0,2.7942,29,431877423,833,36436,141504,156763,4
hold_2v,hold,2.0,0.0,2.8111,30,431896195,833,92185,141542,156808,4
hold_2v,hold,2.0,0.0,2.8343,31,431918734,839,4289,141512,156772,4
hold_2v,hold,2.0,0.0,2.8544,32,431937479,832,55804,141506,156766,4
hold_2v,hold,2.0,0.0,2.8713,33,431956271,833,114694,141526,156788,4
hold_2v,hold,2.0,0.0,2.8935,34,431978811,833,26631,141490,156797,4
hold_2v,hold,2.0,0.0,2.9135,35,431997579,833,81300,141468,156770,4
hold_2v,hold,2.0,0.0,2.9315,36,432016345,833,135658,141478,156778,4
hold_2v,hold,2.0,0.0,2.9538,37,432038883,832,47487,141484,156788,4
hold_2v,hold,2.0,0.0,2.9739,38,432057659,832,103622,141482,156783,4
hold_2v,hold,2.0,0.0,2.995,39,432080194,831,15741,141501,156762,4
hold_2v,hold,2.0,0.0,3.0141,40,432098939,832,66620,141486,156790,4
hold_2v,hold,2.0,0.0,3.0194,41,432101476,832,27424,141488,156792,4
hold_2v,hold,2.0,0.0,3.0353,42,432120240,832,81319,141537,156800,4
hold_2v,hold,2.0,0.0,3.0543,43,432138958,832,127386,141483,156780,4
hold_2v,hold,2.0,0.0,3.0743,44,432157762,839,31375,141486,156790,4
hold_2v,hold,2.0,0.0,3.0964,45,432181551,832,155715,141498,156753,4
hold_2v,hold,2.0,0.0,3.1154,46,432200328,832,55585,141488,156748,4
hold_2v,hold,2.0,0.0,3.1344,47,432219091,832,109878,141497,156758,4
hold_2v,hold,2.0,0.0,3.1555,48,432241627,832,21886,141496,156756,4
hold_2v,hold,2.0,0.0,3.1756,49,432260389,839,76485,141476,156735,4
hold_2v,hold,2.0,0.0,3.1988,50,432282920,832,144524,141463,156757,4
hold_2v,hold,2.0,0.0,3.2157,51,432301694,830,44375,141461,156762,4
hold_2v,hold,2.0,0.0,3.2388,52,432324196,839,106854,141472,156773,4
hold_2v,hold,2.0,0.0,3.2588,53,432342969,833,5522,141538,156803,4
hold_2v,hold,2.0,0.0,3.2788,54,432361767,833,65178,141504,156768,4
hold_2v,hold,2.0,0.0,3.2957,55,432381791,837,19955,141518,156784,4
hold_2v,hold,2.0,0.0,3.3188,56,432404296,832,82838,141481,156781,4
hold_2v,hold,2.0,0.0,3.3409,57,432426832,825,151016,141492,156765,4
hold_2v,hold,2.0,0.0,3.3599,58,432445572,832,44363,141523,156789,4
hold_2v,hold,2.0,0.0,3.3841,59,432468111,833,113353,141523,156785,4
hold_2v,hold,2.0,0.0,3.401,60,432486912,833,17080,141539,156804,4
hold_2v,hold,2.0,0.0,3.4241,61,432509414,832,79760,141489,156793,4
hold_2v,hold,2.0,0.0,3.4737,62,432558173,833,58649,141541,156805,4
hold_2v,hold,2.0,0.0,3.4759,63,432559110,838,61236,141538,156804,0
hold_2v,hold,2.0,0.0,3.4843,64,432571210,833,79634,141533,156794,4
hold_2v,hold,2.0,0.0,3.5106,65,432588299,833,5835,141467,156766,4
hold_2v,hold,2.0,0.0,3.5296,66,432605409,833,92170,141467,156770,4
hold_2v,hold,2.0,0.0,3.5412,67,432622925,833,90740,141488,156791,4
hold_2v,hold,2.0,0.0,3.5485,68,432631569,832,148886,141504,156808,4
hold_2v,hold,2.0,0.0,3.5664,69,432652105,832,33987,141512,156774,4
hold_2v,hold,2.0,0.0,3.5854,70,432670874,832,89123,141493,156792,4
hold_2v,hold,2.0,0.0,3.6085,71,432693415,832,1322,141504,156767,4
hold_2v,hold,2.0,0.0,3.6296,72,432712190,832,57073,141498,156804,4
hold_2v,hold,2.0,0.0,3.6464,73,432732220,833,12133,141555,156820,4
hold_2v,hold,2.0,0.0,3.6654,74,432750961,839,62017,141484,156787,4
hold_2v,hold,2.0,0.0,3.6886,75,432773499,832,130677,141522,156782,4
hold_2v,hold,2.0,0.0,3.7086,76,432793522,832,85997,141474,156774,4
hold_2v,hold,2.0,0.0,3.7299,77,432812287,832,141170,141442,156739,4
hold_2v,hold,2.0,0.0,3.7459,78,432832322,832,98706,141466,156768,4
hold_2v,hold,2.0,0.0,3.7693,79,432854828,832,5737,141462,156760,4
hold_2v,hold,2.0,0.0,3.7884,80,432873601,832,61563,141469,156768,4
hold_2v,hold,2.0,0.0,3.8055,81,432892367,833,116257,141525,156791,4
hold_2v,hold,2.0,0.0,3.8299,82,432914903,832,28272,141466,156766,4
hold_2v,hold,2.0,0.0,3.8502,83,432933675,832,83993,141520,156784,4
hold_2v,hold,2.0,0.0,3.8703,84,432956183,832,147883,141452,156755,4
hold_2v,hold,2.0,0.0,3.8893,85,432974919,833,41140,141440,156740,4
hold_2v,hold,2.0,0.0,3.9083,86,432993720,832,101958,141511,156772,4
hold_2v,hold,2.0,0.0,3.9305,87,433016256,832,13911,141477,156776,4
hold_2v,hold,2.0,0.0,3.9494,88,433035028,833,69837,141524,156787,4
hold_2v,hold,2.0,0.0,3.9705,89,433057557,839,137413,141500,156763,4
hold_2v,hold,2.0,0.0,3.9894,90,433076329,833,36119,141518,156785,4
hold_2v,hold,2.0,0.0,4.0147,91,433098862,832,103508,141491,156793,4
hold_2v,hold,2.0,0.0,4.0211,92,433107360,836,136866,141512,156819,4
hold_2v,hold,2.0,0.0,4.0307,93,433117149,833,76041,141530,156794,4
hold_2v,hold,2.0,0.0,4.0518,94,433137656,833,113204,141513,156777,4
hold_2v,hold,2.0,0.0,4.0739,95,433160166,831,20300,141526,156790,4
hold_2v,hold,2.0,0.0,4.0939,96,433178942,839,76218,141515,156782,4
hold_2v,hold,2.0,0.0,4.1107,97,433197735,832,135599,141470,156770,4
hold_2v,hold,2.0,0.0,4.134,98,433220243,832,42829,141494,156756,4
hold_2v,hold,2.0,0.0,4.153,99,433239017,832,99028,141466,156763,4
hold_2v,hold,2.0,0.0,4.174,100,433258985,831,44567,141495,156798,4
hold_2v,hold,2.0,0.0,4.1951,101,433281573,832,121106,141504,156811,4
hold_2v,hold,2.0,0.0,4.2193,102,433304087,832,28497,141469,156770,4
hold_2v,hold,2.0,0.0,4.2362,103,433322876,832,87275,141517,156779,4
hold_2v,hold,2.0,0.0,4.2552,104,433341648,833,142726,141502,156804,4
hold_2v,hold,2.0,0.0,4.2784,105,433364153,832,49009,141495,156798,4
hold_2v,hold,2.0,0.0,4.2963,106,433382947,833,108481,141501,156764,4
hold_2v,hold,2.0,0.0,4.3195,107,433405463,832,17520,141472,156729,4
hold_2v,hold,2.0,0.0,4.3387,108,433424222,832,71678,141474,156734,4
hold_2v,hold,2.0,0.0,4.3577,109,433444244,832,26912,141487,156745,4
hold_2v,hold,2.0,0.0,4.3797,110,433466751,838,91183,141467,156728,4
hold_2v,hold,2.0,0.0,4.3987,111,433485545,832,151000,141459,156732,4
hold_2v,hold,2.0,0.0,4.4209,112,433508056,831,59121,141445,156741,4
hold_2v,hold,2.0,0.0,4.4401,113,433526817,831,113477,141462,156759,4
hold_2v,hold,2.0,0.0,4.459,114,433545586,832,12636,141467,156765,4
hold_2v,hold,2.0,0.0,4.4833,115,433569320,833,127918,141500,156761,4
hold_2v,hold,2.0,0.0,4.5013,116,433588147,833,36398,141449,156746,4
hold_2v,hold,2.0,0.0,4.5235,117,433608018,835,122875,141491,156749,4
hold_2v,hold,2.0,0.0,4.5245,118,433608962,832,126631,141488,156751,0
hold_2v,hold,2.0,0.0,4.5386,119,433625682,832,147132,141472,156756,4
hold_2v,hold,2.0,0.0,4.5609,120,433648193,832,55636,141434,156730,4
hold_2v,hold,2.0,0.0,4.5799,121,433666982,833,114843,141521,156785,4
hold_2v,hold,2.0,0.0,4.6053,122,433689491,832,22042,141446,156747,4
hold_2v,hold,2.0,0.0,4.6212,123,433708263,832,77825,141539,156806,4
hold_2v,hold,2.0,0.0,4.6403,124,433727031,832,132737,141495,156756,4
hold_2v,hold,2.0,0.0,4.6636,125,433749539,833,39413,141516,156784,4
hold_2v,hold,2.0,0.0,4.6805,126,433768314,832,95631,141492,156753,4
hold_2v,hold,2.0,0.0,4.7049,127,433790846,832,7656,141444,156702,4
hold_2v,hold,2.0,0.0,4.724,0,433809588,831,58873,141462,156759,4
hold_2v,hold,2.0,0.0,4.7593,1,433835709,832,109995,141489,156793,4
hold_2v,hold,2.0,0.0,4.771,2,433852768,834,31358,141523,156788,4
hold_2v,hold,2.0,0.0,4.7817,3,433868429,833,28207,141530,156794,4
hold_2v,hold,2.0,0.0,4.8243,4,433900945,832,68313,141537,156802,4
hold_2v,hold,2.0,0.0,4.8308,5,433917858,832,120988,141469,156769,4
hold_2v,hold,2.0,0.0,4.8436,6,433929930,833,135359,141501,156762,4
hold_2v,hold,2.0,0.0,4.8628,7,433949756,834,56948,141507,156770,4
hold_2v,hold,2.0,0.0,4.885,8,433972286,832,124208,141476,156779,4
hold_2v,hold,2.0,0.0,4.9041,9,433991063,833,23686,141539,156804,4
hold_2v,hold,2.0,0.0,4.9274,10,434013595,838,90602,141531,156838,4
hold_2v,hold,2.0,0.0,4.9455,11,434032368,833,145587,141527,156824,4
hold_2v,hold,2.0,0.0,4.9635,12,434051134,832,42858,141456,156755,4
hold_2v,hold,2.0,0.0,4.9857,13,434073663,832,109764,141497,156800,4
hold_2v,hold,2.0,0.0,5.0046,14,434092438,832,8789,141516,156819,4
hold_2v,hold,2.0,0.0,5.0237,15,434106187,832,150981,141485,156799,4
hold_2v,hold,2.0,0.0,5.029,16,434114727,833,34596,141543,156809,4
hold_2v,hold,2.0,0.0,5.0448,17,434132440,832,66766,141490,156793,4
hold_2v,hold,2.0,0.0,5.0658,18,434151264,833,130541,141527,156834,4
hold_2v,hold,2.0,0.0,5.089,19,434175061,832,98542,141511,156815,4
hold_2v,hold,2.0,0.0,5.1058,20,434193829,826,152872,141536,156814,4
hold_2v,hold,2.0,0.0,5.129,21,434216363,834,63634,141530,156792,4
hold_2v,hold,2.0,0.0,5.1493,22,434235109,832,114587,141509,156769,4
hold_2v,hold,2.0,0.0,5.1704,23,434257648,832,26399,141542,156809,4
hold_2v,hold,2.0,0.0,5.1894,24,434276415,833,81134,141515,156779,4
hold_2v,hold,2.0,0.0,5.2105,25,434297693,837,92593,141464,156766,4
hold_2v,hold,2.0,0.0,5.2295,26,434316461,833,147827,141487,156736,4
hold_2v,hold,2.0,0.0,5.2495,27,434335238,832,47640,141505,156772,4
hold_2v,hold,2.0,0.0,5.2706,28,434357768,832,114955,141511,156774,4
hold_2v,hold,2.0,0.0,5.2885,29,434376543,832,13880,141525,156790,4
hold_2v,hold,2.0,0.0,5.3107,30,434399082,833,82512,141507,156808,4
hold_2v,hold,2.0,0.0,5.3296,31,434417795,832,127512,141547,156815,4
hold_2v,hold,2.0,0.0,5.3538,32,434440364,832,44480,141561,156827,4
hold_2v,hold,2.0,0.0,5.3707,33,434459159,833,103556,141507,156810,4
hold_2v,hold,2.0,0.0,5.3938,34,434481673,832,11034,141510,156769,4
hold_2v,hold,2.0,0.0,5.4139,35,434500446,832,66577,141541,156805,4
hold_2v,hold,2.0,0.0,5.4362,36,434522978,832,134057,141471,156774,4
hold_2v,hold,2.0,0.0,5.4552,37,434542974,832,84248,141467,156765,4
hold_2v,hold,2.0,0.0,5.4741,38,434561741,832,138831,141501,156803,4
hold_2v,hold,2.0,0.0,5.4962,39,434584280,833,50454,141549,156815,4
hold_2v,hold,2.0,0.0,5.5205,40,434603050,833,105178,141531,156794,4
hold_2v,hold,2.0,0.0,5.5257,41,434611607,832,148781,141531,156814,4
hold_2v,hold,2.0,0.0,5.5363,42,434623728,833,14528,141515,156778,4
hold_2v,hold,2.0,0.0,5.5553,43,434643100,832,15449,141538,156801,4
hold_2v,hold,2.0,0.0,5.5743,44,434661893,832,74736,141467,156772,4
hold_2v,hold,2.0,0.0,5.5964,45,434684394,833,136862,141537,156803,4
hold_2v,hold,2.0,0.0,5.6154,46,434703143,833,31288,141524,156786,4
hold_2v,hold,2.0,0.0,5.6344,47,434721939,838,90964,141470,156769,4
hold_2v,hold,2.0,0.0,5.6565,48,434744486,833,4275,141475,156772,4
hold_2v,hold,2.0,0.0,5.6755,49,434763250,833,58610,141496,156800,4
hold_2v,hold,2.0,0.0,5.6944,50,434782017,832,113294,141519,156782,4
hold_2v,hold,2.0,0.0,5.7155,51,434804563,832,26648,141477,156775,4
hold_2v,hold,2.0,0.0,5.7348,52,434823300,839,76542,141498,156759,4
hold_2v,hold,2.0,0.0,5.7562,53,434844601,832,92322,141465,156760,4
hold_2v,hold,2.0,0.0,5.7753,54,434863350,832,144405,141500,156760,4
hold_2v,hold,2.0,0.0,5.7944,55,434882118,832,42891,141505,156765,4
hold_2v,hold,2.0,0.0,5.8167,56,434904656,832,111565,141458,156760,4
hold_2v,hold,2.0,0.0,5.8347,57,434923399,832,5599,141508,156813,4
hold_2v,hold,2.0,0.0,5.8612,58,434945876,837,63351,141507,156810,4
hold_2v,hold,2.0,0.0,5.875,59,434963475,832,76222,141504,156765,4
hold_2v,hold,2.0,0.0,5.8993,60,434985948,832,134103,141470,156771,4
hold_2v,hold,2.0,0.0,5.9161,61,435004747,832,37910,141487,156747,4
hold_2v,hold,2.0,0.0,5.9393,62,435027286,832,107158,141474,156735,4
hold_2v,hold,2.0,0.0,5.9583,63,435046059,831,6423,141455,156754,4
hold_2v,hold,2.0,0.0,5.9794,64,435066084,832,118229,141500,156803,4
hold_2v,hold,2.0,0.0,5.9963,65,435084858,833,17159,141517,156780,4
hold_2v,hold,2.0,0.0,6.0227,66,435108557,832,126133,141550,156819,4
hold_2v,hold,2.0,0.0,6.0248,67,435109494,833,128608,141536,156843,0
hold_2v,hold,2.0,0.0,6.0565,68,435138619,837,61743,141549,156818,4
hold_2v,hold,2.0,0.0,6.0649,69,435153053,832,6420,141528,156794,4
hold_2v,hold,2.0,0.0,6.0787,70,435165153,833,24802,141516,156819,4
hold_2v,hold,2.0,0.0,6.104,71,435184743,832,62119,141541,156805,4
hold_2v,hold,2.0,0.0,6.1261,72,435215019,833,34453,141538,156803,4
hold_2v,hold,2.0,0.0,6.1367,73,435225827,833,147479,141453,156758,4
hold_2v,hold,2.0,0.0,6.1584,74,435246281,832,19089,141443,156744,4
hold_2v,hold,2.0,0.0,6.1786,75,435266275,832,126344,141493,156756,4
hold_2v,hold,2.0,0.0,6.1999,76,435288839,833,43100,141469,156726,4
hold_2v,hold,2.0,0.0,6.219,77,435307601,832,97300,141521,156783,4
hold_2v,hold,2.0,0.0,6.2403,78,435326378,833,154153,141501,156756,4
hold_2v,hold,2.0,0.0,6.2605,79,435348881,832,60442,141461,156761,4
hold_2v,hold,2.0,0.0,6.2785,80,435367655,831,116468,141469,156768,4
hold_2v,hold,2.0,0.0,6.3039,81,435391443,832,84558,141500,156759,4
hold_2v,hold,2.0,0.0,6.321,82,435410203,832,138876,141464,156762,4
hold_2v,hold,2.0,0.0,6.34,83,435428983,832,39647,141466,156767,4
hold_2v,hold,2.0,0.0,6.3644,84,435451509,833,106500,141505,156806,4
hold_2v,hold,2.0,0.0,6.3813,85,435470285,838,6074,141480,156782,4
hold_2v,hold,2.0,0.0,6.4004,86,435489029,834,57346,141475,156734,4
hold_2v,hold,2.0,0.0,6.4236,87,435511553,832,124348,141492,156794,4
hold_2v,hold,2.0,0.0,6.4417,88,435530328,833,23794,141442,156742,4
hold_2v,hold,2.0,0.0,6.4597,89,435549091,831,77964,141492,156757,4
hold_2v,hold,2.0,0.0,6.4799,90,435569087,832,28523,141483,156744,4
hold_2v,hold,2.0,0.0,6.5042,91,435591651,832,102067,141467,156724,4
hold_2v,hold,2.0,0.0,6.5243,92,435611589,833,42991,141515,156776,4
hold_2v,hold,2.0,0.0,6.5265,93,435612552,838,50030,141472,156770,0
hold_2v,hold,2.0,0.0,6.5413,94,435629185,832,55435,141478,156779,4
hold_2v,hold,2.0,0.0,6.5636,95,435651714,832,122812,141524,156790,4
hold_2v,hold,2.0,0.0,6.5859,96,435671748,839,79295,141520,156786,4
hold_2v,hold,2.0,0.0,6.604,97,435692999,833,85995,141515,156778,4
hold_2v,hold,2.0,0.0,6.6241,98,435713025,832,41233,141499,156801,4
hold_2v,hold,2.0,0.0,6.6453,99,435731797,832,97034,141505,156766,4
hold_2v,hold,2.0,0.0,6.6612,100,435750600,833,156748,141538,156799,4
hold_2v,hold,2.0,0.0,6.6844,101,435773103,832,64027,141463,156763,4
hold_2v,hold,2.0,0.0,6.7045,102,435791872,832,119653,141482,156738,4
hold_2v,hold,2.0,0.0,6.7215,103,435810642,836,18683,141487,156790,4
hold_2v,hold,2.0,0.0,6.7448,104,435833152,830,82996,141459,156762,4
hold_2v,hold,2.0,0.0,6.7639,105,435853148,833,32946,141503,156768,4
hold_2v,hold,2.0,0.0,6.784,106,435871940,831,92349,141461,156719,4
hold_2v,hold,2.0,0.0,6.8052,107,435894457,832,1144,141446,156745,4
hold_2v,hold,2.0,0.0,6.8242,108,435913221,832,56079,141440,156734,4
hold_2v,hold,2.0,0.0,6.8465,109,435932010,832,115198,141468,156770,4
hold_2v,hold,2.0,0.0,6.8636,110,435952015,832,66919,141480,156784,4
hold_2v,hold,2.0,0.0,6.8848,111,435974572,833,138745,141496,156800,4
hold_2v,hold,2.0,0.0,6.9039,112,435993329,833,34584,141541,156806,4
hold_2v,hold,2.0,0.0,6.924,113,436012096,832,89182,141477,156777,4
hold_2v,hold,2.0,0.0,6.9452,114,436034636,833,1175,141463,156765,4
hold_2v,hold,2.0,0.0,6.9643,115,436053409,832,56906,141521,156785,4
hold_2v,hold,2.0,0.0,6.9855,116,436075913,837,119489,141528,156790,4
hold_2v,hold,2.0,0.0,7.0036,117,436094688,832,18629,141537,156804,4
hold_2v,hold,2.0,0.0,7.0259,118,436113407,833,64913,141482,156783,4
hold_2v,hold,2.0,0.0,7.0313,119,436114344,825,67435,141475,156779,0
hold_2v,hold,2.0,0.0,7.0471,120,436136005,833,144031,141454,156770,4
hold_2v,hold,2.0,0.0,7.0694,121,436157254,825,150787,141464,156743,4
hold_2v,hold,2.0,0.0,7.0863,122,436174766,826,149225,141481,156737,4
hold_2v,hold,2.0,0.0,7.1076,123,436196060,832,6192,141503,156766,4
hold_2v,hold,2.0,0.0,7.1298,124,436217337,832,17689,141445,156741,4
hold_2v,hold,2.0,0.0,7.1467,125,436236100,832,71695,141565,156831,4
hold_2v,hold,2.0,0.0,7.1648,126,436254874,833,127506,141511,156773,4
hold_2v,hold,2.0,0.0,7.1892,127,436277412,831,39515,141475,156778,4
hold_2v,hold,2.0,0.0,7.2072,0,436296182,833,94203,141536,156802,4
hold_2v,hold,2.0,0.0,7.2252,1,436314951,832,148989,141509,156805,4
hold_2v,hold,2.0,0.0,7.2495,2,436337460,832,55565,141484,156788,4
hold_2v,hold,2.0,0.0,7.2665,3,436356231,832,110823,141515,156780,4
hold_2v,hold,2.0,0.0,7.2855,4,436376225,833,60424,141517,156778,4
hold_2v,hold,2.0,0.0,7.3088,5,436398785,833,132185,141546,156811,4
hold_2v,hold,2.0,0.0,7.3416,6,436417563,834,31289,141559,156827,4
hold_2v,hold,2.0,0.0,7.3585,7,436439464,833,147443,141539,156810,4
hold_2v,hold,2.0,0.0,7.3691,8,436457217,832,29147,141532,156800,4
hold_2v,hold,2.0,0.0,7.3987,9,436476409,832,155508,141571,156855,4
hold_2v,hold,2.0,0.0,7.4156,10,436497038,834,55367,141547,156813,4
hold_2v,hold,2.0,0.0,7.4294,11,436516692,832,103795,141487,156751,4
hold_2v,hold,2.0,0.0,7.4464,12,436536463,833,15608,141513,156774,4
hold_2v,hold,2.0,0.0,7.4686,13,436558964,833,77527,141542,156810,4
hold_2v,hold,2.0,0.0,7.4877,14,436577761,833,136947,141528,156791,4
hold_2v,hold,2.0,0.0,7.5057,15,436596536,832,35968,141521,156786,4
hold_2v,hold,2.0,0.0,7.5196,16,436610289,833,21899,141542,156811,4
hold_2v,hold,2.0,0.0,7.5312,17,436621123,833,138841,141550,156817,4
hold_2v,hold,2.0,0.0,7.5493,18,436639044,831,49473,141460,156761,4
hold_2v,hold,2.0,0.0,7.5683,19,436657873,832,114605,141530,156795,4
hold_2v,hold,2.0,0.0,7.5906,20,436680386,832,21950,141525,156787,4
hold_2v,hold,2.0,0.0,7.6086,21,436699156,832,76318,141554,156821,4
hold_2v,hold,2.0,0.0,7.6276,22,436717954,832,136187,141530,156797,4
hold_2v,hold,2.0,0.0,7.651,23,436740464,832,42639,141502,156805,4
hold_2v,hold,2.0,0.0,7.6713,24,436760489,833,153767,141539,156834,4
hold_2v,hold,2.0,0.0,7.6904,25,436780535,832,111195,141517,156821,4
hold_2v,hold,2.0,0.0,7.7085,26,436799307,832,9084,141494,156796,4
hold_2v,hold,2.0,0.0,7.7317,27,436821848,833,77556,141545,156813,4
hold_2v,hold,2.0,0.0,7.7509,28,436840620,832,132112,141529,156835,4
hold_2v,hold,2.0,0.0,7.7702,29,436859370,833,26337,141516,156821,4
hold_2v,hold,2.0,0.0,7.7914,30,436881904,832,93567,141518,156823,4
hold_2v,hold,2.0,0.0,7.8114,31,436900672,832,147735,141481,156790,4
hold_2v,hold,2.0,0.0,7.8304,32,436920702,833,103310,141562,156832,4
hold_2v,hold,2.0,0.0,7.8526,33,436943186,833,5433,141501,156806,4
hold_2v,hold,2.0,0.0,7.8708,34,436962012,833,69937,141533,156797,4
hold_2v,hold,2.0,0.0,7.8912,35,436980784,832,125537,141504,156766,4
hold_2v,hold,2.0,0.0,7.9137,36,437003292,840,31436,141510,156814,4
hold_2v,hold,2.0,0.0,7.9307,37,437022086,833,90603,141566,156833,4
hold_2v,hold,2.0,0.0,7.9551,38,437044594,832,153608,141531,156791,4
hold_2v,hold,2.0,0.0,7.9753,39,437064616,833,108208,141502,156762,4
hold_2v,hold,2.0,0.0,7.9943,40,437083394,832,8039,141505,156808,4
hold_2v,hold,2.0,0.0,8.0113,41,437102160,839,61943,141489,156795,4
hold_2v,hold,2.0,0.0,8.0219,42,437112971,832,18053,141507,156811,4
hold_2v,hold,2.0,0.0,8.0336,43,437122811,833,122692,141506,156813,4
hold_2v,hold,2.0,0.0,8.0548,44,437142208,833,127389,141532,156799,4
hold_2v,hold,2.0,0.0,8.0749,45,437163487,832,138691,141499,156801,4
hold_2v,hold,2.0,0.0,8.095,46,437186009,832,47591,141525,156791,4
hold_2v,hold,2.0,0.0,8.1141,47,437204802,833,106365,141542,156808,4
hold_2v,hold,2.0,0.0,8.1342,48,437224778,832,52303,141474,156778,4
hold_2v,hold,2.0,0.0,8.1554,49,437243571,833,111205,141512,156817,4
hold_2v,hold,2.0,0.0,8.1745,50,437266086,832,18898,141517,156780,4
hold_2v,hold,2.0,0.0,8.1937,51,437284887,839,79104,141507,156767,4
hold_2v,hold,2.0,0.0,8.216,52,437307396,832,142888,141530,156792,4
hold_2v,hold,2.0,0.0,8.235,53,437326167,833,40979,141523,156832,4
hold_2v,hold,2.0,0.0,8.2541,54,437344936,833,95134,141538,156808,4
hold_2v,hold,2.0,0.0,8.2763,55,437367473,831,6110,141545,156813,4
hold_2v,hold,2.0,0.0,8.2954,56,437386243,833,60538,141542,156809,4
hold_2v,hold,2.0,0.0,8.3145,57,437405009,832,114389,141563,156831,4
hold_2v,hold,2.0,0.0,8.3356,58,437427543,833,24536,141558,156827,4
hold_2v,hold,2.0,0.0,8.3547,59,437446315,833,79726,141520,156784,4
hold_2v,hold,2.0,0.0,8.3748,60,437465082,835,133865,141567,156839,4
hold_2v,hold,2.0,0.0,8.396,61,437487627,836,45669,141532,156838,4
hold_2v,hold,2.0,0.0,8.4161,62,437506398,833,100150,141583,156856,4
hold_2v,hold,2.0,0.0,8.4362,63,437526394,833,49146,141513,156820,4
hold_2v,hold,2.0,0.0,8.4552,64,437545189,833,108184,141553,156820,4
hold_2v,hold,2.0,0.0,8.4753,65,437565241,833,66486,141587,156859,4
hold_2v,hold,2.0,0.0,8.4965,66,437587771,833,132223,141577,156846,4
hold_2v,hold,2.0,0.0,8.5199,67,437606551,832,31769,141469,156768,4
hold_2v,hold,2.0,0.0,8.5273,68,437615103,833,74389,141547,156812,4
hold_2v,hold,2.0,0.0,8.5358,69,437628600,833,16791,141539,156803,4
hold_2v,hold,2.0,0.0,8.5559,70,437646595,832,97127,141510,156773,4
hold_2v,hold,2.0,0.0,8.5793,71,437669105,833,4392,141540,156809,4
hold_2v,hold,2.0,0.0,8.5995,72,437687910,839,64811,141519,156824,4
hold_2v,hold,2.0,0.0,8.6155,73,437707910,832,15471,141472,156776,4
hold_2v,hold,2.0,0.0,8.6536,74,437736491,833,14185,141482,156743,4
hold_2v,hold,2.0,0.0,8.6643,75,437753605,831,101817,141487,156744,4
hold_2v,hold,2.0,0.0,8.676,76,437767960,833,33436,141535,156801,4
hold_2v,hold,2.0,0.0,8.7131,77,437794196,833,103227,141542,156809,4
hold_2v,hold,2.0,0.0,8.7205,78,437811148,832,5794,141526,156793,4
hold_2v,hold,2.0,0.0,8.7364,79,437828036,832,54087,141546,156812,4
hold_2v,hold,2.0,0.0,8.7597,80,437850564,838,120976,141488,156789,4
hold_2v,hold,2.0,0.0,8.7788,81,437869340,833,20334,141522,156784,4
hold_2v,hold,2.0,0.0,8.7957,82,437888105,832,75123,141476,156773,4
hold_2v,hold,2.0,0.0,8.8188,83,437910645,832,144283,141467,156788,4
hold_2v,hold,2.0,0.0,8.8409,84,437929384,833,38066,141461,156758,4
hold_2v,hold,2.0,0.0,8.8588,85,437950658,832,48847,141527,156792,4
hold_2v,hold,2.0,0.0,8.8789,86,437969427,833,103514,141536,156800,4
hold_2v,hold,2.0,0.0,8.8979,87,437989453,832,58749,141475,156773,4
hold_2v,hold,2.0,0.0,8.92,88,438011961,832,122344,141518,156781,4
hold_2v,hold,2.0,0.0,8.9391,89,438030766,832,26619,141458,156757,4
hold_2v,hold,2.0,0.0,8.9615,90,438053269,834,88856,141550,156820,4
hold_2v,hold,2.0,0.0,8.9806,91,438072073,839,149417,141518,156788,4
hold_2v,hold,2.0,0.0,9.0041,92,438092036,831,94364,141447,156745,4
hold_2v,hold,2.0,0.0,9.0243,93,438112032,832,44513,141475,156775,4
hold_2v,hold,2.0,0.0,9.0255,94,438114605,833,11588,141446,156744,4
hold_2v,hold,2.0,0.0,9.0404,95,438130859,832,109795,141491,156793,4
hold_2v,hold,2.0,0.0,9.0596,96,438152138,833,121128,141480,156779,4
hold_2v,hold,2.0,0.0,9.0839,97,438174675,833,33064,141531,156798,4
hold_2v,hold,2.0,0.0,9.1007,98,438193441,832,87303,141525,156787,4
hold_2v,hold,2.0,0.0,9.1197,99,438212213,833,142867,141482,156773,4
hold_2v,hold,2.0,0.0,9.144,100,438234716,832,49187,141510,156770,4
hold_2v,hold,2.0,0.0,9.161,101,438253508,835,108256,141528,156791,4
hold_2v,hold,2.0,0.0,9.1813,102,438272265,832,4449,141497,156759,4
hold_2v,hold,2.0,0.0,9.2005,103,438292281,833,114858,141533,156798,4
hold_2v,hold,2.0,0.0,9.223,104,438314820,832,26721,141505,156766,4
hold_2v,hold,2.0,0.0,9.2412,105,438333584,833,81026,141510,156769,4
hold_2v,hold,2.0,0.0,9.2636,106,438356120,832,149447,141503,156812,4
hold_2v,hold,2.0,0.0,9.2838,107,438376097,832,96012,141526,156791,4
hold_2v,hold,2.0,0.0,9.304,108,438394894,833,155550,141533,156787,4
hold_2v,hold,2.0,0.0,9.3252,109,438417431,832,66652,141516,156819,4
hold_2v,hold,2.0,0.0,9.3444,110,438436207,839,122770,141492,156794,4
hold_2v,hold,2.0,0.0,9.3635,111,438454955,839,17150,141485,156784,4
hold_2v,hold,2.0,0.0,9.3819,112,438475010,833,133739,141535,156803,4
hold_2v,hold,2.0,0.0,9.4054,113,438497524,833,40760,141558,156826,4
hold_2v,hold,2.0,0.0,9.4244,114,438516288,832,94547,141529,156791,4
hold_2v,hold,2.0,0.0,9.4455,115,438538833,833,7099,141496,156798,4
hold_2v,hold,2.0,0.0,9.4655,116,438557602,832,61837,141507,156811,4
hold_2v,hold,2.0,0.0,9.4886,117,438580135,832,128982,141548,156853,4
hold_2v,hold,2.0,0.0,9.5054,118,438598885,832,23649,141492,156793,4
hold_2v,hold,2.0,0.0,9.5255,119,438612660,832,13716,141523,156788,4
hold_2v,hold,2.0,0.0,9.5297,120,438621162,832,47839,141499,156803,4
hold_2v,hold,2.0,0.0,9.5486,121,438638929,836,89069,141533,156798,4
hold_2v,hold,2.0,0.0,9.5698,122,438660181,832,95693,141534,156798,4
hold_2v,hold,2.0,0.0,9.5899,123,438682726,833,9133,141513,156773,4
hold_2v,hold,2.0,0.0,9.6099,124,438702743,837,119349,141553,156818,4
hold_2v,hold,2.0,0.0,9.6288,125,438721519,832,18795,141524,156786,4
hold_2v,hold,2.0,0.0,9.6488,126,438741544,832,130446,141514,156821,4
hold_2v,hold,2.0,0.0,9.671,127,438764089,832,42615,141509,156812,4
hold_2v,hold,2.0,0.0,9.69,0,438782829,832,92045,141509,156813,4
hold_2v,hold,2.0,0.0,9.7122,1,438805369,832,4512,141523,156787,4
hold_2v,hold,2.0,0.0,9.7312,2,438824134,833,58863,141470,156769,4
hold_2v,hold,2.0,0.0,9.7543,3,438846672,831,127706,141535,156801,4
hold_2v,hold,2.0,0.0,9.7744,4,438865445,832,26681,141503,156761,4
hold_2v,hold,2.0,0.0,9.7913,5,438884211,832,81232,141482,156782,4
hold_2v,hold,2.0,0.0,9.8176,6,438906727,832,146255,141527,156766,4
hold_2v,hold,2.0,0.0,9.8345,7,438926750,832,100522,141544,156811,4
hold_2v,hold,2.0,0.0,9.8506,8,438944236,832,94186,141447,156745,4
hold_2v,hold,2.0,0.0,9.8729,9,438964288,832,53833,141517,156784,4
hold_2v,hold,2.0,0.0,9.8942,10,438986818,832,121013,141530,156797,4
hold_2v,hold,2.0,0.0,9.9122,11,439005596,832,20220,141515,156780,4
hold_2v,hold,2.0,0.0,9.9514,12,439034181,832,18764,141508,156812,4
hold_2v,hold,2.0,0.0,9.9588,13,439051291,833,105071,141553,156819,4
hold_2v,hold,2.0,0.0,9.9727,14,439065672,832,40787,141551,156817,4
hold_2v,hold,2.0,0.0,10.0087,15,439091961,832,119735,141503,156766,4
hold_2v,hold,2.0,0.0,10.0193,16,439108862,832,13837,141542,156808,4
hold_2v,hold,2.0,0.0,10.0215,17,439113960,832,96306,141494,156797,4
hold_2v,hold,2.0,0.0,10.0342,18,439126990,832,116455,141513,156776,4
hold_2v,hold,2.0,0.0,10.0565,19,439149509,832,25007,141454,156752,4
hold_2v,hold,2.0,0.0,10.0755,20,439168273,832,79584,141514,156775,4
hold_2v,hold,2.0,0.0,10.0967,21,439187040,839,134274,141511,156773,4
hold_2v,hold,2.0,0.0,10.1158,22,439209531,833,38099,141502,156762,4
hold_2v,hold,2.0,0.0,10.1348,23,439228325,831,97419,141500,156761,4
hold_2v,hold,2.0,0.0,10.1539,24,439247100,832,154468,141458,156718,4
hold_2v,hold,2.0,0.0,10.1794,25,439269627,832,65030,141491,156793,4
hold_2v,hold,2.0,0.0,10.1964,26,439289654,833,20028,141496,156799,4
hold_2v,hold,2.0,0.0,10.2155,27,439308424,833,74585,141544,156811,4
hold_2v,hold,2.0,0.0,10.2387,28,439330926,834,137076,141523,156786,4
hold_2v,hold,2.0,0.0,10.2556,29,439349730,834,41235,141521,156784,4
hold_2v,hold,2.0,0.0,10.2746,30,439368476,833,92192,141489,156792,4
hold_2v,hold,2.0,0.0,10.2988,31,439391018,833,4378,141521,156784,4
hold_2v,hold,2.0,0.0,10.3156,32,439409791,833,60150,141527,156793,4
hold_2v,hold,2.0,0.0,10.3388,33,439432295,832,122782,141527,156787,4
hold_2v,hold,2.0,0.0,10.3588,34,439451067,832,22088,141454,156752,4
hold_2v,hold,2.0,0.0,10.3798,35,439473576,832,86675,141480,156739,4
hold_2v,hold,2.0,0.0,10.3999,36,439493625,832,45868,141484,156785,4
hold_2v,hold,2.0,0.0,10.4212,37,439513590,832,147426,141486,156785,4
hold_2v,hold,2.0,0.0,10.4385,38,439532397,834,52131,141466,156769,4
hold_2v,hold,2.0,0.0,10.461,39,439554929,839,119759,141510,156774,4
hold_2v,hold,2.0,0.0,10.4812,40,439573711,839,20117,141497,156800,4
hold_2v,hold,2.0,0.0,10.4992,41,439592476,832,74878,141433,156729,4
hold_2v,hold,2.0,0.0,10.524,42,439616178,833,28622,141505,156764,4
hold_2v,hold,2.0,0.0,10.5262,43,439617117,833,31445,141457,156757,0
hold_2v,hold,2.0,0.0,10.5399,44,439633746,833,36295,141504,156810,4
hold_2v,hold,2.0,0.0,10.5643,45,439656275,832,103532,141471,156768,4
hold_2v,hold,2.0,0.0,10.5813,46,439675057,832,3879,141515,156774,4
hold_2v,hold,2.0,0.0,10.6004,47,439693824,833,58613,141490,156792,4
hold_2v,hold,2.0,0.0,10.6238,48,439716335,832,123056,141485,156786,4
hold_2v,hold,2.0,0.0,10.6429,49,439736358,832,77972,141445,156743,4
hold_2v,hold,2.0,0.0,10.661,50,439755152,840,137007,141516,156780,4
hold_2v,hold,2.0,0.0,10.6843,51,439777662,830,44508,141441,156739,4
hold_2v,hold,2.0,0.0,10.7045,52,439796425,833,98827,141496,156796,4
hold_2v,hold,2.0,0.0,10.7215,53,439815164,829,149209,141471,156758,4
hold_2v,hold,2.0,0.0,10.7452,54,439837708,832,62031,141482,156786,4
hold_2v,hold,2.0,0.0,10.766,55,439856502,832,121301,141491,156792,4
hold_2v,hold,2.0,0.0,10.7848,56,439877759,832,129034,141476,156734,4
hold_2v,hold,2.0,0.0,10.8065,57,439900297,833,41046,141539,156801,4
hold_2v,hold,2.0,0.0,10.8266,58,439919034,835,90773,141533,156797,4
hold_2v,hold,2.0,0.0,10.8453,59,439939060,832,45877,141481,156782,4
hold_2v,hold,2.0,0.0,10.8691,60,439961588,832,112932,141512,156777,4
hold_2v,hold,2.0,0.0,10.8864,61,439980363,832,12652,141516,156779,4
hold_2v,hold,2.0,0.0,10.9099,62,440002902,832,81088,141514,156820,4
hold_2v,hold,2.0,0.0,10.9281,63,440021668,832,135190,141490,156795,4
hold_2v,hold,2.0,0.0,10.9504,64,440044185,832,42561,141504,156809,4
hold_2v,hold,2.0,0.0,10.9705,65,440062952,833,96574,141520,156824,4
hold_2v,hold,2.0,0.0,10.9885,66,440081719,833,150583,141565,156837,4
hold_2v,hold,2.0,0.0,11.0106,67,440104266,840,63164,141557,156825,4
hold_2v,hold,2.0,0.0,11.0211,68,440115787,833,139683,141558,156825,4
hold_2v,hold,2.0,0.0,11.0296,69,440124970,833,132788,141557,156824,4
hold_2v,hold,2.0,0.0,11.0497,70,440143064,833,72993,141543,156810,4
hold_2v,hold,2.0,0.0,11.0731,71,440165597,833,140088,141557,156827,4
hold_2v,hold,2.0,0.0,11.0901,72,440184349,834,34456,141569,156839,4
hold_2v,hold,2.0,0.0,11.1144,73,440203147,833,93917,141549,156813,4
hold_2v,hold,2.0,0.0,11.1312,74,440225658,833,156637,141566,156826,4
hold_2v,hold,2.0,0.0,11.1502,75,440244433,833,55223,141552,156818,4
hold_2v,hold,2.0,0.0,11.1734,76,440266969,832,122575,141527,156830,4
hold_2v,hold,2.0,0.0,11.1913,77,440285747,833,21793,141531,156841,4
hold_2v,hold,2.0,0.0,11.2114,78,440304516,832,76087,141541,156807,4
hold_2v,hold,2.0,0.0,11.26,79,440353275,832,53942,141526,156837,4
hold_2v,hold,2.0,0.0,11.2631,80,440354215,833,56789,141518,156822,0
hold_2v,hold,2.0,0.0,11.2737,81,440366332,833,77648,141605,156878,4
hold_2v,hold,2.0,0.0,11.3063,82,440389630,833,117453,141545,156812,4
hold_2v,hold,2.0,0.0,11.3137,83,440408036,832,109842,141510,156815,4
hold_2v,hold,2.0,0.0,11.3306,84,440425922,833,14274,141585,156815,4
hold_2v,hold,2.0,0.0,11.3537,85,440448452,832,80918,141510,156811,4
hold_2v,hold,2.0,0.0,11.3748,86,440467219,834,135792,141452,156747,4
hold_2v,hold,2.0,0.0,11.3937,87,440488501,833,147506,141547,156790,4
hold_2v,hold,2.0,0.0,11.4158,88,440511017,833,54879,141533,156797,4
hold_2v,hold,2.0,0.0,11.4348,89,440529779,832,108383,141496,156760,4
hold_2v,hold,2.0,0.0,11.459,90,440552317,832,20023,141520,156824,4
hold_2v,hold,2.0,0.0,11.4758,91,440571115,833,79442,141514,156820,4
hold_2v,hold,2.0,0.0,11.499,92,440593626,833,141506,141569,156839,4
hold_2v,hold,2.0,0.0,11.5222,93,440612402,833,40751,141544,156809,4
hold_2v,hold,2.0,0.0,11.5264,94,440620846,833,64885,141496,156798,4
hold_2v,hold,2.0,0.0,11.539,95,440632427,833,151961,141540,156818,4
hold_2v,hold,2.0,0.0,11.56,96,440654943,833,59686,141505,156809,4
hold_2v,hold,2.0,0.0,11.58,97,440674917,832,5577,141530,156798,4
hold_2v,hold,2.0,0.0,11.599,98,440693769,833,74469,141528,156796,4
hold_2v,hold,2.0,0.0,11.6211,99,440716273,832,137232,141524,156786,4
hold_2v,hold,2.0,0.0,11.6443,100,440738785,831,44344,141483,156788,4
hold_2v,hold,2.0,0.0,11.6643,101,440757575,833,103404,141469,156768,4
hold_2v,hold,2.0,0.0,11.6812,102,440776350,833,2586,141519,156782,4
hold_2v,hold,2.0,0.0,11.7044,103,440798880,833,69940,141485,156787,4
hold_2v,hold,2.0,0.0,11.7244,104,440817653,833,125708,141505,156764,4
hold_2v,hold,2.0,0.0,11.7413,105,440836399,832,20588,141454,156751,4
hold_2v,hold,2.0,0.0,11.7635,106,440858926,832,87815,141530,156796,4
hold_2v,hold,2.0,0.0,11.7878,107,440877704,832,144297,141480,156799,4
hold_2v,hold,2.0,0.0,11.8048,108,440898982,833,155442,141532,156803,4
hold_2v,hold,2.0,0.0,11.8227,109,440917723,831,49348,141472,156732,4
hold_2v,hold,2.0,0.0,11.8417,110,440936522,832,110244,141488,156751,4
hold_2v,hold,2.0,0.0,11.864,111,440959003,832,12290,141497,156801,4
hold_2v,hold,2.0,0.0,11.8841,112,440979004,833,119859,141497,156755,4
hold_2v,hold,2.0,0.0,11.9042,113,440997804,833,23407,141516,156822,4
hold_2v,hold,2.0,0.0,11.9253,114,441020337,835,90640,141469,156770,4
hold_2v,hold,2.0,0.0,11.9444,115,441039108,836,145832,141499,156795,4
hold_2v,hold,2.0,0.0,11.9645,116,441057901,833,47507,141540,156806,4
hold_2v,hold,2.0,0.0,11.9845,117,441080401,832,109799,141498,156758,4
hold_2v,hold,2.0,0.0,12.0036,118,441099176,832,9146,141477,156781,4
hold_2v,hold,2.0,0.0,12.0247,119,441119167,833,114575,141545,156813,4
hold_2v,hold,2.0,0.0,12.0268,120,441120104,832,117118,141559,156827,0
hold_2v,hold,2.0,0.0,12.0447,121,441140467,832,129178,141504,156810,4
hold_2v,hold,2.0,0.0,12.0637,122,441159245,832,28213,141526,156792,4
hold_2v,hold,2.0,0.0,12.0858,123,441181781,832,95977,141526,156836,4
hold_2v,hold,2.0,0.0,12.1047,124,441200580,832,155522,141464,156760,4
hold_2v,hold,2.0,0.0,12.1289,125,441223086,832,61748,141515,156777,4
hold_2v,hold,2.0,0.0,12.1458,126,441241861,833,117555,141544,156810,4
hold_2v,hold,2.0,0.0,12.1689,127,441264373,832,25385,141476,156773,4
hold_2v,hold,2.0,0.0,12.1889,0,441284369,832,132324,141464,156764,4
hold_2v,hold,2.0,0.0,12.209,1,441303171,833,36047,141473,156773,4
hold_2v,hold,2.0,0.0,12.2301,2,441325701,832,103744,141483,156745,4
hold_2v,hold,2.0,0.0,12.2491,3,441344448,831,155653,141437,156750,4
hold_2v,hold,2.0,0.0,12.2692,4,441363243,831,59018,141484,156744,4
hold_2v,hold,2.0,0.0,12.2903,5,441385739,838,121120,141471,156768,4
hold_2v,hold,2.0,0.0,12.3093,6,441404492,832,17207,141481,156741,4
hold_2v,hold,2.0,0.0,12.3314,7,441427045,832,89534,141442,156741,4
hold_2v,hold,2.0,0.0,12.3504,8,441445818,832,146058,141463,156767,4
hold_2v,hold,2.0,0.0,12.3694,9,441464554,831,39474,141463,156761,4
hold_2v,hold,2.0,0.0,12.3905,10,441487083,833,107442,141483,156742,4
hold_2v,hold,2.0,0.0,12.4105,11,441505830,837,2781,141488,156748,4
hold_2v,hold,2.0,0.0,12.4294,12,441524619,839,62131,141500,156761,4
hold_2v,hold,2.0,0.0,12.4515,13,441547145,832,129306,141471,156774,4
hold_2v,hold,2.0,0.0,12.4736,14,441568401,832,137273,141488,156748,4
hold_2v,hold,2.0,0.0,12.4937,15,441589621,833,139024,141497,156760,4
hold_2v,hold,2.0,0.0,12.5158,16,441608431,833,45352,141429,156726,4
hold_2v,hold,2.0,0.0,12.5358,17,441620354,833,34418,141508,156813,4
hold_2v,hold,2.0,0.0,12.5506,18,441636525,832,118290,141505,156767,4
hold_2v,hold,2.0,0.0,12.5601,19,441656644,833,89328,141502,156762,4
hold_2v,hold,2.0,0.0,12.5844,20,441670993,839,20204,141522,156785,4
hold_2v,hold,2.0,0.0,12.6013,21,441690472,831,39581,141504,156762,4
hold_2v,hold,2.0,0.0,12.614,22,441709790,838,31112,141497,156799,4
hold_2v,hold,2.0,0.0,12.6361,23,441732321,833,98973,141512,156775,4
hold_2v,hold,2.0,0.0,12.6563,24,441751070,833,150990,141497,156731,4
hold_2v,hold,2.0,0.0,12.6753,25,441771090,833,105421,141502,156762,4
hold_2v,hold,2.0,0.0,12.6986,26,441793623,833,16936,141502,156763,4
hold_2v,hold,2.0,0.0,12.7165,27,441812396,831,73404,141464,156720,4
hold_2v,hold,2.0,0.0,12.7386,28,441831135,832,124159,141460,156762,4
hold_2v,hold,2.0,0.0,12.7545,29,441851131,833,74767,141497,156757,4
hold_2v,hold,2.0,0.0,12.7787,30,441873700,832,148720,141537,156779,4
hold_2v,hold,2.0,0.0,12.7956,31,441892464,832,46470,141459,156716,4
hold_2v,hold,2.0,0.0,12.8146,32,441911208,832,97242,141516,156781,4
hold_2v,hold,2.0,0.0,12.8368,33,441933745,832,9219,141514,156777,4
hold_2v,hold,2.0,0.0,12.8558,34,441952507,834,63190,141534,156795,4
hold_2v,hold,2.0,0.0,12.8748,35,441971274,833,118256,141507,156772,4
hold_2v,hold,2.0,0.0,12.8991,36,441993811,831,30026,141486,156785,4
hold_2v,hold,2.0,0.0,12.9171,37,442012577,833,84352,141502,156767,4
hold_2v,hold,2.0,0.0,12.9363,38,442031344,833,138951,141481,156781,4
hold_2v,hold,2.0,0.0,12.9585,39,442053878,833,50361,141525,156791,4
hold_2v,hold,2.0,0.0,12.9764,40,442072656,832,106573,141523,156784,4
hold_2v,hold,2.0,0.0,12.9965,41,442092685,833,61846,141535,156800,4
hold_2v,hold,2.0,0.0,13.0155,42,442111423,832,111667,141509,156773,4
hold_2v,hold,2.0,0.0,13.026,43,442122243,832,69729,141468,156764,4
hold_2v,hold,2.0,0.0,13.0387,44,442133940,833,19846,141486,156787,4
hold_2v,hold,2.0,0.0,13.0588,45,442153987,831,135454,141511,156772,4
hold_2v,hold,2.0,0.0,13.0767,46,442172771,833,36325,141487,156788,4
hold_2v,hold,2.0,0.0,13.1001,47,442195273,832,98365,141529,156790,4
hold_2v,hold,2.0,0.0,13.1191,48,442215305,832,54079,141528,156794,4
hold_2v,hold,2.0,0.0,13.1392,49,442234071,833,108765,141509,156773,4
hold_2v,hold,2.0,0.0,13.1571,50,442252843,832,7623,141488,156790,4
hold_2v,hold,2.0,0.0,13.1793,51,442275353,833,71522,141496,156757,4
hold_2v,hold,2.0,0.0,13.1993,52,442294150,833,130880,141502,156806,4
hold_2v,hold,2.0,0.0,13.2193,53,442314175,832,85829,141538,156801,4
hold_2v,hold,2.0,0.0,13.2403,54,442336682,832,149522,141459,156747,4
hold_2v,hold,2.0,0.0,13.2593,55,442355448,832,47385,141498,156800,4
hold_2v,hold,2.0,0.0,13.2793,56,442374242,832,106701,141509,156768,4
hold_2v,hold,2.0,0.0,13.2994,57,442394242,832,57171,141474,156775,4
hold_2v,hold,2.0,0.0,13.3194,58,442415462,833,58635,141498,156797,4
hold_2v,hold,2.0,0.0,13.3406,59,442438032,832,132427,141504,156766,4
hold_2v,hold,2.0,0.0,13.3596,60,442456806,832,31622,141489,156794,4
hold_2v,hold,2.0,0.0,13.3786,61,442475572,832,85981,141473,156772,4
hold_2v,hold,2.0,0.0,13.4007,62,442498118,832,155664,141536,156796,4
hold_2v,hold,2.0,0.0,13.4197,63,442516887,833,53796,141497,156798,4
hold_2v,hold,2.0,0.0,13.446,64,442539392,832,117072,141518,156786,4
hold_2v,hold,2.0,0.0,13.4607,65,442558167,833,17132,141474,156734,4
hold_2v,hold,2.0,0.0,13.4839,66,442580694,832,84819,141427,156722,4
hold_2v,hold,2.0,0.0,13.5039,67,442599435,832,136246,141480,156741,4
hold_2v,hold,2.0,0.0,13.5261,68,442618212,833,36162,141535,156802,4
hold_2v,hold,2.0,0.0,13.5314,69,442626767,833,79351,141508,156764,4
hold_2v,hold,2.0,0.0,13.5408,70,442638526,832,40786,141477,156735,4
hold_2v,hold,2.0,0.0,13.564,71,442660743,832,55515,141519,156784,4
hold_2v,hold,2.0,0.0,13.5831,72,442679514,832,111164,141477,156779,4
hold_2v,hold,2.0,0.0,13.6023,73,442699510,837,62008,141438,156733,4
hold_2v,hold,2.0,0.0,13.6225,74,442718301,832,121321,141526,156788,4
hold_2v,hold,2.0,0.0,13.6437,75,442740818,833,29673,141474,156774,4
hold_2v,hold,2.0,0.0,13.6638,76,442759585,832,84564,141486,156743,4
hold_2v,hold,2.0,0.0,13.686,77,442782089,832,147782,141522,156796,4
hold_2v,hold,2.0,0.0,13.7051,78,442800866,837,48122,141485,156749,4
hold_2v,hold,2.0,0.0,13.7253,79,442819652,835,106766,141509,156775,4
hold_2v,hold,2.0,0.0,13.7453,80,442842167,832,15298,141478,156778,4
hold_2v,hold,2.0,0.0,13.7643,81,442860930,832,70038,141500,156761,4
hold_2v,hold,2.0,0.0,13.7896,82,442883459,833,137239,141471,156776,4
hold_2v,hold,2.0,0.0,13.8065,83,442903488,836,92891,141535,156799,4
hold_2v,hold,2.0,0.0,13.8381,84,442922052,833,113336,141470,156770,4
hold_2v,hold,2.0,0.0,13.856,85,442942932,833,56955,141521,156783,4
hold_2v,hold,2.0,0.0,13.8645,86,442961791,832,127284,141522,156785,4
hold_2v,hold,2.0,0.0,13.9045,87,442994796,833,93627,141499,156802,4
hold_2v,hold,2.0,0.0,13.914,88,443009263,832,44260,141512,156772,4
hold_2v,hold,2.0,0.0,13.9256,89,443021326,832,56952,141493,156756,4
hold_2v,hold,2.0,0.0,13.9436,90,443041117,833,129211,141505,156766,4
hold_2v,hold,2.0,0.0,13.9657,91,443063636,832,37615,141534,156800,4
hold_2v,hold,2.0,0.0,13.9848,92,443082403,833,91972,141512,156774,4
hold_2v,hold,2.0,0.0,14.0038,93,443101174,833,147507,141465,156777,4
hold_2v,hold,2.0,0.0,14.0292,94,443124913,830,106905,141541,156810,4
hold_2v,hold,2.0,0.0,14.0313,95,443125849,832,109195,141505,156808,0
hold_2v,hold,2.0,0.0,14.044,96,443141231,832,58568,141504,156807,4
hold_2v,hold,2.0,0.0,14.0661,97,443163761,832,125701,141504,156806,4
hold_2v,hold,2.0,0.0,14.0861,98,443183762,839,76229,141510,156773,4
hold_2v,hold,2.0,0.0,14.1051,99,443202538,833,132228,141483,156787,4
hold_2v,hold,2.0,0.0,14.1293,100,443225080,833,44284,141517,156780,4
hold_2v,hold,2.0,0.0,14.1462,101,443243846,833,98939,141467,156766,4
hold_2v,hold,2.0,0.0,14.1694,102,443266365,833,7469,141485,156787,4
hold_2v,hold,2.0,0.0,14.1926,103,443286328,832,108917,141443,156746,4
hold_2v,hold,2.0,0.0,14.2105,104,443307639,832,126087,141484,156741,4
hold_2v,hold,2.0,0.0,14.2295,105,443326411,833,24956,141565,156834,4
hold_2v,hold,2.0,0.0,14.2517,106,443346431,839,135595,141511,156774,4
hold_2v,hold,2.0,0.0,14.2686,107,443366466,833,92049,141497,156798,4
hold_2v,hold,2.0,0.0,14.2866,108,443385237,832,147887,141480,156741,4
hold_2v,hold,2.0,0.0,14.3098,109,443407738,831,54166,141484,156786,4
hold_2v,hold,2.0,0.0,14.3287,110,443426513,832,110264,141472,156772,4
hold_2v,hold,2.0,0.0,14.3508,111,443449050,831,22168,141481,156784,4
hold_2v,hold,2.0,0.0,14.3698,112,443467794,831,73111,141445,156742,4
hold_2v,hold,2.0,0.0,14.3921,113,443490354,833,145826,141531,156789,4
hold_2v,hold,2.0,0.0,14.4111,114,443509097,833,39491,141489,156794,4
hold_2v,hold,2.0,0.0,14.43,115,443527865,832,94071,141527,156791,4
hold_2v,hold,2.0,0.0,14.4542,116,443550405,831,6165,141433,156728,4
hold_2v,hold,2.0,0.0,14.4743,117,443570393,832,111658,141485,156785,4
hold_2v,hold,2.0,0.0,14.4964,118,443592941,833,24873,141545,156813,4
hold_2v,hold,2.0,0.0,14.5144,119,443611737,833,83988,141504,156811,4
hold_2v,hold,2.0,0.0,14.5238,120,443623238,832,156780,141507,156814,4
hold_2v,hold,2.0,0.0,14.5344,121,443632079,832,92060,141521,156823,4
hold_2v,hold,2.0,0.0,14.5554,122,443653015,832,44376,141484,156779,4
hold_2v,hold,2.0,0.0,14.5744,123,443671789,832,100476,141506,156769,4
hold_2v,hold,2.0,0.0,14.5976,124,443695577,835,67937,141508,156812,4
hold_2v,hold,2.0,0.0,14.6166,125,443714340,840,121256,141548,156813,4
hold_2v,hold,2.0,0.0,14.6345,126,443733095,832,16783,141502,156805,4
hold_2v,hold,2.0,0.0,14.6545,127,443751893,833,76156,141573,156842,4
hold_2v,hold,2.0,0.0,14.6755,0,443774433,834,144051,141521,156832,4
hold_2v,hold,2.0,0.0,14.6955,1,443793196,833,40858,141566,156835,4
hold_2v,hold,2.0,0.0,14.7145,2,443813222,833,151990,141519,156803,4
hold_2v,hold,2.0,0.0,14.7387,3,443835761,834,63097,141546,156810,4
hold_2v,hold,2.0,0.0,14.7556,4,443854497,833,111745,141550,156814,4
hold_2v,hold,2.0,0.0,14.7787,5,443877008,832,18872,141490,156791,4
hold_2v,hold,2.0,0.0,14.7987,6,443895811,833,79304,141542,156807,4
hold_2v,hold,2.0,0.0,14.8167,7,443914579,838,133794,141548,156813,4
hold_2v,hold,2.0,0.0,14.8389,8,443937095,832,41178,141545,156812,4
hold_2v,hold,2.0,0.0,14.86,9,443957120,833,152439,141558,156813,4
hold_2v,hold,2.0,0.0,14.8779,10,443975917,833,55094,141538,156805,4
hold_2v,hold,2.0,0.0,14.9001,11,443998397,832,113016,141509,156775,4
hold_2v,hold,2.0,0.0,14.919,12,444017173,833,12017,141541,156807,4
hold_2v,hold,2.0,0.0,14.939,13,444035999,832,76050,141480,156784,4
hold_2v,hold,2.0,0.0,14.9601,14,444058478,835,134418,141466,156767,4
hold_2v,hold,2.0,0.0,14.9801,15,444077250,833,33355,141495,156757,4
hold_2v,hold,2.0,0.0,15.0011,16,444099786,832,101919,141512,156775,4
hold_2v,hold,2.0,0.0,15.0254,17,444118561,832,879,141521,156782,4
hold_2v,hold,2.0,0.0,15.0296,18,444127030,832,29567,141498,156802,4
hold_2v,hold,2.0,0.0,15.0444,19,444138526,831,101853,141529,156795,4
hold_2v,hold,2.0,0.0,15.0613,20,444159864,832,122972,141490,156750,4
hold_2v,hold,2.0,0.0,15.0803,21,444178610,832,16867,141518,156821,4
hold_2v,hold,2.0,0.0,15.1044,22,444201172,835,88927,141539,156803,4
hold_2v,hold,2.0,0.0,15.1392,23,444219943,832,144354,141531,156765,4
hold_2v,hold,2.0,0.0,15.154,24,444240465,832,26853,141488,156788,4
hold_2v,hold,2.0,0.0,15.1645,25,444261911,832,66593,141466,156769,4
hold_2v,hold,2.0,0.0,15.2026,26,444292489,834,90559,141541,156808,4
hold_2v,hold,2.0,0.0,15.2121,27,444308211,832,97421,141508,156811,4
hold_2v,hold,2.0,0.0,15.2206,28,444319592,826,150366,141541,156825,4
hold_2v,hold,2.0,0.0,15.2406,29,444340072,833,24824,141506,156811,4
hold_2v,hold,2.0,0.0,15.267,30,444362578,833,86767,141577,156846,4
hold_2v,hold,2.0,0.0,15.2807,31,444380119,834,88680,141551,156858,4
hold_2v,hold,2.0,0.0,15.3039,32,444402577,833,142445,141558,156817,4
hold_2v,hold,2.0,0.0,15.3241,33,444421435,833,54977,141562,156830,4
hold_2v,hold,2.0,0.0,15.3409,34,444440201,838,108776,141558,156827,4
hold_2v,hold,2.0,0.0,15.3641,35,444462714,834,15134,141590,156861,4
hold_2v,hold,2.0,0.0,15.3873,36,444481485,833,69483,141583,156852,4
hold_2v,hold,2.0,0.0,15.4041,37,444502761,833,79328,141532,156840,4
hold_2v,hold,2.0,0.0,15.4262,38,444525300,833,147556,141521,156770,4
hold_2v,hold,2.0,0.0,15.4451,39,444544046,833,41374,141507,156768,4
hold_2v,hold,2.0,0.0,15.4651,40,444562817,833,96533,141487,156789,4
hold_2v,hold,2.0,0.0,15.4894,41,444586605,832,63439,141520,156784,4
hold_2v,hold,2.0,0.0,15.5073,42,444605371,833,117743,141554,156818,4
hold_2v,hold,2.0,0.0,15.5294,43,444626628,833,124127,141562,156827,4
hold_2v,hold,2.0,0.0,15.5305,44,444627564,833,126485,141502,156806,0
hold_2v,hold,2.0,0.0,15.5452,45,444644161,832,125442,141557,156826,4
hold_2v,hold,2.0,0.0,15.5694,46,444667930,834,89280,141545,156808,4
hold_2v,hold,2.0,0.0,15.5895,47,444686730,832,149492,141500,156817,4
hold_2v,hold,2.0,0.0,15.6054,48,444704191,832,138729,141540,156803,4
hold_2v,hold,2.0,0.0,15.6266,49,444726763,833,55273,141514,156819,4
hold_2v,hold,2.0,0.0,15.6455,50,444745529,832,109321,141535,156799,4
hold_2v,hold,2.0,0.0,15.6708,51,444768049,839,17407,141534,156801,4
hold_2v,hold,2.0,0.0,15.6887,52,444788068,832,127717,141525,156832,4
hold_2v,hold,2.0,0.0,15.7109,53,444810609,832,39413,141525,156791,4
hold_2v,hold,2.0,0.0,15.7302,54,444829385,832,95890,141492,156754,4
hold_2v,hold,2.0,0.0,15.7507,55,444848123,833,145995,141475,156766,4
hold_2v,hold,2.0,0.0,15.7713,56,444870663,832,58555,141531,156795,4
hold_2v,hold,2.0,0.0,15.7952,57,444893195,832,125726,141541,156808,4
hold_2v,hold,2.0,0.0,15.8127,58,444911969,833,24696,141533,156801,4
hold_2v,hold,2.0,0.0,15.8353,59,444934472,832,87156,141514,156776,4
hold_2v,hold,2.0,0.0,15.8537,60,444953246,833,142500,141489,156799,4
hold_2v,hold,2.0,0.0,15.8741,61,444972018,832,41057,141527,156832,4
hold_2v,hold,2.0,0.0,15.8946,62,444994528,835,104971,141482,156787,4
hold_2v,hold,2.0,0.0,15.9159,63,445014530,833,55271,141519,156824,4
hold_2v,hold,2.0,0.0,15.9339,64,445033326,832,115040,141460,156760,4
hold_2v,hold,2.0,0.0,15.954,65,445053352,833,69544,141580,156849,4
hold_2v,hold,2.0,0.0,15.9764,66,445075886,833,136689,141532,156837,4
hold_2v,hold,2.0,0.0,15.9967,67,445094639,833,31444,141558,156824,4
hold_2v,hold,2.0,0.0,16.0201,68,445117175,833,98837,141581,156851,4
hold_2v,hold,2.0,0.0,16.0286,69,445128017,838,59951,141534,156800,4
hold_2v,hold,2.0,0.0,16.0371,70,445136461,833,84116,141494,156799,4
hold_2v,hold,2.0,0.0,16.0561,71,445154713,834,50444,141571,156836,4
hold_2v,hold,2.0,0.0,16.0793,72,445177275,838,122696,141535,156802,4
hold_2v,hold,2.0,0.0,16.0973,73,445196043,833,20113,141548,156817,4
hold_2v,hold,2.0,0.0,16.1205,74,445218548,832,82363,141514,156818,4
hold_2v,hold,2.0,0.0,16.1395,75,445237320,835,137273,141527,156790,4
hold_2v,hold,2.0,0.0,16.1564,76,445256093,833,36214,141553,156821,4
hold_2v,hold,2.0,0.0,16.1785,77,445278624,833,103320,141539,156806,4
hold_2v,hold,2.0,0.0,16.1986,78,445298597,832,49136,141518,156783,4
hold_2v,hold,2.0,0.0,16.2186,79,445317419,833,113362,141500,156762,4
hold_2v,hold,2.0,0.0,16.2365,80,445336172,833,9082,141491,156792,4
hold_2v,hold,2.0,0.0,16.2597,81,445358704,833,76259,141514,156821,4
hold_2v,hold,2.0,0.0,16.2786,82,445377470,833,130289,141488,156790,4
hold_2v,hold,2.0,0.0,16.2997,83,445398725,834,137026,141551,156815,4
hold_2v,hold,2.0,0.0,16.3167,84,445417503,833,36220,141499,156804,4
hold_2v,hold,2.0,0.0,16.3399,85,445440038,833,103357,141526,156833,4
hold_2v,hold,2.0,0.0,16.36,86,445460042,833,53990,141531,156799,4
hold_2v,hold,2.0,0.0,16.38,87,445478810,833,108473,141467,156767,4
hold_2v,hold,2.0,0.0,16.4011,88,445501354,835,20810,141504,156807,4
hold_2v,hold,2.0,0.0,16.4211,89,445520121,833,74599,141577,156846,4
hold_2v,hold,2.0,0.0,16.4559,90,445546252,833,125752,141542,156808,4
hold_2v,hold,2.0,0.0,16.4654,91,445563374,833,57054,141515,156778,4
hold_2v,hold,2.0,0.0,16.4991,92,445592560,833,824,141522,156787,4
hold_2v,hold,2.0,0.0,16.5086,93,445607187,837,135087,141514,156819,4
hold_2v,hold,2.0,0.0,16.5223,94,445621486,832,56802,141539,156805,4
hold_2v,hold,2.0,0.0,16.5297,95,445629898,833,75418,141510,156817,4
hold_2v,hold,2.0,0.0,16.5413,96,445641545,833,16643,141562,156829,4
hold_2v,hold,2.0,0.0,16.5644,97,445664043,836,77433,141563,156831,4
hold_2v,hold,2.0,0.0,16.5824,98,445682835,833,135472,141501,156805,4
hold_2v,hold,2.0,0.0,16.6015,99,445701586,834,29926,141531,156840,4
hold_2v,hold,2.0,0.0,16.6237,100,445724120,833,96972,141526,156831,4
hold_2v,hold,2.0,0.0,16.6437,101,445742894,832,151963,141514,156794,4
hold_2v,hold,2.0,0.0,16.6647,102,445765411,833,59956,141546,156855,4
hold_2v,hold,2.0,0.0,16.6837,103,445784177,832,113872,141552,156817,4
hold_2v,hold,2.0,0.0,16.7111,104,445806726,832,26729,141511,156817,4
hold_2v,hold,2.0,0.0,16.7248,105,445824242,833,24777,141530,156838,4
hold_2v,hold,2.0,0.0,16.7449,106,445845468,833,26482,141550,156817,4
hold_2v,hold,2.0,0.0,16.7639,107,445864294,832,90695,141521,156827,4
hold_2v,hold,2.0,0.0,16.786,108,445886801,833,153904,141486,156787,4
hold_2v,hold,2.0,0.0,16.8052,109,445905571,832,52046,141534,156798,4
hold_2v,hold,2.0,0.0,16.8253,110,445924339,839,106630,141540,156804,4
hold_2v,hold,2.0,0.0,16.8474,111,445946882,832,18538,141556,156826,4
hold_2v,hold,2.0,0.0,16.8654,112,445965650,835,72770,141522,156828,4
hold_2v,hold,2.0,0.0,16.8866,113,445988179,833,138944,141495,156797,4
hold_2v,hold,2.0,0.0,16.9056,114,446006927,832,33146,141553,156823,4
hold_2v,hold,2.0,0.0,16.9247,115,446025722,838,92085,141563,156830,4
hold_2v,hold,2.0,0.0,16.949,116,446048258,833,2515,141508,156815,4
hold_2v,hold,2.0,0.0,16.9658,117,446067026,833,56972,141511,156816,4
hold_2v,hold,2.0,0.0,16.9848,118,446085767,832,106631,141502,156807,4
hold_2v,hold,2.0,0.0,17.0093,119,446108308,832,18728,141522,156827,4
hold_2v,hold,2.0,0.0,17.0305,120,446128358,833,133931,141547,156813,4
hold_2v,hold,2.0,0.0,17.0305,121,446129321,833,140846,141561,156834,0
hold_2v,hold,2.0,0.0,17.0463,122,446147072,833,21881,141553,156861,4
hold_2v,hold,2.0,0.0,17.0686,123,446168386,832,37703,141603,156875,4
hold_2v,hold,2.0,0.0,17.0866,124,446187180,833,95579,141556,156822,4
hold_2v,hold,2.0,0.0,17.1068,125,446207202,838,48716,141540,156848,4
hold_2v,hold,2.0,0.0,17.129,126,446229712,833,110974,141525,156834,4
hold_2v,hold,2.0,0.0,17.1491,127,446248513,832,13580,141531,156836,4
hold_2v,hold,2.0,0.0,17.1672,0,446267255,832,63381,141527,156832,4
hold_2v,hold,2.0,0.0,17.1894,1,446289789,833,130287,141531,156837,4
hold_2v,hold,2.0,0.0,17.2074,2,446308589,833,33228,141504,156809,4
hold_2v,hold,2.0,0.0,17.2264,3,446327356,833,87581,141542,156807,4
hold_2v,hold,2.0,0.0,17.2496,4,446349865,830,150622,141482,156783,4
hold_2v,hold,2.0,0.0,17.2706,5,446372402,833,61599,141561,156830,4
hold_2v,hold,2.0,0.0,17.2896,6,446391174,832,116496,141556,156824,4
hold_2v,hold,2.0,0.0,17.315,7,446413686,833,23461,141529,156792,4
hold_2v,hold,2.0,0.0,17.3308,8,446432482,832,82528,141509,156814,4
hold_2v,hold,2.0,0.0,17.3498,9,446451197,833,127228,141536,156841,4
hold_2v,hold,2.0,0.0,17.374,10,446473771,832,43856,141520,156823,4
hold_2v,hold,2.0,0.0,17.3919,11,446492543,833,98260,141575,156846,4
hold_2v,hold,2.0,0.0,17.414,12,446515082,832,9059,141541,156802,4
hold_2v,hold,2.0,0.0,17.434,13,446533848,834,63151,141538,156803,4
hold_2v,hold,2.0,0.0,17.4561,14,446556356,832,126039,141532,156798,4
hold_2v,hold,2.0,0.0,17.474,15,446575132,833,24914,141498,156801,4
hold_2v,hold,2.0,0.0,17.4961,16,446597667,833,92079,141526,156827,4
hold_2v,hold,2.0,0.0,17.5193,17,446620210,832,4188,141492,156794,4
hold_2v,hold,2.0,0.0,17.5298,18,446631042,833,120902,141445,156783,4
hold_2v,hold,2.0,0.0,17.5362,19,446639492,832,146184,141509,156771,4
hold_2v,hold,2.0,0.0,17.5614,20,446660230,833,65174,141496,156798,4
hold_2v,hold,2.0,0.0,17.5793,21,446680288,833,24808,141513,156817,4
hold_2v,hold,2.0,0.0,17.6014,22,446702794,833,87300,141502,156766,4
hold_2v,hold,2.0,0.0,17.6214,23,446722823,832,42441,141590,156822,4
hold_2v,hold,2.0,0.0,17.6404,24,446741565,833,92098,141642,156834,4
hold_2v,hold,2.0,0.0,17.6636,25,446764135,833,8743,141669,156821,4
hold_2v,hold,2.0,0.0,17.6805,26,446782871,833,57818,141632,156784,4
hold_2v,hold,2.0,0.0,17.7005,27,446802932,833,18455,141609,156800,4
hold_2v,hold,2.0,0.0,17.7563,28,446825431,836,79158,141656,156852,4
hold_2v,hold,2.0,0.0,17.7785,29,446866330,833,132146,141631,156823,4
hold_2v,hold,2.0,0.0,17.7785,30,446867275,833,135914,141632,156822,0
hold_2v,hold,2.0,0.0,17.7975,31,446888723,835,18494,141679,156874,4
hold_2v,hold,2.0,0.0,17.8027,32,446905009,833,121158,141638,156830,4
hold_2v,hold,2.0,0.0,17.824,33,446925550,832,6544,141630,156778,4
hold_2v,hold,2.0,0.0,17.8433,34,446944340,833,65181,141611,156760,4
hold_2v,hold,2.0,0.0,17.8625,35,446964376,833,21847,141624,156812,4
hold_2v,hold,2.0,0.0,17.8858,36,446986882,833,83964,141649,156844,4
hold_2v,hold,2.0,0.0,17.906,37,447005641,833,137035,141588,156772,4
hold_2v,hold,2.0,0.0,17.9262,38,447026864,833,138914,141647,156797,4
hold_2v,hold,2.0,0.0,17.9443,39,447045696,833,47724,141628,156778,4
hold_2v,hold,2.0,0.0,17.9665,40,447068207,831,111837,141554,156780,4
hold_2v,hold,2.0,0.0,17.9845,41,447086981,833,10946,141604,156792,4
hold_2v,hold,2.0,0.0,18.0045,42,447105749,833,65307,141630,156823,4
hold_2v,hold,2.0,0.0,18.0247,43,447125777,833,20105,141586,156815,4
hold_2v,hold,2.0,0.0,18.0321,44,447134158,833,33499,141568,156838,4
hold_2v,hold,2.0,0.0,18.0437,45,447145818,832,133839,141528,156792,4
hold_2v,hold,2.0,0.0,18.0658,46,447168338,832,42739,141532,156754,4
hold_2v,hold,2.0,0.0,18.0849,47,447187075,832,92517,141571,156801,4
hold_2v,hold,2.0,0.0,18.1049,48,447207106,840,47460,141562,156831,4
hold_2v,hold,2.0,0.0,18.1239,49,447225871,833,101545,141526,156794,4
hold_2v,hold,2.0,0.0,18.1461,50,447248407,833,12220,141548,156816,4
hold_2v,hold,2.0,0.0,18.165,51,447267176,832,66684,141554,156780,4
hold_2v,hold,2.0,0.0,18.1893,52,447289707,837,134073,141571,156797,4
hold_2v,hold,2.0,0.0,18.2072,53,447309704,833,84152,141562,156786,4
hold_2v,hold,2.0,0.0,18.2261,54,447328505,835,144238,141592,156836,4
hold_2v,hold,2.0,0.0,18.2473,55,447348522,833,96896,141610,156842,4
hold_2v,hold,2.0,0.0,18.2694,56,447369804,833,107972,141574,156799,4
hold_2v,hold,2.0,0.0,18.2855,57,447388574,834,5627,141626,156859,4
hold_2v,hold,2.0,0.0,18.3087,58,447411112,833,72766,141602,156832,4
hold_2v,hold,2.0,0.0,18.3287,59,447429885,833,127166,141562,156833,4
hold_2v,hold,2.0,0.0,18.3458,60,447448656,833,24442,141579,156848,4
hold_2v,hold,2.0,0.0,18.369,61,447471189,833,90263,141619,156850,4
hold_2v,hold,2.0,0.0,18.3891,62,447489963,836,145271,141639,156814,4
hold_2v,hold,2.0,0.0,18.4091,63,447511248,833,156633,141611,156830,4
hold_2v,hold,2.0,0.0,18.427,64,447530029,834,55389,141667,156862,4
hold_2v,hold,2.0,0.0,18.4501,65,447552558,833,120496,141677,156871,4
hold_2v,hold,2.0,0.0,18.4691,66,447571334,833,18236,141638,156873,4
hold_2v,hold,2.0,0.0,18.4891,67,447591303,839,119361,141629,156819,4
hold_2v,hold,2.0,0.0,18.5112,68,447613894,834,39239,141638,156832,4
hold_2v,hold,2.0,0.0,18.5312,69,447633680,832,109537,141617,156809,4
hold_2v,hold,2.0,0.0,18.5334,70,447634625,833,113272,141620,156809,0
hold_2v,hold,2.0,0.0,18.5502,71,447652684,834,46940,141647,156837,4
hold_2v,hold,2.0,0.0,18.5745,72,447675195,832,109609,141627,156817,4
hold_2v,hold,2.0,0.0,18.5913,73,447693993,833,11751,141642,156835,4
hold_2v,hold,2.0,0.0,18.6125,74,447712756,834,64846,141644,156835,4
hold_2v,hold,2.0,0.0,18.6304,75,447732788,841,19824,141649,156841,4
hold_2v,hold,2.0,0.0,18.6536,76,447755314,833,85771,141634,156826,4
hold_2v,hold,2.0,0.0,18.6705,77,447774077,833,138454,141679,156875,4
hold_2v,hold,2.0,0.0,18.6905,78,447792858,833,37331,141670,156863,4
hold_2v,hold,2.0,0.0,18.7136,79,447815389,833,103146,141631,156819,4
hold_2v,hold,2.0,0.0,18.7315,80,447834169,834,2378,141635,156827,4
hold_2v,hold,2.0,0.0,18.7548,81,447856698,833,68533,141596,156781,4
hold_2v,hold,2.0,0.0,18.7717,82,447874185,833,61868,141645,156838,4
hold_2v,hold,2.0,0.0,18.7949,83,447896745,833,134107,141589,156777,4
hold_2v,hold,2.0,0.0,18.8128,84,447915494,833,28557,141638,156830,4
hold_2v,hold,2.0,0.0,18.8308,85,447934287,833,87249,141627,156818,4
hold_2v,hold,2.0,0.0,18.8561,86,447956797,833,150680,141629,156831,4
hold_2v,hold,2.0,0.0,18.873,87,447975593,832,52090,141599,156828,4
hold_2v,hold,2.0,0.0,18.892,88,447994334,834,101643,141621,156811,4
hold_2v,hold,2.0,0.0,18.9152,89,448016870,834,12138,141628,156819,4
hold_2v,hold,2.0,0.0,18.9342,90,448036886,839,121431,141594,156822,4
hold_2v,hold,2.0,0.0,18.9521,91,448055690,833,24494,141581,156811,4
hold_2v,hold,2.0,0.0,18.9711,92,448074452,837,77814,141628,156819,4
hold_2v,hold,2.0,0.0,18.9943,93,448096956,833,140141,141593,156824,4
hold_2v,hold,2.0,0.0,19.0133,94,448115743,833,40706,141601,156833,4
hold_2v,hold,2.0,0.0,19.0575,95,448148061,835,46281,141616,156808,4
hold_2v,hold,2.0,0.0,19.0596,96,448153513,833,32107,141593,156826,4
hold_2v,hold,2.0,0.0,19.066,97,448156560,833,79719,141553,156776,4
hold_2v,hold,2.0,0.0,19.0839,98,448178383,832,26675,141569,156796,4
hold_2v,hold,2.0,0.0,19.0997,99,448196553,833,136541,141616,156846,4
hold_2v,hold,2.0,0.0,19.1155,100,448217040,833,12266,141586,156818,4
hold_2v,hold,2.0,0.0,19.1355,101,448237118,832,132666,141612,156800,4
hold_2v,hold,2.0,0.0,19.1565,102,448259661,832,44243,141639,156830,4
hold_2v,hold,2.0,0.0,19.1797,103,448282194,832,111204,141589,156820,4
hold_2v,hold,2.0,0.0,19.1965,104,448300973,833,9986,141638,156830,4
hold_2v,hold,2.0,0.0,19.2165,105,448319738,836,63209,141627,156815,4
hold_2v,hold,2.0,0.0,19.2397,106,448342246,833,125680,141594,156824,4
hold_2v,hold,2.0,0.0,19.2565,107,448361053,833,29437,141578,156805,4
hold_2v,hold,2.0,0.0,19.2797,108,448383554,833,90681,141606,156836,4
hold_2v,hold,2.0,0.0,19.2997,109,448402351,840,149584,141597,156832,4
hold_2v,hold,2.0,0.0,19.3207,110,448424872,833,56973,141624,156858,4
hold_2v,hold,2.0,0.0,19.3397,111,448443522,832,90617,141592,156822,4
hold_2v,hold,2.0,0.0,19.3618,112,448466153,833,17073,141648,156840,4
hold_2v,hold,2.0,0.0,19.3807,113,448484943,834,74647,141601,156831,4
hold_2v,hold,2.0,0.0,19.4049,114,448507450,833,136970,141597,156831,4
hold_2v,hold,2.0,0.0,19.4249,115,448527481,837,91992,141629,156823,4
hold_2v,hold,2.0,0.0,19.4418,116,448546249,833,146043,141601,156835,4
hold_2v,hold,2.0,0.0,19.4649,117,448568776,833,55211,141588,156816,4
hold_2v,hold,2.0,0.0,19.4849,118,448587549,833,109899,141616,156806,4
hold_2v,hold,2.0,0.0,19.506,119,448610087,833,20574,141608,156838,4
hold_2v,hold,2.0,0.0,19.526,120,448628862,833,76073,141631,156820,4
hold_2v,hold,2.0,0.0,19.5323,121,448637243,834,89274,141593,156822,4
hold_2v,hold,2.0,0.0,19.5449,122,448648884,834,29258,141659,156851,4
hold_2v,hold,2.0,0.0,19.567,123,448671422,833,96704,141578,156802,4
hold_2v,hold,2.0,0.0,19.586,124,448690188,833,150878,141627,156826,4
hold_2v,hold,2.0,0.0,19.6104,125,448712690,834,55318,141616,156849,4
hold_2v,hold,2.0,0.0,19.6262,126,448730181,833,48763,141669,156862,4
hold_2v,hold,2.0,0.0,19.6505,127,448752766,834,124320,141678,156872,4
hold_2v,hold,2.0,0.0,19.6673,0,448771547,833,23111,141651,156845,4
hold_2v,hold,2.0,0.0,19.6905,1,448792823,833,32812,141599,156826,4
hold_2v,hold,2.0,0.0,19.7074,2,448811585,833,86055,141567,156790,4
hold_2v,hold,2.0,0.0,19.7305,3,448834101,826,150698,141649,156833,4
hold_2v,hold,2.0,0.0,19.7495,4,448852867,835,47475,141552,156774,4
hold_2v,hold,2.0,0.0,19.7705,5,448871662,834,106494,141601,156831,4
hold_2v,hold,2.0,0.0,19.7916,6,448895431,833,69388,141642,156835,4
hold_2v,hold,2.0,0.0,19.8105,7,448914222,833,127484,141569,156796,4
hold_2v,hold,2.0,0.0,19.8306,8,448932916,834,11851,141641,156833,4
hold_2v,hold,2.0,0.0,19.8475,9,448952987,832,130681,141597,156828,4
hold_2v,hold,2.0,0.0,19.8696,10,448974265,833,140934,141638,156830,4
hold_2v,hold,2.0,0.0,19.8908,11,448993049,833,40820,141629,156820,4
hold_2v,hold,2.0,0.0,19.911,12,449014273,833,42176,141647,156841,4
hold_2v,hold,2.0,0.0,19.9323,13,449036860,833,117698,141626,156819,4
hold_2v,hold,2.0,0.0,19.9504,14,449055611,833,12281,141599,156830,4
hold_2v,hold,2.0,0.0,19.9695,15,449074379,833,66488,141595,156826,4
hold_2v,hold,2.0,0.0,19.9918,16,449096914,833,133507,141621,156851,4
hold_2v,hold,2.0,0.0,20.0108,17,449115686,833,31065,141616,156846,4
hold_2v,hold,2.0,0.0,20.032,18,449135502,834,106111,141646,156842,4
hold_2v,hold,2.0,0.0,20.0352,19,449136441,833,108817,141608,156838,0
hold_2v,hold,2.0,0.0,20.0521,20,449156980,833,150594,141572,156807,4
hold_2v,hold,2.0,0.0,20.0712,21,449175751,833,48985,141605,156794,4
hold_2v,hold,2.0,0.0,20.0913,22,449194526,833,104213,141619,156809,4
hold_2v,hold,2.0,0.0,20.1125,23,449217065,831,15449,141597,156826,4
hold_2v,hold,2.0,0.0,20.1315,24,449235810,832,66368,141601,156791,4
hold_2v,hold,2.0,0.0,20.1548,25,449258342,832,133962,141568,156752,4
hold_2v,hold,2.0,0.0,20.1717,26,449277116,835,33450,141576,156760,4
hold_2v,hold,2.0,0.0,20.194,27,449297145,833,146043,141573,156770,4
hold_2v,hold,2.0,0.0,20.2122,28,449315857,832,34649,141547,156770,4
hold_2v,hold,2.0,0.0,20.2354,29,449338417,833,106431,141644,156835,4
hold_2v,hold,2.0,0.0,20.2525,30,449357196,831,6077,141587,156772,4
hold_2v,hold,2.0,0.0,20.2705,31,449375960,833,60237,141598,156785,4
hold_2v,hold,2.0,0.0,20.2949,32,449398468,833,122824,141601,156830,4
hold_2v,hold,2.0,0.0,20.3118,33,449417265,831,25073,141604,156793,4
hold_2v,hold,2.0,0.0,20.3552,34,449449646,833,41039,141646,156837,4
hold_2v,hold,2.0,0.0,20.3637,35,449466790,833,132470,141638,156833,4
hold_2v,hold,2.0,0.0,20.3851,36,449478037,834,5694,141640,156831,4
hold_2v,hold,2.0,0.0,20.4053,37,449499320,833,16823,141598,156789,4
hold_2v,hold,2.0,0.0,20.4148,38,449518889,833,50630,141630,156822,4
hold_2v,hold,2.0,0.0,20.4348,39,449538626,833,113124,141554,156779,4
hold_2v,hold,2.0,0.0,20.4516,40,449557403,833,12701,141618,156808,4
hold_2v,hold,2.0,0.0,20.4748,41,449579905,833,74643,141597,156785,4
hold_2v,hold,2.0,0.0,20.496,42,449601015,832,57020,141579,156808,4
hold_2v,hold,2.0,0.0,20.5149,43,449619950,832,140174,141563,156789,4
hold_2v,hold,2.0,0.0,20.5286,44,449634962,833,26645,141604,156794,4
hold_2v,hold,2.0,0.0,20.5371,45,449643429,833,55017,141614,156799,4
hold_2v,hold,2.0,0.0,20.5571,46,449661259,834,106353,141661,156854,4
hold_2v,hold,2.0,0.0,20.576,47,449681284,834,60088,141646,156838,4
hold_2v,hold,2.0,0.0,20.6002,48,449703792,833,122735,141616,156807,4
hold_2v,hold,2.0,0.0,20.6171,49,449722569,833,21970,141602,156791,4
hold_2v,hold,2.0,0.0,20.6371,50,449742586,834,131875,141608,156797,4
hold_2v,hold,2.0,0.0,20.6602,51,449765102,833,39330,141613,156803,4
hold_2v,hold,2.0,0.0,20.6802,52,449783892,832,97101,141649,156846,4
hold_2v,hold,2.0,0.0,20.7014,53,449806408,833,4283,141636,156826,4
hold_2v,hold,2.0,0.0,20.7204,54,449825179,831,58983,141640,156832,4
hold_2v,hold,2.0,0.0,20.7404,55,449843975,834,117712,141639,156833,4
hold_2v,hold,2.0,0.0,20.7615,56,449866493,833,24825,141629,156820,4
hold_2v,hold,2.0,0.0,20.7815,57,449886371,833,111386,141598,156784,4
hold_2v,hold,2.0,0.0,20.8005,58,449905260,834,29262,141639,156832,4
hold_2v,hold,2.0,0.0,20.8205,59,449924033,833,84053,141634,156826,4
hold_2v,hold,2.0,0.0,20.8405,60,449946567,833,150829,141625,156824,4
hold_2v,hold,2.0,0.0,20.8616,61,449966613,838,108665,141610,156802,4
hold_2v,hold,2.0,0.0,20.8796,62,449985366,840,4029,141613,156801,4
hold_2v,hold,2.0,0.0,20.9017,63,450007900,833,71354,141624,156816,4
hold_2v,hold,2.0,0.0,20.9207,64,450026643,833,121317,141616,156806,4
hold_2v,hold,2.0,0.0,20.9397,65,450045417,833,20200,141596,156784,4
hold_2v,hold,2.0,0.0,20.9651,66,450069174,833,138850,141565,156792,4
hold_2v,hold,2.0,0.0,20.9819,67,450087958,831,39702,141596,156786,4
hold_2v,hold,2.0,0.0,21.001,68,450106753,834,98664,141611,156805,4
hold_2v,hold,2.0,0.0,21.0199,69,450125517,826,152342,141585,156784,4
hold_2v,hold,2.0,0.0,21.0305,70,450136336,832,109953,141572,156796,4
hold_2v,hold,2.0,0.0,21.0422,71,450146176,834,57834,141628,156820,4
hold_2v,hold,2.0,0.0,21.0633,72,450166775,833,109973,141616,156804,4
hold_2v,hold,2.0,0.0,21.0822,73,450186831,833,69809,141615,156803,4
hold_2v,hold,2.0,0.0,21.1011,74,450206860,834,24955,141601,156791,4
hold_2v,hold,2.0,0.0,21.1254,75,450229363,832,87365,141602,156790,4
hold_2v,hold,2.0,0.0,21.1422,76,450248137,833,142811,141629,156812,4
hold_2v,hold,2.0,0.0,21.1654,77,450270675,834,53719,141633,156823,4
hold_2v,hold,2.0,0.0,21.1854,78,450289416,833,103426,141606,156794,4
hold_2v,hold,2.0,0.0,21.2064,79,450311951,833,13993,141608,156754,4
hold_2v,hold,2.0,0.0,21.2254,80,450330726,834,69805,141628,156819,4
hold_2v,hold,2.0,0.0,21.2475,81,450353259,834,137307,141588,156773,4
hold_2v,hold,2.0,0.0,21.2664,82,450372004,837,31687,141579,156766,4
hold_2v,hold,2.0,0.0,21.2854,83,450390779,833,87124,141646,156801,4
hold_2v,hold,2.0,0.0,21.3097,84,450414543,833,50239,141605,156793,4
hold_2v,hold,2.0,0.0,21.3265,85,450433311,837,104780,141615,156805,4
hold_2v,hold,2.0,0.0,21.3465,86,450453314,834,55124,141694,156849,4
hold_2v,hold,2.0,0.0,21.3657,87,450472135,834,118023,141630,156822,4
hold_2v,hold,2.0,0.0,21.39,88,450494648,833,24741,141625,156813,4
hold_2v,hold,2.0,0.0,21.409,89,450514661,837,133964,141588,156774,4
hold_2v,hold,2.0,0.0,21.427,90,450533434,835,32945,141658,156810,4
hold_2v,hold,2.0,0.0,21.4502,91,450555939,833,95438,141608,156798,4
hold_2v,hold,2.0,0.0,21.4723,92,450574710,833,150424,141625,156830,4
hold_2v,hold,2.0,0.0,21.4902,93,450595989,833,4448,141601,156787,4
hold_2v,hold,2.0,0.0,21.5102,94,450614765,833,60211,141624,156814,4
hold_2v,hold,2.0,0.0,21.5355,95,450638532,833,23449,141560,156788,4
hold_2v,hold,2.0,0.0,21.5355,96,450639469,833,26085,141610,156801,0
hold_2v,hold,2.0,0.0,21.5502,97,450654814,833,125743,141594,156823,4
hold_2v,hold,2.0,0.0,21.5712,98,450677325,838,33049,141596,156787,4
hold_2v,hold,2.0,0.0,21.5902,99,450696094,833,87576,141588,156813,4
hold_2v,hold,2.0,0.0,21.6123,100,450718634,834,155587,141656,156851,4
hold_2v,hold,2.0,0.0,21.6428,101,450737234,833,23840,141631,156822,4
hold_2v,hold,2.0,0.0,21.6597,102,450758087,834,118668,141616,156807,4
hold_2v,hold,2.0,0.0,21.6807,103,450777002,833,40862,141621,156814,4
hold_2v,hold,2.0,0.0,21.6997,104,450798340,833,61961,141593,156782,4
hold_2v,hold,2.0,0.0,21.7113,105,450817483,833,23274,141630,156822,4
hold_2v,hold,2.0,0.0,21.7345,106,450840011,833,89431,141598,156786,4
hold_2v,hold,2.0,0.0,21.7535,107,450858787,833,145436,141602,156794,4
hold_2v,hold,2.0,0.0,21.7705,108,450877555,833,42468,141655,156848,4
hold_2v,hold,2.0,0.0,21.7937,109,450900052,833,103546,141610,156802,4
hold_2v,hold,2.0,0.0,21.8117,110,450918831,838,2300,141656,156852,4
hold_2v,hold,2.0,0.0,21.8349,111,450941361,833,68060,141657,156856,4
hold_2v,hold,2.0,0.0,21.8563,112,450960134,833,122519,141583,156811,4
hold_2v,hold,2.0,0.0,21.8776,113,450978904,833,19909,141655,156851,4
hold_2v,hold,2.0,0.0,21.8947,114,451001433,833,85420,141661,156857,4
hold_2v,hold,2.0,0.0,21.9161,115,451021297,833,12053,141602,156791,4
hold_2v,hold,2.0,0.0,21.9352,116,451040236,833,95261,141608,156839,4
hold_2v,hold,2.0,0.0,21.9565,117,451062771,833,5744,141544,156771,4
hold_2v,hold,2.0,0.0,21.9756,118,451081519,833,56891,141616,156806,4
hold_2v,hold,2.0,0.0,21.9948,119,451100312,833,115622,141566,156792,4
hold_2v,hold,2.0,0.0,22.0161,120,451122831,833,23367,141591,156778,4
hold_2v,hold,2.0,0.0,22.0372,121,451142822,833,128403,141580,156805,4
hold_2v,hold,2.0,0.0,22.0404,122,451143787,833,135691,141593,156780,0
hold_2v,hold,2.0,0.0,22.0552,123,451160388,834,135424,141621,156814,4
hold_2v,hold,2.0,0.0,22.0763,124,451182893,833,41263,141615,156800,4
hold_2v,hold,2.0,0.0,22.0954,125,451201659,833,95033,141649,156843,4
hold_2v,hold,2.0,0.0,22.1186,126,451224181,834,2527,141669,156866,4
hold_2v,hold,2.0,0.0,22.1365,127,451242974,833,60771,141632,156824,4
hold_2v,hold,2.0,0.0,22.1597,0,451265487,832,124504,141578,156807,4
hold_2v,hold,2.0,0.0,22.1797,1,451284236,833,18786,141595,156785,4
hold_2v,hold,2.0,0.0,22.1997,2,451306629,833,61766,141613,156840,4
hold_2v,hold,2.0,0.0,22.2199,3,451325541,833,140351,141577,156805,4
hold_2v,hold,2.0,0.0,22.2412,4,451348086,833,52152,141613,156806,4
hold_2v,hold,2.0,0.0,22.2603,5,451366825,833,101587,141616,156805,4
hold_2v,hold,2.0,0.0,22.2835,6,451389368,833,13712,141612,156801,4
hold_2v,hold,2.0,0.0,22.3015,7,451408136,834,67994,141595,156785,4
hold_2v,hold,2.0,0.0,22.3195,8,451426908,833,122591,141621,156813,4
hold_2v,hold,2.0,0.0,22.3439,9,451449422,833,29440,141585,156813,4
hold_2v,hold,2.0,0.0,22.3608,10,451468184,831,82844,141631,156821,4
hold_2v,hold,2.0,0.0,22.3799,11,451486952,835,137466,141611,156800,4
hold_2v,hold,2.0,0.0,22.4042,12,451509489,832,49120,141553,156778,4
hold_2v,hold,2.0,0.0,22.4212,13,451528226,833,98697,141580,156807,4
hold_2v,hold,2.0,0.0,22.4413,14,451546999,833,153896,141638,156811,4
hold_2v,hold,2.0,0.0,22.4624,15,451569536,834,64786,141588,156812,4
hold_2v,hold,2.0,0.0,22.4815,16,451588308,833,119625,141621,156812,4
hold_2v,hold,2.0,0.0,22.5048,17,451610675,831,1576,141580,156809,4
hold_2v,hold,2.0,0.0,22.5238,18,451629609,833,84307,141623,156814,4
hold_2v,hold,2.0,0.0,22.5312,19,451640450,832,45774,141597,156783,4
hold_2v,hold,2.0,0.0,22.5417,20,451649203,833,122775,141587,156773,4
hold_2v,hold,2.0,0.0,22.5617,21,451669627,833,145951,141555,156769,4
hold_2v,hold,2.0,0.0,22.5849,22,451692147,833,53865,141615,156808,4
hold_2v,hold,2.0,0.0,22.6049,23,451710914,834,107926,141612,156801,4
hold_2v,hold,2.0,0.0,22.6217,24,451729694,833,7260,141638,156834,4
hold_2v,hold,2.0,0.0,22.6449,25,451752201,833,69733,141598,156785,4
hold_2v,hold,2.0,0.0,22.6649,26,451770969,833,124512,141596,156783,4
hold_2v,hold,2.0,0.0,22.6818,27,451789748,833,24124,141629,156821,4
hold_2v,hold,2.0,0.0,22.7049,28,451812278,833,90647,141581,156809,4
hold_2v,hold,2.0,0.0,22.725,29,451831049,832,145641,141544,156757,4
hold_2v,hold,2.0,0.0,22.7483,30,451853567,832,53969,141589,156779,4
hold_2v,hold,2.0,0.0,22.7651,31,451870912,833,23537,141601,156789,4
hold_2v,hold,2.0,0.0,22.7861,32,451893591,832,116156,141590,156779,4
hold_2v,hold,2.0,0.0,22.8051,33,451912366,833,15266,141553,156780,4
hold_2v,hold,2.0,0.0,22.8274,34,451934896,831,82675,141557,156783,4
hold_2v,hold,2.0,0.0,22.8506,35,451953580,833,122846,141553,156776,4
hold_2v,hold,2.0,0.0,22.8665,36,451974921,836,144423,141649,156802,4
hold_2v,hold,2.0,0.0,22.8865,37,451994944,833,98866,141592,156776,4
hold_2v,hold,2.0,0.0,22.9055,38,452013689,826,148975,141580,156800,4
hold_2v,hold,2.0,0.0,22.9255,39,452032481,834,50608,141630,156821,4
hold_2v,hold,2.0,0.0,22.9666,40,452058638,832,106812,141590,156775,4
hold_2v,hold,2.0,0.0,22.9835,41,452078120,832,126258,141539,156762,4
hold_2v,hold,2.0,0.0,23.0015,42,452099486,833,152415,141607,156790,4
hold_2v,hold,2.0,0.0,23.01,43,452115809,833,104842,141572,156802,4
hold_2v,hold,2.0,0.0,23.0333,44,452133672,833,5621,141602,156789,4
hold_2v,hold,2.0,0.0,23.0429,45,452148333,838,146098,141589,156764,4
hold_2v,hold,2.0,0.0,23.0513,46,452158322,840,119542,141606,156793,4
hold_2v,hold,2.0,0.0,23.0672,47,452175099,833,149330,141566,156783,4
hold_2v,hold,2.0,0.0,23.0863,48,452193877,833,48954,141581,156810,4
hold_2v,hold,2.0,0.0,23.1105,49,452216381,831,111913,141569,156754,4
hold_2v,hold,2.0,0.0,23.1296,50,452235152,831,11090,141556,156740,4
hold_2v,hold,2.0,0.0,23.1496,51,452256407,833,19008,141617,156808,4
hold_2v,hold,2.0,0.0,23.1665,52,452275200,832,78095,141542,156767,4
hold_2v,hold,2.0,0.0,23.1876,53,452293964,833,132247,141621,156809,4
hold_2v,hold,2.0,0.0,23.2065,54,452313962,832,82536,141595,156783,4
hold_2v,hold,2.0,0.0,23.2297,55,452336498,833,150834,141636,156787,4
hold_2v,hold,2.0,0.0,23.2466,56,452355276,833,50720,141622,156771,4
hold_2v,hold,2.0,0.0,23.2698,57,452377775,833,113311,141618,156763,4
hold_2v,hold,2.0,0.0,23.2898,58,452397630,832,39600,141645,156797,4
hold_2v,hold,2.0,0.0,23.3098,59,452416569,838,123497,141680,156792,4
hold_2v,hold,2.0,0.0,23.3308,60,452439075,832,29985,141628,156775,4
hold_2v,hold,2.0,0.0,23.3498,61,452457842,833,84268,141612,156760,4
hold_2v,hold,2.0,0.0,23.3699,62,452476612,833,139110,141648,156798,4
hold_2v,hold,2.0,0.0,23.3952,63,452499120,833,46154,141605,156753,4
hold_2v,hold,2.0,0.0,23.4121,64,452520404,833,58740,141612,156761,4
hold_2v,hold,2.0,0.0,23.4311,65,452539143,833,108469,141668,156822,4
hold_2v,hold,2.0,0.0,23.4546,66,452561680,832,20157,141605,156753,4
hold_2v,hold,2.0,0.0,23.4715,67,452580449,834,75076,141674,156828,4
hold_2v,hold,2.0,0.0,23.4947,68,452602982,834,142546,141670,156812,4
hold_2v,hold,2.0,0.0,23.5136,69,452621725,833,35848,141687,156800,4
hold_2v,hold,2.0,0.0,23.541,70,452645370,835,135109,141692,156804,4
hold_2v,hold,2.0,0.0,23.5442,71,452646307,833,137659,141693,156804,0
hold_2v,hold,2.0,0.0,23.5568,72,452663037,834,2402,141688,156843,4
hold_2v,hold,2.0,0.0,23.5768,73,452684137,834,139549,141662,156816,4
hold_2v,hold,2.0,0.0,23.5999,74,452706816,834,74650,141661,156811,4
hold_2v,hold,2.0,0.0,23.6168,75,452725585,833,129115,141632,156779,4
hold_2v,hold,2.0,0.0,23.6399,76,452748127,833,41292,141666,156777,4
hold_2v,hold,2.0,0.0,23.6599,77,452766868,834,90701,141675,156829,4
hold_2v,hold,2.0,0.0,23.6799,78,452786901,834,46283,141655,156810,4
hold_2v,hold,2.0,0.0,23.701,79,452809434,834,113374,141637,156789,4
hold_2v,hold,2.0,0.0,23.7199,80,452828182,834,7645,141687,156800,4
hold_2v,hold,2.0,0.0,23.7441,81,452850713,834,74166,141675,156827,4
hold_2v,hold,2.0,0.0,23.762,82,452869477,833,127732,141655,156807,4
hold_2v,hold,2.0,0.0,23.7831,83,452890758,833,138874,141625,156772,4
hold_2v,hold,2.0,0.0,23.8052,84,452912017,834,146013,141675,156844,4
hold_2v,hold,2.0,0.0,23.8263,85,452933288,833,155418,141666,156796,4
hold_2v,hold,2.0,0.0,23.8455,86,452953181,832,87488,141662,156771,4
hold_2v,hold,2.0,0.0,23.8667,87,452974572,834,117766,141681,156794,4
hold_2v,hold,2.0,0.0,23.8837,88,452992117,838,120978,141717,156832,4
hold_2v,hold,2.0,0.0,23.9071,89,453014626,833,26884,141676,156827,4
hold_2v,hold,2.0,0.0,23.9251,90,453033390,833,81428,141601,156748,4
hold_2v,hold,2.0,0.0,23.9485,91,453055906,834,146044,141722,156834,4
hold_2v,hold,2.0,0.0,23.9665,92,453074677,834,44096,141656,156807,4
hold_2v,hold,2.0,0.0,23.9845,93,453093442,833,98694,141592,156737,4
hold_2v,hold,2.0,0.0,24.0068,94,453115986,833,12241,141618,156766,4
hold_2v,hold,2.0,0.0,24.026,95,453134724,839,62013,141616,156763,4
hold_2v,hold,2.0,0.0,24.0398,96,453145598,833,29352,141641,156792,4
hold_2v,hold,2.0,0.0,24.0472,97,453155861,839,49303,141682,156797,4
hold_2v,hold,2.0,0.0,24.0661,98,453174768,833,127489,141693,156805,4
hold_2v,hold,2.0,0.0,24.0851,99,453193370,834,153958,141654,156794,4
hold_2v,hold,2.0,0.0,24.1073,100,453216046,837,89421,141675,156782,4
hold_2v,hold,2.0,0.0,24.1263,101,453234816,836,144559,141639,156792,4
hold_2v,hold,2.0,0.0,24.1453,102,453253593,833,44170,141655,156805,4
hold_2v,hold,2.0,0.0,24.1653,103,453273618,833,155198,141673,156802,4
hold_2v,hold,2.0,0.0,24.1875,104,453296129,838,62142,141629,156779,4
hold_2v,hold,2.0,0.0,24.2075,105,453314894,832,116370,141642,156794,4
hold_2v,hold,2.0,0.0,24.2296,106,453337406,834,23589,141629,156780,4
hold_2v,hold,2.0,0.0,24.2612,107,453356203,833,82855,141673,156826,4
hold_2v,hold,2.0,0.0,24.2834,108,453376884,836,149038,141638,156816,4
hold_2v,hold,2.0,0.0,24.2992,109,453396563,834,44467,141669,156822,4
hold_2v,hold,2.0,0.0,24.3202,110,453416961,837,61984,141677,156829,4
hold_2v,hold,2.0,0.0,24.3349,111,453437757,833,147933,141631,156759,4
hold_2v,hold,2.0,0.0,24.3592,112,453467545,833,38039,141646,156796,4
hold_2v,hold,2.0,0.0,24.3708,113,453478413,834,4287,141643,156793,4
hold_2v,hold,2.0,0.0,24.3908,114,453500060,834,77689,141658,156807,4
hold_2v,hold,2.0,0.0,24.4108,115,453518827,833,132420,141599,156743,4
hold_2v,hold,2.0,0.0,24.4329,116,453541364,832,44342,141634,156782,4
hold_2v,hold,2.0,0.0,24.4519,117,453560131,834,98869,141644,156791,4
hold_2v,hold,2.0,0.0,24.4719,118,453580131,833,49143,141678,156831,4
hold_2v,hold,2.0,0.0,24.4898,119,453598927,840,108459,141679,156836,4
hold_2v,hold,2.0,0.0,24.513,120,453621444,833,16408,141666,156814,4
hold_2v,hold,2.0,0.0,24.532,121,453640206,834,69929,141664,156817,4
hold_2v,hold,2.0,0.0,24.5383,122,453642716,833,26071,141664,156817,4
hold_2v,hold,2.0,0.0,24.5551,123,453662739,837,136999,141612,156799,4
hold_2v,hold,2.0,0.0,24.572,124,453681490,840,31327,141634,156823,4
hold_2v,hold,2.0,0.0,24.5952,125,453704022,833,98442,141625,156814,4
hold_2v,hold,2.0,0.0,24.6152,126,453722768,827,149205,141640,156760,4
hold_2v,hold,2.0,0.0,24.6352,127,453742791,834,103075,141658,156850,4
hold_2v,hold,2.0,0.0,24.6552,0,453763932,833,90442,141610,156800,4
hold_2v,hold,2.0,0.0,24.6753,1,453782845,833,12447,141627,156817,4
hold_2v,hold,2.0,0.0,24.6963,2,453805377,833,79259,141640,156828,4
hold_2v,hold,2.0,0.0,24.7153,3,453824146,833,133846,141582,156810,4
hold_2v,hold,2.0,0.0,24.7374,4,453846662,833,41088,141604,156787,4
hold_2v,hold,2.0,0.0,24.7564,5,453865429,833,95405,141613,156802,4
hold_2v,hold,2.0,0.0,24.7755,6,453884200,832,150781,141561,156777,4
hold_2v,hold,2.0,0.0,24.7967,7,453906735,833,61845,141625,156816,4
hold_2v,hold,2.0,0.0,24.8156,8,453925477,833,111201,141603,156834,4
hold_2v,hold,2.0,0.0,24.8409,9,453948013,833,22127,141649,156841,4
hold_2v,hold,2.0,0.0,24.8578,10,453966782,838,76189,141618,156848,4
hold_2v,hold,2.0,0.0,24.8768,11,453985411,833,106657,141620,156810,4
hold_2v,hold,2.0,0.0,24.9,12,454007951,833,18489,141564,156791,4
hold_2v,hold,2.0,0.0,24.918,13,454026748,834,77699,141636,156829,4
hold_2v,hold,2.0,0.0,24.9359,14,454045466,833,122827,141625,156855,4
hold_2v,hold,2.0,0.0,24.9591,15,454068003,836,32754,141603,156833,4
hold_2v,hold,2.0,0.0,24.977,16,454086803,833,91988,141618,156851,4
hold_2v,hold,2.0,0.0,25.0013,17,454109339,833,2196,141572,156802,4
hold_2v,hold,2.0,0.0,25.0213,18,454128100,833,55459,141637,156828,4
hold_2v,hold,2.0,0.0,25.0403,19,454147782,833,107976,141614,156846,4
hold_2v,hold,2.0,0.0,25.0425,20,454148718,832,110264,141619,156849,0
hold_2v,hold,2.0,0.0,25.0604,21,454169404,833,20173,141578,156807,4
hold_2v,hold,2.0,0.0,25.0805,22,454188176,833,74522,141616,156847,4
hold_2v,hold,2.0,0.0,25.1005,23,454210656,833,132108,141604,156835,4
hold_2v,hold,2.0,0.0,25.1205,24,454229436,835,31379,141569,156795,4
hold_2v,hold,2.0,0.0,25.1415,25,454251967,833,98178,141587,156818,4
hold_2v,hold,2.0,0.0,25.1605,26,454270734,833,152088,141524,156781,4
hold_2v,hold,2.0,0.0,25.1805,27,454289511,833,51160,141540,156804,4
hold_2v,hold,2.0,0.0,25.2016,28,454312040,833,118140,141513,156773,4
hold_2v,hold,2.0,0.0,25.2247,29,454334551,833,24982,141554,156821,4
hold_2v,hold,2.0,0.0,25.2447,30,454353320,833,79380,141509,156815,4
hold_2v,hold,2.0,0.0,25.2616,31,454372060,832,129235,141479,156780,4
hold_2v,hold,2.0,0.0,25.2847,32,454393336,832,140218,141448,156749,4
hold_2v,hold,2.0,0.0,25.3058,33,454415903,833,56940,141470,156813,4
hold_2v,hold,2.0,0.0,25.3247,34,454434635,833,104934,141517,156827,4
hold_2v,hold,2.0,0.0,25.3468,35,454457180,833,17091,141457,156799,4
hold_2v,hold,2.0,0.0,25.3658,36,454475920,832,66592,141503,156848,4
hold_2v,hold,2.0,0.0,25.389,37,454498454,833,133752,141465,156808,4
hold_2v,hold,2.0,0.0,25.4069,38,454517232,832,33104,141456,156795,4
hold_2v,hold,2.0,0.0,25.4259,39,454535996,832,86925,141486,156829,4
hold_2v,hold,2.0,0.0,25.4502,40,454558510,826,150604,141450,156789,4
hold_2v,hold,2.0,0.0,25.4671,41,454577303,834,52175,141441,156783,4
hold_2v,hold,2.0,0.0,25.4861,42,454596042,833,101680,141468,156808,4
hold_2v,hold,2.0,0.0,25.5103,43,454618586,831,13938,141422,156805,4
hold_2v,hold,2.0,0.0,25.5293,44,454637353,832,68261,141470,156815,4
hold_2v,hold,2.0,0.0,25.5377,45,454648308,832,48860,141473,156775,4
hold_2v,hold,2.0,0.0,25.5504,46,454659802,840,120853,141453,156794,4
hold_2v,hold,2.0,0.0,25.595,47,454688644,834,5818,141496,156798,4
hold_2v,hold,2.0,0.0,25.5992,48,454708100,836,20069,141514,156816,4
hold_2v,hold,2.0,0.0,25.6119,49,454719050,833,156248,141512,156865,4
hold_2v,hold,2.0,0.0,25.6624,50,454761985,833,84077,141591,156861,4
hold_2v,hold,2.0,0.0,25.6761,51,454762924,833,86828,141552,156858,0
hold_2v,hold,2.0,0.0,25.6803,52,454780981,836,19726,141558,156829,4
hold_2v,hold,2.0,0.0,25.6898,53,454800379,832,24633,141518,156781,4
hold_2v,hold,2.0,0.0,25.7119,54,454822575,834,34408,141526,156831,4
hold_2v,hold,2.0,0.0,25.7319,55,454841315,832,83944,141549,156817,4
hold_2v,hold,2.0,0.0,25.7551,56,454863825,833,147219,141567,156836,4
hold_2v,hold,2.0,0.0,25.7719,57,454882623,833,50015,141562,156790,4
hold_2v,hold,2.0,0.0,25.7951,58,454905124,831,111930,141597,156827,4
hold_2v,hold,2.0,0.0,25.8151,59,454925128,836,62417,141542,156806,4
hold_2v,hold,2.0,0.0,25.8351,60,454943918,837,120425,141561,156831,4
hold_2v,hold,2.0,0.0,25.8575,61,454966428,833,26370,141564,156833,4
hold_2v,hold,2.0,0.0,25.8745,62,454985229,833,85687,141612,156888,4
hold_2v,hold,2.0,0.0,25.8947,63,455003993,839,138584,141561,156826,4
hold_2v,hold,2.0,0.0,25.9169,64,455026518,832,47261,141560,156822,4
hold_2v,hold,2.0,0.0,25.935,65,455045282,832,100593,141562,156790,4
hold_2v,hold,2.0,0.0,25.954,66,455064086,834,3921,141566,156830,4
hold_2v,hold,2.0,0.0,25.9773,67,455086567,833,61758,141559,156828,4
hold_2v,hold,2.0,0.0,25.9953,68,455105357,833,119269,141551,156819,4
hold_2v,hold,2.0,0.0,26.0165,69,455127894,833,30012,141553,156823,4
hold_2v,hold,2.0,0.0,26.0409,70,455147494,833,68119,141584,156850,4
hold_2v,hold,2.0,0.0,26.0409,71,455148457,833,75105,141565,156834,0
hold_2v,hold,2.0,0.0,26.0548,72,455165437,833,138745,141576,156804,4
hold_2v,hold,2.0,0.0,26.077,73,455187979,839,50642,141573,156842,4
hold_2v,hold,2.0,0.0,26.0962,74,455206691,833,95410,141595,156825,4
hold_2v,hold,2.0,0.0,26.1154,75,455225495,833,155339,141558,156846,4
hold_2v,hold,2.0,0.0,26.1408,76,455248028,832,65266,141544,156807,4
hold_2v,hold,2.0,0.0,26.1567,77,455268055,832,20368,141574,156803,4
hold_2v,hold,2.0,0.0,26.1758,78,455286799,832,71123,141531,156797,4
hold_2v,hold,2.0,0.0,26.2001,79,455309333,833,138953,141572,156799,4
hold_2v,hold,2.0,0.0,26.2171,80,455328088,833,34347,141582,156808,4
hold_2v,hold,2.0,0.0,26.2361,81,455346852,833,87648,141585,156814,4
hold_2v,hold,2.0,0.0,26.2595,82,455369422,833,4084,141581,156811,4
hold_2v,hold,2.0,0.0,26.2807,83,455388275,832,73038,141540,156808,4
hold_2v,hold,2.0,0.0,26.2966,84,455406933,840,108498,141593,156823,4
hold_2v,hold,2.0,0.0,26.3199,85,455429447,833,15243,141548,156817,4
hold_2v,hold,2.0,0.0,26.3379,86,455448331,835,88749,141566,156833,4
hold_2v,hold,2.0,0.0,26.3611,87,455470746,839,135347,141561,156786,4
hold_2v,hold,2.0,0.0,26.3791,88,455489525,833,34373,141553,156820,4
hold_2v,hold,2.0,0.0,26.4003,89,455509511,833,138890,141588,156817,4
hold_2v,hold,2.0,0.0,26.4173,90,455528345,833,47470,141555,156823,4
hold_2v,hold,2.0,0.0,26.4405,91,455550821,838,104845,141565,156832,4
hold_2v,hold,2.0,0.0,26.4585,92,455569620,833,7478,141573,156801,4
hold_2v,hold,2.0,0.0,26.4765,93,455588388,833,61996,141551,156820,4
hold_2v,hold,2.0,0.0,26.503,94,455610928,831,130741,141525,156788,4
hold_2v,hold,2.0,0.0,26.52,95,455630927,833,80928,141584,156813,4
hold_2v,hold,2.0,0.0,26.5423,96,455650441,833,104934,141582,156811,4
hold_2v,hold,2.0,0.0,26.5423,97,455651375,833,106978,141554,156823,0
hold_2v,hold,2.0,0.0,26.5624,98,455672315,835,60329,141561,156790,4
hold_2v,hold,2.0,0.0,26.5815,99,455690971,833,95342,141618,156808,4
hold_2v,hold,2.0,0.0,26.5995,100,455709742,834,150142,141579,156839,4
hold_2v,hold,2.0,0.0,26.6206,101,455732272,832,60495,141538,156804,4
hold_2v,hold,2.0,0.0,26.6395,102,455751046,833,116119,141583,156810,4
hold_2v,hold,2.0,0.0,26.6616,103,455773585,832,27807,141537,156803,4
hold_2v,hold,2.0,0.0,26.6819,104,455792298,834,72950,141577,156803,4
hold_2v,hold,2.0,0.0,26.7052,105,455814863,832,145432,141603,156821,4
hold_2v,hold,2.0,0.0,26.7231,106,455833630,833,42664,141523,156790,4
hold_2v,hold,2.0,0.0,26.741,107,455852369,834,91797,141590,156819,4
hold_2v,hold,2.0,0.0,26.7653,108,455874905,833,2521,141583,156812,4
hold_2v,hold,2.0,0.0,26.7821,109,455893698,840,60841,141605,156838,4
hold_2v,hold,2.0,0.0,26.8052,110,455916211,833,124592,141552,156777,4
hold_2v,hold,2.0,0.0,26.8252,111,455935100,833,42601,141567,156795,4
hold_2v,hold,2.0,0.0,26.8421,112,455953868,832,96958,141540,156805,4
hold_2v,hold,2.0,0.0,26.8653,113,455976385,832,3931,141585,156855,4
hold_2v,hold,2.0,0.0,26.8854,114,455995037,833,38552,141564,156790,4
hold_2v,hold,2.0,0.0,26.9266,115,456021312,832,114541,141525,156789,4
hold_2v,hold,2.0,0.0,26.9309,116,456040768,832,129019,141554,156817,4
hold_2v,hold,2.0,0.0,26.9615,117,456053952,833,18229,141584,156812,4
hold_2v,hold,2.0,0.0,26.9762,118,456079741,833,12350,141519,156781,4
hold_2v,hold,2.0,0.0,26.9878,119,456097396,834,34403,141582,156812,4
hold_2v,hold,2.0,0.0,27.0015,120,456114028,833,39475,141539,156764,4
hold_2v,hold,2.0,0.0,27.0247,121,456136557,831,107012,141525,156747,4
hold_2v,hold,2.0,0.0,27.0384,122,456149051,833,36342,141526,156750,4
hold_2v,hold,2.0,0.0,27.0447,123,456157472,832,56737,141589,156818,4
hold_2v,hold,2.0,0.0,27.0637,124,456175320,832,111567,141567,156792,4
hold_2v,hold,2.0,0.0,27.0827,125,456194125,833,15286,141590,156818,4
hold_2v,hold,2.0,0.0,27.1059,126,456216632,839,77750,141543,156806,4
hold_2v,hold,2.0,0.0,27.1238,127,456235400,833,132318,141542,156808,4
hold_2v,hold,2.0,0.0,27.146,0,456257913,832,39300,141588,156814,4
hold_2v,hold,2.0,0.0,27.1649,1,456276680,833,93596,141520,156784,4
hold_2v,hold,2.0,0.0,27.1871,2,456299219,831,5749,141531,156797,4
hold_2v,hold,2.0,0.0,27.206,3,456317960,832,55677,141513,156779,4
hold_2v,hold,2.0,0.0,27.226,4,456337868,837,147218,141547,156824,4
hold_2v,hold,2.0,0.0,27.2503,5,456360489,833,72978,141524,156787,4
hold_2v,hold,2.0,0.0,27.2674,6,456379293,832,133911,141537,156800,4
hold_2v,hold,2.0,0.0,27.2864,7,456398043,832,28494,141468,156769,4
hold_2v,hold,2.0,0.0,27.3107,8,456420552,832,92404,141531,156794,4
hold_2v,hold,2.0,0.0,27.3276,9,456439323,833,147708,141528,156775,4
hold_2v,hold,2.0,0.0,27.3497,10,456461829,833,53707,141543,156769,4
hold_2v,hold,2.0,0.0,27.3708,11,456480624,833,113050,141507,156765,4
hold_2v,hold,2.0,0.0,27.3867,12,456499370,833,7519,141544,156768,4
hold_2v,hold,2.0,0.0,27.4099,13,456521901,833,74657,141546,156811,4
hold_2v,hold,2.0,0.0,27.4299,14,456540674,833,130340,141555,156821,4
hold_2v,hold,2.0,0.0,27.4467,15,456559445,832,28295,141544,156811,4
hold_2v,hold,2.0,0.0,27.47,16,456581955,833,92155,141522,156788,4
hold_2v,hold,2.0,0.0,27.49,17,456600727,834,147518,141536,156798,4
hold_2v,hold,2.0,0.0,27.5122,18,456624484,832,109893,141475,156774,4
hold_2v,hold,2.0,0.0,27.5301,19,456640639,833,34201,141542,156809,4
hold_2v,hold,2.0,0.0,27.5396,20,456651618,833,19038,141554,156821,4
hold_2v,hold,2.0,0.0,27.5502,21,456661396,833,112999,141559,156827,4
hold_2v,hold,2.0,0.0,27.5723,22,456684561,832,131406,141464,156764,4
hold_2v,hold,2.0,0.0,27.5913,23,456703303,832,25297,141514,156774,4
hold_2v,hold,2.0,0.0,27.6146,24,456725841,832,94183,141427,156725,4
hold_2v,hold,2.0,0.0,27.6325,25,456744581,832,145219,141494,156756,4
hold_2v,hold,2.0,0.0,27.6505,26,456763344,832,42846,141420,156755,4
hold_2v,hold,2.0,0.0,27.6758,27,456785850,832,106938,141504,156767,4
hold_2v,hold,2.0,0.0,27.6949,28,456805876,839,62017,141545,156816,4
hold_2v,hold,2.0,0.0,27.7128,29,456824643,833,116204,141504,156767,4
hold_2v,hold,2.0,0.0,27.7349,30,456847165,832,25441,141554,156777,4
hold_2v,hold,2.0,0.0,27.7549,31,456865932,833,79712,141587,156819,4
hold_2v,hold,2.0,0.0,27.7762,32,456888451,832,144282,141542,156788,4
hold_2v,hold,2.0,0.0,27.7953,33,456907129,832,26842,141539,156763,4
hold_2v,hold,2.0,0.0,27.8185,34,456929743,832,108479,141480,156740,4
hold_2v,hold,2.0,0.0,27.8374,35,456948499,832,4448,141511,156776,4
hold_2v,hold,2.0,0.0,27.8553,36,456967266,833,59030,141539,156764,4
hold_2v,hold,2.0,0.0,27.8765,37,456989792,831,125945,141508,156770,4
hold_2v,hold,2.0,0.0,27.8956,38,457008549,832,22022,141534,156799,4
hold_2v,hold,2.0,0.0,27.92,39,457031080,833,89170,141523,156789,4
hold_2v,hold,2.0,0.0,27.9368,40,457049860,833,145692,141540,156781,4
hold_2v,hold,2.0,0.0,27.9558,41,457068604,832,39553,141557,156780,4
hold_2v,hold,2.0,0.0,27.9801,42,457091134,836,106576,141515,156779,4
hold_2v,hold,2.0,0.0,27.997,43,457109911,838,6335,141544,156770,4
hold_2v,hold,2.0,0.0,28.0159,44,457128674,832,60571,141491,156752,4
hold_2v,hold,2.0,0.0,28.0413,45,457152263,832,150765,141519,156803,4
hold_2v,hold,2.0,0.0,28.0424,46,457153208,832,154570,141530,156786,0
hold_2v,hold,2.0,0.0,28.0561,47,457168690,831,121168,141534,156756,4
hold_2v,hold,2.0,0.0,28.0804,48,457191207,833,29841,141541,156805,4
hold_2v,hold,2.0,0.0,28.1004,49,457209861,832,65023,141518,156784,4
hold_2v,hold,2.0,0.0,28.1172,50,457229997,832,39468,141559,156785,4
hold_2v,hold,2.0,0.0,28.1361,51,457248745,833,90674,141570,156800,4
hold_2v,hold,2.0,0.0,28.1605,52,457271285,832,2809,141510,156774,4
hold_2v,hold,2.0,0.0,28.1776,53,457290051,834,57239,141507,156769,4
hold_2v,hold,2.0,0.0,28.1965,54,457308799,833,108379,141557,156782,4
hold_2v,hold,2.0,0.0,28.2304,55,457331310,832,15427,141551,156777,4
hold_2v,hold,2.0,0.0,28.2634,56,457352192,832,116380,141565,156790,4
hold_2v,hold,2.0,0.0,28.2803,57,457384829,838,20137,141566,156792,4
hold_2v,hold,2.0,0.0,28.2887,58,457399634,832,28071,141562,156789,4
hold_2v,hold,2.0,0.0,28.3003,59,457412210,832,127682,141524,156786,4
hold_2v,hold,2.0,0.0,28.3214,60,457433893,833,50630,141593,156821,4
hold_2v,hold,2.0,0.0,28.3404,61,457452660,836,105056,141538,156803,4
hold_2v,hold,2.0,0.0,28.3604,62,457472548,834,36378,141535,156801,4
hold_2v,hold,2.0,0.0,28.3825,63,457495221,832,127605,141488,156746,4
hold_2v,hold,2.0,0.0,28.4014,64,457513966,832,21925,141504,156766,4
hold_2v,hold,2.0,0.0,28.4246,65,457536521,832,94087,141492,156749,4
hold_2v,hold,2.0,0.0,28.4446,66,457555260,832,144383,141483,156777,4
hold_2v,hold,2.0,0.0,28.4625,67,457575292,832,100567,141517,156779,4
hold_2v,hold,2.0,0.0,28.4846,68,457597771,837,2746,141527,156789,4
hold_2v,hold,2.0,0.0,28.5047,69,457616567,833,62077,141548,156769,4
hold_2v,hold,2.0,0.0,28.5215,70,457635312,834,112982,141576,156803,4
hold_2v,hold,2.0,0.0,28.5395,71,457651601,833,60207,141544,156771,4
hold_2v,hold,2.0,0.0,28.5459,72,457660019,833,80287,141517,156781,4
hold_2v,hold,2.0,0.0,28.5648,73,457677867,831,135715,141540,156762,4
hold_2v,hold,2.0,0.0,28.5838,74,457696612,833,29850,141591,156821,4
hold_2v,hold,2.0,0.0,28.6059,75,457719118,832,92376,141569,156799,4
hold_2v,hold,2.0,0.0,28.6249,76,457737918,833,151950,141622,156830,4
hold_2v,hold,2.0,0.0,28.6449,77,457757777,838,77906,141607,156837,4
hold_2v,hold,2.0,0.0,28.665,78,457776696,833,1054,141586,156814,4
hold_2v,hold,2.0,0.0,28.686,79,457799201,841,63389,141581,156808,4
hold_2v,hold,2.0,0.0,28.705,80,457817971,834,117992,141586,156815,4
hold_2v,hold,2.0,0.0,28.7272,81,457840481,832,25350,141537,156760,4
hold_2v,hold,2.0,0.0,28.7474,82,457859244,833,79660,141582,156809,4
hold_2v,hold,2.0,0.0,28.7653,83,457878045,833,139833,141523,156788,4
hold_2v,hold,2.0,0.0,28.7875,84,457900552,832,46106,141599,156785,4
hold_2v,hold,2.0,0.0,28.8064,85,457919317,833,100341,141567,156792,4
hold_2v,hold,2.0,0.0,28.8296,86,457941858,833,12584,141576,156763,4
hold_2v,hold,2.0,0.0,28.8475,87,457960591,839,62052,141539,156765,4
hold_2v,hold,2.0,0.0,28.8697,88,457983129,833,130552,141571,156800,4
hold_2v,hold,2.0,0.0,28.8887,89,458001902,833,28921,141617,156813,4
hold_2v,hold,2.0,0.0,28.9067,90,458020637,833,77787,141570,156794,4
hold_2v,hold,2.0,0.0,28.9299,91,458043177,833,145839,141613,156831,4
hold_2v,hold,2.0,0.0,28.95,92,458063025,834,69915,141578,156806,4
hold_2v,hold,2.0,0.0,28.97,93,458081968,833,153733,141559,156766,4
hold_2v,hold,2.0,0.0,28.9911,94,458104485,835,61500,141615,156805,4
hold_2v,hold,2.0,0.0,29.0132,95,458123276,832,119479,141595,156823,4
hold_2v,hold,2.0,0.0,29.0312,96,458144537,832,127455,141587,156817,4
hold_2v,hold,2.0,0.0,29.0417,97,458155380,835,88736,141600,156829,4
hold_2v,hold,2.0,0.0,29.0502,98,458163760,832,101902,141596,156825,4
hold_2v,hold,2.0,0.0,29.0713,99,458184589,833,36249,141571,156800,4
hold_2v,hold,2.0,0.0,29.0903,100,458203358,833,90543,141589,156821,4
hold_2v,hold,2.0,0.0,29.1103,101,458222123,834,144173,141614,156830,4
hold_2v,hold,2.0,0.0,29.1315,102,458244644,833,51874,141623,156854,4
hold_2v,hold,2.0,0.0,29.1505,103,458263405,833,104927,141608,156798,4
hold_2v,hold,2.0,0.0,29.1716,104,458285950,834,16790,141636,156827,4
hold_2v,hold,2.0,0.0,29.1906,105,458304712,833,69664,141630,156824,4
hold_2v,hold,2.0,0.0,29.2095,106,458323481,833,124076,141622,156855,4
hold_2v,hold,2.0,0.0,29.2348,107,458347081,832,58906,141586,156813,4
hold_2v,hold,2.0,0.0,29.2517,108,458366023,833,142545,141595,156829,4
hold_2v,hold,2.0,0.0,29.2706,109,458384795,833,40730,141589,156818,4
hold_2v,hold,2.0,0.0,29.2949,110,458407302,833,103488,141537,156809,4
hold_2v,hold,2.0,0.0,29.3119,111,458426078,832,3000,141576,156762,4
hold_2v,hold,2.0,0.0,29.331,112,458444823,832,53898,141565,156791,4
hold_2v,hold,2.0,0.0,29.3552,113,458467353,839,120759,141607,156795,4
hold_2v,hold,2.0,0.0,29.372,114,458486122,834,19001,141596,156781,4
hold_2v,hold,2.0,0.0,29.3952,115,458508630,832,82771,141610,156796,4
hold_2v,hold,2.0,0.0,29.4153,116,458527396,835,137401,141629,156821,4
hold_2v,hold,2.0,0.0,29.4363,117,458549910,833,44442,141588,156777,4
hold_2v,hold,2.0,0.0,29.4553,118,458568685,832,100568,141573,156801,4
hold_2v,hold,2.0,0.0,29.4774,119,458591197,833,7332,141574,156803,4
hold_2v,hold,2.0,0.0,29.4964,120,458609965,833,61812,141563,156793,4
hold_2v,hold,2.0,0.0,29.5249,121,458628728,833,115157,141619,156806,4
hold_2v,hold,2.0,0.0,29.547,122,458649611,833,58557,141622,156811,4
hold_2v,hold,2.0,0.0,29.5965,123,458672173,833,130531,141616,156805,4
hold_2v,hold,2.0,0.0,29.5965,124,458673137,839,137715,141611,156800,0
hold_2v,hold,2.0,0.0,29.6155,125,458706602,833,25271,141612,156764,4
hold_2v,hold,2.0,0.0,29.6166,126,458719553,832,31723,141589,156774,4
hold_2v,hold,2.0,0.0,29.6208,127,458735805,833,129141,141597,156783,4
hold_2v,hold,2.0,0.0,29.6369,0,458750107,833,51966,141653,156802,4
hold_2v,hold,2.0,0.0,29.6559,1,458770129,831,6003,141595,156784,4
hold_2v,hold,2.0,0.0,29.6804,2,458792630,832,68255,141632,156783,4
hold_2v,hold,2.0,0.0,29.6973,3,458811399,833,122842,141645,156837,4
hold_2v,hold,2.0,0.0,29.7163,4,458830148,833,17254,141597,156784,4
hold_2v,hold,2.0,0.0,29.7386,5,458852705,833,88977,141632,156822,4
hold_2v,hold,2.0,0.0,29.7568,6,458871445,833,138759,141660,156853,4
hold_2v,hold,2.0,0.0,29.7813,7,458893792,840,16848,141669,156820,4
hold_2v,hold,2.0,0.0,29.8005,8,458912759,833,104732,141662,156812,4
hold_2v,hold,2.0,0.0,29.8165,9,458931498,833,154260,141597,156801,4
hold_2v,hold,2.0,0.0,29.8409,10,458954031,834,64976,141643,156793,4
hold_2v,hold,2.0,0.0,29.8601,11,458974059,839,20219,141633,156788,4
hold_2v,hold,2.0,0.0,29.8795,12,458992826,833,74419,141598,156786,4
hold_2v,hold,2.0,0.0,29.9019,13,459015331,833,136833,141703,156860,4
hold_2v,hold,2.0,0.0,29.9232,14,459034111,834,36454,141673,156828,4
hold_2v,hold,2.0,0.0,29.9413,15,459054135,836,147388,141627,156799,4
hold_2v,hold,2.0,0.0,29.9625,16,459076656,834,55356,141620,156809,4
hold_2v,hold,2.0,0.0,29.9817,17,459095425,833,109966,141573,156801,4
after_off,fight,0.0,0.0,0.0138,24,459179051,833,57021,141677,156788,4
after_off,fight,0.0,0.0,0.0373,25,459201738,834,150386,141712,156799,4
after_off,fight,0.0,0.0,0.0543,26,459220503,834,47259,141749,156828,4
after_off,fight,0.0,0.0,0.0787,27,459243004,832,108589,141667,156778,4
after_off,fight,0.0,0.0,0.0977,28,459261806,833,11958,141693,156807,4
after_off,fight,0.0,0.0,0.1159,29,459280558,832,64038,141674,156783,4
after_off,fight,0.0,0.0,0.1383,30,459303081,834,129534,141709,156825,4
after_off,fight,0.0,0.0,0.1574,31,459323118,832,86154,141669,156781,4
after_off,fight,0.0,0.0,0.1755,32,459341858,833,136279,141711,156786,4
after_off,fight,0.0,0.0,0.1989,33,459364357,835,41359,141729,156806,4
after_off,fight,0.0,0.0,0.218,34,459383148,834,99782,141725,156798,4
after_off,fight,0.0,0.0,0.2381,35,459403143,833,49361,141683,156795,4
after_off,fight,0.0,0.0,0.2583,36,459423181,835,6169,141676,156789,4
after_off,fight,0.0,0.0,0.2764,37,459441943,834,59374,141653,156763,4
after_off,fight,0.0,0.0,0.2987,38,459464293,833,95969,141681,156794,4
after_off,fight,0.0,0.0,0.3198,39,459483205,834,18184,141682,156794,4
after_off,fight,0.0,0.0,0.3356,40,459501996,833,76553,141704,156779,4
after_off,fight,0.0,0.0,0.3589,41,459524488,834,137295,141694,156766,4
after_off,fight,0.0,0.0,0.3783,42,459543268,834,37484,141635,156743,4
after_off,fight,0.0,0.0,0.3996,43,459565799,837,105389,141650,156761,4
after_off,fight,0.0,0.0,0.4187,44,459584551,833,1153,141687,156758,4
after_off,fight,0.0,0.0,0.4398,45,459603293,834,51479,141682,156793,4
after_off,fight,0.0,0.0,0.4612,46,459624585,833,65489,141648,156716,4
after_off,fight,0.0,0.0,0.4793,47,459644595,833,18249,141668,156777,4
after_off,fight,0.0,0.0,0.5006,48,459667106,833,82680,141638,156747,4
after_off,fight,0.0,0.0,0.5144,49,459680860,833,69378,141663,156772,4
after_off,fight,0.0,0.0,0.5241,50,459689269,834,87729,141701,156775,4
after_off,fight,0.0,0.0,0.5412,51,459707141,832,146728,141719,156794,4
after_off,fight,0.0,0.0,0.5604,52,459726983,832,70734,141652,156761,4
after_off,fight,0.0,0.0,0.5798,53,459745901,833,151646,141616,156740,4
after_off,fight,0.0,0.0,0.6043,54,459768434,833,63624,141670,156738,4
after_off,fight,0.0,0.0,0.6292,55,459790936,834,126721,141682,156794,4
after_off,fight,0.0,0.0,0.6494,56,459813427,839,30727,141674,156785,4
after_off,fight,0.0,0.0,0.6672,57,459832231,841,91569,141706,156779,4
after_off,fight,0.0,0.0,0.687,58,459850986,835,144182,141679,156788,4
after_off,fight,0.0,0.0,0.7075,59,459873480,833,48202,141661,156771,4
after_off,fight,0.0,0.0,0.7266,60,459892273,833,107427,141691,156760,4
after_off,fight,0.0,0.0,0.7494,61,459913497,832,110164,141666,156778,4
after_off,fight,0.0,0.0,0.7703,62,459936046,834,23422,141685,156802,4
after_off,fight,0.0,0.0,0.8052,63,459958396,838,59945,141706,156822,4
after_off,fight,0.0,0.0,0.8085,64,459975136,832,82946,141713,156830,4
after_off,fight,0.0,0.0,0.8772,65,460018564,834,95230,141731,156847,4
after_off,fight,0.0,0.0,0.8772,66,460019516,834,100114,141733,156851,0
after_off,fight,0.0,0.0,0.8794,67,460036925,834,80358,141668,156780,4
after_off,fight,0.0,0.0,0.8911,68,460055699,833,136036,141698,156813,4
after_off,fight,0.0,0.0,0.9113,69,460076169,835,9544,141707,156782,4
after_off,fight,0.0,0.0,0.9316,70,460098669,833,71836,141668,156780,4
after_off,fight,0.0,0.0,0.9551,71,460117461,832,130659,141678,156787,4
after_off,fight,0.0,0.0,0.9711,72,460137477,834,84032,141652,156761,4
after_off,fight,0.0,0.0,0.9902,73,460156209,832,132442,141644,156795,4
after_off,fight,0.0,0.0,1.0102,74,460178730,835,39594,141687,156802,4
after_off,fight,0.0,0.0,1.0166,75,460181251,834,154536,141737,156849,4
after_off,fight,0.0,0.0,1.0335,76,460200007,834,50155,141725,156797,4
after_off,fight,0.0,0.0,1.0536,77,460218770,833,103385,141706,156822,4
after_off,fight,0.0,0.0,1.0704,78,460237549,840,3245,141670,156781,4
after_off,fight,0.0,0.0,1.0957,79,460260050,834,65159,141707,156820,4
after_off,fight,0.0,0.0,1.1136,80,460279976,841,2557,141719,156796,4
after_off,fight,0.0,0.0,1.1326,81,460298839,834,72647,141700,156813,4
after_off,fight,0.0,0.0,1.1506,82,460317621,834,129491,141681,156793,4
after_off,fight,0.0,0.0,1.1737,83,460340130,833,35850,141722,156840,4
after_off,fight,0.0,0.0,1.1938,84,460358923,834,93971,141744,156820,4
after_off,fight,0.0,0.0,1.2149,85,460381421,834,154604,141713,156813,4
after_off,fight,0.0,0.0,1.2339,86,460400185,836,51411,141717,156834,4
after_off,fight,0.0,0.0,1.255,87,460418957,842,106320,141711,156824,4
after_off,fight,0.0,0.0,1.275,88,460441475,832,14416,141688,156802,4
after_off,fight,0.0,0.0,1.294,89,460460247,834,69409,141727,156805,4
after_off,fight,0.0,0.0,1.3161,90,460482770,838,134899,141707,156822,4
after_off,fight,0.0,0.0,1.3392,91,460505278,833,41035,141665,156778,4
after_off,fight,0.0,0.0,1.3592,92,460524039,834,94608,141682,156793,4
after_off,fight,0.0,0.0,1.3762,93,460542816,834,150326,141743,156827,4
after_off,fight,0.0,0.0,1.3984,94,460565330,833,56942,141707,156819,4
after_off,fight,0.0,0.0,1.4184,95,460585212,834,143345,141729,156828,4
after_off,fight,0.0,0.0,1.4384,96,460604117,834,63788,141706,156821,4
after_off,fight,0.0,0.0,1.4598,97,460626638,834,128941,141680,156791,4
after_off,fight,0.0,0.0,1.4787,98,460645409,833,27415,141675,156786,4
after_off,fight,0.0,0.0,1.4987,99,460664168,834,80562,141721,156801,4
after_off,fight,0.0,0.0,1.5166,100,460682983,834,143453,141658,156781,4
after_off,fight,0.0,0.0,1.5208,101,460685444,833,91322,141684,156796,4
after_off,fight,0.0,0.0,1.5409,102,460707971,833,1191,141746,156822,4
after_off,fight,0.0,0.0,1.5599,103,460726714,834,51566,141670,156782,4
after_off,fight,0.0,0.0,1.5842,104,460749224,834,115802,141695,156769,4
after_off,fight,0.0,0.0,1.6022,105,460768007,834,16360,141672,156782,4
after_off,fight,0.0,0.0,1.6212,106,460788027,834,127111,141706,156819,4
after_off,fight,0.0,0.0,1.6402,107,460806776,834,21556,141687,156795,4
after_off,fight,0.0,0.0,1.6625,108,460829308,835,88446,141676,156786,4
after_off,fight,0.0,0.0,1.6803,109,460848061,834,140541,141697,156767,4
after_off,fight,0.0,0.0,1.7035,110,460870448,834,26013,141699,156813,4
after_off,fight,0.0,0.0,1.7225,111,460889351,833,103328,141734,156812,4
after_off,fight,0.0,0.0,1.7415,112,460908130,833,3447,141700,156773,4
after_off,fight,0.0,0.0,1.7637,113,460930641,833,67566,141666,156778,4
after_off,fight,0.0,0.0,1.7816,114,460949404,834,121356,141755,156833,4
after_off,fight,0.0,0.0,1.8049,115,460971924,834,29049,141763,156843,4
after_off,fight,0.0,0.0,1.8241,116,460990696,834,83549,141721,156837,4
after_off,fight,0.0,0.0,1.8422,117,461009449,839,134958,141716,156789,4
after_off,fight,0.0,0.0,1.8645,118,461031977,834,43960,141708,156821,4
after_off,fight,0.0,0.0,1.8847,119,461050748,833,98560,141692,156764,4
after_off,fight,0.0,0.0,1.9016,120,461069513,833,152700,141714,156832,4
after_off,fight,0.0,0.0,1.9248,121,461092040,841,61845,141728,156843,4
after_off,fight,0.0,0.0,1.9448,122,461110810,834,116072,141735,156851,4
after_off,fight,0.0,0.0,1.9649,123,461132073,833,123820,141748,156865,4
after_off,fight,0.0,0.0,1.9838,124,461150841,834,20704,141767,156847,4
after_off,fight,0.0,0.0,2.0039,125,461170761,832,113676,141741,156815,4
after_off,fight,0.0,0.0,2.0155,126,461182403,833,54277,141701,156816,4
after_off,fight,0.0,0.0,2.0271,127,461194230,834,25755,141757,156874,4
after_off,fight,0.0,0.0,2.0471,0,461210898,836,36321,141767,156848,4
after_off,fight,0.0,0.0,2.065,1,461232175,840,46048,141700,156812,4
after_off,fight,0.0,0.0,2.0839,2,461250955,834,102036,141744,156863,4
after_off,fight,0.0,0.0,2.106,3,461273485,834,11057,141753,156831,4
after_off,fight,0.0,0.0,2.1808,4,461340839,833,12432,141765,156843,4
after_off,fight,0.0,0.0,2.1955,5,461341790,839,17144,141735,156854,0
after_off,fight,0.0,0.0,2.2123,6,461357671,833,50815,141685,156798,4
after_off,fight,0.0,0.0,2.2134,7,461358622,834,55692,141746,156823,0
after_off,fight,0.0,0.0,2.224,8,461389461,835,122979,141717,156837,4
after_off,fight,0.0,0.0,2.2304,9,461395978,834,133062,141726,156841,4
after_off,fight,0.0,0.0,2.2487,10,461414881,833,53356,141732,156810,4
after_off,fight,0.0,0.0,2.2694,11,461437402,834,118298,141705,156820,4
after_off,fight,0.0,0.0,2.2904,12,461457279,840,47425,141737,156852,4
after_off,fight,0.0,0.0,2.3123,13,461479922,834,132582,141767,156846,4
after_off,fight,0.0,0.0,2.3323,14,461498721,832,34878,141734,156809,4
after_off,fight,0.0,0.0,2.3539,15,461521245,834,99881,141690,156802,4
after_off,fight,0.0,0.0,2.374,16,461540008,834,152810,141719,156848,4
after_off,fight,0.0,0.0,2.3942,17,461558783,835,51055,141723,156839,4
after_off,fight,0.0,0.0,2.4122,18,461578812,834,5132,141738,156855,4
after_off,fight,0.0,0.0,2.4344,19,461601312,833,66245,141715,156834,4
after_off,fight,0.0,0.0,2.4524,20,461620103,833,124441,141679,156792,4
after_off,fight,0.0,0.0,2.4704,21,461638852,834,18901,141704,156819,4
after_off,fight,0.0,0.0,2.4936,22,461661382,833,85373,141729,156842,4
after_off,fight,0.0,0.0,2.5139,23,461680144,834,138720,141722,156797,4
after_off,fight,0.0,0.0,2.5202,24,461688579,834,4782,141727,156806,4
after_off,fight,0.0,0.0,2.534,25,461700155,833,90780,141681,156794,4
after_off,fight,0.0,0.0,2.5551,26,461721411,833,97963,141694,156808,4
after_off,fight,0.0,0.0,2.5741,27,461740194,834,154740,141688,156807,4
after_off,fight,0.0,0.0,2.5951,28,461762718,834,63317,141688,156801,4
after_off,fight,0.0,0.0,2.6141,29,461781501,841,119804,141757,156838,4
after_off,fight,0.0,0.0,2.6362,30,461804019,833,26877,141686,156796,4
after_off,fight,0.0,0.0,2.6552,31,461822780,836,79675,141770,156852,4
after_off,fight,0.0,0.0,2.6742,32,461841552,838,133622,141790,156872,4
after_off,fight,0.0,0.0,2.6953,33,461864092,835,43578,141795,156879,4
after_off,fight,0.0,0.0,2.7154,34,461882864,834,97290,141794,156877,4
after_off,fight,0.0,0.0,2.7335,35,461901629,826,150294,141702,156837,4
after_off,fight,0.0,0.0,2.7557,36,461924166,838,60596,141747,156825,4
after_off,fight,0.0,0.0,2.7747,37,461942927,834,112711,141805,156886,4
after_off,fight,0.0,0.0,2.7937,38,461961717,835,12847,141725,156845,4
after_off,fight,0.0,0.0,2.816,39,461984238,834,76976,141760,156839,4
after_off,fight,0.0,0.0,2.835,40,462003000,834,129377,141786,156866,4
after_off,fight,0.0,0.0,2.8551,41,462021639,842,4600,141752,156832,4
after_off,fight,0.0,0.0,2.8783,42,462044292,834,91221,141738,156855,4
after_off,fight,0.0,0.0,2.8962,43,462064317,833,44863,141698,156813,4
after_off,fight,0.0,0.0,2.9153,44,462083091,834,99420,141783,156863,4
after_off,fight,0.0,0.0,2.9386,45,462105630,835,9492,141763,156845,4
after_off,fight,0.0,0.0,2.9565,46,462124391,840,61597,141787,156867,4
after_off,fight,0.0,0.0,2.9745,47,462143153,833,114306,141704,156818,4
after_off,fight,0.0,0.0,2.9987,48,462165701,833,26833,141700,156816,4
after_off,fight,0.0,0.0,3.0188,49,462185599,833,115793,141756,156834,4
after_off,fight,0.0,0.0,3.0209,50,462186549,841,120419,141779,156858,0
after_off,fight,0.0,0.0,3.0346,51,462203236,834,133840,141731,156849,4
after_off,fight,0.0,0.0,3.0588,52,462225757,833,41867,141678,156787,4
after_off,fight,0.0,0.0,3.0756,53,462244519,836,94850,141727,156845,4
after_off,fight,0.0,0.0,3.1009,54,462267049,833,3947,141740,156854,4
after_off,fight,0.0,0.0,3.1188,55,462287059,834,112664,141699,156814,4
after_off,fight,0.0,0.0,3.1388,56,462305827,833,10085,141708,156824,4
after_off,fight,0.0,0.0,3.1598,57,462328239,835,56495,141729,156846,4
after_off,fight,0.0,0.0,3.1841,58,462350860,835,138185,141721,156835,4
after_off,fight,0.0,0.0,3.2009,59,462369640,834,37591,141718,156837,4
after_off,fight,0.0,0.0,3.2199,60,462388392,835,89144,141709,156827,4
after_off,fight,0.0,0.0,3.2441,61,462410934,834,1064,141742,156822,4
after_off,fight,0.0,0.0,3.2641,62,462429694,833,53496,141752,156833,4
after_off,fight,0.0,0.0,3.2851,63,462453462,841,17368,141721,156796,4
after_off,fight,0.0,0.0,3.3051,64,462473468,833,125442,141748,156826,4
after_off,fight,0.0,0.0,3.3241,65,462492259,834,26751,141740,156819,4
after_off,fight,0.0,0.0,3.3462,66,462514800,834,94510,141734,156852,4
after_off,fight,0.0,0.0,3.3652,67,462533557,839,146227,141737,156856,4
after_off,fight,0.0,0.0,3.3883,68,462556092,834,55948,141723,156840,4
after_off,fight,0.0,0.0,3.4062,69,462574844,834,107028,141770,156851,4
after_off,fight,0.0,0.0,3.4536,70,462605947,840,62129,141726,156842,4
after_off,fight,0.0,0.0,3.4589,71,462625412,834,78215,141694,156810,4
after_off,fight,0.0,0.0,3.481,72,462636702,834,115746,141702,156817,4
after_off,fight,0.0,0.0,3.4905,73,462658141,834,153452,141755,156827,4
after_off,fight,0.0,0.0,3.5263,74,462686167,833,55960,141711,156826,4
after_off,fight,0.0,0.0,3.5263,75,462687118,836,60917,141707,156821,0
after_off,fight,0.0,0.0,3.5337,76,462701896,834,63545,141725,156842,4
after_off,fight,0.0,0.0,3.5506,77,462720003,834,4886,141776,156855,4
after_off,fight,0.0,0.0,3.5706,78,462738773,834,59017,141704,156819,4
after_off,fight,0.0,0.0,3.5896,79,462757556,832,115392,141766,156845,4
after_off,fight,0.0,0.0,3.6086,80,462777592,834,70847,141728,156805,4
after_off,fight,0.0,0.0,3.6317,81,462800114,834,135387,141775,156852,4
after_off,fight,0.0,0.0,3.6496,82,462818885,834,33465,141710,156781,4
after_off,fight,0.0,0.0,3.6686,83,462837644,833,85900,141712,156826,4
after_off,fight,0.0,0.0,3.6907,84,462860180,834,152791,141715,156818,4
after_off,fight,0.0,0.0,3.7097,85,462878775,834,19992,141762,156841,4
after_off,fight,0.0,0.0,3.7339,86,462901466,834,113162,141742,156860,4
after_off,fight,0.0,0.0,3.7507,87,462920257,834,13756,141733,156851,4
after_off,fight,0.0,0.0,3.775,88,462942766,834,76065,141720,156835,4
after_off,fight,0.0,0.0,3.794,89,462961548,836,131928,141772,156854,4
after_off,fight,0.0,0.0,3.812,90,462980328,833,30323,141706,156821,4
after_off,fight,0.0,0.0,3.8342,91,463002848,834,94002,141741,156858,4
after_off,fight,0.0,0.0,3.8532,92,463021637,835,150597,141757,156866,4
after_off,fight,0.0,0.0,3.8712,93,463040402,840,46697,141714,156831,4
after_off,fight,0.0,0.0,3.8934,94,463062943,834,113759,141799,156879,4
after_off,fight,0.0,0.0,3.9114,95,463081705,834,8840,141740,156860,4
after_off,fight,0.0,0.0,3.9305,96,463100483,834,64047,141714,156826,4
after_off,fight,0.0,0.0,3.9537,97,463123016,834,129538,141743,156861,4
after_off,fight,0.0,0.0,3.9727,98,463141796,834,27729,141781,156860,4
after_off,fight,0.0,0.0,3.9948,99,463164306,836,89448,141777,156856,4
after_off,fight,0.0,0.0,4.0138,100,463184173,838,16479,141786,156868,4
after_off,fight,0.0,0.0,4.0202,101,463186835,834,155366,141796,156853,4
after_off,fight,0.0,0.0,4.0338,102,463201871,835,44692,141745,156864,4
after_off,fight,0.0,0.0,4.055,103,463224393,834,108704,141761,156884,4
after_off,fight,0.0,0.0,4.0739,104,463243172,834,6897,141728,156847,4
after_off,fight,0.0,0.0,4.096,105,463265695,835,70279,141804,156887,4
after_off,fight,0.0,0.0,4.115,106,463284468,834,124260,141749,156868,4
after_off,fight,0.0,0.0,4.136,107,463305752,835,134867,141728,156842,4
after_off,fight,0.0,0.0,4.155,108,463324514,834,30178,141782,156862,4
after_off,fight,0.0,0.0,4.174,109,463343287,833,84310,141752,156872,4
after_off,fight,0.0,0.0,4.1961,110,463365821,835,150421,141794,156894,4
after_off,fight,0.0,0.0,4.215,111,463384597,834,47938,141737,156856,4
after_off,fight,0.0,0.0,4.2392,112,463407138,835,114813,141736,156856,4
after_off,fight,0.0,0.0,4.2563,113,463425908,833,11762,141720,156838,4
after_off,fight,0.0,0.0,4.2787,114,463448439,833,77714,141757,156878,4
after_off,fight,0.0,0.0,4.2999,115,463468375,836,15514,141770,156888,4
after_off,fight,0.0,0.0,4.3189,116,463487227,834,83701,141741,156821,4
after_off,fight,0.0,0.0,4.34,117,463509752,832,148607,141752,156847,4
after_off,fight,0.0,0.0,4.3589,118,463528516,835,44933,141738,156860,4
after_off,fight,0.0,0.0,4.3811,119,463551050,833,111160,141738,156856,4
after_off,fight,0.0,0.0,4.4042,120,463571078,834,65052,141733,156851,4
after_off,fight,0.0,0.0,4.4212,121,463591105,834,18651,141750,156866,4
after_off,fight,0.0,0.0,4.4402,122,463609865,834,71011,141702,156819,4
after_off,fight,0.0,0.0,4.4634,123,463632396,834,137545,141798,156886,4
after_off,fight,0.0,0.0,4.4814,124,463651176,834,36052,141797,156878,4
after_off,fight,0.0,0.0,4.4993,125,463669947,837,89673,141735,156852,4
after_off,fight,0.0,0.0,4.5205,126,463689730,833,1964,141736,156852,4
after_off,fight,0.0,0.0,4.5237,127,463690670,834,4954,141769,156845,0
after_off,fight,0.0,0.0,4.5406,0,463711267,834,55672,141734,156850,4
after_off,fight,0.0,0.0,4.5606,1,463730019,833,106615,141665,156816,4
after_off,fight,0.0,0.0,4.5796,2,463749955,834,45434,141767,156846,4
after_off,fight,0.0,0.0,4.6039,3,463772566,834,125213,141771,156850,4
after_off,fight,0.0,0.0,4.6208,4,463791347,834,24200,141754,156833,4
after_off,fight,0.0,0.0,4.6398,5,463810108,834,76904,141743,156820,4
after_off,fight,0.0,0.0,4.6635,6,463832642,834,143785,141738,156828,4
after_off,fight,0.0,0.0,4.6803,7,463851408,833,40507,141719,156794,4
after_off,fight,0.0,0.0,4.7044,8,463873930,839,105557,141705,156823,4
after_off,fight,0.0,0.0,4.7226,9,463892711,834,4702,141772,156849,4
after_off,fight,0.0,0.0,4.7445,10,463915233,833,69436,141732,156851,4
after_off,fight,0.0,0.0,4.7948,11,463945062,834,121220,141728,156843,4
after_off,fight,0.0,0.0,4.8129,12,463974819,834,4282,141707,156819,4
after_off,fight,0.0,0.0,4.8129,13,463975769,827,8976,141749,156825,0
after_off,fight,0.0,0.0,4.8385,14,464005943,840,120089,141717,156836,4
after_off,fight,0.0,0.0,4.8459,15,464017507,838,47024,141724,156841,4
after_off,fight,0.0,0.0,4.865,16,464035181,834,71281,141780,156862,4
after_off,fight,0.0,0.0,4.8882,17,464057901,833,12633,141773,156852,4
after_off,fight,0.0,0.0,4.9062,18,464076673,833,67575,141707,156822,4
after_off,fight,0.0,0.0,4.9252,19,464095444,834,121853,141720,156833,4
after_off,fight,0.0,0.0,4.9485,20,464117953,833,27834,141699,156814,4
after_off,fight,0.0,0.0,4.9654,21,464136735,832,84232,141755,156832,4
after_off,fight,0.0,0.0,4.9889,22,464159248,834,147606,141722,156843,4
after_off,fight,0.0,0.0,5.009,23,464178026,841,46055,141755,156873,4
after_off,fight,0.0,0.0,5.0154,24,464188853,833,4469,141700,156815,4
after_off,fight,0.0,0.0,5.027,25,464197593,833,78813,141717,156835,4
after_off,fight,0.0,0.0,5.0491,26,464218075,834,110361,141738,156855,4
after_off,fight,0.0,0.0,5.0701,27,464240603,833,19272,141730,156807,4
after_off,fight,0.0,0.0,5.0892,28,464259365,834,72054,141755,156830,4
after_off,fight,0.0,0.0,5.1083,29,464278147,834,128799,141723,156799,4
after_off,fight,0.0,0.0,5.1294,30,464300665,834,36682,141698,156814,4
after_off,fight,0.0,0.0,5.1494,31,464320523,837,118816,141720,156838,4
after_off,fight,0.0,0.0,5.1686,32,464339453,836,43028,141768,156888,4
after_off,fight,0.0,0.0,5.1918,33,464361996,834,110910,141794,156873,4
after_off,fight,0.0,0.0,5.2098,34,464380757,834,5869,141792,156876,4
after_off,fight,0.0,0.0,5.234,35,464403309,834,74768,141787,156873,4
after_off,fight,0.0,0.0,5.2508,36,464422074,833,127316,141732,156854,4
after_off,fight,0.0,0.0,5.2698,37,464440844,833,24037,141724,156841,4
after_off,fight,0.0,0.0,5.294,38,464463384,833,91973,141715,156832,4
after_off,fight,0.0,0.0,5.311,39,464482152,842,145687,141712,156828,4
after_off,fight,0.0,0.0,5.3341,40,464504665,834,51741,141760,156879,4
after_off,fight,0.0,0.0,5.3541,41,464523448,834,107811,141745,156862,4
after_off,fight,0.0,0.0,5.371,42,464542218,833,5244,141701,156815,4
after_off,fight,0.0,0.0,5.3942,43,464564747,834,70277,141742,156863,4
after_off,fight,0.0,0.0,5.4142,44,464583509,833,123645,141686,156799,4
after_off,fight,0.0,0.0,5.4353,45,464606031,832,31833,141734,156850,4
after_off,fight,0.0,0.0,5.4543,46,464625968,834,127610,141762,156838,4
after_off,fight,0.0,0.0,5.4746,47,464644830,833,40379,141704,156817,4
after_off,fight,0.0,0.0,5.4957,48,464667359,841,106302,141729,156844,4
after_off,fight,0.0,0.0,5.5158,49,464686129,834,3562,141755,156872,4
after_off,fight,0.0,0.0,5.5242,50,464694536,833,20887,141755,156877,4
after_off,fight,0.0,0.0,5.5337,51,464704432,836,134533,141748,156827,4
after_off,fight,0.0,0.0,5.5537,52,464724920,836,9608,141789,156870,4
after_off,fight,0.0,0.0,5.5758,53,464747464,834,76865,141762,156883,4
after_off,fight,0.0,0.0,5.5947,54,464766224,834,128779,141777,156857,4
after_off,fight,0.0,0.0,5.6189,55,464788765,834,39055,141758,156836,4
after_off,fight,0.0,0.0,5.64,56,464811288,834,104054,141724,156841,4
after_off,fight,0.0,0.0,5.66,57,464831295,835,54671,141750,156833,4
after_off,fight,0.0,0.0,5.6791,58,464850075,834,111038,141729,156847,4
after_off,fight,0.0,0.0,5.7012,59,464872612,833,21038,141781,156861,4
after_off,fight,0.0,0.0,5.7202,60,464891366,834,72052,141762,156882,4
after_off,fight,0.0,0.0,5.7392,61,464910067,835,113791,141781,156859,4
after_off,fight,0.0,0.0,5.7604,62,464932686,835,37767,141711,156827,4
after_off,fight,0.0,0.0,5.7816,63,464951439,835,89134,141751,156871,4
after_off,fight,0.0,0.0,5.7997,64,464970224,840,145516,141711,156819,4
after_off,fight,0.0,0.0,5.8208,65,464992750,834,53999,141740,156818,4
after_off,fight,0.0,0.0,5.8398,66,465011522,834,107948,141756,156833,4
after_off,fight,0.0,0.0,5.861,67,465030288,834,4607,141747,156826,4
after_off,fight,0.0,0.0,5.879,68,465050317,834,115848,141697,156809,4
after_off,fight,0.0,0.0,5.9012,69,465072849,834,25663,141706,156821,4
after_off,fight,0.0,0.0,5.9193,70,465091600,834,76666,141724,156841,4
after_off,fight,0.0,0.0,5.9437,71,465114146,840,145628,141711,156841,4
after_off,fight,0.0,0.0,5.9616,72,465132911,834,41943,141785,156866,4
after_off,fight,0.0,0.0,5.9797,73,465151683,833,96072,141741,156861,4
after_off,fight,0.0,0.0,6.0042,74,465174202,834,3483,141720,156837,4
after_off,fight,0.0,0.0,6.0234,75,465194008,834,76473,141779,156861,4
after_off,fight,0.0,0.0,6.0255,76,465194958,834,81070,141733,156853,0
after_off,fight,0.0,0.0,6.0435,77,465215507,836,123263,141803,156883,4
after_off,fight,0.0,0.0,6.0743,78,465232969,833,111861,141751,156831,4
after_off,fight,0.0,0.0,6.0838,79,465253932,836,67963,141797,156877,4
after_off,fight,0.0,0.0,6.158,80,465296799,833,139509,141773,156897,4
after_off,fight,0.0,0.0,6.171,81,465297754,838,144855,141754,156898,0
after_off,fight,0.0,0.0,6.1733,82,465338554,834,20536,141750,156869,4
after_off,fight,0.0,0.0,6.1765,83,465339508,836,25791,141791,156872,0
after_off,fight,0.0,0.0,6.1818,84,465353975,833,132175,141734,156854,4
after_off,fight,0.0,0.0,6.2041,85,465375731,833,65768,141745,156864,4
after_off,fight,0.0,0.0,6.2243,86,465394492,834,117783,141791,156870,4
after_off,fight,0.0,0.0,6.2444,87,465417013,833,24854,141742,156859,4
after_off,fight,0.0,0.0,6.2635,88,465435793,834,80433,141729,156847,4
after_off,fight,0.0,0.0,6.2859,89,465458319,838,145326,141722,156851,4
after_off,fight,0.0,0.0,6.3051,90,465476904,832,10798,141753,156870,4
after_off,fight,0.0,0.0,6.3242,91,465495864,834,96897,141773,156852,4
after_off,fight,0.0,0.0,6.3457,92,465518394,834,4984,141763,156882,4
after_off,fight,0.0,0.0,6.3657,93,465537157,834,57296,141719,156835,4
after_off,fight,0.0,0.0,6.3847,94,465555927,835,110508,141806,156889,4
after_off,fight,0.0,0.0,6.406,95,465578459,834,18862,141780,156904,4
after_off,fight,0.0,0.0,6.425,96,465597230,835,72047,141791,156914,4
after_off,fight,0.0,0.0,6.444,97,465616013,834,127455,141746,156868,4
after_off,fight,0.0,0.0,6.4663,98,465638556,835,37727,141735,156852,4
after_off,fight,0.0,0.0,6.4853,99,465657317,837,89730,141753,156873,4
after_off,fight,0.0,0.0,6.5085,100,465679867,835,1530,141718,156837,4
after_off,fight,0.0,0.0,6.519,101,465691319,834,66056,141773,156852,4
after_off,fight,0.0,0.0,6.5253,102,465699613,834,64294,141760,156839,4
after_off,fight,0.0,0.0,6.5443,103,465717391,834,106090,141801,156884,4
after_off,fight,0.0,0.0,6.5685,104,465739930,834,16031,141735,156852,4
after_off,fight,0.0,0.0,6.5885,105,465761010,831,148788,141770,156849,4
after_off,fight,0.0,0.0,6.6085,106,465778943,837,60253,141759,156876,4
after_off,fight,0.0,0.0,6.6253,107,465798749,834,133135,141730,156846,4
after_off,fight,0.0,0.0,6.6485,108,465821263,832,38378,141796,156916,4
after_off,fight,0.0,0.0,6.6697,109,465840065,833,97033,141742,156865,4
after_off,fight,0.0,0.0,6.6908,110,465862576,834,2026,141765,156885,4
after_off,fight,0.0,0.0,6.7088,111,465881359,834,57784,141765,156888,4
after_off,fight,0.0,0.0,6.7288,112,465900127,834,111380,141721,156839,4
after_off,fight,0.0,0.0,6.7509,113,465922647,834,18798,141728,156842,4
after_off,fight,0.0,0.0,6.7688,114,465941410,834,71076,141781,156862,4
after_off,fight,0.0,0.0,6.7878,115,465960199,834,127618,141755,156880,4
after_off,fight,0.0,0.0,6.811,116,465982731,833,36424,141732,156848,4
after_off,fight,0.0,0.0,6.8289,117,466001495,839,89384,141753,156831,4
after_off,fight,0.0,0.0,6.8511,118,466024029,833,155345,141735,156880,4
after_off,fight,0.0,0.0,6.87,119,466042634,834,23724,141793,156876,4
after_off,fight,0.0,0.0,6.889,120,466061564,838,104730,141797,156881,4
after_off,fight,0.0,0.0,6.9111,121,466084106,835,14889,141800,156881,4
after_off,fight,0.0,0.0,6.9311,122,466102877,833,68835,141777,156899,4
after_off,fight,0.0,0.0,6.95,123,466122903,834,22025,141771,156852,4
after_off,fight,0.0,0.0,6.9732,124,466145435,833,87326,141770,156892,4
after_off,fight,0.0,0.0,6.9933,125,466164222,834,143807,141728,156844,4
after_off,fight,0.0,0.0,7.0112,126,466184243,834,96167,141739,156860,4
after_off,fight,0.0,0.0,7.0207,127,466195033,836,47942,141779,156862,4
after_off,fight,0.0,0.0,7.0343,0,466205732,834,141092,141743,156861,4
after_off,fight,0.0,0.0,7.0543,1,466228052,834,13606,141762,156879,4
after_off,fight,0.0,0.0,7.0796,2,466250572,833,77401,141761,156882,4
after_off,fight,0.0,0.0,7.0954,3,466269353,833,133040,141730,156848,4
after_off,fight,0.0,0.0,7.1196,4,466291875,834,39972,141783,156861,4
after_off,fight,0.0,0.0,7.1354,5,466309230,835,9669,141800,156881,4
after_off,fight,0.0,0.0,7.1586,6,466331950,834,107291,141787,156866,4
after_off,fight,0.0,0.0,7.1775,7,466350710,838,2399,141725,156844,4
after_off,fight,0.0,0.0,7.1996,8,466373232,832,65735,141819,156903,4
after_off,fight,0.0,0.0,7.2196,9,466392005,842,119818,141734,156853,4
after_off,fight,0.0,0.0,7.2407,10,466414536,834,28329,141756,156878,4
after_off,fight,0.0,0.0,7.2607,11,466433306,834,81847,141762,156842,4
after_off,fight,0.0,0.0,7.2838,12,466455842,833,148628,141769,156862,4
after_off,fight,0.0,0.0,7.3007,13,466474610,838,45520,141746,156824,4
after_off,fight,0.0,0.0,7.3238,14,466497090,834,102535,141752,156870,4
after_off,fight,0.0,0.0,7.3438,15,466515921,835,9438,141796,156918,4
after_off,fight,0.0,0.0,7.3649,16,466538392,836,64738,141722,156840,4
after_off,fight,0.0,0.0,7.4059,17,466565770,834,13089,141763,156883,4
after_off,fight,0.0,0.0,7.4207,18,466582733,834,72961,141765,156887,4
after_off,fight,0.0,0.0,7.4428,19,466604058,840,90043,141720,156836,4
after_off,fight,0.0,0.0,7.4586,20,466622863,833,150218,141744,156849,4
after_off,fight,0.0,0.0,7.4691,21,466640684,834,42849,141708,156826,4
after_off,fight,0.0,0.0,7.4849,22,466658539,836,98241,141745,156864,4
after_off,fight,0.0,0.0,7.5102,23,466681121,835,16173,141702,156817,4
after_off,fight,0.0,0.0,7.5217,24,466694884,834,3258,141797,156877,4
after_off,fight,0.0,0.0,7.5291,25,466703292,833,20974,141753,156833,4
after_off,fight,0.0,0.0,7.548,26,466721162,834,78520,141753,156875,4
after_off,fight,0.0,0.0,7.5701,27,466743644,833,135165,141744,156863,4
after_off,fight,0.0,0.0,7.5891,28,466762414,838,32068,141747,156868,4
after_off,fight,0.0,0.0,7.6112,29,466784998,840,106526,141769,156894,4
after_off,fight,0.0,0.0,7.6312,30,466803723,835,152320,141750,156845,4
after_off,fight,0.0,0.0,7.6491,31,466822499,833,50005,141761,156881,4
after_off,fight,0.0,0.0,7.6713,32,466845070,834,122745,141775,156856,4
after_off,fight,0.0,0.0,7.6915,33,466863798,835,12902,141716,156833,4
after_off,fight,0.0,0.0,7.7105,34,466883777,833,115720,141753,156833,4
after_off,fight,0.0,0.0,7.7326,35,466906396,833,39109,141754,156873,4
after_off,fight,0.0,0.0,7.7505,36,466925118,835,84850,141755,156835,4
after_off,fight,0.0,0.0,7.7747,37,466947644,833,150348,141692,156818,4
after_off,fight,0.0,0.0,7.7937,38,466966429,832,50109,141724,156840,4
after_off,fight,0.0,0.0,7.8126,39,466986498,836,11271,141696,156809,4
after_off,fight,0.0,0.0,7.8306,40,467005218,833,56806,141727,156843,4
after_off,fight,0.0,0.0,7.8548,41,467027739,835,121322,141723,156839,4
after_off,fight,0.0,0.0,7.8737,42,467046511,834,18214,141781,156862,4
after_off,fight,0.0,0.0,7.8959,43,467069030,833,81676,141739,156859,4
after_off,fight,0.0,0.0,7.9138,44,467087813,832,137452,141750,156872,4
after_off,fight,0.0,0.0,7.9339,45,467106594,832,36394,141727,156845,4
after_off,fight,0.0,0.0,7.9551,46,467129104,834,98960,141694,156809,4
after_off,fight,0.0,0.0,7.9741,47,467147880,836,154054,141774,156845,4
after_off,fight,0.0,0.0,7.9942,48,467166663,836,53095,141791,156873,4
after_off,fight,0.0,0.0,8.0152,49,467189145,836,109892,141776,156898,4
after_off,fight,0.0,0.0,8.0237,50,467200055,835,82007,141789,156869,4
after_off,fight,0.0,0.0,8.0342,51,467208882,834,13902,141802,156882,4
after_off,fight,0.0,0.0,8.0563,52,467230499,833,80808,141749,156874,4
after_off,fight,0.0,0.0,8.0763,53,467249262,834,132909,141745,156861,4
after_off,fight,0.0,0.0,8.0973,54,467271811,833,44302,141765,156885,4
after_off,fight,0.0,0.0,8.1163,55,467290572,833,96747,141688,156799,4
after_off,fight,0.0,0.0,8.1384,56,467313112,834,6611,141741,156856,4
after_off,fight,0.0,0.0,8.1616,57,467335644,834,72662,141754,156834,4
after_off,fight,0.0,0.0,8.1795,58,467354396,834,123531,141732,156850,4
after_off,fight,0.0,0.0,8.1984,59,467373175,834,21727,141757,156877,4
after_off,fight,0.0,0.0,8.2206,60,467395717,834,88922,141744,156864,4
after_off,fight,0.0,0.0,8.2395,61,467414481,834,141297,141733,156852,4
after_off,fight,0.0,0.0,8.2585,62,467433250,834,37729,141747,156867,4
after_off,fight,0.0,0.0,8.2806,63,467455780,834,103537,141795,156875,4
after_off,fight,0.0,0.0,8.2995,64,467474430,834,136711,141729,156847,4
after_off,fight,0.0,0.0,8.3237,65,467497081,834,66313,141710,156829,4
after_off,fight,0.0,0.0,8.3469,66,467519603,833,130560,141692,156806,4
after_off,fight,0.0,0.0,8.3648,67,467539628,833,84173,141750,156868,4
after_off,fight,0.0,0.0,8.389,68,467562155,834,149603,141749,156860,4
after_off,fight,0.0,0.0,8.4058,69,467580920,837,45976,141700,156815,4
after_off,fight,0.0,0.0,8.4248,70,467599700,833,102039,141713,156826,4
after_off,fight,0.0,0.0,8.449,71,467622221,834,10050,141763,156842,4
after_off,fight,0.0,0.0,8.4658,72,467641000,834,65744,141756,156831,4
after_off,fight,0.0,0.0,8.489,73,467663501,832,127271,141754,156834,4
after_off,fight,0.0,0.0,8.509,74,467682292,834,27723,141756,156874,4
after_off,fight,0.0,0.0,8.5237,75,467697311,834,71498,141741,156858,4
after_off,fight,0.0,0.0,8.5301,76,467705749,834,94210,141795,156878,4
after_off,fight,0.0,0.0,8.549,77,467723581,835,145234,141745,156879,4
after_off,fight,0.0,0.0,8.569,78,467743562,834,90921,141769,156889,4
after_off,fight,0.0,0.0,8.5911,79,467766124,834,4790,141743,156860,4
after_off,fight,0.0,0.0,8.6101,80,467784903,835,59906,141739,156857,4
after_off,fight,0.0,0.0,8.6334,81,467807435,834,125872,141718,156832,4
after_off,fight,0.0,0.0,8.6503,82,467826206,836,22994,141764,156880,4
after_off,fight,0.0,0.0,8.6703,83,467844965,839,75623,141744,156825,4
after_off,fight,0.0,0.0,8.7135,84,467874845,834,136613,141717,156834,4
after_off,fight,0.0,0.0,8.7293,85,467891797,833,38288,141735,156853,4
after_off,fight,0.0,0.0,8.7472,86,467913141,834,59232,141755,156832,4
after_off,fight,0.0,0.0,8.7567,87,467929420,834,3490,141763,156883,4
after_off,fight,0.0,0.0,8.78,88,467946350,834,57872,141749,156867,4
after_off,fight,0.0,0.0,8.8052,89,467980143,833,155854,141730,156861,4
after_off,fight,0.0,0.0,8.8169,90,467990969,833,114044,141721,156838,4
after_off,fight,0.0,0.0,8.837,91,468007629,834,122973,141735,156854,4
after_off,fight,0.0,0.0,8.8539,92,468028934,834,136868,141791,156874,4
after_off,fight,0.0,0.0,8.8739,93,468047706,833,34198,141736,156855,4
after_off,fight,0.0,0.0,8.897,94,468070226,834,98368,141754,156831,4
after_off,fight,0.0,0.0,8.914,95,468089002,834,153676,141700,156831,4
after_off,fight,0.0,0.0,8.9372,96,468111527,832,62432,141761,156837,4
after_off,fight,0.0,0.0,8.9551,97,468130289,832,115429,141719,156834,4
after_off,fight,0.0,0.0,8.9752,98,468149069,834,15009,141704,156817,4
after_off,fight,0.0,0.0,8.9953,99,468171588,832,79233,141712,156826,4
after_off,fight,0.0,0.0,9.0143,100,468190349,834,131808,141686,156799,4
after_off,fight,0.0,0.0,9.0238,101,468201209,834,96321,141704,156818,4
after_off,fight,0.0,0.0,9.0344,102,468209986,833,20314,141684,156797,4
after_off,fight,0.0,0.0,9.0554,103,468230397,834,40207,141742,156818,4
after_off,fight,0.0,0.0,9.0746,104,468249168,834,94992,141686,156801,4
after_off,fight,0.0,0.0,9.0957,105,468271698,834,4970,141673,156785,4
after_off,fight,0.0,0.0,9.1147,106,468290410,833,50111,141725,156800,4
after_off,fight,0.0,0.0,9.1337,107,468309201,836,108171,141716,156832,4
after_off,fight,0.0,0.0,9.1558,108,468331742,834,19149,141777,156862,4
after_off,fight,0.0,0.0,9.1747,109,468350523,837,75485,141710,156825,4
after_off,fight,0.0,0.0,9.1989,110,468373043,836,140007,141748,156825,4
after_off,fight,0.0,0.0,9.2158,111,468391813,834,37832,141714,156827,4
after_off,fight,0.0,0.0,9.2359,112,468410574,840,91218,141673,156785,4
after_off,fight,0.0,0.0,9.2591,113,468433104,833,2119,141654,156766,4
after_off,fight,0.0,0.0,9.276,114,468451856,833,54403,141709,156784,4
after_off,fight,0.0,0.0,9.2951,115,468470626,833,109262,141686,156797,4
after_off,fight,0.0,0.0,9.3193,116,468493140,833,17070,141678,156791,4
after_off,fight,0.0,0.0,9.3362,117,468511903,833,70841,141713,156828,4
after_off,fight,0.0,0.0,9.3552,118,468530663,833,124118,141683,156795,4
after_off,fight,0.0,0.0,9.3783,119,468553196,831,34916,141702,156817,4
after_off,fight,0.0,0.0,9.3993,120,468575715,834,99773,141750,156827,4
after_off,fight,0.0,0.0,9.4204,121,468595603,834,30631,141747,156820,4
after_off,fight,0.0,0.0,9.4394,122,468614497,840,105866,141717,156832,4
after_off,fight,0.0,0.0,9.4583,123,468633277,835,4410,141744,156864,4
after_off,fight,0.0,0.0,9.4793,124,468655798,834,68402,141792,156873,4
after_off,fight,0.0,0.0,9.5015,125,468674580,834,124670,141714,156832,4
after_off,fight,0.0,0.0,9.5246,126,468699429,834,115137,141756,156833,4
after_off,fight,0.0,0.0,9.5278,127,468700379,834,119833,141710,156824,0
after_off,fight,0.0,0.0,9.5395,0,468715868,833,87008,141682,156792,4
after_off,fight,0.0,0.0,9.5637,1,468738395,836,152372,141700,156837,4
after_off,fight,0.0,0.0,9.5817,2,468757162,835,49724,141688,156802,4
after_off,fight,0.0,0.0,9.5997,3,468775921,834,101995,141700,156816,4
after_off,fight,0.0,0.0,9.624,4,468798451,834,10888,141815,156900,4
after_off,fight,0.0,0.0,9.6441,5,468817225,834,65169,141749,156869,4
after_off,fight,0.0,0.0,9.661,6,468837250,833,18991,141689,156806,4
after_off,fight,0.0,0.0,9.6799,7,468856024,834,73753,141720,156833,4
after_off,fight,0.0,0.0,9.7042,8,468879668,834,15424,141742,156820,4
after_off,fight,0.0,0.0,9.7242,9,468898572,833,92399,141686,156800,4
after_off,fight,0.0,0.0,9.7421,10,468917339,834,146529,141761,156833,4
after_off,fight,0.0,0.0,9.7642,11,468939854,833,53317,141704,156820,4
after_off,fight,0.0,0.0,9.7832,12,468958627,836,108172,141764,156840,4
after_off,fight,0.0,0.0,9.8054,13,468981148,839,16323,141721,156836,4
after_off,fight,0.0,0.0,9.8254,14,468999928,833,72774,141723,156800,4
after_off,fight,0.0,0.0,9.8434,15,469018692,833,126719,141719,156798,4
after_off,fight,0.0,0.0,9.8645,16,469038727,834,82943,141712,156787,4
after_off,fight,0.0,0.0,9.8835,17,469058734,834,34035,141753,156831,4
after_off,fight,0.0,0.0,9.9056,18,469081247,834,97610,141721,156797,4
after_off,fight,0.0,0.0,9.9257,19,469100020,834,152839,141733,156804,4
after_off,fight,0.0,0.0,9.9447,20,469121289,833,4914,141680,156793,4
after_off,fight,0.0,0.0,9.9637,21,469140061,834,59961,141673,156786,4
after_off,fight,0.0,0.0,9.9848,22,469159951,833,148338,141697,156795,4
after_off,fight,0.0,0.0,10.0206,23,469183866,836,136422,141718,156836,4
after_off,fight,0.0,0.0,10.0291,24,469201617,833,18137,141684,156798,4
after_off,fight,0.0,0.0,10.0312,25,469202568,834,22930,141733,156808,0
after_off,fight,0.0,0.0,10.0449,26,469220132,833,29618,141757,156836,4
after_off,fight,0.0,0.0,10.0817,27,469248913,835,61193,141712,156831,4
after_off,fight,0.0,0.0,10.0912,28,469265767,834,104155,141662,156770,4
after_off,fight,0.0,0.0,10.106,29,469282690,838,2099,141688,156799,4
after_off,fight,0.0,0.0,10.125,30,469301440,834,54012,141685,156800,4
after_off,fight,0.0,0.0,10.1492,31,469323982,834,122855,141726,156799,4
after_off,fight,0.0,0.0,10.1692,32,469343987,831,74249,141674,156784,4
after_off,fight,0.0,0.0,10.1902,33,469366509,833,139914,141674,156786,4
after_off,fight,0.0,0.0,10.2113,34,469385280,834,37770,141766,156846,4
after_off,fight,0.0,0.0,10.2302,35,469406543,834,45534,141687,156801,4
after_off,fight,0.0,0.0,10.2502,36,469426441,834,135392,141674,156787,4
after_off,fight,0.0,0.0,10.2724,37,469449082,834,64533,141703,156816,4
after_off,fight,0.0,0.0,10.2904,38,469467853,841,119563,141703,156776,4
after_off,fight,0.0,0.0,10.3105,39,469486624,841,18050,141714,156785,4
after_off,fight,0.0,0.0,10.3337,40,469509134,833,81652,141683,156797,4
after_off,fight,0.0,0.0,10.3506,41,469527906,834,136450,141701,156811,4
after_off,fight,0.0,0.0,10.3695,42,469546679,832,34989,141682,156793,4
after_off,fight,0.0,0.0,10.3937,43,469569209,834,101490,141728,156844,4
after_off,fight,0.0,0.0,10.4169,44,469591708,833,5631,141737,156814,4
after_off,fight,0.0,0.0,10.4349,45,469611738,834,117878,141727,156803,4
after_off,fight,0.0,0.0,10.4539,46,469630506,833,15489,141685,156796,4
after_off,fight,0.0,0.0,10.4761,47,469651772,834,23101,141768,156847,4
after_off,fight,0.0,0.0,10.494,48,469669304,834,23986,141742,156816,4
after_off,fight,0.0,0.0,10.514,49,469689282,833,127704,141658,156769,4
after_off,fight,0.0,0.0,10.5256,50,469700885,840,61826,141685,156798,4
after_off,fight,0.0,0.0,10.5362,51,469711508,834,142980,141688,156777,4
after_off,fight,0.0,0.0,10.5552,52,469730596,834,94932,141727,156842,4
after_off,fight,0.0,0.0,10.5762,53,469751872,834,104663,141700,156817,4
after_off,fight,0.0,0.0,10.5962,54,469773156,833,116362,141671,156779,4
after_off,fight,0.0,0.0,10.6152,55,469791906,833,11389,141675,156787,4
after_off,fight,0.0,0.0,10.6383,56,469814445,833,79100,141723,156838,4
after_off,fight,0.0,0.0,10.6562,57,469833209,833,132359,141737,156855,4
after_off,fight,0.0,0.0,10.6752,58,469851970,834,28233,141675,156787,4
after_off,fight,0.0,0.0,10.6994,59,469874510,836,96599,141702,156773,4
after_off,fight,0.0,0.0,10.7194,60,469897020,833,3726,141649,156759,4
after_off,fight,0.0,0.0,10.7383,61,469915782,834,57578,141705,156778,4
after_off,fight,0.0,0.0,10.7583,62,469935759,839,4087,141653,156763,4
after_off,fight,0.0,0.0,10.7783,63,469954562,833,65047,141701,156772,4
after_off,fight,0.0,0.0,10.8005,64,469978338,835,30513,141669,156784,4
after_off,fight,0.0,0.0,10.8195,65,469997091,833,83281,141658,156768,4
after_off,fight,0.0,0.0,10.8385,66,470015853,833,136996,141675,156789,4
after_off,fight,0.0,0.0,10.8607,67,470038391,832,48524,141696,156809,4
after_off,fight,0.0,0.0,10.8797,68,470057145,834,100399,141747,156826,4
after_off,fight,0.0,0.0,10.8997,69,470075911,834,154584,141673,156766,4
after_off,fight,0.0,0.0,10.925,70,470098445,833,65471,141734,156813,4
after_off,fight,0.0,0.0,10.9408,71,470118453,841,16719,141699,156812,4
after_off,fight,0.0,0.0,10.9598,72,470137224,834,70940,141723,156839,4
after_off,fight,0.0,0.0,10.9788,73,470155995,834,125940,141713,156828,4
after_off,fight,0.0,0.0,11.0021,74,470178535,833,37442,141690,156802,4
after_off,fight,0.0,0.0,11.0199,75,470197285,834,88787,141702,156817,4
after_off,fight,0.0,0.0,11.0294,76,470205664,834,101813,141727,156800,4
after_off,fight,0.0,0.0,11.041,77,470218151,832,29621,141696,156806,4
after_off,fight,0.0,0.0,11.061,78,470238578,834,52435,141705,156821,4
after_off,fight,0.0,0.0,11.0799,79,470257350,834,107222,141705,156820,4
after_off,fight,0.0,0.0,11.1041,80,470279878,837,16771,141678,156792,4
after_off,fight,0.0,0.0,11.121,81,470298631,834,68658,141706,156819,4
after_off,fight,0.0,0.0,11.1442,82,470321153,835,133952,141755,156833,4
after_off,fight,0.0,0.0,11.1641,83,470341169,834,86599,141742,156821,4
after_off,fight,0.0,0.0,11.1862,84,470363704,835,154062,141686,156812,4
after_off,fight,0.0,0.0,11.2044,85,470382460,834,49265,141766,156845,4
after_off,fight,0.0,0.0,11.2298,86,470404999,835,116382,141711,156825,4
after_off,fight,0.0,0.0,11.2456,87,470423768,834,13671,141770,156848,4
after_off,fight,0.0,0.0,11.2646,88,470442537,834,67707,141732,156850,4
after_off,fight,0.0,0.0,11.2888,89,470465068,837,134127,141662,156774,4
after_off,fight,0.0,0.0,11.3288,90,470492425,833,80317,141713,156828,4
after_off,fight,0.0,0.0,11.3435,91,470509400,833,143339,141700,156830,4
after_off,fight,0.0,0.0,11.3509,92,470530729,835,5212,141764,156842,4
after_off,fight,0.0,0.0,11.3761,93,470546207,832,127196,141689,156802,4
after_off,fight,0.0,0.0,11.4067,94,470575763,836,133202,141699,156816,4
after_off,fight,0.0,0.0,11.4193,95,470592064,834,81621,141693,156806,4
after_off,fight,0.0,0.0,11.4341,96,470610229,833,33406,141720,156835,4
after_off,fight,0.0,0.0,11.4551,97,470632741,834,96886,141753,156832,4
after_off,fight,0.0,0.0,11.4741,98,470651506,835,150469,141676,156800,4
after_off,fight,0.0,0.0,11.4962,99,470674040,838,60806,141724,156799,4
after_off,fight,0.0,0.0,11.5152,100,470692801,834,114261,141707,156777,4
after_off,fight,0.0,0.0,11.5236,101,470703650,834,77019,141720,156792,4
after_off,fight,0.0,0.0,11.5352,102,470712412,835,155584,141646,156753,4
after_off,fight,0.0,0.0,11.5552,103,470732826,836,19529,141721,156796,4
after_off,fight,0.0,0.0,11.5752,104,470752732,833,110915,141634,156742,4
after_off,fight,0.0,0.0,11.5986,105,470775373,833,40689,141644,156751,4
after_off,fight,0.0,0.0,11.6155,106,470794134,833,94339,141731,156807,4
after_off,fight,0.0,0.0,11.6345,107,470812901,832,148673,141660,156784,4
after_off,fight,0.0,0.0,11.6587,108,470835428,832,58847,141700,156771,4
after_off,fight,0.0,0.0,11.6756,109,470854200,835,114784,141690,156759,4
after_off,fight,0.0,0.0,11.6998,110,470876700,834,19877,141682,156794,4
after_off,fight,0.0,0.0,11.7188,111,470895483,840,76546,141687,156800,4
after_off,fight,0.0,0.0,11.7398,112,470917991,833,139391,141680,156790,4
after_off,fight,0.0,0.0,11.7588,113,470936763,834,37451,141756,156837,4
after_off,fight,0.0,0.0,11.784,114,470959306,840,105233,141739,156861,4
after_off,fight,0.0,0.0,11.804,115,470979319,832,57010,141720,156838,4
after_off,fight,0.0,0.0,11.8199,116,470998092,835,111436,141750,156828,4
after_off,fight,0.0,0.0,11.8388,117,471016851,832,7567,141660,156770,4
after_off,fight,0.0,0.0,11.861,118,471039381,837,74520,141726,156797,4
after_off,fight,0.0,0.0,11.88,119,471058105,834,121784,141670,156781,4
after_off,fight,0.0,0.0,11.8989,120,471076915,834,26535,141763,156839,4
after_off,fight,0.0,0.0,11.9222,121,471099446,834,93396,141721,156838,4
after_off,fight,0.0,0.0,11.9402,122,471118202,835,145401,141702,156808,4
after_off,fight,0.0,0.0,11.9633,123,471140726,834,53974,141724,156842,4
after_off,fight,0.0,0.0,11.9812,124,471159499,834,108990,141700,156818,4
after_off,fight,0.0,0.0,12.0002,125,471178270,833,6962,141711,156788,4
after_off,fight,0.0,0.0,12.0234,126,471200788,836,71482,141719,156794,4
after_off,fight,0.0,0.0,12.0298,127,471209216,834,92856,141671,156785,4
after_off,fight,0.0,0.0,12.0414,0,471219148,833,56791,141722,156798,4
after_off,fight,0.0,0.0,12.0635,1,471240835,832,137372,141668,156780,4
after_off,fight,0.0,0.0,12.0804,2,471259596,834,33336,141727,156845,4
after_off,fight,0.0,0.0,12.1004,3,471278356,834,85850,141673,156786,4
after_off,fight,0.0,0.0,12.1236,4,471300901,832,155084,141692,156811,4
after_off,fight,0.0,0.0,12.1436,5,471319586,832,38222,141686,156800,4
after_off,fight,0.0,0.0,12.1636,6,471342137,833,109249,141671,156785,4
after_off,fight,0.0,0.0,12.1836,7,471360938,833,12410,141665,156777,4
after_off,fight,0.0,0.0,12.2067,8,471383460,832,77607,141715,156829,4
after_off,fight,0.0,0.0,12.2236,9,471402232,833,132587,141738,156814,4
after_off,fight,0.0,0.0,12.2436,10,471421002,837,30416,141702,156814,4
after_off,fight,0.0,0.0,12.2647,11,471443511,833,93585,141661,156769,4
after_off,fight,0.0,0.0,12.2857,12,471462288,833,150050,141666,156754,4
after_off,fight,0.0,0.0,12.3069,13,471482293,833,102322,141700,156771,4
after_off,fight,0.0,0.0,12.3291,14,471504831,832,14271,141709,156783,4
after_off,fight,0.0,0.0,12.3459,15,471524841,833,123334,141682,156798,4
after_off,fight,0.0,0.0,12.3649,16,471543611,834,21016,141717,156834,4
after_off,fight,0.0,0.0,12.3859,17,471564885,834,30532,141699,156810,4
after_off,fight,0.0,0.0,12.407,18,471583647,833,83771,141696,156811,4
after_off,fight,0.0,0.0,12.4291,19,471606170,829,149309,141708,156801,4
after_off,fight,0.0,0.0,12.446,20,471624957,834,50128,141772,156850,4
after_off,fight,0.0,0.0,12.4692,21,471646173,834,49979,141704,156778,4
after_off,fight,0.0,0.0,12.4862,22,471664981,833,110983,141732,156808,4
after_off,fight,0.0,0.0,12.5085,23,471687502,834,19065,141703,156815,4
after_off,fight,0.0,0.0,12.5297,24,471707366,833,103186,141652,156759,4
after_off,fight,0.0,0.0,12.5318,25,471708316,833,107930,141650,156757,0
after_off,fight,0.0,0.0,12.5497,26,471728786,834,138303,141705,156819,4
after_off,fight,0.0,0.0,12.5688,27,471747545,833,33937,141678,156791,4
after_off,fight,0.0,0.0,12.5888,28,471766317,836,89468,141706,156822,4
after_off,fight,0.0,0.0,12.6247,29,471802380,833,104682,141706,156780,4
after_off,fight,0.0,0.0,12.6405,30,471807779,834,81762,141762,156841,4
after_off,fight,0.0,0.0,12.6522,31,471829466,833,4894,141719,156793,4
after_off,fight,0.0,0.0,12.6702,32,471848900,837,15967,141695,156770,4
after_off,fight,0.0,0.0,12.7094,33,471882479,833,80240,141641,156750,4
after_off,fight,0.0,0.0,12.719,34,471895818,834,152852,141686,156775,4
after_off,fight,0.0,0.0,12.7285,35,471907244,833,57038,141665,156777,4
after_off,fight,0.0,0.0,12.7506,36,471930227,834,43679,141687,156800,4
after_off,fight,0.0,0.0,12.7698,37,471948990,834,97299,141748,156821,4
after_off,fight,0.0,0.0,12.7888,38,471967755,833,150916,141708,156814,4
after_off,fight,0.0,0.0,12.8091,39,471987779,836,104662,141753,156832,4
after_off,fight,0.0,0.0,12.8304,40,472010296,833,12283,141675,156784,4
after_off,fight,0.0,0.0,12.8496,41,472029067,834,66959,141705,156816,4
after_off,fight,0.0,0.0,12.8687,42,472047838,832,121907,141668,156778,4
after_off,fight,0.0,0.0,12.891,43,472070367,833,32307,141654,156762,4
after_off,fight,0.0,0.0,12.9111,44,472089119,832,84376,141708,156822,4
after_off,fight,0.0,0.0,12.9334,45,472111654,833,151704,141718,156803,4
after_off,fight,0.0,0.0,12.9504,46,472130416,834,47966,141689,156803,4
after_off,fight,0.0,0.0,12.9706,47,472149188,833,103122,141674,156788,4
after_off,fight,0.0,0.0,12.9929,48,472171716,833,12515,141690,156804,4
after_off,fight,0.0,0.0,13.0109,49,472190488,834,67706,141688,156802,4
after_off,fight,0.0,0.0,13.0333,50,472210329,834,147463,141703,156833,4
after_off,fight,0.0,0.0,13.0355,51,472211283,835,152851,141698,156816,0
after_off,fight,0.0,0.0,13.0524,52,472231775,833,29566,141748,156824,4
after_off,fight,0.0,0.0,13.0704,53,472250557,834,86429,141686,156800,4
after_off,fight,0.0,0.0,13.0948,54,472273050,834,147474,141742,156811,4
after_off,fight,0.0,0.0,13.1149,55,472291837,835,47714,141755,156836,4
after_off,fight,0.0,0.0,13.1308,56,472310605,834,101460,141777,156858,4
after_off,fight,0.0,0.0,13.1541,57,472333125,831,9226,141730,156804,4
after_off,fight,0.0,0.0,13.1742,58,472351896,832,64102,141696,156812,4
after_off,fight,0.0,0.0,13.1911,59,472370666,833,118730,141721,156794,4
after_off,fight,0.0,0.0,13.2144,60,472393188,833,27934,141650,156758,4
after_off,fight,0.0,0.0,13.2334,61,472411961,835,83154,141712,156827,4
after_off,fight,0.0,0.0,13.2504,62,472430730,832,137466,141709,156825,4
after_off,fight,0.0,0.0,13.2747,63,472453251,833,45686,141727,156800,4
after_off,fight,0.0,0.0,13.2948,64,472472022,834,100310,141703,156817,4
after_off,fight,0.0,0.0,13.3202,65,472494542,834,8646,141729,156801,4
after_off,fight,0.0,0.0,13.334,66,472512897,827,149033,141733,156844,4
after_off,fight,0.0,0.0,13.3551,67,472533331,836,15758,141727,156843,4
after_off,fight,0.0,0.0,13.3731,68,472552105,833,70627,141686,156795,4
after_off,fight,0.0,0.0,13.3985,69,472574626,834,135219,141751,156830,4
after_off,fight,0.0,0.0,13.4133,70,472592169,832,137749,141740,156817,4
after_off,fight,0.0,0.0,13.4345,71,472614681,834,43772,141756,156837,4
after_off,fight,0.0,0.0,13.4535,72,472633450,833,97981,141695,156808,4
after_off,fight,0.0,0.0,13.4736,73,472653467,833,50740,141715,156829,4
after_off,fight,0.0,0.0,13.4917,74,472672259,834,108706,141706,156824,4
after_off,fight,0.0,0.0,13.515,75,472694767,832,14354,141740,156860,4
after_off,fight,0.0,0.0,13.5288,76,472707287,834,103936,141717,156832,4
after_off,fight,0.0,0.0,13.5351,77,472715715,834,125107,141743,156819,4
after_off,fight,0.0,0.0,13.5542,78,472733570,833,23864,141696,156812,4
after_off,fight,0.0,0.0,13.5753,79,472756084,834,87545,141691,156808,4
after_off,fight,0.0,0.0,13.5944,80,472774878,840,146294,141746,156808,4
after_off,fight,0.0,0.0,13.6155,81,472794842,836,90376,141688,156799,4
after_off,fight,0.0,0.0,13.6337,82,472813650,834,151431,141714,156813,4
after_off,fight,0.0,0.0,13.656,83,472836174,839,60642,141674,156785,4
after_off,fight,0.0,0.0,13.6751,84,472854937,834,114325,141759,156836,4
after_off,fight,0.0,0.0,13.6973,85,472877469,834,24033,141713,156825,4
after_off,fight,0.0,0.0,13.7154,86,472896240,834,78559,141703,156818,4
after_off,fight,0.0,0.0,13.7345,87,472915002,834,131647,141697,156812,4
after_off,fight,0.0,0.0,13.7578,88,472937550,834,44548,141725,156843,4
after_off,fight,0.0,0.0,13.7769,89,472956302,834,95990,141694,156810,4
after_off,fight,0.0,0.0,13.7959,90,472975069,828,149588,141708,156831,4
after_off,fight,0.0,0.0,13.8192,91,472997602,833,59300,141691,156805,4
after_off,fight,0.0,0.0,13.8373,92,473016374,834,114157,141702,156819,4
after_off,fight,0.0,0.0,13.8552,93,473035145,834,11800,141700,156810,4
after_off,fight,0.0,0.0,13.8773,94,473057675,834,77731,141711,156824,4
after_off,fight,0.0,0.0,13.8995,95,473080200,833,143599,141693,156806,4
after_off,fight,0.0,0.0,13.9196,96,473096421,833,78556,141739,156816,4
after_off,fight,0.0,0.0,13.9586,97,473122743,834,5035,141756,156874,4
after_off,fight,0.0,0.0,13.9734,98,473142053,835,150828,141703,156798,4
after_off,fight,0.0,0.0,13.9935,99,473163388,834,14023,141709,156825,4
after_off,fight,0.0,0.0,14.0104,100,473183427,832,127270,141745,156821,4
after_off,fight,0.0,0.0,14.021,101,473199695,834,70347,141696,156811,4
after_off,fight,0.0,0.0,14.0295,102,473210021,834,100974,141730,156804,4
after_off,fight,0.0,0.0,14.0422,103,473221184,834,116586,141755,156832,4
after_off,fight,0.0,0.0,14.0602,104,473237872,834,130244,141784,156864,4
after_off,fight,0.0,0.0,14.0802,105,473260382,833,36293,141718,156832,4
after_off,fight,0.0,0.0,14.0992,106,473279157,834,91589,141752,156826,4
after_off,fight,0.0,0.0,14.1213,107,473301679,833,156681,141779,156827,4
after_off,fight,0.0,0.0,14.1435,108,473320447,833,53142,141741,156858,4
after_off,fight,0.0,0.0,14.1593,109,473340486,834,8644,141779,156861,4
after_off,fight,0.0,0.0,14.1835,110,473363016,832,74229,141743,156859,4
after_off,fight,0.0,0.0,14.2003,111,473381798,834,130392,141721,156837,4
after_off,fight,0.0,0.0,14.2235,112,473404306,834,35981,141665,156815,4
after_off,fight,0.0,0.0,14.2446,113,473423090,834,92485,141767,156847,4
after_off,fight,0.0,0.0,14.2615,114,473441858,834,146626,141724,156830,4
after_off,fight,0.0,0.0,14.2846,115,473464370,836,53081,141713,156829,4
after_off,fight,0.0,0.0,14.3036,116,473483153,833,109525,141689,156803,4
after_off,fight,0.0,0.0,14.3257,117,473505673,841,17803,141690,156803,4
after_off,fight,0.0,0.0,14.3457,118,473524442,833,72329,141752,156827,4
after_off,fight,0.0,0.0,14.3657,119,473546965,833,137812,141688,156805,4
after_off,fight,0.0,0.0,14.3899,120,473569482,836,45677,141711,156786,4
after_off,fight,0.0,0.0,14.4099,121,473588255,834,101430,141656,156764,4
after_off,fight,0.0,0.0,14.4299,122,473610765,836,7880,141758,156836,4
after_off,fight,0.0,0.0,14.4531,123,473630742,833,110766,141700,156767,4
after_off,fight,0.0,0.0,14.471,124,473652068,834,129845,141688,156801,4
after_off,fight,0.0,0.0,14.4899,125,473670827,833,25853,141681,156791,4
after_off,fight,0.0,0.0,14.511,126,473689598,834,80143,141754,156874,4
after_off,fight,0.0,0.0,14.531,127,473710703,834,61392,141732,156807,4
after_off,fight,0.0,0.0,14.5342,0,473711655,827,66498,141706,156819,0
after_off,fight,0.0,0.0,14.5511,1,473732163,834,102374,141765,156846,4
after_off,fight,0.0,0.0,14.5701,2,473750918,833,153576,141694,156849,4
after_off,fight,0.0,0.0,14.5902,3,473769703,834,53484,141734,156809,4
after_off,fight,0.0,0.0,14.6103,4,473790968,840,61546,141751,156827,4
after_off,fight,0.0,0.0,14.6293,5,473809740,834,116285,141721,156838,4
after_off,fight,0.0,0.0,14.6538,6,473833515,834,80549,141710,156827,4
after_off,fight,0.0,0.0,14.6707,7,473852308,833,138763,141713,156827,4
after_off,fight,0.0,0.0,14.6897,8,473871059,832,33597,141719,156791,4
after_off,fight,0.0,0.0,14.7087,9,473889830,835,88315,141716,156833,4
after_off,fight,0.0,0.0,14.7289,10,473909808,834,34314,141700,156814,4
after_off,fight,0.0,0.0,14.751,11,473932389,834,109170,141758,156837,4
after_off,fight,0.0,0.0,14.77,12,473951150,833,4669,141753,156832,4
after_off,fight,0.0,0.0,14.7942,13,473973681,834,71244,141741,156818,4
after_off,fight,0.0,0.0,14.8121,14,473992452,835,126499,141719,156795,4
after_off,fight,0.0,0.0,14.8302,15,474011223,832,24676,141680,156791,4
after_off,fight,0.0,0.0,14.8544,16,474033732,833,87751,141707,156822,4
after_off,fight,0.0,0.0,14.8712,17,474052509,834,143731,141693,156802,4
after_off,fight,0.0,0.0,14.8934,18,474075025,833,51550,141676,156786,4
after_off,fight,0.0,0.0,14.9124,19,474093795,834,106255,141697,156766,4
after_off,fight,0.0,0.0,14.9305,20,474112566,833,4778,141685,156797,4
after_off,fight,0.0,0.0,14.9537,21,474135088,834,70365,141678,156790,4
after_off,fight,0.0,0.0,14.9737,22,474153858,833,125362,141711,156825,4
after_off,fight,0.0,0.0,14.9906,23,474172609,834,20316,141627,156732,4
after_off,fight,0.0,0.0,15.0138,24,474195131,833,86005,141709,156823,4
after_off,fight,0.0,0.0,15.0328,25,474212494,832,58732,141670,156782,4
after_off,fight,0.0,0.0,15.036,26,474213444,833,63431,141697,156772,0
after_off,fight,0.0,0.0,15.0539,27,474233930,834,96307,141725,156799,4
after_off,fight,0.0,0.0,15.0708,28,474252707,834,152051,141748,156833,4
after_off,fight,0.0,0.0,15.094,29,474275204,834,56650,141681,156795,4
after_off,fight,0.0,0.0,15.114,30,474293983,833,112317,141729,156804,4
after_off,fight,0.0,0.0,15.1309,31,474312755,834,10361,141688,156799,4
after_off,fight,0.0,0.0,15.1511,32,474332782,832,122206,141725,156841,4
after_off,fight,0.0,0.0,15.1744,33,474355292,833,28119,141745,156821,4
after_off,fight,0.0,0.0,15.1933,34,474374074,835,84796,141693,156809,4
after_off,fight,0.0,0.0,15.2143,35,474396587,833,148456,141710,156832,4
after_off,fight,0.0,0.0,15.2502,36,474415354,837,45204,141699,156854,4
after_off,fight,0.0,0.0,15.2651,37,474435704,834,54883,141707,156823,4
after_off,fight,0.0,0.0,15.2746,38,474456042,841,61897,141762,156841,4
after_off,fight,0.0,0.0,15.3147,39,474490242,834,73819,141711,156786,4
after_off,fight,0.0,0.0,15.3242,40,474503580,834,146042,141742,156793,4
after_off,fight,0.0,0.0,15.3336,41,474515721,832,14295,141709,156825,4
after_off,fight,0.0,0.0,15.3547,42,474536735,834,136923,141735,156810,4
after_off,fight,0.0,0.0,15.3799,43,474559192,833,34019,141724,156800,4
after_off,fight,0.0,0.0,15.3989,44,474579276,834,155161,141730,156799,4
after_off,fight,0.0,0.0,15.4157,45,474598052,834,53945,141776,156856,4
after_off,fight,0.0,0.0,15.441,46,474620571,835,118428,141703,156815,4
after_off,fight,0.0,0.0,15.4589,47,474640589,833,72043,141682,156792,4
after_off,fight,0.0,0.0,15.4779,48,474659360,834,126788,141693,156808,4
after_off,fight,0.0,0.0,15.5,49,474681890,836,36136,141755,156831,4
after_off,fight,0.0,0.0,15.5189,50,474700651,834,88530,141740,156860,4
after_off,fight,0.0,0.0,15.5305,51,474713170,834,21390,141691,156805,4
after_off,fight,0.0,0.0,15.5432,52,474724036,834,143704,141721,156807,4
after_off,fight,0.0,0.0,15.5591,53,474740686,833,151751,141705,156783,4
after_off,fight,0.0,0.0,15.5791,54,474760667,833,99330,141641,156751,4
after_off,fight,0.0,0.0,15.6012,55,474783226,834,14083,141696,156808,4
after_off,fight,0.0,0.0,15.6202,56,474802007,834,70340,141712,156832,4
after_off,fight,0.0,0.0,15.6444,57,474824529,834,135275,141715,156831,4
after_off,fight,0.0,0.0,15.6615,58,474844546,834,87989,141737,156812,4
after_off,fight,0.0,0.0,15.6821,59,474863332,838,145312,141714,156805,4
after_off,fight,0.0,0.0,15.704,60,474885858,832,53717,141720,156836,4
after_off,fight,0.0,0.0,15.7217,61,474904621,834,106885,141720,156836,4
after_off,fight,0.0,0.0,15.7447,62,474927149,834,16271,141678,156788,4
after_off,fight,0.0,0.0,15.7643,63,474945911,834,69274,141727,156844,4
after_off,fight,0.0,0.0,15.7857,64,474968443,833,135867,141713,156829,4
after_off,fight,0.0,0.0,15.8062,65,474987126,840,18052,141722,156839,4
after_off,fight,0.0,0.0,15.8255,66,475007239,834,143768,141691,156799,4
after_off,fight,0.0,0.0,15.8469,67,475029761,833,51746,141710,156821,4
after_off,fight,0.0,0.0,15.8671,68,475048534,832,106773,141702,156812,4
after_off,fight,0.0,0.0,15.8852,69,475068432,834,39068,141741,156815,4
after_off,fight,0.0,0.0,15.9089,70,475091073,833,124521,141735,156811,4
after_off,fight,0.0,0.0,15.9281,71,475109842,833,21965,141708,156824,4
after_off,fight,0.0,0.0,15.9462,72,475128613,834,76972,141695,156809,4
after_off,fight,0.0,0.0,15.9685,73,475151126,834,140675,141706,156820,4
after_off,fight,0.0,0.0,15.9866,74,475169895,835,37786,141750,156828,4
after_off,fight,0.0,0.0,16.011,75,475191179,833,48610,141732,156807,4
after_off,fight,0.0,0.0,16.0292,76,475209950,834,102813,141754,156832,4
after_off,fight,0.0,0.0,16.0356,77,475218397,833,127467,141678,156789,4
after_off,fight,0.0,0.0,16.0472,78,475229968,834,55704,141697,156808,4
after_off,fight,0.0,0.0,16.0706,79,475252501,834,121825,141723,156844,4
after_off,fight,0.0,0.0,16.0897,80,475271260,833,17399,141726,156800,4
after_off,fight,0.0,0.0,16.1078,81,475290042,834,73332,141741,156861,4
after_off,fight,0.0,0.0,16.1302,82,475312563,834,137786,141727,156843,4
after_off,fight,0.0,0.0,16.1492,83,475331332,832,34970,141759,156839,4
after_off,fight,0.0,0.0,16.1694,84,475351312,834,138547,141672,156786,4
after_off,fight,0.0,0.0,16.1895,85,475371371,834,98947,141735,156814,4
after_off,fight,0.0,0.0,16.2108,86,475393909,835,9577,141738,156813,4
after_off,fight,0.0,0.0,16.2331,87,475412672,832,62206,141749,156870,4
after_off,fight,0.0,0.0,16.25,88,475432708,837,16891,141762,156884,4
after_off,fight,0.0,0.0,16.2743,89,475455232,834,80717,141761,156881,4
after_off,fight,0.0,0.0,16.2913,90,475474015,834,136955,141739,156856,4
after_off,fight,0.0,0.0,16.3093,91,475492774,834,32705,141707,156781,4
after_off,fight,0.0,0.0,16.3315,92,475515305,833,99321,141706,156822,4
after_off,fight,0.0,0.0,16.3506,93,475534081,837,154136,141793,156864,4
after_off,fight,0.0,0.0,16.3696,94,475552855,833,51838,141770,156847,4
after_off,fight,0.0,0.0,16.394,95,475575379,832,117117,141778,156858,4
after_off,fight,0.0,0.0,16.412,96,475594147,834,13781,141781,156862,4
after_off,fight,0.0,0.0,16.4301,97,475612908,836,66348,141767,156849,4
after_off,fight,0.0,0.0,16.4522,98,475635441,833,132356,141755,156836,4
after_off,fight,0.0,0.0,16.4722,99,475654171,834,22349,141743,156819,4
after_off,fight,0.0,0.0,16.4944,100,475676742,834,95207,141726,156841,4
after_off,fight,0.0,0.0,16.5133,101,475695518,834,150394,141715,156808,4
after_off,fight,0.0,0.0,16.5334,102,475715550,838,105399,141728,156843,4
after_off,fight,0.0,0.0,16.5355,103,475716500,827,110060,141771,156849,0
after_off,fight,0.0,0.0,16.564,104,475734330,833,3938,141758,156877,4
after_off,fight,0.0,0.0,16.5853,105,475756404,833,149056,141709,156843,4
after_off,fight,0.0,0.0,16.5917,106,475777493,834,126703,141772,156851,4
after_off,fight,0.0,0.0,16.6391,107,475811902,836,16726,141717,156832,4
after_off,fight,0.0,0.0,16.6465,108,475828813,834,68063,141794,156878,4
after_off,fight,0.0,0.0,16.6559,109,475838769,834,34989,141750,156867,4
after_off,fight,0.0,0.0,16.675,110,475858214,841,46517,141742,156860,4
after_off,fight,0.0,0.0,16.694,111,475876976,834,98546,141784,156865,4
after_off,fight,0.0,0.0,16.7141,112,475895761,834,154457,141770,156881,4
after_off,fight,0.0,0.0,16.7353,113,475918248,833,55137,141759,156882,4
after_off,fight,0.0,0.0,16.7545,114,475937071,834,117545,141757,156877,4
after_off,fight,0.0,0.0,16.7737,115,475955841,831,14389,141726,156840,4
after_off,fight,0.0,0.0,16.796,116,475978363,834,78816,141760,156842,4
after_off,fight,0.0,0.0,16.8153,117,475997146,838,135104,141715,156830,4
after_off,fight,0.0,0.0,16.8356,118,476019673,834,43541,141769,156892,4
after_off,fight,0.0,0.0,16.8548,119,476038437,834,96190,141785,156866,4
after_off,fight,0.0,0.0,16.8751,120,476057211,835,150542,141762,156867,4
after_off,fight,0.0,0.0,16.8963,121,476079746,835,59860,141758,156878,4
after_off,fight,0.0,0.0,16.9144,122,476098519,832,113656,141799,156883,4
after_off,fight,0.0,0.0,16.9401,123,476121049,833,21803,141755,156876,4
after_off,fight,0.0,0.0,16.9564,124,476141078,833,132832,141713,156831,4
after_off,fight,0.0,0.0,16.9754,125,476159860,840,31641,141721,156837,4
after_off,fight,0.0,0.0,16.9998,126,476182380,834,95283,141779,156904,4
after_off,fight,0.0,0.0,17.0167,127,476201158,827,149564,141766,156884,4
after_off,fight,0.0,0.0,17.0294,0,476214885,834,130099,141753,156874,4
after_off,fight,0.0,0.0,17.0401,1,476223252,834,140656,141799,156883,4
after_off,fight,0.0,0.0,17.0572,2,476241220,834,58142,141699,156815,4
after_off,fight,0.0,0.0,17.0762,3,476260011,834,115791,141727,156843,4
after_off,fight,0.0,0.0,17.0995,4,476282502,833,18377,141707,156822,4
after_off,fight,0.0,0.0,17.1164,5,476301283,834,74532,141734,156854,4
after_off,fight,0.0,0.0,17.1353,6,476320052,835,128302,141690,156806,4
after_off,fight,0.0,0.0,17.1596,7,476342575,834,35660,141754,156873,4
after_off,fight,0.0,0.0,17.1764,8,476361366,834,92728,141816,156901,4
after_off,fight,0.0,0.0,17.1996,9,476383871,834,153692,141750,156840,4
after_off,fight,0.0,0.0,17.2196,10,476402658,834,53462,141716,156833,4
after_off,fight,0.0,0.0,17.2407,11,476425177,834,117274,141752,156871,4
after_off,fight,0.0,0.0,17.2596,12,476443956,835,15426,141778,156858,4
after_off,fight,0.0,0.0,17.2817,13,476466490,834,81186,141754,156875,4
after_off,fight,0.0,0.0,17.3007,14,476485261,834,134743,141754,156875,4
after_off,fight,0.0,0.0,17.3252,15,476507750,835,36347,141754,156869,4
after_off,fight,0.0,0.0,17.3422,16,476526571,836,98284,141759,156878,4
after_off,fight,0.0,0.0,17.3622,17,476545349,835,152981,141789,156871,4
after_off,fight,0.0,0.0,17.3854,18,476567874,837,60991,141800,156884,4
after_off,fight,0.0,0.0,17.4023,19,476586665,834,117795,141747,156866,4
after_off,fight,0.0,0.0,17.4212,20,476605436,834,15277,141717,156831,4
after_off,fight,0.0,0.0,17.4444,21,476627948,835,77670,141790,156874,4
after_off,fight,0.0,0.0,17.4613,22,476646717,833,131572,141763,156841,4
after_off,fight,0.0,0.0,17.4846,23,476669248,834,40803,141724,156841,4
after_off,fight,0.0,0.0,17.5048,24,476688020,833,94913,141730,156848,4
after_off,fight,0.0,0.0,17.527,25,476710560,832,5680,141735,156813,4
after_off,fight,0.0,0.0,17.5334,26,476719020,840,32326,141718,156837,4
after_off,fight,0.0,0.0,17.545,27,476728929,831,148370,141755,156849,4
after_off,fight,0.0,0.0,17.5651,28,476749343,834,11647,141751,156828,4
after_off,fight,0.0,0.0,17.5852,29,476768116,834,65769,141757,156875,4
after_off,fight,0.0,0.0,17.6074,30,476789338,834,66046,141724,156840,4
after_off,fight,0.0,0.0,17.6244,31,476809413,833,28179,141721,156838,4
after_off,fight,0.0,0.0,17.6445,32,476828183,834,81899,141736,156853,4
after_off,fight,0.0,0.0,17.6657,33,476850708,834,146921,141723,156825,4
after_off,fight,0.0,0.0,17.6848,34,476869484,835,45487,141697,156809,4
after_off,fight,0.0,0.0,17.7049,35,476888254,834,99874,141707,156821,4
after_off,fight,0.0,0.0,17.7261,36,476910773,832,7404,141727,156844,4
after_off,fight,0.0,0.0,17.7451,37,476929545,833,61835,141719,156833,4
after_off,fight,0.0,0.0,17.7672,38,476952077,832,127370,141722,156840,4
after_off,fight,0.0,0.0,17.7862,39,476970849,834,25100,141753,156833,4
after_off,fight,0.0,0.0,17.8063,40,476990876,834,136096,141802,156887,4
after_off,fight,0.0,0.0,17.8297,41,477013397,835,42857,141748,156868,4
after_off,fight,0.0,0.0,17.8466,42,477032179,834,99417,141732,156807,4
after_off,fight,0.0,0.0,17.8656,43,477050941,835,152309,141758,156837,4
after_off,fight,0.0,0.0,17.9234,44,477083279,833,3870,141713,156829,4
after_off,fight,0.0,0.0,17.9405,45,477118104,840,120156,141785,156867,4
after_off,fight,0.0,0.0,17.9405,46,477119052,833,124544,141730,156846,0
after_off,fight,0.0,0.0,17.9503,47,477132916,834,128632,141768,156851,4
after_off,fight,0.0,0.0,17.9663,48,477152319,836,133513,141766,156845,4
after_off,fight,0.0,0.0,17.9897,49,477174839,835,41090,141777,156858,4
after_off,fight,0.0,0.0,18.0099,50,477193612,834,95816,141750,156826,4
after_off,fight,0.0,0.0,18.03,51,477216140,842,4642,141742,156820,4
after_off,fight,0.0,0.0,18.0353,52,477218656,833,118725,141704,156815,4
after_off,fight,0.0,0.0,18.0502,53,477233657,839,3126,141682,156794,4
after_off,fight,0.0,0.0,18.0706,54,477256197,834,71333,141710,156783,4
after_off,fight,0.0,0.0,18.0897,55,477274948,834,122456,141734,156850,4
after_off,fight,0.0,0.0,18.1098,56,477293707,834,17882,141743,156820,4
after_off,fight,0.0,0.0,18.1309,57,477316239,835,84707,141649,156759,4
after_off,fight,0.0,0.0,18.1521,58,477334959,833,130487,141692,156804,4
after_off,fight,0.0,0.0,18.1702,59,477355036,834,93530,141727,156842,4
after_off,fight,0.0,0.0,18.1914,60,477377565,836,2852,141738,156816,4
after_off,fight,0.0,0.0,18.2104,61,477396318,834,54320,141717,156833,4
after_off,fight,0.0,0.0,18.2295,62,477415090,834,109016,141748,156827,4
after_off,fight,0.0,0.0,18.2517,63,477437620,833,19329,141684,156798,4
after_off,fight,0.0,0.0,18.2708,64,477456380,831,72519,141720,156835,4
after_off,fight,0.0,0.0,18.2898,65,477475154,833,127785,141690,156802,4
after_off,fight,0.0,0.0,18.3121,66,477497683,834,37350,141717,156834,4
after_off,fight,0.0,0.0,18.3311,67,477516444,841,90224,141708,156823,4
after_off,fight,0.0,0.0,18.3502,68,477535221,833,146189,141720,156807,4
after_off,fight,0.0,0.0,18.3714,69,477557746,833,55191,141709,156824,4
after_off,fight,0.0,0.0,18.3904,70,477576508,834,108009,141731,156808,4
after_off,fight,0.0,0.0,18.4148,71,477599028,839,15644,141713,156830,4
after_off,fight,0.0,0.0,18.4317,72,477617818,835,72842,141795,156876,4
after_off,fight,0.0,0.0,18.4508,73,477636450,834,102936,141718,156835,4
after_off,fight,0.0,0.0,18.473,74,477659112,834,34295,141738,156857,4
after_off,fight,0.0,0.0,18.4921,75,477677882,835,88349,141738,156813,4
after_off,fight,0.0,0.0,18.5111,76,477696660,834,143641,141763,156819,4
after_off,fight,0.0,0.0,18.5357,77,477720312,836,86674,141750,156829,4
after_off,fight,0.0,0.0,18.5378,78,477721261,841,91283,141718,156834,0
after_off,fight,0.0,0.0,18.5558,79,477737959,834,106959,141778,156858,4
after_off,fight,0.0,0.0,18.5749,80,477760478,833,14119,141760,156836,4
after_off,fight,0.0,0.0,18.595,81,477779241,834,66804,141782,156865,4
after_off,fight,0.0,0.0,18.6119,82,477798022,834,122738,141775,156855,4
after_off,fight,0.0,0.0,18.6352,83,477820539,833,29493,141742,156860,4
after_off,fight,0.0,0.0,18.6543,84,477839321,834,85676,141768,156846,4
after_off,fight,0.0,0.0,18.6734,85,477859340,833,38083,141747,156867,4
after_off,fight,0.0,0.0,18.6967,86,477878121,834,94283,141756,156831,4
after_off,fight,0.0,0.0,18.7116,87,477898159,832,50384,141744,156863,4
after_off,fight,0.0,0.0,18.7349,88,477920659,833,111193,141734,156853,4
after_off,fight,0.0,0.0,18.755,89,477940646,833,58675,141730,156804,4
after_off,fight,0.0,0.0,18.7751,90,477959450,837,119144,141715,156830,4
after_off,fight,0.0,0.0,18.7963,91,477981979,834,27937,141710,156828,4
after_off,fight,0.0,0.0,18.8143,92,478000761,834,84157,141768,156846,4
after_off,fight,0.0,0.0,18.8335,93,478019522,833,136961,141726,156803,4
after_off,fight,0.0,0.0,18.8537,94,478039537,840,89223,141701,156815,4
after_off,fight,0.0,0.0,18.876,95,478062081,834,1061,141780,156860,4
after_off,fight,0.0,0.0,18.8961,96,478082108,834,111910,141728,156847,4
after_off,fight,0.0,0.0,18.9174,97,478100859,834,6266,141688,156799,4
after_off,fight,0.0,0.0,18.9354,98,478122146,833,18270,141720,156838,4
after_off,fight,0.0,0.0,18.9556,99,478140895,832,69076,141730,156806,4
after_off,fight,0.0,0.0,18.9778,100,478163437,832,137714,141748,156823,4
after_off,fight,0.0,0.0,18.9969,101,478182228,833,38572,141728,156848,4
after_off,fight,0.0,0.0,19.0149,102,478200966,834,87052,141716,156834,4
after_off,fight,0.0,0.0,19.0351,103,478219773,833,147564,141708,156830,4
after_off,fight,0.0,0.0,19.0404,104,478224998,833,94876,141690,156802,4
after_off,fight,0.0,0.0,19.0594,105,478243520,833,107454,141683,156796,4
after_off,fight,0.0,0.0,19.0795,106,478264803,834,118741,141749,156868,4
after_off,fight,0.0,0.0,19.0987,107,478283574,834,15702,141715,156829,4
after_off,fight,0.0,0.0,19.1168,108,478303604,834,126891,141728,156846,4
after_off,fight,0.0,0.0,19.1371,109,478323622,834,79006,141760,156842,4
after_off,fight,0.0,0.0,19.1562,110,478342422,835,138204,141758,156838,4
after_off,fight,0.0,0.0,19.1986,111,478362441,833,90723,141739,156857,4
after_off,fight,0.0,0.0,19.2145,112,478393383,834,18177,141746,156872,4
after_off,fight,0.0,0.0,19.224,113,478408083,834,7559,141727,156845,4
after_off,fight,0.0,0.0,19.2494,114,478423750,834,4373,141785,156865,4
after_off,fight,0.0,0.0,19.2652,115,478443828,832,123890,141720,156835,4
after_off,fight,0.0,0.0,19.2885,116,478473900,835,60227,141720,156835,4
after_off,fight,0.0,0.0,19.2991,117,478484759,834,24024,141746,156864,4
after_off,fight,0.0,0.0,19.3202,118,478506354,832,88041,141730,156801,4
after_off,fight,0.0,0.0,19.3393,119,478525131,832,143445,141710,156851,4
after_off,fight,0.0,0.0,19.3572,120,478543884,835,37988,141735,156851,4
after_off,fight,0.0,0.0,19.3804,121,478566428,842,106383,141748,156825,4
after_off,fight,0.0,0.0,19.4005,122,478585199,833,3815,141733,156854,4
after_off,fight,0.0,0.0,19.4164,123,478603948,834,54489,141699,156812,4
after_off,fight,0.0,0.0,19.4408,124,478626490,833,122649,141763,156839,4
after_off,fight,0.0,0.0,19.4598,125,478645248,833,18219,141719,156834,4
after_off,fight,0.0,0.0,19.48,126,478665286,833,131255,141710,156825,4
after_off,fight,0.0,0.0,19.5012,127,478687805,834,39163,141736,156857,4
after_off,fight,0.0,0.0,19.5223,0,478706575,836,93009,141748,156868,4
after_off,fight,0.0,0.0,19.5402,1,478721598,834,137025,141750,156874,4
after_off,fight,0.0,0.0,19.5444,2,478730155,835,22990,141730,156848,4
after_off,fight,0.0,0.0,19.5613,3,478747858,835,52762,141730,156844,4
after_off,fight,0.0,0.0,19.5802,4,478766651,833,110781,141717,156794,4
after_off,fight,0.0,0.0,19.6023,5,478789172,833,18354,141724,156842,4
after_off,fight,0.0,0.0,19.6213,6,478807942,832,72524,141699,156814,4
after_off,fight,0.0,0.0,19.6445,7,478830473,833,139486,141693,156807,4
after_off,fight,0.0,0.0,19.6624,8,478849241,834,37150,141665,156774,4
after_off,fight,0.0,0.0,19.6803,9,478868003,839,89995,141690,156803,4
after_off,fight,0.0,0.0,19.7035,10,478890527,835,155674,141777,156843,4
after_off,fight,0.0,0.0,19.7225,11,478909314,834,55859,141712,156825,4
after_off,fight,0.0,0.0,19.7457,12,478931826,834,119071,141708,156825,4
after_off,fight,0.0,0.0,19.7636,13,478950596,836,16500,141707,156824,4
after_off,fight,0.0,0.0,19.7827,14,478969376,834,72111,141745,156861,4
after_off,fight,0.0,0.0,19.8049,15,478991898,834,136982,141735,156852,4
after_off,fight,0.0,0.0,19.8251,16,479010666,835,34490,141706,156774,4
after_off,fight,0.0,0.0,19.8454,17,479033189,833,100460,141700,156812,4
after_off,fight,0.0,0.0,19.8644,18,479051914,834,147382,141744,156826,4
after_off,fight,0.0,0.0,19.8847,19,479070738,834,54199,141755,156827,4
after_off,fight,0.0,0.0,19.9058,20,479093250,834,117810,141710,156826,4
after_off,fight,0.0,0.0,19.9248,21,479112031,840,16946,141704,156820,4
after_off,fight,0.0,0.0,19.9448,22,479130789,834,69334,141701,156814,4
after_off,fight,0.0,0.0,19.966,23,479153311,836,134312,141669,156782,4
after_off,fight,0.0,0.0,19.985,24,479172081,834,31892,141730,156846,4
