label,mode,volt,spin,t_host,seq,t_us,isr_high,cap_age,cap_high,cap_period,flags
baseline_off,fight,0.0,0.0,0.0147,6,568027556,353,128336,60034,156900,4
baseline_off,fight,0.0,0.0,0.0338,7,568047551,355,76108,60020,156868,4
baseline_off,fight,0.0,0.0,0.0559,8,568070122,354,148285,60031,156869,4
baseline_off,fight,0.0,0.0,0.0749,9,568088887,353,43709,60030,156884,4
baseline_off,fight,0.0,0.0,0.0938,10,568107672,353,99319,59992,156892,4
baseline_off,fight,0.0,0.0,0.116,11,568130198,352,7375,60005,156825,4
baseline_off,fight,0.0,0.0,0.135,12,568148982,348,63587,60029,156896,4
baseline_off,fight,0.0,0.0,0.1539,13,568167723,353,111956,60035,156895,4
baseline_off,fight,0.0,0.0,0.1761,14,568190288,353,26155,60003,156847,4
baseline_off,fight,0.0,0.0,0.1951,15,568209061,352,80264,60010,156876,4
baseline_off,fight,0.0,0.0,0.214,16,568227842,346,135851,60022,156879,4
baseline_off,fight,0.0,0.0,0.2394,17,568250366,355,42993,60017,156861,4
baseline_off,fight,0.0,0.0,0.2573,18,568270225,351,124876,59976,156845,4
baseline_off,fight,0.0,0.0,0.2753,19,568289163,354,50180,59973,156848,4
baseline_off,fight,0.0,0.0,0.2943,20,568307937,353,104911,60002,156848,4
baseline_off,fight,0.0,0.0,0.3165,21,568330473,351,14285,60021,156869,4
baseline_off,fight,0.0,0.0,0.3354,22,568349248,355,68987,60003,156832,4
baseline_off,fight,0.0,0.0,0.3596,23,568371767,352,133129,59967,156846,4
baseline_off,fight,0.0,0.0,0.3786,24,568391806,352,89270,60010,156885,4
baseline_off,fight,0.0,0.0,0.3976,25,568410577,353,143682,60021,156841,4
baseline_off,fight,0.0,0.0,0.4176,26,568429331,351,38227,60021,156864,4
baseline_off,fight,0.0,0.0,0.4397,27,568453093,353,155987,60026,156876,4
baseline_off,fight,0.0,0.0,0.4587,28,568471911,353,60811,60013,156839,4
baseline_off,fight,0.0,0.0,0.4797,29,568494441,353,125747,59991,156864,4
baseline_off,fight,0.0,0.0,0.4997,30,568513216,353,23024,59978,156864,4
baseline_off,fight,0.0,0.0,0.5155,31,568528208,353,61468,59988,156901,4
baseline_off,fight,0.0,0.0,0.5208,32,568536605,356,76884,60002,156852,4
baseline_off,fight,0.0,0.0,0.5397,33,568554351,354,113010,60018,156869,4
baseline_off,fight,0.0,0.0,0.5639,34,568577066,358,52475,60014,156862,4
baseline_off,fight,0.0,0.0,0.5808,35,568595811,353,101863,60020,156860,4
baseline_off,fight,0.0,0.0,0.6039,36,568618343,353,10977,60010,156817,4
baseline_off,fight,0.0,0.0,0.6239,37,568637139,354,68868,60028,156901,4
baseline_off,fight,0.0,0.0,0.645,38,568659670,349,134289,60022,156883,4
baseline_off,fight,0.0,0.0,0.6692,39,568682205,351,43234,59966,156823,4
baseline_off,fight,0.0,0.0,0.6892,40,568702239,353,155188,60017,156873,4
baseline_off,fight,0.0,0.0,0.7102,41,568724769,347,63586,59996,156831,4
baseline_off,fight,0.0,0.0,0.7294,42,568743509,354,112172,60008,156870,4
baseline_off,fight,0.0,0.0,0.7495,43,568762315,353,15383,60007,156844,4
baseline_off,fight,0.0,0.0,0.7705,44,568784839,352,80235,60013,156838,4
baseline_off,fight,0.0,0.0,0.7895,45,568803590,353,130376,60019,156878,4
baseline_off,fight,0.0,0.0,0.8116,46,568826156,353,44330,60033,156896,4
baseline_off,fight,0.0,0.0,0.8308,47,568844928,353,98450,60018,156865,4
baseline_off,fight,0.0,0.0,0.8498,48,568864789,357,23748,60034,156885,4
baseline_off,fight,0.0,0.0,0.874,49,568887454,353,112163,60014,156855,4
baseline_off,fight,0.0,0.0,0.8909,50,568906260,353,15528,60058,156841,4
baseline_off,fight,0.0,0.0,0.9099,51,568925025,353,68882,60010,156849,4
baseline_off,fight,0.0,0.0,0.9405,52,568947564,347,135732,60018,156873,4
baseline_off,fight,0.0,0.0,0.95,53,568965325,353,17612,60030,156886,4
baseline_off,fight,0.0,0.0,0.9722,54,568986363,355,142395,60045,156890,4
baseline_off,fight,0.0,0.0,0.9901,55,569005148,353,40769,59995,156910,4
baseline_off,fight,0.0,0.0,1.0111,56,569027693,352,108396,60018,156856,4
baseline_off,fight,0.0,0.0,1.0175,57,569030174,353,59460,60025,156884,4
baseline_off,fight,0.0,0.0,1.0301,58,569045178,352,100356,59971,156869,4
baseline_off,fight,0.0,0.0,1.0533,59,569067724,353,11440,60011,156851,4
baseline_off,fight,0.0,0.0,1.0712,60,569086499,352,66227,60011,156823,4
baseline_off,fight,0.0,0.0,1.0946,61,569109019,353,130315,60007,156816,4
baseline_off,fight,0.0,0.0,1.1147,62,569127806,353,30567,59973,156841,4
baseline_off,fight,0.0,0.0,1.1337,63,569148917,354,12018,60009,156846,4
baseline_off,fight,0.0,0.0,1.1707,64,569173415,352,98061,59981,156858,4
baseline_off,fight,0.0,0.0,1.1877,65,569189679,353,39323,59995,156895,4
baseline_off,fight,0.0,0.0,1.2067,66,569211088,353,70900,60006,156824,4
baseline_off,fight,0.0,0.0,1.2225,67,569230055,353,1259,60009,156858,4
baseline_off,fight,0.0,0.0,1.2393,68,569246946,353,49074,59947,156874,4
baseline_off,fight,0.0,0.0,1.2635,69,569276148,353,150870,59972,156842,4
baseline_off,fight,0.0,0.0,1.274,70,569288279,353,17329,59984,156857,4
baseline_off,fight,0.0,0.0,1.293,71,569308059,354,85685,60022,156870,4
baseline_off,fight,0.0,0.0,1.3162,72,569331831,354,48372,60006,156852,4
baseline_off,fight,0.0,0.0,1.3352,73,569350618,349,104920,59982,156857,4
baseline_off,fight,0.0,0.0,1.3541,74,569369358,351,153498,60026,156874,4
baseline_off,fight,0.0,0.0,1.3741,75,569389406,355,110630,60012,156856,4
baseline_off,fight,0.0,0.0,1.3941,76,569409296,354,41280,60002,156825,4
baseline_off,fight,0.0,0.0,1.4162,77,569431962,353,130318,60007,156843,4
baseline_off,fight,0.0,0.0,1.4395,78,569450737,354,27927,60072,156897,4
baseline_off,fight,0.0,0.0,1.4564,79,569472011,353,36003,60026,156900,4
baseline_off,fight,0.0,0.0,1.4753,80,569490787,353,90049,59998,156904,4
baseline_off,fight,0.0,0.0,1.4964,81,569513240,353,142205,60013,156902,4
baseline_off,fight,0.0,0.0,1.5216,82,569535672,353,34149,60015,156868,4
baseline_off,fight,0.0,0.0,1.5237,83,569536622,353,38778,60023,156866,0
baseline_off,fight,0.0,0.0,1.5396,84,569553384,353,64781,60016,156847,4
baseline_off,fight,0.0,0.0,1.5606,85,569575896,353,126696,60040,156906,4
baseline_off,fight,0.0,0.0,1.5796,86,569594684,353,25744,60033,156893,4
baseline_off,fight,0.0,0.0,1.5997,87,569613468,352,81575,60021,156870,4
baseline_off,fight,0.0,0.0,1.6198,88,569635989,353,145343,60027,156865,4
baseline_off,fight,0.0,0.0,1.6388,89,569654767,353,43584,60019,156874,4
baseline_off,fight,0.0,0.0,1.6589,90,569673552,353,99421,60022,156878,4
baseline_off,fight,0.0,0.0,1.68,91,569696067,352,5762,60014,156858,4
baseline_off,fight,0.0,0.0,1.699,92,569714737,353,42441,59971,156818,4
baseline_off,fight,0.0,0.0,1.7191,93,569733625,353,116490,60019,156846,4
baseline_off,fight,0.0,0.0,1.7402,94,569756152,360,24011,59991,156899,4
baseline_off,fight,0.0,0.0,1.7593,95,569774935,352,80154,59973,156849,4
baseline_off,fight,0.0,0.0,1.7793,96,569793698,353,132712,60047,156857,4
baseline_off,fight,0.0,0.0,1.8004,97,569816233,353,41919,60008,156825,4
baseline_off,fight,0.0,0.0,1.8194,98,569834998,353,95150,59966,156841,4
baseline_off,fight,0.0,0.0,1.8416,99,569857537,353,5167,60016,156868,4
baseline_off,fight,0.0,0.0,1.8617,100,569876321,353,60973,60025,156900,4
baseline_off,fight,0.0,0.0,1.8807,101,569896345,353,13826,60021,156869,4
baseline_off,fight,0.0,0.0,1.9038,102,569918871,355,78816,59983,156863,4
baseline_off,fight,0.0,0.0,1.924,103,569937662,348,135277,60035,156901,4
baseline_off,fight,0.0,0.0,1.9421,104,569957690,353,88665,59987,156873,4
baseline_off,fight,0.0,0.0,1.9601,105,569976362,353,125337,60011,156851,4
baseline_off,fight,0.0,0.0,1.9846,106,569998883,353,32519,60006,156851,4
baseline_off,fight,0.0,0.0,2.0016,107,570017771,358,106614,60021,156867,4
baseline_off,fight,0.0,0.0,2.0186,108,570032781,349,148832,60014,156854,4
baseline_off,fight,0.0,0.0,2.0271,109,570041175,357,7166,59972,156845,4
baseline_off,fight,0.0,0.0,2.0408,110,570056564,353,113741,59976,156833,4
baseline_off,fight,0.0,0.0,2.0641,111,570079097,353,22956,60014,156858,4
baseline_off,fight,0.0,0.0,2.0832,112,570099130,349,134684,60008,156873,4
baseline_off,fight,0.0,0.0,2.1012,113,570117906,354,32463,60013,156875,4
baseline_off,fight,0.0,0.0,2.1245,114,570140448,355,99108,60032,156898,4
baseline_off,fight,0.0,0.0,2.1436,115,570159211,360,151339,60016,156857,4
baseline_off,fight,0.0,0.0,2.1627,116,570177983,354,48391,60026,156887,4
baseline_off,fight,0.0,0.0,2.1839,117,570200508,352,113032,60014,156878,4
baseline_off,fight,0.0,0.0,2.2008,118,570218073,353,118917,60029,156860,4
baseline_off,fight,0.0,0.0,2.2242,119,570240567,354,21291,60024,156886,4
baseline_off,fight,0.0,0.0,2.2455,120,570259343,352,75770,60020,156870,4
baseline_off,fight,0.0,0.0,2.2657,121,570281766,360,122011,60038,156932,4
baseline_off,fight,0.0,0.0,2.2847,122,570300660,353,39394,59979,156866,4
baseline_off,fight,0.0,0.0,2.305,123,570321834,352,30730,59989,156877,4
baseline_off,fight,0.0,0.0,2.3262,124,570340719,351,103388,60018,156871,4
baseline_off,fight,0.0,0.0,2.3452,125,570360743,353,56253,59972,156850,4
baseline_off,fight,0.0,0.0,2.3662,126,570382034,353,67475,60014,156881,4
baseline_off,fight,0.0,0.0,2.3842,127,570399565,353,67034,59998,156889,4
baseline_off,fight,0.0,0.0,2.4053,0,570420852,355,77517,59994,156880,4
baseline_off,fight,0.0,0.0,2.4253,1,570442118,353,84407,60033,156896,4
baseline_off,fight,0.0,0.0,2.4453,2,570460907,353,140422,60031,156899,4
baseline_off,fight,0.0,0.0,2.4864,3,570487034,353,31822,60030,156895,4
baseline_off,fight,0.0,0.0,2.5032,4,570506519,354,49462,60027,156895,4
baseline_off,fight,0.0,0.0,2.5243,5,570527999,360,92764,60030,156880,4
baseline_off,fight,0.0,0.0,2.539,6,570533998,355,14473,60025,156887,4
baseline_off,fight,0.0,0.0,2.5548,7,570548015,353,43964,60025,156895,4
baseline_off,fight,0.0,0.0,2.5591,8,570564267,352,139758,59995,156900,4
baseline_off,fight,0.0,0.0,2.5675,9,570584487,354,125560,60039,156897,4
baseline_off,fight,0.0,0.0,2.5865,10,570603637,353,86231,60029,156886,4
baseline_off,fight,0.0,0.0,2.6096,11,570626158,352,149349,60015,156867,4
baseline_off,fight,0.0,0.0,2.6297,12,570644922,351,44937,60017,156877,4
baseline_off,fight,0.0,0.0,2.6466,13,570663708,353,101247,60017,156884,4
baseline_off,fight,0.0,0.0,2.671,14,570687495,352,66122,60027,156888,4
baseline_off,fight,0.0,0.0,2.6858,15,570703767,359,8594,60022,156879,4
baseline_off,fight,0.0,0.0,2.7079,16,570725044,353,17166,60024,156899,4
baseline_off,fight,0.0,0.0,2.731,17,570748737,353,122660,59995,156890,4
baseline_off,fight,0.0,0.0,2.75,18,570767611,358,37053,60011,156844,4
baseline_off,fight,0.0,0.0,2.769,19,570786388,362,92285,60057,156852,4
baseline_off,fight,0.0,0.0,2.7911,20,570808932,353,2592,60041,156897,4
baseline_off,fight,0.0,0.0,2.81,21,570827706,354,56713,60004,156843,4
baseline_off,fight,0.0,0.0,2.8332,22,570850252,353,125040,59983,156878,4
baseline_off,fight,0.0,0.0,2.8553,23,570869016,353,20266,60013,156858,4
baseline_off,fight,0.0,0.0,2.8711,24,570889029,353,128032,60023,156873,4
baseline_off,fight,0.0,0.0,2.8943,25,570911567,361,38022,60023,156865,4
baseline_off,fight,0.0,0.0,2.9143,26,570930359,353,95238,60011,156866,4
baseline_off,fight,0.0,0.0,2.9354,27,570952888,354,3091,59975,156838,4
baseline_off,fight,0.0,0.0,2.9544,28,570971667,355,58386,60015,156861,4
baseline_off,fight,0.0,0.0,2.9755,29,570990443,353,113097,60002,156844,4
baseline_off,fight,0.0,0.0,2.9955,30,571012978,353,22225,60035,156902,4
baseline_off,fight,0.0,0.0,3.0155,31,571031753,345,76181,60022,156881,4
baseline_off,fight,0.0,0.0,3.0239,32,571040150,359,91830,60010,156855,4
baseline_off,fight,0.0,0.0,3.0355,33,571052584,353,9946,59970,156824,4
baseline_off,fight,0.0,0.0,3.0555,34,571073054,353,39147,60008,156852,4
baseline_off,fight,0.0,0.0,3.0797,35,571095590,355,105649,60019,156882,4
baseline_off,fight,0.0,0.0,3.0966,36,571114374,353,5199,60016,156842,4
baseline_off,fight,0.0,0.0,3.1156,37,571133137,352,57509,59990,156883,4
baseline_off,fight,0.0,0.0,3.1367,38,571153155,359,9059,60030,156880,4
baseline_off,fight,0.0,0.0,3.1588,39,571176935,354,129477,60000,156908,4
baseline_off,fight,0.0,0.0,3.1798,40,571195731,356,29857,60027,156888,4
baseline_off,fight,0.0,0.0,3.1998,41,571218248,361,92243,60034,156931,4
baseline_off,fight,0.0,0.0,3.224,42,571240791,353,2502,60006,156847,4
baseline_off,fight,0.0,0.0,3.244,43,571260825,352,113674,59995,156899,4
baseline_off,fight,0.0,0.0,3.2609,44,571279598,353,11042,60020,156866,4
baseline_off,fight,0.0,0.0,3.284,45,571302115,353,74083,59987,156889,4
baseline_off,fight,0.0,0.0,3.3051,46,571320786,354,110538,59984,156862,4
baseline_off,fight,0.0,0.0,3.3262,47,571342172,353,138751,60012,156825,4
baseline_off,fight,0.0,0.0,3.3452,48,571362209,354,94202,60017,156847,4
baseline_off,fight,0.0,0.0,3.3653,49,571380990,358,150097,59986,156898,4
baseline_off,fight,0.0,0.0,3.3832,50,571401015,353,102969,60018,156882,4
baseline_off,fight,0.0,0.0,3.4065,51,571423540,351,10948,59980,156871,4
baseline_off,fight,0.0,0.0,3.4246,52,571442324,352,66338,60027,156881,4
baseline_off,fight,0.0,0.0,3.4437,53,571461108,349,121715,60026,156886,4
baseline_off,fight,0.0,0.0,3.4658,54,571483622,353,27068,60020,156879,4
baseline_off,fight,0.0,0.0,3.4838,55,571502416,353,84337,59983,156890,4
baseline_off,fight,0.0,0.0,3.5038,56,571521189,353,138179,59984,156857,4
baseline_off,fight,0.0,0.0,3.524,57,571541214,344,91572,60009,156854,4
baseline_off,fight,0.0,0.0,3.5261,58,571542163,353,95951,60015,156847,0
baseline_off,fight,0.0,0.0,3.5455,59,571562491,353,100892,59998,156823,4
baseline_off,fight,0.0,0.0,3.5667,60,571585025,353,10369,60017,156858,4
baseline_off,fight,0.0,0.0,3.5848,61,571603782,352,62218,60016,156849,4
baseline_off,fight,0.0,0.0,3.6039,62,571622574,346,120118,59994,156831,4
baseline_off,fight,0.0,0.0,3.6314,63,571645096,352,27933,59984,156864,4
baseline_off,fight,0.0,0.0,3.6452,64,571662631,353,28329,59980,156864,4
baseline_off,fight,0.0,0.0,3.6674,65,571685148,359,92048,60013,156856,4
baseline_off,fight,0.0,0.0,3.6865,66,571703928,353,146973,60038,156922,4
baseline_off,fight,0.0,0.0,3.7055,67,571723956,352,100310,59983,156882,4
baseline_off,fight,0.0,0.0,3.7256,68,571742752,353,1746,59973,156843,4
baseline_off,fight,0.0,0.0,3.7457,69,571765269,353,65000,60022,156876,4
baseline_off,fight,0.0,0.0,3.7817,70,571783930,354,99994,60019,156851,4
baseline_off,fight,0.0,0.0,3.7965,71,571804188,361,92846,60016,156867,4
baseline_off,fight,0.0,0.0,3.8124,72,571824347,355,69014,60025,156866,4
baseline_off,fight,0.0,0.0,3.8377,73,571853497,353,4339,60021,156866,4
baseline_off,fight,0.0,0.0,3.8484,74,571865065,353,88436,60055,156877,4
baseline_off,fight,0.0,0.0,3.8771,75,571891687,354,64864,60038,156876,4
baseline_off,fight,0.0,0.0,3.8856,76,571904987,353,129277,60063,156884,4
baseline_off,fight,0.0,0.0,3.9068,77,571925494,355,6892,59994,156906,4
baseline_off,fight,0.0,0.0,3.929,78,571948039,352,74342,59981,156895,4
baseline_off,fight,0.0,0.0,3.9481,79,571966809,352,128138,59984,156871,4
baseline_off,fight,0.0,0.0,3.9692,80,571986837,354,81603,60018,156854,4
baseline_off,fight,0.0,0.0,3.9862,81,572005619,353,137465,60010,156862,4
baseline_off,fight,0.0,0.0,4.0105,82,572028153,353,46165,60026,156873,4
baseline_off,fight,0.0,0.0,4.0201,83,572038990,353,5941,60029,156877,4
baseline_off,fight,0.0,0.0,4.0275,84,572047356,355,16471,60017,156865,4
baseline_off,fight,0.0,0.0,4.0518,85,572069445,353,6330,60012,156856,4
baseline_off,fight,0.0,0.0,4.0657,86,572085720,359,106764,60000,156839,4
baseline_off,fight,0.0,0.0,4.089,87,572107013,353,118852,60022,156887,4
baseline_off,fight,0.0,0.0,4.106,88,572125781,353,15511,60008,156845,4
baseline_off,fight,0.0,0.0,4.1293,89,572148287,360,76947,60020,156850,4
baseline_off,fight,0.0,0.0,4.1494,90,572167088,353,136252,60005,156840,4
baseline_off,fight,0.0,0.0,4.1706,91,572189603,354,43196,60001,156826,4
baseline_off,fight,0.0,0.0,4.1918,92,572208388,353,99638,59993,156817,4
baseline_off,fight,0.0,0.0,4.2108,93,572229672,353,110085,60016,156862,4
baseline_off,fight,0.0,0.0,4.2298,94,572248439,353,6587,60013,156851,4
baseline_off,fight,0.0,0.0,4.2478,95,572267201,352,58870,60013,156842,4
baseline_off,fight,0.0,0.0,4.2699,96,572289747,354,127343,60017,156838,4
baseline_off,fight,0.0,0.0,4.2889,97,572308525,353,25746,60016,156856,4
baseline_off,fight,0.0,0.0,4.3122,98,572331050,347,90014,60017,156886,4
baseline_off,fight,0.0,0.0,4.3301,99,572349812,353,141900,60025,156867,4
baseline_off,fight,0.0,0.0,4.3501,100,572368617,354,44655,60013,156852,4
baseline_off,fight,0.0,0.0,4.3723,101,572388640,353,154502,60028,156891,4
baseline_off,fight,0.0,0.0,4.3902,102,572409920,355,6668,60021,156875,4
baseline_off,fight,0.0,0.0,4.4113,103,572428705,349,62789,59968,156830,4
baseline_off,fight,0.0,0.0,4.4324,104,572451200,359,122208,60024,156865,4
baseline_off,fight,0.0,0.0,4.4503,105,572469994,360,23426,60007,156832,4
baseline_off,fight,0.0,0.0,4.4745,106,572492538,348,90889,60029,156899,4
baseline_off,fight,0.0,0.0,4.4914,107,572511319,353,146388,60023,156840,4
baseline_off,fight,0.0,0.0,4.5104,108,572530074,352,40833,59968,156836,4
baseline_off,fight,0.0,0.0,4.5209,109,572540886,354,153674,59975,156857,4
baseline_off,fight,0.0,0.0,4.5314,110,572550621,352,83049,60009,156854,4
baseline_off,fight,0.0,0.0,4.5503,111,572570134,351,106549,60007,156835,4
baseline_off,fight,0.0,0.0,4.5746,112,572592659,353,15175,60008,156821,4
baseline_off,fight,0.0,0.0,4.5925,113,572611425,353,68645,60004,156831,4
baseline_off,fight,0.0,0.0,4.6104,114,572630195,356,122336,59989,156889,4
baseline_off,fight,0.0,0.0,4.6346,115,572652732,353,31963,60011,156844,4
baseline_off,fight,0.0,0.0,4.6546,116,572672743,353,139825,60027,156847,4
baseline_off,fight,0.0,0.0,4.6756,117,572695281,353,49559,59981,156878,4
baseline_off,fight,0.0,0.0,4.6946,118,572714067,358,105747,60009,156849,4
baseline_off,fight,0.0,0.0,4.7146,119,572734068,353,54938,60014,156842,4
baseline_off,fight,0.0,0.0,4.7367,120,572756633,352,126476,60010,156848,4
baseline_off,fight,0.0,0.0,4.7558,121,572775399,353,22579,60020,156867,4
baseline_off,fight,0.0,0.0,4.7791,122,572797931,354,88177,60017,156866,4
baseline_off,fight,0.0,0.0,4.796,123,572816704,353,142602,59970,156827,4
baseline_off,fight,0.0,0.0,4.815,124,572835468,353,39225,60005,156829,4
baseline_off,fight,0.0,0.0,4.8392,125,572858005,348,106231,59980,156842,4
baseline_off,fight,0.0,0.0,4.856,126,572876781,353,4360,59996,156811,4
baseline_off,fight,0.0,0.0,4.8805,127,572899305,352,69250,59977,156862,4
baseline_off,fight,0.0,0.0,4.8995,0,572918078,353,123544,60018,156860,4
baseline_off,fight,0.0,0.0,4.9205,1,572940615,353,33712,59976,156834,4
baseline_off,fight,0.0,0.0,4.9387,2,572959389,353,88666,59991,156797,4
baseline_off,fight,0.0,0.0,4.9589,3,572978160,353,143691,59996,156812,4
baseline_off,fight,0.0,0.0,4.9801,4,572998178,351,96632,59971,156857,4
baseline_off,fight,0.0,0.0,5.0045,5,573021950,355,59785,59969,156834,4
baseline_off,fight,0.0,0.0,5.0161,6,573038183,351,153424,60012,156835,4
baseline_off,fight,0.0,0.0,5.0236,7,573040718,353,113665,60020,156842,4
baseline_off,fight,0.0,0.0,5.0394,8,573059496,354,12000,60022,156877,4
baseline_off,fight,0.0,0.0,5.0617,9,573082032,354,78783,59970,156834,4
baseline_off,fight,0.0,0.0,5.084,10,573099308,353,35626,60005,156830,4
baseline_off,fight,0.0,0.0,5.121,11,573128339,353,108583,60004,156816,4
baseline_off,fight,0.0,0.0,5.1359,12,573145100,349,134511,59983,156875,4
baseline_off,fight,0.0,0.0,5.1539,13,573166520,353,10860,60019,156888,4
baseline_off,fight,0.0,0.0,5.1656,14,573182834,353,117611,60016,156842,4
baseline_off,fight,0.0,0.0,5.1889,15,573200874,353,47301,60017,156863,4
baseline_off,fight,0.0,0.0,5.2186,16,573233714,352,140385,59964,156852,4
baseline_off,fight,0.0,0.0,5.2207,17,573240287,354,3081,59988,156792,4
baseline_off,fight,0.0,0.0,5.243,18,573262229,353,125997,59999,156840,4
baseline_off,fight,0.0,0.0,5.2611,19,573281025,353,28036,60012,156838,4
baseline_off,fight,0.0,0.0,5.2845,20,573303560,353,94577,60027,156853,4
baseline_off,fight,0.0,0.0,5.3025,21,573322332,349,148386,60010,156864,4
baseline_off,fight,0.0,0.0,5.3238,22,573344867,355,58183,60018,156861,4
baseline_off,fight,0.0,0.0,5.3428,23,573363652,353,114465,60003,156838,4
baseline_off,fight,0.0,0.0,5.3641,24,573384915,356,121992,59959,156832,4
baseline_off,fight,0.0,0.0,5.3843,25,573403680,353,18272,60014,156860,4
baseline_off,fight,0.0,0.0,5.4013,26,573422473,354,75957,59967,156834,4
baseline_off,fight,0.0,0.0,5.4246,27,573444993,354,139391,60002,156834,4
baseline_off,fight,0.0,0.0,5.4446,28,573463778,359,38811,60008,156863,4
baseline_off,fight,0.0,0.0,5.4656,29,573486293,353,102027,59993,156806,4
baseline_off,fight,0.0,0.0,5.4856,30,573505080,352,2218,59963,156822,4
baseline_off,fight,0.0,0.0,5.5056,31,573526351,353,11456,59966,156830,4
baseline_off,fight,0.0,0.0,5.5204,32,573541273,353,38658,60011,156863,4
baseline_off,fight,0.0,0.0,5.5258,33,573546519,353,146232,59974,156860,4
baseline_off,fight,0.0,0.0,5.5459,34,573565131,353,17012,59972,156836,4
baseline_off,fight,0.0,0.0,5.5638,35,573585163,353,128943,60010,156843,4
baseline_off,fight,0.0,0.0,5.586,36,573607686,354,37366,60007,156825,4
baseline_off,fight,0.0,0.0,5.6049,37,573626454,349,91317,60022,156865,4
baseline_off,fight,0.0,0.0,5.6239,38,573645227,352,145706,59996,156829,4
baseline_off,fight,0.0,0.0,5.646,39,573667768,354,56595,60018,156857,4
baseline_off,fight,0.0,0.0,5.666,40,573686534,353,110014,60006,156835,4
baseline_off,fight,0.0,0.0,5.685,41,573706562,360,64208,60011,156846,4
baseline_off,fight,0.0,0.0,5.7092,42,573730342,353,28533,60022,156869,4
baseline_off,fight,0.0,0.0,5.7292,43,573749127,352,84622,59983,156879,4
baseline_off,fight,0.0,0.0,5.746,44,573767898,352,138058,60027,156885,4
baseline_off,fight,0.0,0.0,5.7692,45,573790422,354,45282,60027,156889,4
baseline_off,fight,0.0,0.0,5.7892,46,573809199,353,99726,59983,156871,4
baseline_off,fight,0.0,0.0,5.8145,47,573830391,353,94286,60024,156888,4
baseline_off,fight,0.0,0.0,5.8313,48,573853018,353,19300,59981,156863,4
baseline_off,fight,0.0,0.0,5.8503,49,573871784,354,72225,60002,156848,4
baseline_off,fight,0.0,0.0,5.8746,50,573894325,353,139635,59973,156860,4
baseline_off,fight,0.0,0.0,5.8915,51,573913081,353,34630,59960,156827,4
baseline_off,fight,0.0,0.0,5.9115,52,573931706,360,63649,60005,156844,4
baseline_off,fight,0.0,0.0,5.9315,53,573951880,353,42571,59973,156844,4
baseline_off,fight,0.0,0.0,5.9547,54,573975657,353,6637,60011,156827,4
baseline_off,fight,0.0,0.0,5.9737,55,573994442,347,63053,60005,156854,4
baseline_off,fight,0.0,0.0,5.9948,56,574013214,354,117502,60003,156820,4
baseline_off,fight,0.0,0.0,6.0117,57,574033232,351,69893,60017,156847,4
baseline_off,fight,0.0,0.0,6.0222,58,574044034,359,23995,60019,156862,4
baseline_off,fight,0.0,0.0,6.0338,59,574053773,353,111029,59983,156857,4
baseline_off,fight,0.0,0.0,6.059,60,574076905,359,122369,59983,156837,4
baseline_off,fight,0.0,0.0,6.0738,61,574094491,353,131937,60010,156832,4
baseline_off,fight,0.0,0.0,6.0928,62,574114590,353,98289,59992,156778,4
baseline_off,fight,0.0,0.0,6.1161,63,574137113,355,6831,60022,156786,4
baseline_off,fight,0.0,0.0,6.1342,64,574155876,353,59609,60024,156874,4
baseline_off,fight,0.0,0.0,6.1534,65,574174664,351,116773,60015,156843,4
baseline_off,fight,0.0,0.0,6.1756,66,574197187,355,24707,60016,156850,4
baseline_off,fight,0.0,0.0,6.1956,67,574217200,354,132467,60033,156886,4
baseline_off,fight,0.0,0.0,6.2145,68,574235983,353,31529,59973,156838,4
baseline_off,fight,0.0,0.0,6.2388,69,574259767,351,153439,60009,156848,4
baseline_off,fight,0.0,0.0,6.2567,70,574278545,353,51489,60019,156863,4
baseline_off,fight,0.0,0.0,6.2757,71,574297320,345,106401,60002,156815,4
baseline_off,fight,0.0,0.0,6.2947,72,574316086,353,3276,60002,156825,4
baseline_off,fight,0.0,0.0,6.3137,73,574336109,354,114007,59993,156802,4
baseline_off,fight,0.0,0.0,6.3359,74,574358631,353,22327,60044,156814,4
baseline_off,fight,0.0,0.0,6.3559,75,574377243,353,49366,60008,156836,4
baseline_off,fight,0.0,0.0,6.3738,76,574396087,354,115820,60020,156860,4
baseline_off,fight,0.0,0.0,6.4065,77,574418714,353,41101,59985,156863,4
baseline_off,fight,0.0,0.0,6.4297,78,574439023,354,42963,60009,156842,4
baseline_off,fight,0.0,0.0,6.4392,79,574459371,354,51616,60009,156836,4
baseline_off,fight,0.0,0.0,6.4539,80,574476258,353,99044,59972,156833,4
baseline_off,fight,0.0,0.0,6.4897,81,574502561,353,21778,60011,156857,4
baseline_off,fight,0.0,0.0,6.4992,82,574519454,353,70235,60006,156818,4
baseline_off,fight,0.0,0.0,6.514,83,574536347,354,119100,59967,156812,4
baseline_off,fight,0.0,0.0,6.5267,84,574547165,347,76405,60004,156809,4
baseline_off,fight,0.0,0.0,6.5351,85,574556874,354,1880,59998,156837,4
baseline_off,fight,0.0,0.0,6.5541,86,574576390,353,25862,60000,156820,4
baseline_off,fight,0.0,0.0,6.5762,87,574598924,357,92118,60008,156857,4
baseline_off,fight,0.0,0.0,6.5962,88,574618938,353,43818,60010,156852,4
baseline_off,fight,0.0,0.0,6.6152,89,574637724,353,100236,59972,156820,4
baseline_off,fight,0.0,0.0,6.6341,90,574656413,353,140472,59964,156816,4
baseline_off,fight,0.0,0.0,6.6583,91,574680281,353,119975,59988,156887,4
baseline_off,fight,0.0,0.0,6.6763,92,574699056,353,17387,60022,156878,4
baseline_off,fight,0.0,0.0,6.6995,93,574721584,353,82072,59971,156857,4
baseline_off,fight,0.0,0.0,6.7195,94,574740365,352,138119,59995,156805,4
baseline_off,fight,0.0,0.0,6.7363,95,574759130,353,34486,59988,156880,4
baseline_off,fight,0.0,0.0,6.7595,96,574781656,353,99625,60045,156821,4
baseline_off,fight,0.0,0.0,6.7795,97,574801678,351,53729,59956,156787,4
baseline_off,fight,0.0,0.0,6.8006,98,574820451,353,108981,59969,156814,4
baseline_off,fight,0.0,0.0,6.8185,99,574840477,359,63383,60020,156849,4
baseline_off,fight,0.0,0.0,6.8406,100,574862987,353,125861,60014,156865,4
baseline_off,fight,0.0,0.0,6.8606,101,574881773,353,25795,60016,156851,4
baseline_off,fight,0.0,0.0,6.8807,102,574903048,353,35474,59991,156792,4
baseline_off,fight,0.0,0.0,6.8987,103,574921812,353,88860,60012,156847,4
baseline_off,fight,0.0,0.0,6.9187,104,574940601,353,146008,59960,156811,4
baseline_off,fight,0.0,0.0,6.9397,105,574963028,362,38079,59996,156828,4
baseline_off,fight,0.0,0.0,6.9639,106,574985642,353,118294,60000,156825,4
baseline_off,fight,0.0,0.0,6.9808,107,575004399,353,13863,60001,156819,4
baseline_off,fight,0.0,0.0,7.0009,108,575023018,353,42680,60005,156828,4
baseline_off,fight,0.0,0.0,7.024,109,575044447,353,78576,59994,156809,4
baseline_off,fight,0.0,0.0,7.024,110,575045397,353,83320,60004,156802,0
baseline_off,fight,0.0,0.0,7.044,111,575065723,352,88503,59999,156847,4
baseline_off,fight,0.0,0.0,7.0609,112,575084494,354,142840,60001,156812,4
baseline_off,fight,0.0,0.0,7.0841,113,575107021,353,51178,60020,156866,4
baseline_off,fight,0.0,0.0,7.1041,114,575125804,360,107052,59975,156836,4
baseline_off,fight,0.0,0.0,7.1243,115,575144570,353,3572,59999,156818,4
baseline_off,fight,0.0,0.0,7.1454,116,575168350,353,125434,60012,156822,4
baseline_off,fight,0.0,0.0,7.1654,117,575188368,359,77853,60014,156872,4
baseline_off,fight,0.0,0.0,7.1844,118,575207140,353,132329,59975,156842,4
baseline_off,fight,0.0,0.0,7.2065,119,575229674,353,42344,59958,156814,4
baseline_off,fight,0.0,0.0,7.2265,120,575249515,358,121355,59981,156865,4
baseline_off,fight,0.0,0.0,7.2455,121,575268463,354,48292,59995,156890,4
baseline_off,fight,0.0,0.0,7.2678,122,575291005,351,115027,60016,156867,4
baseline_off,fight,0.0,0.0,7.2857,123,575309781,355,12928,60022,156849,4
baseline_off,fight,0.0,0.0,7.3047,124,575328536,352,64632,60014,156847,4
baseline_off,fight,0.0,0.0,7.3289,125,575351080,355,132865,59999,156835,4
baseline_off,fight,0.0,0.0,7.3457,126,575369845,355,29770,60002,156832,4
baseline_off,fight,0.0,0.0,7.3699,127,575392382,352,96523,60011,156859,4
baseline_off,fight,0.0,0.0,7.3879,0,575411146,348,149927,59989,156796,4
baseline_off,fight,0.0,0.0,7.4058,1,575429911,353,46999,60013,156852,4
baseline_off,fight,0.0,0.0,7.429,2,575452437,353,112990,59988,156781,4
baseline_off,fight,0.0,0.0,7.449,3,575471204,354,10197,60009,156823,4
baseline_off,fight,0.0,0.0,7.469,4,575492488,353,20646,60019,156846,4
baseline_off,fight,0.0,0.0,7.4922,5,575515024,354,87463,59987,156826,4
baseline_off,fight,0.0,0.0,7.5112,6,575535046,353,40748,60009,156841,4
baseline_off,fight,0.0,0.0,7.5229,7,575547365,353,95889,60002,156857,4
baseline_off,fight,0.0,0.0,7.5324,8,575555763,352,111883,59978,156817,4
baseline_off,fight,0.0,0.0,7.5503,9,575573827,353,46209,60004,156835,4
baseline_off,fight,0.0,0.0,7.5703,10,575592601,353,101236,59996,156811,4
baseline_off,fight,0.0,0.0,7.5893,11,575612624,352,55362,59997,156810,4
baseline_off,fight,0.0,0.0,7.6114,12,575635159,353,122905,59943,156774,4
baseline_off,fight,0.0,0.0,7.6346,13,575657634,355,23546,59997,156815,4
baseline_off,fight,0.0,0.0,7.6546,14,575676462,353,87558,59988,156882,4
baseline_off,fight,0.0,0.0,7.6757,15,575698982,359,151265,59975,156858,4
baseline_off,fight,0.0,0.0,7.6968,16,575717748,354,47606,60018,156864,4
baseline_off,fight,0.0,0.0,7.737,17,575746333,353,43573,60022,156872,4
baseline_off,fight,0.0,0.0,7.7518,18,575763309,356,105761,60013,156849,4
baseline_off,fight,0.0,0.0,7.7644,19,575784614,353,119664,59996,156883,4
baseline_off,fight,0.0,0.0,7.7814,20,575798021,353,45589,60029,156877,4
baseline_off,fight,0.0,0.0,7.8141,21,575828698,352,84687,60015,156853,4
baseline_off,fight,0.0,0.0,7.8257,22,575844727,353,143005,60006,156854,4
baseline_off,fight,0.0,0.0,7.8341,23,575858469,353,126261,60008,156848,4
baseline_off,fight,0.0,0.0,7.8562,24,575880487,353,104256,60028,156906,4
baseline_off,fight,0.0,0.0,7.8762,25,575900521,351,58698,60025,156885,4
baseline_off,fight,0.0,0.0,7.8963,26,575919275,353,109636,60019,156882,4
baseline_off,fight,0.0,0.0,7.9195,27,575941812,353,19252,59987,156873,4
baseline_off,fight,0.0,0.0,7.9364,28,575960586,353,73553,60005,156845,4
baseline_off,fight,0.0,0.0,7.9595,29,575983108,353,137930,60006,156856,4
baseline_off,fight,0.0,0.0,7.9807,30,576001883,353,35934,60020,156878,4
baseline_off,fight,0.0,0.0,7.9988,31,576021915,354,147429,60033,156859,4
baseline_off,fight,0.0,0.0,8.0189,32,576041932,353,99210,60024,156863,4
baseline_off,fight,0.0,0.0,8.0252,33,576050317,353,112875,59985,156870,4
baseline_off,fight,0.0,0.0,8.0368,34,576060919,353,32767,60017,156854,4
baseline_off,fight,0.0,0.0,8.0621,35,576083159,353,48645,59984,156878,4
baseline_off,fight,0.0,0.0,8.0801,36,576100702,353,50259,60034,156894,4
baseline_off,fight,0.0,0.0,8.0991,37,576122044,354,70204,60017,156849,4
baseline_off,fight,0.0,0.0,8.1215,38,576144515,353,125099,60024,156878,4
baseline_off,fight,0.0,0.0,8.1395,39,576163339,353,30992,60008,156842,4
baseline_off,fight,0.0,0.0,8.1606,40,576182117,354,86172,60018,156860,4
baseline_off,fight,0.0,0.0,8.1807,41,576204587,353,141841,60014,156856,4
baseline_off,fight,0.0,0.0,8.1997,42,576223371,353,41021,60024,156873,4
baseline_off,fight,0.0,0.0,8.2186,43,576242198,352,104412,59959,156852,4
baseline_off,fight,0.0,0.0,8.2397,44,576264672,353,3641,60010,156848,4
baseline_off,fight,0.0,0.0,8.2598,45,576284695,352,113523,59968,156841,4
baseline_off,fight,0.0,0.0,8.2788,46,576303472,353,11688,59977,156855,4
baseline_off,fight,0.0,0.0,8.2988,47,576322297,352,74826,60004,156850,4
baseline_off,fight,0.0,0.0,8.3209,48,576346021,353,30329,60019,156871,4
baseline_off,fight,0.0,0.0,8.3462,49,576364748,356,77110,60005,156838,4
baseline_off,fight,0.0,0.0,8.361,50,576384818,360,38395,60023,156881,4
baseline_off,fight,0.0,0.0,8.3843,51,576407394,353,112027,59993,156789,4
baseline_off,fight,0.0,0.0,8.4045,52,576426118,352,2172,60005,156835,4
baseline_off,fight,0.0,0.0,8.4214,53,576446121,353,109057,59970,156849,4
baseline_off,fight,0.0,0.0,8.4445,54,576468657,353,19777,59951,156776,4
baseline_off,fight,0.0,0.0,8.4646,55,576487480,353,82917,60011,156817,4
baseline_off,fight,0.0,0.0,8.4825,56,576506192,353,126943,60009,156869,4
baseline_off,fight,0.0,0.0,8.5046,57,576528727,355,36759,60009,156823,4
baseline_off,fight,0.0,0.0,8.5257,58,576548709,351,139972,59970,156841,4
baseline_off,fight,0.0,0.0,8.5267,59,576549658,355,144515,59996,156836,0
baseline_off,fight,0.0,0.0,8.5457,60,576570038,353,1803,59977,156843,4
baseline_off,fight,0.0,0.0,8.5657,61,576588790,360,52846,60010,156854,4
baseline_off,fight,0.0,0.0,8.5868,62,576611377,353,128989,60000,156818,4
baseline_off,fight,0.0,0.0,8.6057,63,576630090,353,16869,59977,156846,4
baseline_off,fight,0.0,0.0,8.6289,64,576653873,353,139069,60002,156827,4
baseline_off,fight,0.0,0.0,8.6457,65,576670091,352,73489,59961,156807,4
baseline_off,fight,0.0,0.0,8.6679,66,576692661,353,146344,60004,156848,4
baseline_off,fight,0.0,0.0,8.6891,67,576711347,353,29533,59990,156785,4
baseline_off,fight,0.0,0.0,8.7059,68,576731439,353,152032,59996,156812,4
baseline_off,fight,0.0,0.0,8.7291,69,576752779,353,15493,60014,156841,4
baseline_off,fight,0.0,0.0,8.746,70,576771490,353,59379,59959,156824,4
baseline_off,fight,0.0,0.0,8.7692,71,576792817,352,78437,59998,156796,4
baseline_off,fight,0.0,0.0,8.7892,72,576811529,353,123161,59955,156794,4
baseline_off,fight,0.0,0.0,8.806,73,576831546,347,76526,59949,156790,4
baseline_off,fight,0.0,0.0,8.8292,74,576854065,353,141139,59959,156823,4
baseline_off,fight,0.0,0.0,8.8492,75,576872851,353,41080,59966,156832,4
baseline_off,fight,0.0,0.0,8.8702,76,576895375,357,105856,60015,156850,4
baseline_off,fight,0.0,0.0,8.8892,77,576914153,351,4271,60007,156832,4
baseline_off,fight,0.0,0.0,8.9081,78,576932926,353,59105,59991,156800,4
baseline_off,fight,0.0,0.0,8.9302,79,576955441,359,122683,60027,156866,4
baseline_off,fight,0.0,0.0,8.9545,80,576977926,353,24393,60005,156817,4
baseline_off,fight,0.0,0.0,8.9734,81,576997979,353,140406,59953,156786,4
baseline_off,fight,0.0,0.0,8.9955,82,577020504,354,48595,60022,156872,4
baseline_off,fight,0.0,0.0,9.0271,83,577039291,350,105471,59969,156835,4
baseline_off,fight,0.0,0.0,9.0439,84,577056092,351,138285,60008,156853,4
baseline_off,fight,0.0,0.0,9.0608,85,577063092,353,73532,60022,156834,4
baseline_off,fight,0.0,0.0,9.0639,86,577080116,353,144419,60003,156861,4
baseline_off,fight,0.0,0.0,9.0745,87,577099613,356,8661,59961,156818,4
baseline_off,fight,0.0,0.0,9.1166,88,577131885,353,5551,60009,156844,4
baseline_off,fight,0.0,0.0,9.1241,89,577148757,353,50349,60009,156846,4
baseline_off,fight,0.0,0.0,9.1347,90,577160926,353,80193,60003,156834,4
baseline_off,fight,0.0,0.0,9.1559,91,577181937,355,44695,59972,156840,4
baseline_off,fight,0.0,0.0,9.1792,92,577204471,353,111368,59972,156853,4
baseline_off,fight,0.0,0.0,9.2005,93,577221956,353,103761,60010,156808,4
baseline_off,fight,0.0,0.0,9.2185,94,577243282,360,122044,59970,156821,4
baseline_off,fight,0.0,0.0,9.2365,95,577262045,353,18446,59957,156809,4
baseline_off,fight,0.0,0.0,9.2608,96,577284561,353,82322,60007,156838,4
baseline_off,fight,0.0,0.0,9.2788,97,577304585,353,35733,59989,156801,4
baseline_off,fight,0.0,0.0,9.2989,98,577323361,347,90978,60008,156844,4
baseline_off,fight,0.0,0.0,9.3159,99,577342124,354,144099,60005,156829,4
baseline_off,fight,0.0,0.0,9.3402,100,577365909,353,109076,60007,156856,4
baseline_off,fight,0.0,0.0,9.3593,101,577384685,354,6622,60022,156865,4
baseline_off,fight,0.0,0.0,9.3783,102,577403481,358,64356,60017,156858,4
baseline_off,fight,0.0,0.0,9.4006,103,577425991,353,125955,60068,156893,4
baseline_off,fight,0.0,0.0,9.4197,104,577444767,354,23043,59981,156861,4
baseline_off,fight,0.0,0.0,9.4377,105,577463555,354,79322,60022,156895,4
baseline_off,fight,0.0,0.0,9.461,106,577486076,353,142930,60021,156867,4
baseline_off,fight,0.0,0.0,9.4811,107,577504862,353,42191,59973,156836,4
baseline_off,fight,0.0,0.0,9.5001,108,577526095,353,44352,60013,156848,4
baseline_off,fight,0.0,0.0,9.5202,109,577544900,353,104232,60006,156839,4
baseline_off,fight,0.0,0.0,9.5277,110,577553218,356,106836,60008,156856,4
baseline_off,fight,0.0,0.0,9.5404,111,577563930,353,45954,60002,156822,4
baseline_off,fight,0.0,0.0,9.5615,112,577587450,352,123490,60012,156835,4
baseline_off,fight,0.0,0.0,9.5816,113,577606217,353,20482,60012,156844,4
baseline_off,fight,0.0,0.0,9.5996,114,577624992,353,75416,60019,156858,4
baseline_off,fight,0.0,0.0,9.6239,115,577647525,353,141174,59985,156879,4
baseline_off,fight,0.0,0.0,9.6389,116,577665039,353,138545,60005,156836,4
baseline_off,fight,0.0,0.0,9.6611,117,577687565,353,46922,60016,156861,4
baseline_off,fight,0.0,0.0,9.6812,118,577706362,353,105097,60014,156867,4
baseline_off,fight,0.0,0.0,9.6991,119,577725114,353,156108,60016,156834,4
baseline_off,fight,0.0,0.0,9.7212,120,577747645,353,64429,59991,156891,4
baseline_off,fight,0.0,0.0,9.7402,121,577766418,353,118525,60016,156841,4
baseline_off,fight,0.0,0.0,9.7645,122,577788952,353,28160,60011,156843,4
baseline_off,fight,0.0,0.0,9.7826,123,577807688,347,76424,60013,156824,4
baseline_off,fight,0.0,0.0,9.8006,124,577826489,360,135406,59983,156876,4
baseline_off,fight,0.0,0.0,9.8238,125,577849036,353,46281,60023,156878,4
baseline_off,fight,0.0,0.0,9.8417,126,577867803,355,98970,60011,156857,4
baseline_off,fight,0.0,0.0,9.8638,127,577890337,360,8443,60004,156827,4
baseline_off,fight,0.0,0.0,9.8859,0,577911542,352,5698,59973,156838,4
baseline_off,fight,0.0,0.0,9.906,1,577931636,353,127564,60013,156860,4
baseline_off,fight,0.0,0.0,9.9239,2,577950400,356,23371,59988,156885,4
baseline_off,fight,0.0,0.0,9.9429,3,577969197,353,81182,59984,156879,4
baseline_off,fight,0.0,0.0,9.965,4,577991717,354,144956,60008,156832,4
baseline_off,fight,0.0,0.0,9.9892,5,578014244,354,52812,60017,156861,4
baseline_off,fight,0.0,0.0,10.0061,6,578033031,354,108959,60026,156898,4
baseline_off,fight,0.0,0.0,10.0292,7,578053068,353,64177,60057,156855,4
baseline_off,fight,0.0,0.0,10.0292,8,578054018,354,68867,59978,156878,0
baseline_off,fight,0.0,0.0,10.0482,9,578074344,352,73410,60014,156853,4
baseline_off,fight,0.0,0.0,10.0692,10,578094305,354,16356,59961,156823,4
baseline_off,fight,0.0,0.0,10.0903,11,578113121,352,78013,59980,156855,4
baseline_off,fight,0.0,0.0,10.1093,12,578134404,353,88004,60025,156867,4
baseline_off,fight,0.0,0.0,10.1263,13,578153176,353,141947,59986,156889,4
baseline_off,fight,0.0,0.0,10.1507,14,578175702,354,49954,60017,156876,4
baseline_off,fight,0.0,0.0,10.1718,15,578195728,355,3070,60015,156852,4
baseline_off,fight,0.0,0.0,10.1888,16,578215761,351,114888,60012,156841,4
baseline_off,fight,0.0,0.0,10.2078,17,578234537,354,12959,60005,156816,4
baseline_off,fight,0.0,0.0,10.2271,18,578253302,353,66603,59963,156826,4
baseline_off,fight,0.0,0.0,10.2493,19,578275823,353,131417,60015,156845,4
baseline_off,fight,0.0,0.0,10.2693,20,578294588,354,27613,60005,156828,4
baseline_off,fight,0.0,0.0,10.2946,21,578319632,353,50290,60010,156842,4
baseline_off,fight,0.0,0.0,10.3095,22,578334639,356,91568,60025,156876,4
baseline_off,fight,0.0,0.0,10.3517,23,578364537,353,154595,59968,156860,4
baseline_off,fight,0.0,0.0,10.3675,24,578381485,353,55237,60010,156862,4
baseline_off,fight,0.0,0.0,10.3791,25,578407479,352,81422,60022,156895,4
baseline_off,fight,0.0,0.0,10.417,26,578416869,354,108777,60028,156905,4
baseline_off,fight,0.0,0.0,10.4339,27,578440084,353,133524,60032,156875,4
baseline_off,fight,0.0,0.0,10.436,28,578456310,353,68304,60005,156835,4
baseline_off,fight,0.0,0.0,10.4487,29,578477330,353,33478,59998,156897,4
baseline_off,fight,0.0,0.0,10.4708,30,578498614,353,43498,59977,156868,4
baseline_off,fight,0.0,0.0,10.4929,31,578517379,354,96250,60025,156886,4
baseline_off,fight,0.0,0.0,10.5151,32,578539935,357,8637,59982,156873,4
baseline_off,fight,0.0,0.0,10.5257,33,578552440,353,94898,59998,156914,4
baseline_off,fight,0.0,0.0,10.5341,34,578560430,353,40746,60047,156930,4
baseline_off,fight,0.0,0.0,10.55,35,578577479,353,115127,59993,156884,4
baseline_off,fight,0.0,0.0,10.5743,36,578600014,355,23622,60031,156904,4
baseline_off,fight,0.0,0.0,10.5943,37,578618780,349,76053,60024,156896,4
baseline_off,fight,0.0,0.0,10.6143,38,578638773,358,23380,60020,156874,4
baseline_off,fight,0.0,0.0,10.6354,39,578660095,354,40313,60015,156848,4
baseline_off,fight,0.0,0.0,10.6543,40,578680130,360,151434,60022,156892,4
baseline_off,fight,0.0,0.0,10.6743,41,578700148,353,102937,60003,156916,4
baseline_off,fight,0.0,0.0,10.6912,42,578718918,352,156175,60016,156867,4
baseline_off,fight,0.0,0.0,10.7143,43,578740199,353,8551,60032,156907,4
baseline_off,fight,0.0,0.0,10.7354,44,578762733,353,73879,60036,156909,4
baseline_off,fight,0.0,0.0,10.7543,45,578781517,353,128872,60034,156912,4
baseline_off,fight,0.0,0.0,10.7807,46,578804042,353,36193,60018,156859,4
baseline_off,fight,0.0,0.0,10.7996,47,578821576,353,35929,60035,156914,4
baseline_off,fight,0.0,0.0,10.8165,48,578844102,354,99581,60043,156913,4
baseline_off,fight,0.0,0.0,10.8354,49,578862883,353,154594,60012,156842,4
baseline_off,fight,0.0,0.0,10.8596,50,578885421,359,64578,60025,156878,4
baseline_off,fight,0.0,0.0,10.8817,51,578905454,353,18876,60000,156922,4
baseline_off,fight,0.0,0.0,10.8997,52,578924188,353,65932,60027,156861,4
baseline_off,fight,0.0,0.0,10.9166,53,578944252,354,25819,60026,156879,4
baseline_off,fight,0.0,0.0,10.9398,54,578966778,353,89751,59986,156891,4
baseline_off,fight,0.0,0.0,10.9587,55,578985559,353,144962,60012,156850,4
baseline_off,fight,0.0,0.0,10.9798,56,579008077,356,51976,59967,156846,4
baseline_off,fight,0.0,0.0,10.9987,57,579026862,353,108404,60014,156842,4
baseline_off,fight,0.0,0.0,11.0208,58,579049375,354,14569,60008,156832,4
baseline_off,fight,0.0,0.0,11.0293,59,579057792,353,34123,60003,156824,4
baseline_off,fight,0.0,0.0,11.0408,60,579068403,352,113097,60003,156825,4
baseline_off,fight,0.0,0.0,11.065,61,579091914,353,32544,60002,156834,4
baseline_off,fight,0.0,0.0,11.0829,62,579110700,353,89583,60006,156826,4
baseline_off,fight,0.0,0.0,11.104,63,579129460,353,141947,60014,156848,4
baseline_off,fight,0.0,0.0,11.1209,64,579149479,352,94834,60014,156847,4
baseline_off,fight,0.0,0.0,11.1441,65,579172007,353,3659,59996,156814,4
baseline_off,fight,0.0,0.0,11.1642,66,579190784,353,58766,60024,156886,4
baseline_off,fight,0.0,0.0,11.1854,67,579213271,353,116979,60020,156868,4
baseline_off,fight,0.0,0.0,11.2054,68,579232076,354,19790,60013,156860,4
baseline_off,fight,0.0,0.0,11.2234,69,579250861,345,76227,59973,156867,4
baseline_off,fight,0.0,0.0,11.2457,70,579273373,353,139408,60024,156868,4
baseline_off,fight,0.0,0.0,11.2637,71,579290905,351,139806,59968,156855,4
baseline_off,fight,0.0,0.0,11.2848,72,579313432,353,47705,59985,156868,4
baseline_off,fight,0.0,0.0,11.304,73,579332198,352,100440,59980,156850,4
baseline_off,fight,0.0,0.0,11.3293,74,579354720,361,7679,60016,156849,4
baseline_off,fight,0.0,0.0,11.3441,75,579371013,353,110993,59980,156867,4
baseline_off,fight,0.0,0.0,11.3631,76,579391039,357,64356,60016,156858,4
baseline_off,fight,0.0,0.0,11.3854,77,579413559,353,127475,60023,156899,4
baseline_off,fight,0.0,0.0,11.4046,78,579432329,359,23942,60023,156892,4
baseline_off,fight,0.0,0.0,11.4258,79,579454871,345,91272,60020,156861,4
baseline_off,fight,0.0,0.0,11.446,80,579473633,353,143581,60020,156872,4
baseline_off,fight,0.0,0.0,11.4672,81,579493631,355,92172,60022,156847,4
baseline_off,fight,0.0,0.0,11.4862,82,579513684,353,50397,59979,156854,4
baseline_off,fight,0.0,0.0,11.5055,83,579533713,352,4485,59969,156854,4
baseline_off,fight,0.0,0.0,11.531,84,579557332,352,98022,59978,156859,4
baseline_off,fight,0.0,0.0,11.531,85,579558282,353,102601,60023,156866,0
baseline_off,fight,0.0,0.0,11.5448,86,579573774,353,69250,59997,156897,4
baseline_off,fight,0.0,0.0,11.5672,87,579596303,353,134209,59978,156843,4
baseline_off,fight,0.0,0.0,11.5863,88,579615070,353,30376,60034,156914,4
baseline_off,fight,0.0,0.0,11.6054,89,579633837,353,83246,60030,156893,4
baseline_off,fight,0.0,0.0,11.6496,90,579656386,353,151963,59975,156843,4
baseline_off,fight,0.0,0.0,11.6655,91,579687282,353,70330,60016,156878,4
baseline_off,fight,0.0,0.0,11.6739,92,579700808,353,16966,60012,156857,4
baseline_off,fight,0.0,0.0,11.6855,93,579714207,353,98766,60010,156869,4
baseline_off,fight,0.0,0.0,11.7246,94,579750229,353,103719,60026,156879,4
baseline_off,fight,0.0,0.0,11.7309,95,579759174,353,55550,59983,156870,4
baseline_off,fight,0.0,0.0,11.754,96,579780885,353,138468,60006,156836,4
baseline_off,fight,0.0,0.0,11.7688,97,579795314,353,81753,60016,156864,4
baseline_off,fight,0.0,0.0,11.7899,98,579819094,355,46617,59956,156820,4
baseline_off,fight,0.0,0.0,11.8088,99,579837861,353,100033,60013,156852,4
baseline_off,fight,0.0,0.0,11.8288,100,579856656,352,983,60016,156856,4
baseline_off,fight,0.0,0.0,11.8499,101,579879172,361,63663,60017,156854,4
baseline_off,fight,0.0,0.0,11.8691,102,579897944,353,117586,60017,156865,4
baseline_off,fight,0.0,0.0,11.8896,103,579916729,353,16835,59985,156865,4
baseline_off,fight,0.0,0.0,11.9102,104,579939244,353,79182,60027,156894,4
baseline_off,fight,0.0,0.0,11.9343,105,579958036,358,136234,60027,156890,4
baseline_off,fight,0.0,0.0,11.9508,106,579980559,354,43101,60024,156889,4
baseline_off,fight,0.0,0.0,11.9759,107,580003015,353,95283,60032,156886,4
baseline_off,fight,0.0,0.0,11.9913,108,580020589,353,101891,59997,156873,4
baseline_off,fight,0.0,0.0,12.0139,109,580043146,354,14690,60028,156893,4
baseline_off,fight,0.0,0.0,12.0301,110,580056920,353,3086,60030,156900,4
baseline_off,fight,0.0,0.0,12.0366,111,580065336,353,22045,60018,156867,4
baseline_off,fight,0.0,0.0,12.0559,112,580083198,353,78221,59983,156859,4
baseline_off,fight,0.0,0.0,12.0741,113,580103222,353,31058,59983,156872,4
baseline_off,fight,0.0,0.0,12.0965,114,580125756,353,96799,60034,156860,4
baseline_off,fight,0.0,0.0,12.1156,115,580144527,360,150490,60026,156899,4
baseline_off,fight,0.0,0.0,12.14,116,580167077,353,61412,60040,156916,4
baseline_off,fight,0.0,0.0,12.1559,117,580185840,353,112844,60015,156873,4
baseline_off,fight,0.0,0.0,12.1752,118,580204617,353,10263,60036,156941,4
baseline_off,fight,0.0,0.0,12.1954,119,580224660,353,122532,59987,156893,4
baseline_off,fight,0.0,0.0,12.2187,120,580247184,356,29880,60020,156871,4
baseline_off,fight,0.0,0.0,12.2367,121,580265952,353,82690,60023,156892,4
baseline_off,fight,0.0,0.0,12.2548,122,580284691,353,130353,60021,156902,4
baseline_off,fight,0.0,0.0,12.2793,123,580308519,353,102158,59982,156881,4
baseline_off,fight,0.0,0.0,12.2974,124,580327314,353,2760,60037,156927,4
baseline_off,fight,0.0,0.0,12.3164,125,580346068,359,53152,60009,156847,4
baseline_off,fight,0.0,0.0,12.3397,126,580368604,351,118736,60023,156883,4
baseline_off,fight,0.0,0.0,12.3599,127,580388629,352,71513,60018,156880,4
baseline_off,fight,0.0,0.0,12.379,0,580407423,353,129318,60002,156834,4
baseline_off,fight,0.0,0.0,12.3959,1,580426179,353,23865,60020,156877,4
baseline_off,fight,0.0,0.0,12.4193,2,580448722,346,91260,60019,156852,4
baseline_off,fight,0.0,0.0,12.4384,3,580467495,351,145013,59998,156884,4
baseline_off,fight,0.0,0.0,12.4649,4,580490029,353,53530,60035,156897,4
baseline_off,fight,0.0,0.0,12.4797,5,580507554,354,51688,60033,156897,4
baseline_off,fight,0.0,0.0,12.4977,6,580527582,353,4999,60031,156902,4
baseline_off,fight,0.0,0.0,12.52,7,580550106,353,68327,60024,156878,4
baseline_off,fight,0.0,0.0,12.5297,8,580560961,353,30468,60042,156924,4
baseline_off,fight,0.0,0.0,12.5393,9,580569745,353,112008,60012,156849,4
baseline_off,fight,0.0,0.0,12.5615,10,580591425,352,32967,60028,156892,4
baseline_off,fight,0.0,0.0,12.5837,11,580610201,355,87438,60029,156868,4
baseline_off,fight,0.0,0.0,12.6017,12,580631484,354,96311,60059,156952,4
baseline_off,fight,0.0,0.0,12.6197,13,580650257,346,149422,59980,156889,4
baseline_off,fight,0.0,0.0,12.6388,14,580669036,353,47147,60022,156861,4
baseline_off,fight,0.0,0.0,12.661,15,580691571,353,113204,60027,156885,4
baseline_off,fight,0.0,0.0,12.679,16,580709093,353,111235,60038,156905,4
baseline_off,fight,0.0,0.0,12.7012,17,580731629,353,20374,60005,156834,4
baseline_off,fight,0.0,0.0,12.7203,18,580750406,351,75342,60004,156848,4
baseline_off,fight,0.0,0.0,12.7394,19,580769169,353,127793,60074,156880,4
baseline_off,fight,0.0,0.0,12.7616,20,580791704,352,36576,60026,156893,4
baseline_off,fight,0.0,0.0,12.7806,21,580810491,360,92868,59997,156868,4
baseline_off,fight,0.0,0.0,12.8039,22,580833029,352,2216,59976,156861,4
baseline_off,fight,0.0,0.0,12.8221,23,580851788,353,54070,60020,156860,4
baseline_off,fight,0.0,0.0,12.8444,24,580873058,353,61466,60017,156842,4
baseline_off,fight,0.0,0.0,12.8613,25,580891839,353,116965,59978,156847,4
baseline_off,fight,0.0,0.0,12.8848,26,580914373,354,25719,60032,156889,4
baseline_off,fight,0.0,0.0,12.904,27,580933161,353,81915,59980,156869,4
baseline_off,fight,0.0,0.0,12.9242,28,580953183,352,34591,60014,156840,4
baseline_off,fight,0.0,0.0,12.9559,29,580971798,351,62303,60007,156848,4
baseline_off,fight,0.0,0.0,12.9771,30,580993264,353,103590,60020,156876,4
baseline_off,fight,0.0,0.0,12.9855,31,581014798,352,155957,60021,156874,4
baseline_off,fight,0.0,0.0,13.0013,32,581032044,358,106685,59991,156907,4
baseline_off,fight,0.0,0.0,13.0309,33,581054529,353,7124,60017,156876,4
baseline_off,fight,0.0,0.0,13.0467,34,581068959,358,107135,60025,156890,4
baseline_off,fight,0.0,0.0,13.0636,35,581072116,353,16182,60038,156895,4
baseline_off,fight,0.0,0.0,13.0709,36,581100957,353,55768,60018,156881,4
baseline_off,fight,0.0,0.0,13.0837,37,581112989,352,61636,60030,156881,4
baseline_off,fight,0.0,0.0,13.1037,38,581133439,354,87297,60006,156838,4
baseline_off,fight,0.0,0.0,13.125,39,581155958,357,150959,60024,156882,4
baseline_off,fight,0.0,0.0,13.1441,40,581174725,353,47415,60009,156841,4
baseline_off,fight,0.0,0.0,13.1664,41,581193511,353,103722,60014,156853,4
baseline_off,fight,0.0,0.0,13.1844,42,581213544,353,58524,59966,156837,4
baseline_off,fight,0.0,0.0,13.2066,43,581237311,353,20264,60017,156857,4
baseline_off,fight,0.0,0.0,13.2257,44,581256076,352,73242,60031,156861,4
baseline_off,fight,0.0,0.0,13.2437,45,581274858,353,129304,60007,156833,4
baseline_off,fight,0.0,0.0,13.2638,46,581293635,353,28037,59990,156792,4
baseline_off,fight,0.0,0.0,13.2849,47,581316149,358,91665,60014,156840,4
baseline_off,fight,0.0,0.0,13.3039,48,581334930,353,147451,60009,156852,4
baseline_off,fight,0.0,0.0,13.3242,49,581353697,353,43966,60015,156855,4
baseline_off,fight,0.0,0.0,13.3464,50,581377474,354,7681,60013,156845,4
baseline_off,fight,0.0,0.0,13.3654,51,581396250,349,62486,60023,156863,4
baseline_off,fight,0.0,0.0,13.3855,52,581416241,354,10102,60018,156854,4
baseline_off,fight,0.0,0.0,13.4044,53,581435047,353,70136,59983,156840,4
baseline_off,fight,0.0,0.0,13.4254,54,581456322,362,79009,59987,156879,4
baseline_off,fight,0.0,0.0,13.4455,55,581476345,354,32440,60006,156859,4
baseline_off,fight,0.0,0.0,13.4688,56,581498870,353,97395,60012,156837,4
baseline_off,fight,0.0,0.0,13.4867,57,581517642,353,151718,59987,156867,4
baseline_off,fight,0.0,0.0,13.5088,58,581540181,353,61682,60015,156842,4
baseline_off,fight,0.0,0.0,13.5313,59,581560163,353,7587,60015,156847,4
baseline_off,fight,0.0,0.0,13.5313,60,581561117,352,12865,60002,156832,0
baseline_off,fight,0.0,0.0,13.5477,61,581577734,353,14036,60033,156902,4
baseline_off,fight,0.0,0.0,13.5697,62,581600250,360,76636,60017,156864,4
baseline_off,fight,0.0,0.0,13.5882,63,581619032,351,132055,60006,156815,4
baseline_off,fight,0.0,0.0,13.612,64,581642799,354,94371,59987,156853,4
baseline_off,fight,0.0,0.0,13.6297,65,581661582,346,150263,59973,156842,4
baseline_off,fight,0.0,0.0,13.6545,66,581684116,353,59375,60010,156849,4
baseline_off,fight,0.0,0.0,13.6739,67,581701603,353,51739,60014,156856,4
baseline_off,fight,0.0,0.0,13.6911,68,581722909,353,66513,60013,156840,4
baseline_off,fight,0.0,0.0,13.7179,69,581745442,353,133103,60010,156840,4
baseline_off,fight,0.0,0.0,13.7329,70,581764218,355,31516,60006,156847,4
baseline_off,fight,0.0,0.0,13.751,71,581782992,354,85977,59988,156874,4
baseline_off,fight,0.0,0.0,13.7744,72,581805514,349,149902,59981,156857,4
baseline_off,fight,0.0,0.0,13.7934,73,581824300,353,49366,60010,156851,4
baseline_off,fight,0.0,0.0,13.8156,74,581846805,353,110843,60008,156873,4
baseline_off,fight,0.0,0.0,13.8347,75,581865591,353,11216,60009,156820,4
baseline_off,fight,0.0,0.0,13.8548,76,581884365,351,66503,60004,156825,4
baseline_off,fight,0.0,0.0,13.8781,77,581906887,353,131023,60007,156820,4
baseline_off,fight,0.0,0.0,13.8951,78,581926904,353,83522,59975,156853,4
baseline_off,fight,0.0,0.0,13.9153,79,581945665,354,136194,60001,156835,4
baseline_off,fight,0.0,0.0,13.9366,80,581968201,352,46128,60010,156840,4
baseline_off,fight,0.0,0.0,13.9558,81,581988224,353,156065,60036,156869,4
baseline_off,fight,0.0,0.0,13.9749,82,582006968,354,47910,60025,156875,4
baseline_off,fight,0.0,0.0,13.994,83,582025775,353,107379,60023,156872,4
baseline_off,fight,0.0,0.0,14.0206,84,582048309,354,16250,59972,156837,4
baseline_off,fight,0.0,0.0,14.0303,85,582061697,353,96528,60013,156852,4
baseline_off,fight,0.0,0.0,14.0367,86,582067330,353,112995,60001,156823,4
baseline_off,fight,0.0,0.0,14.058,87,582089618,360,136873,60012,156880,4
baseline_off,fight,0.0,0.0,14.076,88,582108394,354,34372,60027,156885,4
baseline_off,fight,0.0,0.0,14.0951,89,582127161,356,87501,60020,156860,4
baseline_off,fight,0.0,0.0,14.1206,90,582149701,355,154003,60013,156862,4
baseline_off,fight,0.0,0.0,14.1366,91,582168479,353,52183,59975,156857,4
baseline_off,fight,0.0,0.0,14.1567,92,582187246,352,105327,59977,156854,4
baseline_off,fight,0.0,0.0,14.179,93,582209782,353,15199,60019,156853,4
baseline_off,fight,0.0,0.0,14.1959,94,582228540,351,66495,60022,156859,4
baseline_off,fight,0.0,0.0,14.2192,95,582249824,359,76732,59974,156862,4
baseline_off,fight,0.0,0.0,14.2393,96,582268596,352,130920,59988,156886,4
baseline_off,fight,0.0,0.0,14.269,97,582288483,355,59892,59960,156826,4
baseline_off,fight,0.0,0.0,14.2849,98,582309580,353,39312,60001,156803,4
baseline_off,fight,0.0,0.0,14.3134,99,582342440,356,135422,60030,156903,4
baseline_off,fight,0.0,0.0,14.3251,100,582349699,353,114406,60024,156864,4
baseline_off,fight,0.0,0.0,14.3505,101,582379989,355,87358,59982,156848,4
baseline_off,fight,0.0,0.0,14.3727,102,582392208,353,125197,59989,156881,4
baseline_off,fight,0.0,0.0,14.3812,103,582413159,353,79223,60004,156821,4
baseline_off,fight,0.0,0.0,14.4002,104,582432553,354,82158,60025,156896,4
baseline_off,fight,0.0,0.0,14.4192,105,582451336,361,137633,60013,156853,4
baseline_off,fight,0.0,0.0,14.4394,106,582470099,354,32688,60031,156903,4
baseline_off,fight,0.0,0.0,14.4596,107,582490134,353,143912,60023,156883,4
baseline_off,fight,0.0,0.0,14.4787,108,582510170,355,99036,60011,156873,4
baseline_off,fight,0.0,0.0,14.4998,109,582531395,354,99551,60025,156848,4
baseline_off,fight,0.0,0.0,14.5179,110,582550211,353,3420,60029,156892,4
baseline_off,fight,0.0,0.0,14.5306,111,582561749,354,81957,60004,156922,4
baseline_off,fight,0.0,0.0,14.5414,112,582573611,352,58734,60025,156891,4
baseline_off,fight,0.0,0.0,14.5615,113,582594035,352,79743,60010,156868,4
baseline_off,fight,0.0,0.0,14.5817,114,582612805,352,133671,60022,156839,4
baseline_off,fight,0.0,0.0,14.6009,115,582632822,355,85626,59982,156885,4
baseline_off,fight,0.0,0.0,14.6243,116,582652845,353,39195,60002,156815,4
baseline_off,fight,0.0,0.0,14.6412,117,582674118,351,48555,60006,156813,4
baseline_off,fight,0.0,0.0,14.6602,118,582692885,352,102645,59958,156792,4
baseline_off,fight,0.0,0.0,14.6791,119,582711669,354,2066,60016,156860,4
baseline_off,fight,0.0,0.0,14.7044,120,582735442,359,121708,60017,156884,4
baseline_off,fight,0.0,0.0,14.7213,121,582754218,351,19296,60024,156903,4
baseline_off,fight,0.0,0.0,14.7414,122,582774240,353,128559,59983,156863,4
baseline_off,fight,0.0,0.0,14.7604,123,582793027,353,28247,60021,156881,4
baseline_off,fight,0.0,0.0,14.7888,124,582816686,353,128724,60022,156881,4
baseline_off,fight,0.0,0.0,14.8014,125,582834322,353,146248,60035,156885,4
baseline_off,fight,0.0,0.0,14.8246,126,582856856,353,55114,60019,156870,4
baseline_off,fight,0.0,0.0,14.8447,127,582876871,353,7180,59976,156848,4
baseline_off,fight,0.0,0.0,14.8658,0,582898148,353,17008,59960,156822,4
baseline_off,fight,0.0,0.0,14.8848,1,582918171,353,127112,60012,156865,4
baseline_off,fight,0.0,0.0,14.9048,2,582936935,360,23315,60014,156863,4
baseline_off,fight,0.0,0.0,14.927,3,582959471,352,90157,60008,156812,4
baseline_off,fight,0.0,0.0,14.9471,4,582979482,353,42067,59959,156812,4
baseline_off,fight,0.0,0.0,14.965,5,582998269,354,98853,60007,156853,4
baseline_off,fight,0.0,0.0,14.9904,6,583020795,353,7261,60012,156861,4
baseline_off,fight,0.0,0.0,15.0072,7,583039555,353,59357,60014,156849,4
baseline_off,fight,0.0,0.0,15.0315,8,583063178,355,154117,59965,156817,4
baseline_off,fight,0.0,0.0,15.0347,9,583064133,353,2816,59972,156844,4
baseline_off,fight,0.0,0.0,15.0473,10,583079607,354,123932,59998,156832,4
baseline_off,fight,0.0,0.0,15.0663,11,583099594,352,71335,60006,156838,4
baseline_off,fight,0.0,0.0,15.0895,12,583122165,354,143605,60019,156868,4
baseline_off,fight,0.0,0.0,15.1095,13,583140941,353,41090,59969,156843,4
baseline_off,fight,0.0,0.0,15.1307,14,583163477,353,107285,60025,156877,4
baseline_off,fight,0.0,0.0,15.1497,15,583182253,353,4629,59978,156873,4
baseline_off,fight,0.0,0.0,15.1697,16,583201025,354,57941,60044,156920,4
baseline_off,fight,0.0,0.0,15.1919,17,583223551,352,122484,60014,156854,4
baseline_off,fight,0.0,0.0,15.2098,18,583243586,360,77667,60006,156874,4
baseline_off,fight,0.0,0.0,15.2287,19,583262348,353,129930,60022,156868,4
baseline_off,fight,0.0,0.0,15.2509,20,583284882,353,39340,60010,156843,4
baseline_off,fight,0.0,0.0,15.2698,21,583303659,353,94387,59975,156874,4
baseline_off,fight,0.0,0.0,15.2909,22,583324936,352,103260,60012,156860,4
baseline_off,fight,0.0,0.0,15.314,23,583347460,354,11073,60017,156866,4
baseline_off,fight,0.0,0.0,15.334,24,583366248,353,67990,59972,156837,4
baseline_off,fight,0.0,0.0,15.354,25,583387472,353,69220,59993,156802,4
baseline_off,fight,0.0,0.0,15.374,26,583406281,352,130306,59989,156796,4
baseline_off,fight,0.0,0.0,15.3953,27,583428808,360,39085,59965,156810,4
baseline_off,fight,0.0,0.0,15.4154,28,583447491,352,78974,59994,156797,4
baseline_off,fight,0.0,0.0,15.4344,29,583467585,352,44489,59995,156814,4
baseline_off,fight,0.0,0.0,15.4566,30,583490122,353,111317,60003,156829,4
baseline_off,fight,0.0,0.0,15.4756,31,583508885,358,7644,59969,156847,4
baseline_off,fight,0.0,0.0,15.4969,32,583527672,358,64771,59962,156813,4
baseline_off,fight,0.0,0.0,15.517,33,583548926,353,70829,59978,156828,4
baseline_off,fight,0.0,0.0,15.5318,34,583565208,352,15845,59994,156817,4
baseline_off,fight,0.0,0.0,15.5318,35,583567730,355,130885,60009,156821,4
baseline_off,fight,0.0,0.0,15.5593,36,583587724,353,79352,60020,156837,4
baseline_off,fight,0.0,0.0,15.5994,37,583616468,353,103214,60004,156847,4
baseline_off,fight,0.0,0.0,15.6144,38,583635852,352,104852,60013,156873,4
baseline_off,fight,0.0,0.0,15.6239,39,583657196,355,125854,59999,156812,4
baseline_off,fight,0.0,0.0,15.6365,40,583670323,353,5254,60004,156827,4
baseline_off,fight,0.0,0.0,15.6766,41,583702866,351,48478,59989,156847,4
baseline_off,fight,0.0,0.0,15.6839,42,583717267,353,143931,60010,156852,4
baseline_off,fight,0.0,0.0,15.6997,43,583730374,352,19330,59967,156823,4
baseline_off,fight,0.0,0.0,15.7166,44,583750425,353,134207,60005,156801,4
baseline_off,fight,0.0,0.0,15.7388,45,583772931,353,39382,60007,156837,4
baseline_off,fight,0.0,0.0,15.7588,46,583791708,353,94881,60000,156810,4
baseline_off,fight,0.0,0.0,15.7767,47,583810480,348,149619,59970,156815,4
baseline_off,fight,0.0,0.0,15.799,48,583832996,353,57460,59994,156801,4
baseline_off,fight,0.0,0.0,15.819,49,583851783,351,114911,59950,156811,4
baseline_off,fight,0.0,0.0,15.8392,50,583870545,353,11262,59993,156793,4
baseline_off,fight,0.0,0.0,15.8604,51,583894309,353,130550,60017,156845,4
baseline_off,fight,0.0,0.0,15.8793,52,583913084,352,28261,59976,156847,4
baseline_off,fight,0.0,0.0,15.9004,53,583933067,351,131767,60000,156819,4
baseline_off,fight,0.0,0.0,15.9195,54,583951894,353,39028,59974,156844,4
baseline_off,fight,0.0,0.0,15.9416,55,583974407,353,101868,59971,156857,4
baseline_off,fight,0.0,0.0,15.9596,56,583993193,355,1413,60020,156864,4
baseline_off,fight,0.0,0.0,15.9796,57,584011964,353,55247,60022,156866,4
baseline_off,fight,0.0,0.0,16.0017,58,584034476,353,117627,60004,156860,4
baseline_off,fight,0.0,0.0,16.0196,59,584053254,353,15822,60019,156872,4
baseline_off,fight,0.0,0.0,16.0312,60,584065766,351,103390,60024,156865,4
baseline_off,fight,0.0,0.0,16.0439,61,584077314,353,27166,60027,156879,4
baseline_off,fight,0.0,0.0,16.0597,62,584093236,353,67824,60000,156826,4
baseline_off,fight,0.0,0.0,16.0798,63,584113329,355,33276,60003,156841,4
baseline_off,fight,0.0,0.0,16.1019,64,584135863,352,99798,60013,156864,4
baseline_off,fight,0.0,0.0,16.1198,65,584154626,354,152275,59960,156837,4
baseline_off,fight,0.0,0.0,16.1388,66,584173410,355,52373,60009,156827,4
baseline_off,fight,0.0,0.0,16.161,67,584195925,354,115702,59969,156832,4
baseline_off,fight,0.0,0.0,16.18,68,584214660,353,6876,60005,156823,4
baseline_off,fight,0.0,0.0,16.199,69,584233478,354,68868,59975,156873,4
baseline_off,fight,0.0,0.0,16.2211,70,584255990,354,131354,60010,156841,4
baseline_off,fight,0.0,0.0,16.24,71,584274776,353,30915,60007,156836,4
baseline_off,fight,0.0,0.0,16.2645,72,584297303,353,96681,60012,156833,4
baseline_off,fight,0.0,0.0,16.2815,73,584316066,347,149565,59968,156823,4
baseline_off,fight,0.0,0.0,16.3005,74,584334839,353,47354,60021,156874,4
baseline_off,fight,0.0,0.0,16.3247,75,584357384,353,115155,59986,156864,4
baseline_off,fight,0.0,0.0,16.3415,76,584376147,351,10779,60046,156842,4
baseline_off,fight,0.0,0.0,16.3649,77,584398673,348,76077,60006,156842,4
baseline_off,fight,0.0,0.0,16.3853,78,584417463,353,133340,59976,156856,4
baseline_off,fight,0.0,0.0,16.4047,79,584439966,357,37710,60009,156836,4
baseline_off,fight,0.0,0.0,16.4275,80,584458743,353,92571,60008,156849,4
baseline_off,fight,0.0,0.0,16.4449,81,584478766,353,45977,60000,156822,4
baseline_off,fight,0.0,0.0,16.4664,82,584501290,353,111316,60003,156823,4
baseline_off,fight,0.0,0.0,16.4848,83,584520036,353,4246,59983,156868,4
baseline_off,fight,0.0,0.0,16.5095,84,584541269,351,5959,60029,156883,4
baseline_off,fight,0.0,0.0,16.5276,85,584561363,353,127955,59974,156853,4
baseline_off,fight,0.0,0.0,16.5351,86,584569792,347,148974,59976,156874,4
baseline_off,fight,0.0,0.0,16.5468,87,584580388,352,67916,59988,156873,4
baseline_off,fight,0.0,0.0,16.5693,88,584603916,353,146121,60010,156822,4
baseline_off,fight,0.0,0.0,16.5885,89,584622703,354,45632,60027,156863,4
baseline_off,fight,0.0,0.0,16.6077,90,584641457,352,96708,60001,156802,4
baseline_off,fight,0.0,0.0,16.629,91,584663993,354,6590,60013,156843,4
baseline_off,fight,0.0,0.0,16.6492,92,584682780,361,63666,59997,156817,4
baseline_off,fight,0.0,0.0,16.6704,93,584705282,353,125181,60010,156834,4
baseline_off,fight,0.0,0.0,16.6895,94,584722827,352,128058,60000,156837,4
baseline_off,fight,0.0,0.0,16.7106,95,584745332,353,32635,59964,156809,4
baseline_off,fight,0.0,0.0,16.7296,96,584764108,353,87863,59965,156823,4
baseline_off,fight,0.0,0.0,16.7497,97,584782888,353,143708,60002,156808,4
baseline_off,fight,0.0,0.0,16.7697,98,584804121,353,146139,60005,156826,4
baseline_off,fight,0.0,0.0,16.7897,99,584824178,349,105826,60000,156829,4
baseline_off,fight,0.0,0.0,16.8107,100,584846701,352,14091,60023,156875,4
baseline_off,fight,0.0,0.0,16.8307,101,584865479,353,69220,60016,156866,4
baseline_off,fight,0.0,0.0,16.854,102,584888023,355,136419,60072,156870,4
baseline_off,fight,0.0,0.0,16.8698,103,584905537,353,132983,60014,156846,4
baseline_off,fight,0.0,0.0,16.9161,104,584935431,356,37826,60028,156901,4
baseline_off,fight,0.0,0.0,16.9308,105,584954926,351,57116,60025,156872,4
baseline_off,fight,0.0,0.0,16.9393,106,584976256,350,75197,60020,156864,4
baseline_off,fight,0.0,0.0,16.9614,107,584985900,353,146075,60015,156834,4
baseline_off,fight,0.0,0.0,16.9793,108,585007714,352,89956,60008,156846,4
baseline_off,fight,0.0,0.0,17.0003,109,585036885,353,28820,60020,156874,4
baseline_off,fight,0.0,0.0,17.0119,110,585047249,353,65197,60030,156899,4
baseline_off,fight,0.0,0.0,17.0361,111,585070713,353,131926,59992,156898,4
baseline_off,fight,0.0,0.0,17.0393,112,585071665,353,136769,60032,156901,0
baseline_off,fight,0.0,0.0,17.054,113,585088262,352,134213,60031,156902,4
baseline_off,fight,0.0,0.0,17.0751,114,585110826,353,47957,60025,156895,4
baseline_off,fight,0.0,0.0,17.0941,115,585129603,354,102450,60033,156891,4
baseline_off,fight,0.0,0.0,17.1141,116,585148374,353,156353,60015,156849,4
baseline_off,fight,0.0,0.0,17.1355,117,585170904,352,64693,59992,156901,4
baseline_off,fight,0.0,0.0,17.1597,118,585192169,353,72148,59980,156848,4
baseline_off,fight,0.0,0.0,17.1766,119,585212202,354,26454,60032,156900,4
baseline_off,fight,0.0,0.0,17.1956,120,585230977,353,80808,59969,156833,4
baseline_off,fight,0.0,0.0,17.2146,121,585249761,360,137014,59986,156882,4
baseline_off,fight,0.0,0.0,17.2367,122,585272276,353,42634,60030,156903,4
baseline_off,fight,0.0,0.0,17.2567,123,585291062,353,98766,59995,156889,4
baseline_off,fight,0.0,0.0,17.2788,124,585313596,353,7640,59977,156857,4
baseline_off,fight,0.0,0.0,17.2967,125,585332358,354,59725,60019,156864,4
baseline_off,fight,0.0,0.0,17.3188,126,585353658,354,72805,60020,156873,4
baseline_off,fight,0.0,0.0,17.3388,127,585374880,353,72715,60011,156844,4
baseline_off,fight,0.0,0.0,17.3588,0,585393712,355,137272,60005,156821,4
baseline_off,fight,0.0,0.0,17.3788,1,585414986,353,146416,60016,156851,4
baseline_off,fight,0.0,0.0,17.3979,2,585433761,352,44318,59986,156872,4
baseline_off,fight,0.0,0.0,17.4159,3,585452518,354,95440,60016,156867,4
baseline_off,fight,0.0,0.0,17.4391,4,585475052,353,4589,60016,156864,4
baseline_off,fight,0.0,0.0,17.4583,5,585493824,353,58399,59980,156866,4
baseline_off,fight,0.0,0.0,17.4805,6,585516341,353,122073,60012,156841,4
baseline_off,fight,0.0,0.0,17.501,7,585536376,357,77476,60008,156841,4
baseline_off,fight,0.0,0.0,17.5201,8,585556401,353,30754,60022,156874,4
baseline_off,fight,0.0,0.0,17.5339,9,585568915,353,118738,60018,156852,4
baseline_off,fight,0.0,0.0,17.5402,10,585577331,353,137653,60013,156887,4
baseline_off,fight,0.0,0.0,17.5593,11,585595202,359,38649,60008,156831,4
baseline_off,fight,0.0,0.0,17.5814,12,585617726,353,102873,60024,156889,4
baseline_off,fight,0.0,0.0,17.6036,13,585636513,353,1993,60031,156870,4
baseline_off,fight,0.0,0.0,17.6194,14,585655256,353,50914,60019,156865,4
baseline_off,fight,0.0,0.0,17.6415,15,585677809,349,119911,60019,156868,4
baseline_off,fight,0.0,0.0,17.6616,16,585697837,351,73323,60014,156868,4
baseline_off,fight,0.0,0.0,17.6806,17,585716620,353,129530,60026,156860,4
baseline_off,fight,0.0,0.0,17.7038,18,585739164,354,40481,60022,156865,4
baseline_off,fight,0.0,0.0,17.7217,19,585757910,351,89702,60031,156880,4
baseline_off,fight,0.0,0.0,17.7408,20,585776701,353,146586,60019,156867,4
baseline_off,fight,0.0,0.0,17.764,21,585799246,353,57516,59988,156872,4
baseline_off,fight,0.0,0.0,17.784,22,585818004,353,108598,60026,156879,4
baseline_off,fight,0.0,0.0,17.805,23,585841789,353,73324,60000,156892,4
baseline_off,fight,0.0,0.0,17.824,24,585860572,353,128171,60027,156910,4
baseline_off,fight,0.0,0.0,17.8461,25,585883108,353,36983,59988,156881,4
baseline_off,fight,0.0,0.0,17.864,26,585900631,354,35026,59999,156899,4
baseline_off,fight,0.0,0.0,17.8861,27,585923158,353,100243,60008,156849,4
baseline_off,fight,0.0,0.0,17.905,28,585941929,353,154635,59981,156868,4
baseline_off,fight,0.0,0.0,17.925,29,585961917,352,101947,59967,156819,4
baseline_off,fight,0.0,0.0,17.9494,30,585984484,352,17603,59973,156839,4
baseline_off,fight,0.0,0.0,17.9662,31,586003257,354,72097,60006,156853,4
baseline_off,fight,0.0,0.0,17.9863,32,586023281,353,25489,60009,156840,4
baseline_off,fight,0.0,0.0,18.0053,33,586042058,356,80716,60026,156869,4
baseline_off,fight,0.0,0.0,18.0296,34,586064587,353,146278,60002,156804,4
baseline_off,fight,0.0,0.0,18.0348,35,586073028,355,13046,59997,156816,4
baseline_off,fight,0.0,0.0,18.0517,36,586083640,359,91629,59982,156869,4
baseline_off,fight,0.0,0.0,18.0696,37,586102129,354,97180,59971,156872,4
baseline_off,fight,0.0,0.0,18.0865,38,586123413,360,107390,60025,156869,4
baseline_off,fight,0.0,0.0,18.1055,39,586142188,354,4673,59994,156896,4
baseline_off,fight,0.0,0.0,18.1297,40,586164735,353,72631,60027,156875,4
baseline_off,fight,0.0,0.0,18.1487,41,586184746,355,22898,60032,156898,4
baseline_off,fight,0.0,0.0,18.1667,42,586203521,347,77148,60008,156845,4
baseline_off,fight,0.0,0.0,18.1931,43,586226015,354,137254,60043,156830,4
baseline_off,fight,0.0,0.0,18.25,44,586274404,352,50803,59980,156868,4
baseline_off,fight,0.0,0.0,18.2659,45,586275355,354,55620,59999,156902,0
baseline_off,fight,0.0,0.0,18.2817,46,586298265,354,28848,60015,156851,4
baseline_off,fight,0.0,0.0,18.2996,47,586311804,348,134541,60010,156835,4
baseline_off,fight,0.0,0.0,18.3155,48,586328041,353,71361,60005,156849,4
baseline_off,fight,0.0,0.0,18.3187,49,586345949,347,135920,59993,156834,4
baseline_off,fight,0.0,0.0,18.3271,50,586364591,353,11609,60023,156866,4
baseline_off,fight,0.0,0.0,18.3493,51,586386254,353,86489,60013,156857,4
baseline_off,fight,0.0,0.0,18.3693,52,586405024,353,140382,59985,156876,4
baseline_off,fight,0.0,0.0,18.3914,53,586427459,353,33406,60023,156867,4
baseline_off,fight,0.0,0.0,18.4115,54,586447577,353,2670,59970,156839,4
baseline_off,fight,0.0,0.0,18.4294,55,586466356,354,57966,60019,156854,4
baseline_off,fight,0.0,0.0,18.4505,56,586486353,353,6647,60012,156831,4
baseline_off,fight,0.0,0.0,18.4707,57,586506409,359,122091,60014,156869,4
baseline_off,fight,0.0,0.0,18.4888,58,586525181,356,20098,60005,156821,4
baseline_off,fight,0.0,0.0,18.5101,59,586547697,354,83420,60019,156856,4
baseline_off,fight,0.0,0.0,18.5303,60,586566479,353,139126,60021,156858,4
baseline_off,fight,0.0,0.0,18.5378,61,586574931,352,7317,60007,156853,4
baseline_off,fight,0.0,0.0,18.5496,62,586585526,351,83127,60017,156832,4
baseline_off,fight,0.0,0.0,18.5708,63,586609034,353,1244,59973,156855,4
baseline_off,fight,0.0,0.0,18.5909,64,586629047,353,109664,59993,156855,4
baseline_off,fight,0.0,0.0,18.6099,65,586647824,353,7973,59969,156845,4
baseline_off,fight,0.0,0.0,18.6299,66,586666609,356,64027,60022,156868,4
baseline_off,fight,0.0,0.0,18.6509,67,586689132,352,127650,59993,156906,4
baseline_off,fight,0.0,0.0,18.6699,68,586707916,352,26297,60023,156871,4
baseline_off,fight,0.0,0.0,18.6941,69,586730443,346,91205,60012,156838,4
baseline_off,fight,0.0,0.0,18.7109,70,586749204,351,143485,59974,156825,4
baseline_off,fight,0.0,0.0,18.7299,71,586767947,352,35659,59980,156877,4
baseline_off,fight,0.0,0.0,18.7532,72,586790534,353,110185,59993,156870,4
baseline_off,fight,0.0,0.0,18.7732,73,586809301,353,5842,60016,156863,4
baseline_off,fight,0.0,0.0,18.7911,74,586829334,354,117129,60033,156879,4
baseline_off,fight,0.0,0.0,18.8153,75,586851862,360,24666,60028,156907,4
baseline_off,fight,0.0,0.0,18.8343,76,586870655,352,81355,60032,156900,4
baseline_off,fight,0.0,0.0,18.8555,77,586893157,351,141613,59972,156868,4
baseline_off,fight,0.0,0.0,18.8755,78,586911953,354,42727,60035,156916,4
baseline_off,fight,0.0,0.0,18.8966,79,586934467,348,105545,60011,156852,4
baseline_off,fight,0.0,0.0,18.9155,80,586953256,355,4842,59987,156888,4
baseline_off,fight,0.0,0.0,18.9387,81,586975781,353,68973,59986,156871,4
baseline_off,fight,0.0,0.0,18.9567,82,586994561,355,123967,60023,156879,4
baseline_off,fight,0.0,0.0,18.9757,83,587013329,355,20028,60010,156860,4
baseline_off,fight,0.0,0.0,18.9988,84,587035881,353,88564,59990,156887,4
baseline_off,fight,0.0,0.0,19.0157,85,587053367,353,80226,60018,156865,4
baseline_off,fight,0.0,0.0,19.0409,86,587077029,354,23678,60018,156857,4
baseline_off,fight,0.0,0.0,19.0409,87,587077970,353,26873,59974,156856,0
baseline_off,fight,0.0,0.0,19.0567,88,587094710,353,49013,60028,156863,4
baseline_off,fight,0.0,0.0,19.0778,89,587115993,351,58601,59999,156901,4
baseline_off,fight,0.0,0.0,19.0999,90,587137271,354,67608,60034,156898,4
baseline_off,fight,0.0,0.0,19.1209,91,587158546,349,76335,60015,156869,4
baseline_off,fight,0.0,0.0,19.1399,92,587176080,349,76265,60014,156885,4
baseline_off,fight,0.0,0.0,19.1578,93,587196104,353,29354,59984,156875,4
baseline_off,fight,0.0,0.0,19.1789,94,587217378,353,38439,59975,156844,4
baseline_off,fight,0.0,0.0,19.2021,95,587239902,353,103234,59994,156807,4
baseline_off,fight,0.0,0.0,19.22,96,587258665,353,156346,60011,156829,4
baseline_off,fight,0.0,0.0,19.24,97,587278653,353,103610,60012,156833,4
baseline_off,fight,0.0,0.0,19.2642,98,587301229,355,19954,60019,156871,4
baseline_off,fight,0.0,0.0,19.2811,99,587320005,353,74792,60008,156846,4
baseline_off,fight,0.0,0.0,19.3042,100,587342536,353,140394,60013,156828,4
baseline_off,fight,0.0,0.0,19.3243,101,587361304,354,36950,60000,156837,4
baseline_off,fight,0.0,0.0,19.3411,102,587380080,355,91596,60021,156868,4
baseline_off,fight,0.0,0.0,19.3663,103,587403871,353,57311,59987,156882,4
baseline_off,fight,0.0,0.0,19.3853,104,587423888,355,9500,59963,156818,4
baseline_off,fight,0.0,0.0,19.4053,105,587442676,353,66579,60024,156873,4
baseline_off,fight,0.0,0.0,19.4263,106,587465196,353,129849,60032,156895,4
baseline_off,fight,0.0,0.0,19.4453,107,587483973,353,27326,60024,156876,4
baseline_off,fight,0.0,0.0,19.4643,108,587502758,354,83278,60031,156910,4
baseline_off,fight,0.0,0.0,19.4865,109,587525280,354,146611,60039,156897,4
baseline_off,fight,0.0,0.0,19.5055,110,587544067,353,45683,59995,156893,4
baseline_off,fight,0.0,0.0,19.5667,111,587593678,354,7656,60027,156884,4
baseline_off,fight,0.0,0.0,19.5688,112,587594628,353,12243,59986,156890,0
baseline_off,fight,0.0,0.0,19.5709,113,587597901,353,98009,59998,156914,4
baseline_off,fight,0.0,0.0,19.5762,114,587614792,353,145954,60019,156842,4
baseline_off,fight,0.0,0.0,19.5941,115,587625133,354,21656,60021,156861,4
baseline_off,fight,0.0,0.0,19.6257,116,587658204,353,152671,60033,156876,4
baseline_off,fight,0.0,0.0,19.6342,117,587672358,352,48946,59972,156835,4
baseline_off,fight,0.0,0.0,19.6437,118,587684509,346,75483,59976,156860,4
baseline_off,fight,0.0,0.0,19.671,119,587705535,353,41838,60016,156859,4
baseline_off,fight,0.0,0.0,19.6879,120,587726818,354,51997,60026,156879,4
baseline_off,fight,0.0,0.0,19.71,121,587748098,353,61782,59993,156826,4
baseline_off,fight,0.0,0.0,19.731,122,587770628,353,127532,60013,156844,4
baseline_off,fight,0.0,0.0,19.75,123,587789396,360,23983,59980,156835,4
baseline_off,fight,0.0,0.0,19.7753,124,587808180,354,80404,60001,156830,4
baseline_off,fight,0.0,0.0,19.7901,125,587828192,353,32215,60003,156830,4
baseline_off,fight,0.0,0.0,19.8111,126,587850679,350,90558,60018,156841,4
baseline_off,fight,0.0,0.0,19.8301,127,587869490,359,151016,60052,156852,4
baseline_off,fight,0.0,0.0,19.8501,0,587889527,358,106231,60016,156876,4
baseline_off,fight,0.0,0.0,19.8743,1,587912033,353,10837,60009,156843,4
baseline_off,fight,0.0,0.0,19.8912,2,587930816,353,66722,60018,156879,4
baseline_off,fight,0.0,0.0,19.9144,3,587953348,353,132830,59989,156851,4
baseline_off,fight,0.0,0.0,19.9344,4,587972133,352,33138,59995,156791,4
baseline_off,fight,0.0,0.0,19.9523,5,587990887,353,85099,59964,156818,4
baseline_off,fight,0.0,0.0,19.9736,6,588013411,360,150505,59968,156807,4
baseline_off,fight,0.0,0.0,19.9937,7,588032116,357,37382,59952,156804,4
hold_2v,hold,2.0,0.0,0.0149,14,588103519,353,99167,60090,156836,4
hold_2v,hold,2.0,0.0,0.0349,15,588124756,353,102540,60030,156792,4
hold_2v,hold,2.0,0.0,0.055,16,588143563,353,6677,60060,156780,4
hold_2v,hold,2.0,0.0,0.0763,17,588166093,351,73231,60045,156859,4
hold_2v,hold,2.0,0.0,0.0953,18,588184870,353,128443,60053,156831,4
hold_2v,hold,2.0,0.0,0.1174,19,588207395,353,37502,60036,156806,4
hold_2v,hold,2.0,0.0,0.1364,20,588226158,351,91384,60041,156804,4
hold_2v,hold,2.0,0.0,0.1553,21,588244934,352,147566,60035,156783,4
hold_2v,hold,2.0,0.0,0.1774,22,588267461,353,57444,60030,156798,4
hold_2v,hold,2.0,0.0,0.1964,23,588286221,354,110695,60033,156805,4
hold_2v,hold,2.0,0.0,0.2195,24,588308719,353,14636,60049,156853,4
hold_2v,hold,2.0,0.0,0.2374,25,588327528,354,75477,60039,156825,4
hold_2v,hold,2.0,0.0,0.2595,26,588350031,360,136941,60092,156850,4
hold_2v,hold,2.0,0.0,0.2816,27,588372555,354,45286,60081,156812,4
hold_2v,hold,2.0,0.0,0.3006,28,588391347,354,103344,60044,156841,4
hold_2v,hold,2.0,0.0,0.3195,29,588410092,352,153621,60037,156811,4
hold_2v,hold,2.0,0.0,0.3448,30,588433833,354,111921,60092,156858,4
hold_2v,hold,2.0,0.0,0.3616,31,588452647,353,16433,60042,156825,4
hold_2v,hold,2.0,0.0,0.3816,32,588471431,351,73219,60036,156817,4
hold_2v,hold,2.0,0.0,0.4037,33,588493923,353,133067,60029,156810,4
hold_2v,hold,2.0,0.0,0.4248,34,588512715,353,33952,60061,156870,4
hold_2v,hold,2.0,0.0,0.4417,35,588532758,353,147428,60085,156847,4
hold_2v,hold,2.0,0.0,0.4649,36,588555265,358,52343,60091,156844,4
hold_2v,hold,2.0,0.0,0.484,37,588574019,353,103467,60050,156849,4
hold_2v,hold,2.0,0.0,0.5063,38,588596569,354,15771,60065,156866,4
hold_2v,hold,2.0,0.0,0.517,39,588607461,353,142050,60042,156836,4
hold_2v,hold,2.0,0.0,0.5246,40,588615784,353,145196,60049,156860,4
hold_2v,hold,2.0,0.0,0.5459,41,588636613,359,78465,60044,156855,4
hold_2v,hold,2.0,0.0,0.565,42,588655396,353,134804,60086,156844,4
hold_2v,hold,2.0,0.0,0.5851,43,588674178,354,34220,60081,156848,4
hold_2v,hold,2.0,0.0,0.6063,44,588696682,355,95514,60085,156853,4
hold_2v,hold,2.0,0.0,0.6253,45,588715432,354,146159,60066,156818,4
hold_2v,hold,2.0,0.0,0.6455,46,588735481,352,104077,60073,156826,4
hold_2v,hold,2.0,0.0,0.6688,47,588758017,355,14316,60050,156854,4
hold_2v,hold,2.0,0.0,0.6857,48,588776794,353,69229,60053,156854,4
hold_2v,hold,2.0,0.0,0.7048,49,588795565,348,123421,60083,156831,4
hold_2v,hold,2.0,0.0,0.7293,50,588818100,353,33256,60053,156853,4
hold_2v,hold,2.0,0.0,0.7464,51,588836853,353,84784,60078,156832,4
hold_2v,hold,2.0,0.0,0.7675,52,588855638,353,141138,60062,156860,4
hold_2v,hold,2.0,0.0,0.8075,53,588885630,353,63851,60041,156828,4
hold_2v,hold,2.0,0.0,0.8254,54,588902503,347,109331,60092,156818,4
hold_2v,hold,2.0,0.0,0.8328,55,588923854,353,131928,60043,156835,4
hold_2v,hold,2.0,0.0,0.8455,56,588936990,359,12547,60056,156869,4
hold_2v,hold,2.0,0.0,0.8792,57,588967007,354,96349,60051,156836,4
hold_2v,hold,2.0,0.0,0.8918,58,588979191,353,128766,60080,156850,4
hold_2v,hold,2.0,0.0,0.9257,59,589009328,354,76602,60046,156835,4
hold_2v,hold,2.0,0.0,0.9352,60,589023933,354,49735,60107,156888,4
hold_2v,hold,2.0,0.0,0.9468,61,589038333,354,145137,60092,156871,4
hold_2v,hold,2.0,0.0,0.9699,62,589059619,353,155785,60063,156877,4
hold_2v,hold,2.0,0.0,0.991,63,589082156,348,65543,60070,156885,4
hold_2v,hold,2.0,0.0,1.0152,64,589100929,353,119777,60048,156844,4
hold_2v,hold,2.0,0.0,1.0194,65,589109423,359,152073,60040,156844,4
hold_2v,hold,2.0,0.0,1.03,66,589121242,347,122150,60097,156845,4
hold_2v,hold,2.0,0.0,1.0521,67,589143475,351,137910,60029,156781,4
hold_2v,hold,2.0,0.0,1.0732,68,589162238,354,34773,60075,156808,4
hold_2v,hold,2.0,0.0,1.0911,69,589182252,354,143813,60048,156843,4
hold_2v,hold,2.0,0.0,1.1153,70,589204780,358,52983,60079,156824,4
hold_2v,hold,2.0,0.0,1.1321,71,589223568,360,109950,60044,156837,4
hold_2v,hold,2.0,0.0,1.1521,72,589243529,353,53090,60049,156835,4
hold_2v,hold,2.0,0.0,1.1753,73,589266110,354,127814,60051,156839,4
hold_2v,hold,2.0,0.0,1.1953,74,589284870,353,23858,60031,156820,4
hold_2v,hold,2.0,0.0,1.2121,75,589303649,353,80207,60044,156819,4
hold_2v,hold,2.0,0.0,1.2353,76,589326151,353,141633,60083,156838,4
hold_2v,hold,2.0,0.0,1.2553,77,589344927,353,40115,60090,156844,4
hold_2v,hold,2.0,0.0,1.2774,78,589367395,353,95995,60070,156809,4
hold_2v,hold,2.0,0.0,1.2965,79,589387474,354,59361,60077,156820,4
hold_2v,hold,2.0,0.0,1.3154,80,589405017,353,62135,60045,156834,4
hold_2v,hold,2.0,0.0,1.3365,81,589428779,354,24372,60037,156811,4
hold_2v,hold,2.0,0.0,1.3554,82,589447539,354,77500,60047,156834,4
hold_2v,hold,2.0,0.0,1.3796,83,589470058,353,141923,60045,156827,4
hold_2v,hold,2.0,0.0,1.3965,84,589488821,353,38552,60075,156815,4
hold_2v,hold,2.0,0.0,1.4196,85,589511344,353,103788,60040,156820,4
hold_2v,hold,2.0,0.0,1.4396,86,589530125,354,3289,60036,156811,4
hold_2v,hold,2.0,0.0,1.463,87,589551359,354,6320,60087,156823,4
hold_2v,hold,2.0,0.0,1.4799,88,589571433,354,125756,60043,156817,4
hold_2v,hold,2.0,0.0,1.5,89,589590187,353,20597,60051,156840,4
hold_2v,hold,2.0,0.0,1.52,90,589610068,359,106166,60085,156833,4
hold_2v,hold,2.0,0.0,1.5232,91,589611041,353,114696,60081,156848,0
hold_2v,hold,2.0,0.0,1.5401,92,589631496,353,141884,60051,156871,4
hold_2v,hold,2.0,0.0,1.5601,93,589650274,360,40357,60054,156847,4
hold_2v,hold,2.0,0.0,1.5811,94,589672804,353,106882,60035,156799,4
hold_2v,hold,2.0,0.0,1.6001,95,589691561,353,2034,60085,156838,4
hold_2v,hold,2.0,0.0,1.6222,96,589714090,354,68536,60076,156828,4
hold_2v,hold,2.0,0.0,1.6412,97,589732864,347,123777,60041,156817,4
hold_2v,hold,2.0,0.0,1.6654,98,589755370,354,29288,60040,156817,4
hold_2v,hold,2.0,0.0,1.6824,99,589774150,354,85329,60038,156810,4
hold_2v,hold,2.0,0.0,1.7055,100,589796594,360,137205,60039,156820,4
hold_2v,hold,2.0,0.0,1.7214,101,589812926,348,91147,60035,156797,4
hold_2v,hold,2.0,0.0,1.7446,102,589835420,347,151513,60051,156815,4
hold_2v,hold,2.0,0.0,1.7615,103,589854240,354,57033,60097,156861,4
hold_2v,hold,2.0,0.0,1.7869,104,589876764,354,121866,60044,156862,4
hold_2v,hold,2.0,0.0,1.8048,105,589896784,354,74636,60052,156885,4
hold_2v,hold,2.0,0.0,1.8251,106,589915565,354,130349,60036,156823,4
hold_2v,hold,2.0,0.0,1.8419,107,589934319,353,24991,60086,156839,4
hold_2v,hold,2.0,0.0,1.8662,108,589956851,354,90807,60085,156831,4
hold_2v,hold,2.0,0.0,1.8852,109,589976869,353,43430,60041,156819,4
hold_2v,hold,2.0,0.0,1.9052,110,589995676,353,103913,60083,156825,4
hold_2v,hold,2.0,0.0,1.9263,111,590018179,355,8773,60034,156817,4
hold_2v,hold,2.0,0.0,1.9463,112,590036958,351,64476,60085,156854,4
hold_2v,hold,2.0,0.0,1.9695,113,590059477,353,128397,60040,156853,4
hold_2v,hold,2.0,0.0,1.9884,114,590079507,353,82817,60090,156848,4
hold_2v,hold,2.0,0.0,2.0063,115,590098282,346,137749,60037,156812,4
hold_2v,hold,2.0,0.0,2.0168,116,590109150,353,103638,60078,156787,4
hold_2v,hold,2.0,0.0,2.0274,117,590119777,353,28648,60078,156827,4
hold_2v,hold,2.0,0.0,2.0495,118,590140833,354,1195,60043,156832,4
hold_2v,hold,2.0,0.0,2.0748,119,590163337,351,62465,60046,156844,4
hold_2v,hold,2.0,0.0,2.0948,120,590181884,353,78653,60048,156846,4
hold_2v,hold,2.0,0.0,2.1223,121,590210911,349,151578,60078,156856,4
hold_2v,hold,2.0,0.0,2.1318,122,590223163,353,38924,60081,156820,4
hold_2v,hold,2.0,0.0,2.1507,123,590243438,354,35218,60091,156851,4
hold_2v,hold,2.0,0.0,2.1751,124,590265972,354,102016,60041,156827,4
hold_2v,hold,2.0,0.0,2.2101,125,590293480,353,74322,60026,156795,4
hold_2v,hold,2.0,0.0,2.2196,126,590310354,355,120540,60076,156783,4
hold_2v,hold,2.0,0.0,2.2322,127,590323494,352,2544,60020,156790,4
hold_2v,hold,2.0,0.0,2.2512,0,590343514,354,113131,60054,156783,4
hold_2v,hold,2.0,0.0,2.2754,1,590366046,357,23726,60026,156788,4
hold_2v,hold,2.0,0.0,2.2966,2,590387277,353,26164,60041,156819,4
hold_2v,hold,2.0,0.0,2.3198,3,590407353,354,145959,60042,156845,4
hold_2v,hold,2.0,0.0,2.3325,4,590424876,353,145599,60030,156813,4
hold_2v,hold,2.0,0.0,2.3546,5,590447373,353,49832,60036,156817,4
hold_2v,hold,2.0,0.0,2.3746,6,590466155,348,106497,60052,156827,4
hold_2v,hold,2.0,0.0,2.3926,7,590484942,353,7709,60030,156793,4
hold_2v,hold,2.0,0.0,2.4148,8,590507441,353,69018,60078,156839,4
hold_2v,hold,2.0,0.0,2.4348,9,590526213,360,124110,60044,156808,4
hold_2v,hold,2.0,0.0,2.4518,10,590545004,353,25202,60088,156836,4
hold_2v,hold,2.0,0.0,2.475,11,590567498,353,85229,60036,156825,4
hold_2v,hold,2.0,0.0,2.495,12,590587523,353,39366,60040,156807,4
hold_2v,hold,2.0,0.0,2.5119,13,590606304,353,96102,60035,156832,4
hold_2v,hold,2.0,0.0,2.5182,14,590608802,353,50215,60075,156814,4
hold_2v,hold,2.0,0.0,2.5351,15,590627563,353,102921,60055,156848,4
hold_2v,hold,2.0,0.0,2.5551,16,590646371,354,7264,60034,156804,4
hold_2v,hold,2.0,0.0,2.5751,17,590667573,353,4610,60048,156849,4
hold_2v,hold,2.0,0.0,2.5972,18,590690164,359,81195,60039,156826,4
hold_2v,hold,2.0,0.0,2.6173,19,590708912,354,131995,60067,156803,4
hold_2v,hold,2.0,0.0,2.6364,20,590728943,353,87651,60031,156824,4
hold_2v,hold,2.0,0.0,2.6553,21,590747717,352,142529,60048,156839,4
hold_2v,hold,2.0,0.0,2.6795,22,590772754,355,8219,60075,156812,4
hold_2v,hold,2.0,0.0,2.6995,23,590791506,354,59720,60072,156792,4
hold_2v,hold,2.0,0.0,2.7195,24,590811529,353,13842,60054,156758,4
hold_2v,hold,2.0,0.0,2.7365,25,590830280,353,65621,60071,156777,4
hold_2v,hold,2.0,0.0,2.7597,26,590852808,355,132228,60037,156812,4
hold_2v,hold,2.0,0.0,2.7797,27,590871588,354,32025,60024,156806,4
hold_2v,hold,2.0,0.0,2.8008,28,590894092,353,93916,60021,156782,4
hold_2v,hold,2.0,0.0,2.8197,29,590912866,353,149639,60018,156786,4
hold_2v,hold,2.0,0.0,2.8397,30,590931648,353,50033,60068,156794,4
hold_2v,hold,2.0,0.0,2.8619,31,590955423,354,14825,60072,156831,4
hold_2v,hold,2.0,0.0,2.8819,32,590975412,353,119800,60077,156838,4
hold_2v,hold,2.0,0.0,2.9019,33,590995463,355,78596,60012,156794,4
hold_2v,hold,2.0,0.0,2.9209,34,591014216,354,130340,60028,156806,4
hold_2v,hold,2.0,0.0,2.941,35,591034237,353,83869,60038,156820,4
hold_2v,hold,2.0,0.0,2.96,36,591052994,360,136188,60023,156809,4
hold_2v,hold,2.0,0.0,2.9821,37,591075545,353,49800,60034,156803,4
hold_2v,hold,2.0,0.0,3.0011,38,591094300,354,102338,60035,156806,4
hold_2v,hold,2.0,0.0,3.02,39,591113056,353,155138,60015,156776,4
hold_2v,hold,2.0,0.0,3.0253,40,591115558,353,110264,60067,156780,4
hold_2v,hold,2.0,0.0,3.0421,41,591135580,356,64333,60013,156758,4
hold_2v,hold,2.0,0.0,3.0664,42,591158027,353,117184,60037,156806,4
hold_2v,hold,2.0,0.0,3.0875,43,591178130,354,85152,60074,156799,4
hold_2v,hold,2.0,0.0,3.1054,44,591199394,348,93035,60041,156834,4
hold_2v,hold,2.0,0.0,3.1255,45,591218168,353,148082,60030,156795,4
hold_2v,hold,2.0,0.0,3.1445,46,591236866,353,33536,60051,156864,4
hold_2v,hold,2.0,0.0,3.1645,47,591258157,353,45667,60051,156844,4
hold_2v,hold,2.0,0.0,3.1847,48,591276998,354,111726,60090,156819,4
hold_2v,hold,2.0,0.0,3.2048,49,591297018,350,64949,60055,156838,4
hold_2v,hold,2.0,0.0,3.2259,50,591319520,353,126676,60044,156840,4
hold_2v,hold,2.0,0.0,3.2448,51,591338299,356,25781,60079,156819,4
hold_2v,hold,2.0,0.0,3.268,52,591360834,353,92377,60058,156870,4
hold_2v,hold,2.0,0.0,3.2872,53,591379579,353,141696,60085,156842,4
hold_2v,hold,2.0,0.0,3.3062,54,591399626,354,99308,60097,156839,4
hold_2v,hold,2.0,0.0,3.3264,55,591418383,360,151196,60041,156822,4
hold_2v,hold,2.0,0.0,3.3496,56,591440940,350,65290,60062,156832,4
hold_2v,hold,2.0,0.0,3.3665,57,591460956,354,18389,60030,156800,4
hold_2v,hold,2.0,0.0,3.3971,58,591479689,353,67233,60026,156787,4
hold_2v,hold,2.0,0.0,3.4205,59,591500052,348,79105,60050,156829,4
hold_2v,hold,2.0,0.0,3.4321,60,591522812,353,27960,60020,156779,4
hold_2v,hold,2.0,0.0,3.4468,61,591540982,353,138040,60019,156778,4
hold_2v,hold,2.0,0.0,3.47,62,591563538,353,52649,60061,156785,4
hold_2v,hold,2.0,0.0,3.4986,63,591582327,354,110710,60042,156818,4
hold_2v,hold,2.0,0.0,3.5154,64,591601282,353,40289,60077,156810,4
hold_2v,hold,2.0,0.0,3.5239,65,591614242,354,48311,60035,156811,4
hold_2v,hold,2.0,0.0,3.5324,66,591624215,353,18879,60024,156781,4
hold_2v,hold,2.0,0.0,3.5503,67,591642357,353,123701,60064,156780,4
hold_2v,hold,2.0,0.0,3.5693,68,591661147,353,25179,60078,156824,4
hold_2v,hold,2.0,0.0,3.5895,69,591683640,353,85707,60016,156770,4
hold_2v,hold,2.0,0.0,3.6095,70,591702419,353,142181,60025,156783,4
hold_2v,hold,2.0,0.0,3.6318,71,591724928,353,48802,60034,156811,4
hold_2v,hold,2.0,0.0,3.6507,72,591743704,353,104552,60044,156795,4
hold_2v,hold,2.0,0.0,3.6697,73,591762488,353,4966,60073,156812,4
hold_2v,hold,2.0,0.0,3.6908,74,591784993,353,67294,60072,156775,4
hold_2v,hold,2.0,0.0,3.7098,75,591803715,353,113946,60037,156787,4
hold_2v,hold,2.0,0.0,3.7288,76,591822535,353,20184,60034,156805,4
hold_2v,hold,2.0,0.0,3.751,77,591845059,353,86105,60020,156785,4
hold_2v,hold,2.0,0.0,3.7721,78,591863807,352,137899,60022,156750,4
hold_2v,hold,2.0,0.0,3.7899,79,591883839,360,93600,60032,156791,4
hold_2v,hold,2.0,0.0,3.8099,80,591902614,353,149435,60073,156789,4
hold_2v,hold,2.0,0.0,3.831,81,591925113,353,54092,60029,156797,4
hold_2v,hold,2.0,0.0,3.8499,82,591943903,353,112626,60026,156786,4
hold_2v,hold,2.0,0.0,3.8721,83,591966428,353,21765,60029,156797,4
hold_2v,hold,2.0,0.0,3.892,84,591985186,353,74923,60020,156764,4
hold_2v,hold,2.0,0.0,3.9152,85,592007709,354,141325,60026,156785,4
hold_2v,hold,2.0,0.0,3.9363,86,592030203,353,45317,60028,156788,4
hold_2v,hold,2.0,0.0,3.9574,87,592050233,353,870,60045,156819,4
hold_2v,hold,2.0,0.0,3.9753,88,592069012,355,57113,60059,156785,4
hold_2v,hold,2.0,0.0,3.9953,89,592089003,354,5894,60039,156814,4
hold_2v,hold,2.0,0.0,4.0216,90,592112744,350,121952,60036,156793,4
hold_2v,hold,2.0,0.0,4.0216,91,592113687,354,125409,60072,156802,0
hold_2v,hold,2.0,0.0,4.0364,92,592129073,353,75435,60067,156812,4
hold_2v,hold,2.0,0.0,4.0564,93,592149089,353,28187,60031,156797,4
hold_2v,hold,2.0,0.0,4.0796,94,592172877,356,151968,60045,156833,4
hold_2v,hold,2.0,0.0,4.0965,95,592191637,354,47737,60043,156838,4
hold_2v,hold,2.0,0.0,4.1165,96,592210387,354,98662,60041,156806,4
hold_2v,hold,2.0,0.0,4.1409,97,592232912,356,8164,60061,156786,4
hold_2v,hold,2.0,0.0,4.1567,98,592251697,354,65761,60078,156826,4
hold_2v,hold,2.0,0.0,4.1789,99,592271716,355,19555,60022,156767,4
hold_2v,hold,2.0,0.0,4.1969,100,592291715,354,127173,60013,156748,4
hold_2v,hold,2.0,0.0,4.2212,101,592314244,354,37747,60035,156798,4
hold_2v,hold,2.0,0.0,4.237,102,592331783,356,40205,60077,156832,4
hold_2v,hold,2.0,0.0,4.2602,103,592354288,354,102400,60023,156804,4
hold_2v,hold,2.0,0.0,4.2805,104,592374273,353,49939,60065,156793,4
hold_2v,hold,2.0,0.0,4.2996,105,592393086,354,112073,60027,156786,4
hold_2v,hold,2.0,0.0,4.3166,106,592411873,360,12698,60049,156832,4
hold_2v,hold,2.0,0.0,4.3399,107,592434345,354,69306,60041,156799,4
hold_2v,hold,2.0,0.0,4.3601,108,592453160,351,131793,60036,156803,4
hold_2v,hold,2.0,0.0,4.3813,109,592475655,353,35662,60021,156784,4
hold_2v,hold,2.0,0.0,4.4003,110,592494439,351,92919,60024,156810,4
hold_2v,hold,2.0,0.0,4.4193,111,592513198,354,145879,60041,156820,4
hold_2v,hold,2.0,0.0,4.4414,112,592535721,353,54575,60076,156825,4
hold_2v,hold,2.0,0.0,4.4637,113,592554472,357,105980,60039,156829,4
hold_2v,hold,2.0,0.0,4.4808,114,592575763,353,118706,60031,156788,4
hold_2v,hold,2.0,0.0,4.4998,115,592594520,353,14743,60022,156774,4
hold_2v,hold,2.0,0.0,4.522,116,592614485,351,115715,60084,156827,4
hold_2v,hold,2.0,0.0,4.5231,117,592615429,352,119426,60075,156823,0
hold_2v,hold,2.0,0.0,4.54,118,592633317,357,24397,60072,156799,4
hold_2v,hold,2.0,0.0,4.561,119,592655823,354,87367,60019,156786,4
hold_2v,hold,2.0,0.0,4.5799,120,592674569,359,137892,60049,156823,4
hold_2v,hold,2.0,0.0,4.6042,121,592697124,354,51889,60036,156810,4
hold_2v,hold,2.0,0.0,4.6214,122,592715882,353,104270,60030,156800,4
hold_2v,hold,2.0,0.0,4.6449,123,592738439,353,18694,60035,156812,4
hold_2v,hold,2.0,0.0,4.663,124,592757198,354,71572,60078,156816,4
hold_2v,hold,2.0,0.0,4.6862,125,592779693,353,131853,60095,156864,4
hold_2v,hold,2.0,0.0,4.7262,126,592807203,353,103857,60039,156816,4
hold_2v,hold,2.0,0.0,4.741,127,592824057,353,146856,60032,156777,4
hold_2v,hold,2.0,0.0,4.7494,0,592845404,353,12793,60075,156819,4
hold_2v,hold,2.0,0.0,4.7652,1,592858536,353,49748,60031,156799,4
hold_2v,hold,2.0,0.0,4.7968,2,592881073,354,117825,60081,156825,4
hold_2v,hold,2.0,0.0,4.8158,3,592901697,353,16981,60033,156810,4
hold_2v,hold,2.0,0.0,4.8274,4,592919534,353,69898,60062,156765,4
hold_2v,hold,2.0,0.0,4.8486,5,592941106,352,130914,60026,156813,4
hold_2v,hold,2.0,0.0,4.8654,6,592961100,353,80229,60031,156798,4
hold_2v,hold,2.0,0.0,4.8896,7,592983658,347,150905,60095,156868,4
hold_2v,hold,2.0,0.0,4.9086,8,593002437,353,49309,60051,156854,4
hold_2v,hold,2.0,0.0,4.9299,9,593024960,354,114148,60040,156802,4
hold_2v,hold,2.0,0.0,4.9478,10,593043721,353,10363,60083,156835,4
hold_2v,hold,2.0,0.0,4.9689,11,593062499,353,66184,60040,156855,4
hold_2v,hold,2.0,0.0,4.9899,12,593085028,353,132001,60042,156811,4
hold_2v,hold,2.0,0.0,5.01,13,593103804,353,30417,60028,156793,4
hold_2v,hold,2.0,0.0,5.0206,14,593115325,352,107369,60021,156788,4
hold_2v,hold,2.0,0.0,5.0323,15,593127200,353,87583,60040,156830,4
hold_2v,hold,2.0,0.0,5.0481,16,593143844,359,94194,60043,156836,4
hold_2v,hold,2.0,0.0,5.0712,17,593166339,354,154810,60084,156826,4
hold_2v,hold,2.0,0.0,5.0902,18,593185124,353,55193,60026,156790,4
hold_2v,hold,2.0,0.0,5.1145,19,593207648,351,120923,60070,156813,4
hold_2v,hold,2.0,0.0,5.1346,20,593227675,353,75263,60048,156833,4
hold_2v,hold,2.0,0.0,5.1515,21,593247663,354,22868,60040,156824,4
hold_2v,hold,2.0,0.0,5.1705,22,593266470,353,83409,60036,156837,4
hold_2v,hold,2.0,0.0,5.1947,23,593288994,353,148568,60083,156825,4
hold_2v,hold,2.0,0.0,5.2138,24,593307750,353,43760,60032,156793,4
hold_2v,hold,2.0,0.0,5.2306,25,593326529,354,100181,60038,156829,4
hold_2v,hold,2.0,0.0,5.2548,26,593349061,357,9942,60055,156847,4
hold_2v,hold,2.0,0.0,5.2748,27,593367840,360,65176,60054,156868,4
hold_2v,hold,2.0,0.0,5.2948,28,593389109,353,73938,60072,156793,4
hold_2v,hold,2.0,0.0,5.3117,29,593407884,354,129852,60069,156784,4
hold_2v,hold,2.0,0.0,5.3348,30,593430383,353,34536,60025,156784,4
hold_2v,hold,2.0,0.0,5.3549,31,593449146,354,88249,60065,156801,4
hold_2v,hold,2.0,0.0,5.3739,32,593469186,353,45366,60029,156799,4
hold_2v,hold,2.0,0.0,5.3928,33,593487940,353,96952,60046,156836,4
hold_2v,hold,2.0,0.0,5.415,34,593510470,354,6767,60088,156814,4
hold_2v,hold,2.0,0.0,5.436,35,593530432,360,106865,60056,156850,4
hold_2v,hold,2.0,0.0,5.4571,36,593553019,360,26199,60038,156839,4
hold_2v,hold,2.0,0.0,5.4771,37,593571774,348,77718,60089,156854,4
hold_2v,hold,2.0,0.0,5.4951,38,593590547,353,132438,60041,156837,4
hold_2v,hold,2.0,0.0,5.5173,39,593613083,354,42801,60039,156827,4
hold_2v,hold,2.0,0.0,5.5215,40,593615613,353,2465,60072,156827,4
hold_2v,hold,2.0,0.0,5.5364,41,593630588,353,38640,60046,156836,4
hold_2v,hold,2.0,0.0,5.5566,42,593653119,352,104825,60069,156788,4
hold_2v,hold,2.0,0.0,5.5768,43,593671901,353,4498,60039,156812,4
hold_2v,hold,2.0,0.0,5.6002,44,593694431,353,71196,60035,156785,4
hold_2v,hold,2.0,0.0,5.6172,45,593713180,359,122284,60009,156851,4
hold_2v,hold,2.0,0.0,5.6361,46,593731957,353,20525,60052,156850,4
hold_2v,hold,2.0,0.0,5.6603,47,593754493,354,87655,60043,156800,4
hold_2v,hold,2.0,0.0,5.6782,48,593773266,353,142790,60069,156803,4
hold_2v,hold,2.0,0.0,5.7014,49,593795788,354,50202,60049,156841,4
hold_2v,hold,2.0,0.0,5.7204,50,593814523,354,98253,60051,156852,4
hold_2v,hold,2.0,0.0,5.7406,51,593837076,353,10811,60034,156817,4
hold_2v,hold,2.0,0.0,5.7606,52,593855837,361,63872,60042,156821,4
hold_2v,hold,2.0,0.0,5.7796,53,593874614,354,119197,60036,156808,4
hold_2v,hold,2.0,0.0,5.8006,54,593897139,354,27765,60084,156846,4
hold_2v,hold,2.0,0.0,5.8248,55,593919697,354,98377,60087,156837,4
hold_2v,hold,2.0,0.0,5.8417,56,593938443,354,148332,60052,156820,4
hold_2v,hold,2.0,0.0,5.8617,57,593957200,354,43554,60053,156850,4
hold_2v,hold,2.0,0.0,5.8848,58,593979734,351,110776,60029,156793,4
hold_2v,hold,2.0,0.0,5.9017,59,593998515,354,10397,60087,156835,4
hold_2v,hold,2.0,0.0,5.925,60,594021022,353,73047,60076,156818,4
hold_2v,hold,2.0,0.0,5.9451,61,594039794,353,127870,60030,156801,4
hold_2v,hold,2.0,0.0,5.9619,62,594058578,354,27668,60081,156814,4
hold_2v,hold,2.0,0.0,5.9851,63,594081082,354,90220,60066,156782,4
hold_2v,hold,2.0,0.0,6.0167,64,594099855,353,145226,60030,156812,4
hold_2v,hold,2.0,0.0,6.0325,65,594117684,355,39725,60041,156849,4
hold_2v,hold,2.0,0.0,6.0398,66,594124315,354,69190,60034,156818,4
hold_2v,hold,2.0,0.0,6.0473,67,594142973,353,104882,60043,156843,4
hold_2v,hold,2.0,0.0,6.0652,68,594159917,354,5632,60067,156802,4
hold_2v,hold,2.0,0.0,6.0863,69,594182444,354,72296,60026,156796,4
hold_2v,hold,2.0,0.0,6.1095,70,594199722,355,30323,60029,156777,4
hold_2v,hold,2.0,0.0,6.1422,71,594228741,353,102499,60034,156804,4
hold_2v,hold,2.0,0.0,6.1496,72,594245614,354,148006,60087,156852,4
hold_2v,hold,2.0,0.0,6.1654,73,594260018,354,87210,60089,156838,4
hold_2v,hold,2.0,0.0,6.1854,74,594282544,348,152848,60038,156793,4
hold_2v,hold,2.0,0.0,6.2046,75,594301298,353,47964,60046,156827,4
hold_2v,hold,2.0,0.0,6.2246,76,594320054,353,100341,60071,156848,4
hold_2v,hold,2.0,0.0,6.2467,77,594342583,354,9788,60082,156833,4
hold_2v,hold,2.0,0.0,6.2667,78,594363838,354,15838,60039,156830,4
hold_2v,hold,2.0,0.0,6.2857,79,594382629,354,73636,60052,156874,4
hold_2v,hold,2.0,0.0,6.3099,80,594405150,352,138130,60045,156862,4
hold_2v,hold,2.0,0.0,6.3267,81,594423931,353,36759,60061,156881,4
hold_2v,hold,2.0,0.0,6.3499,82,594446465,354,102945,60056,156850,4
hold_2v,hold,2.0,0.0,6.3699,83,594465245,353,1661,60095,156862,4
hold_2v,hold,2.0,0.0,6.3909,84,594487752,348,63677,60044,156855,4
hold_2v,hold,2.0,0.0,6.4099,85,594506527,353,118742,60041,156819,4
hold_2v,hold,2.0,0.0,6.432,86,594529054,353,27127,60069,156801,4
hold_2v,hold,2.0,0.0,6.4509,87,594547812,354,79846,60047,156850,4
hold_2v,hold,2.0,0.0,6.4742,88,594570338,353,145780,60061,156794,4
hold_2v,hold,2.0,0.0,6.4932,89,594589117,354,45235,60071,156828,4
hold_2v,hold,2.0,0.0,6.5132,90,594607879,354,98551,60023,156771,4
hold_2v,hold,2.0,0.0,6.5248,91,594619773,354,82209,60023,156767,4
hold_2v,hold,2.0,0.0,6.5364,92,594631184,353,140513,60065,156790,4
hold_2v,hold,2.0,0.0,6.5522,93,594649127,353,54325,60079,156827,4
hold_2v,hold,2.0,0.0,6.5754,94,594671682,353,124667,60061,156862,4
hold_2v,hold,2.0,0.0,6.5955,95,594690444,353,20317,60039,156823,4
hold_2v,hold,2.0,0.0,6.6114,96,594709224,352,76156,60047,156875,4
hold_2v,hold,2.0,0.0,6.6346,97,594731750,353,141447,60048,156833,4
hold_2v,hold,2.0,0.0,6.6547,98,594750538,353,41821,60053,156853,4
hold_2v,hold,2.0,0.0,6.6727,99,594769293,360,93309,60047,156844,4
hold_2v,hold,2.0,0.0,6.6949,100,594791823,353,2550,60054,156841,4
hold_2v,hold,2.0,0.0,6.717,101,594811840,353,111085,60058,156889,4
hold_2v,hold,2.0,0.0,6.7359,102,594831864,363,63930,60060,156856,4
hold_2v,hold,2.0,0.0,6.7549,103,594850647,353,119937,60048,156846,4
hold_2v,hold,2.0,0.0,6.7771,104,594873175,353,27967,60056,156869,4
hold_2v,hold,2.0,0.0,6.795,105,594891954,353,83378,60042,156851,4
hold_2v,hold,2.0,0.0,6.8153,106,594910739,358,140028,60062,156872,4
hold_2v,hold,2.0,0.0,6.8381,107,594934507,353,102456,60048,156826,4
hold_2v,hold,2.0,0.0,6.8577,108,594954500,353,50361,60050,156848,4
hold_2v,hold,2.0,0.0,6.8763,109,594973281,359,106044,60091,156844,4
hold_2v,hold,2.0,0.0,6.8992,110,594995838,354,19515,60055,156852,4
hold_2v,hold,2.0,0.0,6.9174,111,595014572,353,67894,60036,156800,4
hold_2v,hold,2.0,0.0,6.9413,112,595037119,352,136387,60057,156877,4
hold_2v,hold,2.0,0.0,6.9595,113,595055897,353,34451,60057,156874,4
hold_2v,hold,2.0,0.0,6.9808,114,595078431,351,100079,60062,156864,4
hold_2v,hold,2.0,0.0,6.9998,115,595097180,347,150112,60050,156841,4
hold_2v,hold,2.0,0.0,7.02,116,595115969,353,49708,60063,156879,4
hold_2v,hold,2.0,0.0,7.0264,117,595124464,354,82183,60055,156845,4
hold_2v,hold,2.0,0.0,7.0401,118,595136012,353,6165,60043,156832,4
hold_2v,hold,2.0,0.0,7.0624,119,595158516,353,67285,60060,156847,4
hold_2v,hold,2.0,0.0,7.0804,120,595177292,345,122023,60052,156863,4
hold_2v,hold,2.0,0.0,7.1016,121,595199818,354,30650,60039,156830,4
hold_2v,hold,2.0,0.0,7.1206,122,595218580,353,83629,60050,156826,4
hold_2v,hold,2.0,0.0,7.1395,123,595237327,353,134169,60045,156848,4
hold_2v,hold,2.0,0.0,7.1617,124,595259888,353,49147,60037,156813,4
hold_2v,hold,2.0,0.0,7.1806,125,595278640,351,99870,60060,156873,4
hold_2v,hold,2.0,0.0,7.1996,126,595297418,354,154744,60056,156841,4
hold_2v,hold,2.0,0.0,7.2217,127,595319951,347,63980,60087,156856,4
hold_2v,hold,2.0,0.0,7.2406,0,595338724,353,118259,60058,156853,4
hold_2v,hold,2.0,0.0,7.2648,1,595361248,354,26235,60077,156838,4
hold_2v,hold,2.0,0.0,7.2817,2,595380009,353,78489,60054,156855,4
hold_2v,hold,2.0,0.0,7.3048,3,595402529,353,142912,60037,156803,4
hold_2v,hold,2.0,0.0,7.3459,4,595430019,354,110656,60049,156864,4
hold_2v,hold,2.0,0.0,7.3606,5,595446895,353,156369,60044,156828,4
hold_2v,hold,2.0,0.0,7.3712,6,595468268,362,25230,60100,156872,4
hold_2v,hold,2.0,0.0,7.385,7,595481380,353,58264,60066,156869,4
hold_2v,hold,2.0,0.0,7.4061,8,595503900,353,122703,60037,156832,4
hold_2v,hold,2.0,0.0,7.4483,9,595532707,353,1079,60098,156868,4
hold_2v,hold,2.0,0.0,7.4546,10,595549588,354,47340,60048,156853,4
hold_2v,hold,2.0,0.0,7.4651,11,595562089,353,133309,60056,156844,4
hold_2v,hold,2.0,0.0,7.4862,12,595584019,353,97217,60045,156823,4
hold_2v,hold,2.0,0.0,7.5051,13,595602765,353,147431,60083,156850,4
hold_2v,hold,2.0,0.0,7.5219,14,595621542,354,45395,60059,156873,4
hold_2v,hold,2.0,0.0,7.5283,15,595624084,354,6799,60098,156876,4
hold_2v,hold,2.0,0.0,7.5504,16,595646583,353,67291,60091,156846,4
hold_2v,hold,2.0,0.0,7.5672,17,595665360,356,122407,60040,156826,4
hold_2v,hold,2.0,0.0,7.5904,18,595687866,353,27322,60088,156849,4
hold_2v,hold,2.0,0.0,7.6115,19,595706649,353,83684,60042,156840,4
hold_2v,hold,2.0,0.0,7.6305,20,595729177,353,149522,60088,156829,4
hold_2v,hold,2.0,0.0,7.6495,21,595747928,354,43436,60054,156842,4
hold_2v,hold,2.0,0.0,7.6695,22,595766707,353,98566,60061,156855,4
hold_2v,hold,2.0,0.0,7.6905,23,595789236,353,6892,60069,156882,4
hold_2v,hold,2.0,0.0,7.7095,24,595807985,356,56999,60039,156829,4
hold_2v,hold,2.0,0.0,7.7316,25,595830538,353,126708,60088,156838,4
hold_2v,hold,2.0,0.0,7.7505,26,595849323,357,26388,60043,156828,4
hold_2v,hold,2.0,0.0,7.7758,27,595871849,354,91647,60099,156860,4
hold_2v,hold,2.0,0.0,7.7947,28,595891871,353,44750,60046,156844,4
hold_2v,hold,2.0,0.0,7.8158,29,595914396,357,109929,60087,156812,4
hold_2v,hold,2.0,0.0,7.8358,30,595933180,353,9904,60030,156788,4
hold_2v,hold,2.0,0.0,7.8559,31,595951939,351,62162,60054,156852,4
hold_2v,hold,2.0,0.0,7.876,32,595974461,354,127188,60033,156819,4
hold_2v,hold,2.0,0.0,7.895,33,595993212,353,21275,60049,156859,4
hold_2v,hold,2.0,0.0,7.9152,34,596012001,354,78672,60057,156849,4
hold_2v,hold,2.0,0.0,7.9374,35,596034521,353,142596,60046,156836,4
hold_2v,hold,2.0,0.0,7.9564,36,596053285,353,38940,60033,156811,4
hold_2v,hold,2.0,0.0,7.9765,37,596075810,353,103986,60089,156830,4
hold_2v,hold,2.0,0.0,7.9965,38,596094557,353,154343,60087,156824,4
hold_2v,hold,2.0,0.0,8.0157,39,596114555,353,103770,60041,156824,4
hold_2v,hold,2.0,0.0,8.0273,40,596125413,353,67634,60046,156835,4
hold_2v,hold,2.0,0.0,8.0347,41,596133790,354,80384,60033,156812,4
hold_2v,hold,2.0,0.0,8.0568,42,596155890,353,73481,60048,156872,4
hold_2v,hold,2.0,0.0,8.0757,43,596174662,354,127458,60051,156862,4
hold_2v,hold,2.0,0.0,8.0947,44,596193455,354,27560,60103,156895,4
hold_2v,hold,2.0,0.0,8.117,45,596215981,347,91771,60101,156904,4
hold_2v,hold,2.0,0.0,8.136,46,596234759,354,146284,60086,156863,4
hold_2v,hold,2.0,0.0,8.155,47,596253545,351,46057,60052,156869,4
hold_2v,hold,2.0,0.0,8.1771,48,596276047,355,106826,60056,156865,4
hold_2v,hold,2.0,0.0,8.1961,49,596294827,353,5000,60051,156856,4
hold_2v,hold,2.0,0.0,8.2151,50,596313611,354,60943,60105,156885,4
hold_2v,hold,2.0,0.0,8.2372,51,596336128,353,124361,60034,156806,4
hold_2v,hold,2.0,0.0,8.2561,52,596354916,354,23901,60074,156888,4
hold_2v,hold,2.0,0.0,8.2814,53,596377439,354,87672,60067,156886,4
hold_2v,hold,2.0,0.0,8.3003,54,596397427,353,34314,60099,156854,4
hold_2v,hold,2.0,0.0,8.3214,55,596419986,354,104541,60049,156878,4
hold_2v,hold,2.0,0.0,8.3403,56,596438771,354,3840,60041,156844,4
hold_2v,hold,2.0,0.0,8.3624,57,596461297,353,68749,60044,156815,4
hold_2v,hold,2.0,0.0,8.3824,58,596481318,353,20928,60093,156867,4
hold_2v,hold,2.0,0.0,8.4014,59,596500098,354,76846,60035,156829,4
hold_2v,hold,2.0,0.0,8.4204,60,596518877,353,133090,60049,156844,4
hold_2v,hold,2.0,0.0,8.4415,61,596541374,354,36542,60035,156827,4
hold_2v,hold,2.0,0.0,8.4615,62,596560157,347,92980,60094,156858,4
hold_2v,hold,2.0,0.0,8.4846,63,596582689,353,1770,60045,156837,4
hold_2v,hold,2.0,0.0,8.5015,64,596601466,355,57221,60042,156832,4
hold_2v,hold,2.0,0.0,8.5267,65,596625175,353,10056,60044,156846,4
hold_2v,hold,2.0,0.0,8.5299,66,596626126,354,14863,60057,156865,0
hold_2v,hold,2.0,0.0,8.5415,67,596641502,353,118962,60062,156894,4
hold_2v,hold,2.0,0.0,8.5646,68,596664037,361,28362,60085,156848,4
hold_2v,hold,2.0,0.0,8.5846,69,596684025,354,132132,60054,156882,4
hold_2v,hold,2.0,0.0,8.6067,70,596706605,353,49366,60077,156811,4
hold_2v,hold,2.0,0.0,8.6374,71,596725310,349,92566,60084,156834,4
hold_2v,hold,2.0,0.0,8.6554,72,596744749,353,103278,60052,156856,4
hold_2v,hold,2.0,0.0,8.6703,73,596764160,354,109128,60054,156873,4
hold_2v,hold,2.0,0.0,8.6852,74,596784187,355,62626,60050,156854,4
hold_2v,hold,2.0,0.0,8.7074,75,596806707,353,126364,60052,156860,4
hold_2v,hold,2.0,0.0,8.7475,76,596839266,353,14769,60058,156865,4
hold_2v,hold,2.0,0.0,8.7549,77,596853635,353,104530,60046,156831,4
hold_2v,hold,2.0,0.0,8.7654,78,596865010,354,156170,60075,156829,4
hold_2v,hold,2.0,0.0,8.7875,79,596886796,354,96096,60047,156834,4
hold_2v,hold,2.0,0.0,8.8065,80,596905573,347,151332,60046,156826,4
hold_2v,hold,2.0,0.0,8.8296,81,596928096,353,59660,60055,156855,4
hold_2v,hold,2.0,0.0,8.8465,82,596946827,352,106692,60103,156838,4
hold_2v,hold,2.0,0.0,8.8697,83,596969380,353,19381,60062,156873,4
hold_2v,hold,2.0,0.0,8.8898,84,596988165,349,75467,60095,156871,4
hold_2v,hold,2.0,0.0,8.9067,85,597006942,353,130343,60031,156815,4
hold_2v,hold,2.0,0.0,8.9299,86,597029468,353,38481,60052,156853,4
hold_2v,hold,2.0,0.0,8.95,87,597048253,348,94426,60100,156877,4
hold_2v,hold,2.0,0.0,8.9722,88,597070775,353,1532,60091,156854,4
hold_2v,hold,2.0,0.0,8.9902,89,597089525,359,52271,60040,156825,4
hold_2v,hold,2.0,0.0,9.0103,90,597108311,353,109150,60051,156868,4
hold_2v,hold,2.0,0.0,9.0303,91,597128272,354,51490,60094,156857,4
hold_2v,hold,2.0,0.0,9.0324,92,597129219,352,55628,60052,156855,0
hold_2v,hold,2.0,0.0,9.0503,93,597149614,353,72141,60088,156866,4
hold_2v,hold,2.0,0.0,9.0704,94,597168388,351,126773,60033,156800,4
hold_2v,hold,2.0,0.0,9.0905,95,597190896,354,32344,60097,156875,4
hold_2v,hold,2.0,0.0,9.1126,96,597209677,353,87807,60099,156844,4
hold_2v,hold,2.0,0.0,9.1294,97,597229692,353,39668,60048,156842,4
hold_2v,hold,2.0,0.0,9.1515,98,597252257,353,112194,60039,156820,4
hold_2v,hold,2.0,0.0,9.1705,99,597271007,353,6577,60037,156814,4
hold_2v,hold,2.0,0.0,9.1905,100,597289762,353,58673,60066,156798,4
hold_2v,hold,2.0,0.0,9.2147,101,597313552,353,25588,60071,156789,4
hold_2v,hold,2.0,0.0,9.2316,102,597332304,351,77010,60034,156799,4
hold_2v,hold,2.0,0.0,9.2516,103,597351088,353,133837,60020,156800,4
hold_2v,hold,2.0,0.0,9.2748,104,597373588,353,38748,60036,156807,4
hold_2v,hold,2.0,0.0,9.2916,105,597392365,353,94365,60033,156841,4
hold_2v,hold,2.0,0.0,9.3148,106,597414897,354,3672,60089,156849,4
hold_2v,hold,2.0,0.0,9.3348,107,597433674,354,58841,60041,156833,4
hold_2v,hold,2.0,0.0,9.3517,108,597452438,354,111950,60055,156848,4
hold_2v,hold,2.0,0.0,9.3749,109,597474960,353,19700,60044,156817,4
hold_2v,hold,2.0,0.0,9.395,110,597493738,353,75418,60048,156833,4
hold_2v,hold,2.0,0.0,9.4118,111,597512497,354,127977,60050,156846,4
hold_2v,hold,2.0,0.0,9.4318,112,597532491,353,76607,60055,156849,4
hold_2v,hold,2.0,0.0,9.455,113,597555042,354,145617,60047,156869,4
hold_2v,hold,2.0,0.0,9.4751,114,597575068,354,98786,60070,156894,4
hold_2v,hold,2.0,0.0,9.4951,115,597593840,353,152798,60052,156850,4
hold_2v,hold,2.0,0.0,9.5119,116,597612632,353,53372,60071,156900,4
hold_2v,hold,2.0,0.0,9.5309,117,597626395,353,39929,60064,156864,4
hold_2v,hold,2.0,0.0,9.5362,118,597634920,353,77701,60047,156846,4
hold_2v,hold,2.0,0.0,9.552,119,597652668,354,115205,60069,156810,4
hold_2v,hold,2.0,0.0,9.5752,120,597675167,353,19843,60050,156828,4
hold_2v,hold,2.0,0.0,9.5953,121,597693945,351,76017,60037,156829,4
hold_2v,hold,2.0,0.0,9.6121,122,597712701,353,128139,60030,156809,4
hold_2v,hold,2.0,0.0,9.6353,123,597735225,353,37064,60045,156839,4
hold_2v,hold,2.0,0.0,9.6553,124,597754011,356,94015,60045,156846,4
hold_2v,hold,2.0,0.0,9.6764,125,597776534,353,1109,60068,156891,4
hold_2v,hold,2.0,0.0,9.6954,126,597795307,353,55205,60046,156836,4
hold_2v,hold,2.0,0.0,9.7144,127,597815308,353,4386,60054,156864,4
hold_2v,hold,2.0,0.0,9.7345,0,597834114,350,64100,60060,156844,4
hold_2v,hold,2.0,0.0,9.7556,1,597856633,354,127904,60049,156844,4
hold_2v,hold,2.0,0.0,9.7745,2,597875394,353,23748,60034,156811,4
hold_2v,hold,2.0,0.0,9.7946,3,597894173,353,79752,60025,156819,4
hold_2v,hold,2.0,0.0,9.8157,4,597916703,354,145888,60082,156838,4
hold_2v,hold,2.0,0.0,9.8347,5,597935455,354,40295,60039,156821,4
hold_2v,hold,2.0,0.0,9.8547,6,597954239,353,97147,60035,156796,4
hold_2v,hold,2.0,0.0,9.8801,7,597976768,353,6279,60047,156840,4
hold_2v,hold,2.0,0.0,9.8959,8,597994281,353,3682,60043,156823,4
hold_2v,hold,2.0,0.0,9.9181,9,598016805,354,68862,60046,156816,4
hold_2v,hold,2.0,0.0,9.9697,10,598065465,354,27970,60034,156815,4
hold_2v,hold,2.0,0.0,9.9729,11,598066410,353,31666,60083,156823,0
hold_2v,hold,2.0,0.0,9.9771,12,598078741,351,89112,60028,156815,4
hold_2v,hold,2.0,0.0,9.9972,13,598096881,353,36014,60058,156861,4
hold_2v,hold,2.0,0.0,10.0172,14,598116872,354,141048,60079,156819,4
hold_2v,hold,2.0,0.0,10.033,15,598127656,353,92419,60023,156812,4
hold_2v,hold,2.0,0.0,10.0498,16,598141306,353,60008,60073,156811,4
hold_2v,hold,2.0,0.0,10.0604,17,598159103,354,106383,60090,156859,4
hold_2v,hold,2.0,0.0,10.0804,18,598179471,353,118055,60066,156869,4
hold_2v,hold,2.0,0.0,10.0973,19,598198250,352,16917,60076,156830,4
hold_2v,hold,2.0,0.0,10.1195,20,598220754,352,79172,60039,156796,4
hold_2v,hold,2.0,0.0,10.1385,21,598239528,353,133744,60052,156856,4
hold_2v,hold,2.0,0.0,10.1606,22,598262056,353,42529,60051,156839,4
hold_2v,hold,2.0,0.0,10.1795,23,598280814,352,94960,60028,156793,4
hold_2v,hold,2.0,0.0,10.2017,24,598303342,353,4511,60045,156827,4
hold_2v,hold,2.0,0.0,10.2207,25,598322088,353,54865,60038,156809,4
hold_2v,hold,2.0,0.0,10.2396,26,598340876,352,112687,60030,156800,4
hold_2v,hold,2.0,0.0,10.2659,27,598364613,353,70934,60021,156777,4
hold_2v,hold,2.0,0.0,10.2817,28,598383427,354,132926,60056,156770,4
hold_2v,hold,2.0,0.0,10.3049,29,598405924,354,37176,60025,156786,4
hold_2v,hold,2.0,0.0,10.3249,30,598424706,357,94040,60064,156797,4
hold_2v,hold,2.0,0.0,10.3418,31,598443462,353,147004,60070,156801,4
hold_2v,hold,2.0,0.0,10.3649,32,598465990,353,56380,60088,156849,4
hold_2v,hold,2.0,0.0,10.3849,33,598484743,353,107415,60058,156846,4
hold_2v,hold,2.0,0.0,10.406,34,598507274,353,16440,60040,156829,4
hold_2v,hold,2.0,0.0,10.4249,35,598526059,353,73404,60076,156820,4
hold_2v,hold,2.0,0.0,10.4481,36,598548582,359,137942,60073,156842,4
hold_2v,hold,2.0,0.0,10.466,37,598567338,354,33047,60082,156819,4
hold_2v,hold,2.0,0.0,10.4902,38,598589863,353,98912,60060,156798,4
hold_2v,hold,2.0,0.0,10.5071,39,598608648,353,156269,60023,156788,4
hold_2v,hold,2.0,0.0,10.5323,40,598632354,359,108969,60041,156824,4
hold_2v,hold,2.0,0.0,10.5355,41,598633299,354,112656,60087,156829,0
hold_2v,hold,2.0,0.0,10.5471,42,598648683,353,62172,60048,156821,4
hold_2v,hold,2.0,0.0,10.5671,43,598668643,353,5532,60057,156787,4
hold_2v,hold,2.0,0.0,10.5902,44,598691208,346,77916,60040,156813,4
hold_2v,hold,2.0,0.0,10.6102,45,598709983,354,132994,60036,156811,4
hold_2v,hold,2.0,0.0,10.6271,46,598728766,353,32392,60059,156867,4
hold_2v,hold,2.0,0.0,10.6502,47,598751272,360,93935,60056,156871,4
hold_2v,hold,2.0,0.0,10.6734,48,598773822,353,6383,60062,156864,4
hold_2v,hold,2.0,0.0,10.6913,49,598792571,354,56769,60051,156852,4
hold_2v,hold,2.0,0.0,10.7103,50,598811331,354,109062,60060,156863,4
hold_2v,hold,2.0,0.0,10.7324,51,598833860,353,17721,60060,156871,4
hold_2v,hold,2.0,0.0,10.7513,52,598852647,354,73926,60084,156847,4
hold_2v,hold,2.0,0.0,10.7745,53,598875167,353,137367,60074,156868,4
hold_2v,hold,2.0,0.0,10.7924,54,598893973,354,40409,60039,156818,4
hold_2v,hold,2.0,0.0,10.8113,55,598912705,354,87948,60086,156845,4
hold_2v,hold,2.0,0.0,10.8345,56,598935258,354,1177,60076,156831,4
hold_2v,hold,2.0,0.0,10.8524,57,598954006,351,51180,60061,156888,4
hold_2v,hold,2.0,0.0,10.8756,58,598976510,354,112152,60093,156881,4
hold_2v,hold,2.0,0.0,10.8957,59,598996557,353,68755,60040,156855,4
hold_2v,hold,2.0,0.0,10.9147,60,599015339,357,124908,60080,156846,4
hold_2v,hold,2.0,0.0,10.9368,61,599037839,353,29052,60047,156828,4
hold_2v,hold,2.0,0.0,10.9558,62,599056619,353,84763,60081,156826,4
hold_2v,hold,2.0,0.0,10.9781,63,599079176,360,154675,60096,156876,4
hold_2v,hold,2.0,0.0,10.9964,64,599097928,353,48338,60064,156886,4
hold_2v,hold,2.0,0.0,11.0196,65,599120451,354,112047,60063,156879,4
hold_2v,hold,2.0,0.0,11.0303,66,599131260,354,66813,60055,156876,4
hold_2v,hold,2.0,0.0,11.0355,67,599139665,351,84084,60057,156838,4
hold_2v,hold,2.0,0.0,11.0598,68,599160500,354,18228,60052,156858,4
hold_2v,hold,2.0,0.0,11.0789,69,599180543,352,131466,60059,156869,4
hold_2v,hold,2.0,0.0,11.099,70,599200561,352,83761,60045,156828,4
hold_2v,hold,2.0,0.0,11.1201,71,599220555,354,32140,60088,156866,4
hold_2v,hold,2.0,0.0,11.1412,72,599239365,353,92561,60060,156887,4
hold_2v,hold,2.0,0.0,11.1559,73,599258109,353,141989,60047,156832,4
hold_2v,hold,2.0,0.0,11.1791,74,599280642,353,52062,60045,156829,4
hold_2v,hold,2.0,0.0,11.1971,75,599299422,350,107445,60053,156863,4
hold_2v,hold,2.0,0.0,11.2162,76,599318179,353,2102,60085,156841,4
hold_2v,hold,2.0,0.0,11.251,77,599340705,354,66898,60045,156850,4
hold_2v,hold,2.0,0.0,11.272,78,599361298,355,116764,60091,156870,4
hold_2v,hold,2.0,0.0,11.2825,79,599382590,353,129247,60049,156835,4
hold_2v,hold,2.0,0.0,11.3015,80,599403273,360,37965,60100,156876,4
hold_2v,hold,2.0,0.0,11.3204,81,599422054,346,93682,60048,156835,4
hold_2v,hold,2.0,0.0,11.3531,82,599445186,350,104565,60040,156842,4
hold_2v,hold,2.0,0.0,11.3615,83,599464253,353,52169,60046,156830,4
hold_2v,hold,2.0,0.0,11.3847,84,599487103,354,16091,60085,156855,4
hold_2v,hold,2.0,0.0,11.4036,85,599505888,352,73170,60025,156783,4
hold_2v,hold,2.0,0.0,11.4215,86,599524660,353,128302,60046,156856,4
hold_2v,hold,2.0,0.0,11.4447,87,599547167,354,32859,60048,156833,4
hold_2v,hold,2.0,0.0,11.4647,88,599565975,351,92936,60067,156873,4
hold_2v,hold,2.0,0.0,11.4868,89,599588467,360,151582,60092,156883,4
hold_2v,hold,2.0,0.0,11.5047,90,599606017,354,154597,60097,156889,4
hold_2v,hold,2.0,0.0,11.5247,91,599628551,353,63759,60054,156824,4
hold_2v,hold,2.0,0.0,11.5311,92,599631058,353,19360,60056,156863,4
hold_2v,hold,2.0,0.0,11.5468,93,599649807,353,69787,60063,156860,4
hold_2v,hold,2.0,0.0,11.5658,94,599668581,360,123733,60094,156874,4
hold_2v,hold,2.0,0.0,11.5901,95,599691118,353,33138,60057,156863,4
hold_2v,hold,2.0,0.0,11.6069,96,599709895,354,88068,60103,156865,4
hold_2v,hold,2.0,0.0,11.63,97,599732417,348,151670,60065,156894,4
hold_2v,hold,2.0,0.0,11.6501,98,599751181,353,47317,60080,156817,4
hold_2v,hold,2.0,0.0,11.6711,99,599773679,347,108157,60039,156805,4
hold_2v,hold,2.0,0.0,11.6901,100,599792470,358,8803,60079,156818,4
hold_2v,hold,2.0,0.0,11.7122,101,599814995,354,73676,60094,156855,4
hold_2v,hold,2.0,0.0,11.7322,102,599833768,353,128603,60053,156838,4
hold_2v,hold,2.0,0.0,11.7554,103,599856303,354,38931,60035,156815,4
hold_2v,hold,2.0,0.0,11.7722,104,599875083,353,94827,60059,156849,4
hold_2v,hold,2.0,0.0,11.7954,105,599897608,354,2925,60043,156811,4
hold_2v,hold,2.0,0.0,11.8154,106,599916362,353,54705,60043,156847,4
hold_2v,hold,2.0,0.0,11.8354,107,599937625,352,61999,60052,156858,4
hold_2v,hold,2.0,0.0,11.8554,108,599956408,353,118189,60039,156820,4
hold_2v,hold,2.0,0.0,11.8764,109,599978930,360,25740,60050,156847,4
hold_2v,hold,2.0,0.0,11.8954,110,599997712,360,81650,60045,156851,4
hold_2v,hold,2.0,0.0,11.9165,111,600020240,353,146590,60064,156880,4
hold_2v,hold,2.0,0.0,11.9354,112,600039019,354,44596,60100,156881,4
hold_2v,hold,2.0,0.0,11.9586,113,600061516,354,104344,60054,156880,4
hold_2v,hold,2.0,0.0,11.9775,114,600080305,353,4294,60059,156876,4
hold_2v,hold,2.0,0.0,11.9955,115,600099081,354,59515,60048,156832,4
hold_2v,hold,2.0,0.0,12.0187,116,600121613,353,125955,60062,156870,4
hold_2v,hold,2.0,0.0,12.0303,117,600132414,347,79732,60053,156847,4
hold_2v,hold,2.0,0.0,12.0356,118,600140820,353,97129,60053,156862,4
hold_2v,hold,2.0,0.0,12.0609,119,600161650,353,30661,60055,156858,4
hold_2v,hold,2.0,0.0,12.0791,120,600181669,353,139715,60058,156845,4
hold_2v,hold,2.0,0.0,12.0982,121,600200450,352,38426,60053,156850,4
hold_2v,hold,2.0,0.0,12.1162,122,600219208,353,89821,60067,156882,4
hold_2v,hold,2.0,0.0,12.1385,123,600241760,352,2626,60044,156830,4
hold_2v,hold,2.0,0.0,12.1565,124,600260514,358,54022,60056,156856,4
hold_2v,hold,2.0,0.0,12.1799,125,600283040,354,119181,60090,156849,4
hold_2v,hold,2.0,0.0,12.2001,126,600301818,353,17247,60061,156879,4
hold_2v,hold,2.0,0.0,12.2171,127,600320577,355,68713,60068,156914,4
hold_2v,hold,2.0,0.0,12.2373,0,600340564,353,14358,60070,156902,4
hold_2v,hold,2.0,0.0,12.2605,1,600363146,353,88039,60066,156869,4
hold_2v,hold,2.0,0.0,12.2795,2,600381925,354,142853,60048,156861,4
hold_2v,hold,2.0,0.0,12.2974,3,600400702,357,40511,60070,156887,4
hold_2v,hold,2.0,0.0,12.3206,4,600423210,354,102303,60063,156878,4
hold_2v,hold,2.0,0.0,12.3395,5,600443254,353,58695,60092,156853,4
hold_2v,hold,2.0,0.0,12.3598,6,600462033,354,113173,60113,156863,4
hold_2v,hold,2.0,0.0,12.3808,7,600484563,353,21117,60074,156892,4
hold_2v,hold,2.0,0.0,12.3998,8,600503315,354,71556,60065,156905,4
hold_2v,hold,2.0,0.0,12.4199,9,600522093,354,126334,60053,156858,4
hold_2v,hold,2.0,0.0,12.441,10,600544626,355,35102,60044,156828,4
hold_2v,hold,2.0,0.0,12.461,11,600563379,353,86148,60049,156836,4
hold_2v,hold,2.0,0.0,12.48,12,600582160,354,142267,60090,156862,4
hold_2v,hold,2.0,0.0,12.5011,13,600604685,353,50936,60067,156882,4
hold_2v,hold,2.0,0.0,12.5285,14,600627214,355,116311,60048,156844,4
hold_2v,hold,2.0,0.0,12.5317,15,600635716,347,150268,60039,156807,4
hold_2v,hold,2.0,0.0,12.5454,16,600646169,353,45303,60049,156824,4
hold_2v,hold,2.0,0.0,12.5802,17,600673335,354,115335,60057,156867,4
hold_2v,hold,2.0,0.0,12.5876,18,600690391,353,34616,60084,156837,4
hold_2v,hold,2.0,0.0,12.6024,19,600706032,353,26763,60100,156888,4
hold_2v,hold,2.0,0.0,12.633,20,600728537,354,87781,60092,156849,4
hold_2v,hold,2.0,0.0,12.6499,21,600746303,353,127230,60070,156881,4
hold_2v,hold,2.0,0.0,12.6616,22,600766119,353,44621,60062,156892,4
hold_2v,hold,2.0,0.0,12.6859,23,600788652,353,110365,60047,156830,4
hold_2v,hold,2.0,0.0,12.7049,24,600808675,352,63499,60043,156847,4
hold_2v,hold,2.0,0.0,12.726,25,600827449,353,117758,60091,156878,4
hold_2v,hold,2.0,0.0,12.7449,26,600847479,354,71628,60053,156870,4
hold_2v,hold,2.0,0.0,12.766,27,600869999,348,134921,60056,156887,4
hold_2v,hold,2.0,0.0,12.7851,28,600888730,353,24712,60054,156863,4
hold_2v,hold,2.0,0.0,12.8051,29,600907540,354,84376,60056,156863,4
hold_2v,hold,2.0,0.0,12.8261,30,600930057,353,147471,60045,156846,4
hold_2v,hold,2.0,0.0,12.8452,31,600948847,353,47846,60090,156861,4
hold_2v,hold,2.0,0.0,12.8662,32,600967599,353,98459,60038,156843,4
hold_2v,hold,2.0,0.0,12.8862,33,600990151,354,10364,60064,156875,4
hold_2v,hold,2.0,0.0,12.9052,34,601008909,351,61860,60052,156860,4
hold_2v,hold,2.0,0.0,12.9273,35,601031458,354,129949,60081,156868,4
hold_2v,hold,2.0,0.0,12.9463,36,601050214,357,24594,60057,156860,4
hold_2v,hold,2.0,0.0,12.9694,37,601072740,353,88571,60057,156869,4
hold_2v,hold,2.0,0.0,12.9874,38,601091514,353,142500,60056,156866,4
hold_2v,hold,2.0,0.0,13.0064,39,601110303,353,42457,60064,156873,4
hold_2v,hold,2.0,0.0,13.0308,40,601134011,357,151143,60067,156890,4
hold_2v,hold,2.0,0.0,13.033,41,601134953,353,154432,60059,156889,0
hold_2v,hold,2.0,0.0,13.0467,42,601151583,353,1218,60046,156839,4
hold_2v,hold,2.0,0.0,13.07,43,601174109,353,66283,60090,156861,4
hold_2v,hold,2.0,0.0,13.0901,44,601194104,353,14579,60046,156833,4
hold_2v,hold,2.0,0.0,13.1101,45,601212912,353,75107,60043,156818,4
hold_2v,hold,2.0,0.0,13.1301,46,601231688,354,130248,60055,156880,4
hold_2v,hold,2.0,0.0,13.148,47,601251687,352,79065,60056,156864,4
hold_2v,hold,2.0,0.0,13.1701,48,601274235,353,147639,60041,156843,4
hold_2v,hold,2.0,0.0,13.1901,49,601293016,355,46163,60065,156883,4
hold_2v,hold,2.0,0.0,13.2112,50,601315522,353,107330,60046,156872,4
hold_2v,hold,2.0,0.0,13.2301,51,601334300,353,6416,60045,156839,4
hold_2v,hold,2.0,0.0,13.2522,52,601356806,353,68496,60087,156837,4
hold_2v,hold,2.0,0.0,13.2712,53,601375583,361,123328,60053,156866,4
hold_2v,hold,2.0,0.0,13.2901,54,601394362,353,21051,60070,156909,4
hold_2v,hold,2.0,0.0,13.3122,55,601416895,353,86342,60070,156881,4
hold_2v,hold,2.0,0.0,13.3312,56,601435674,354,141561,60084,156862,4
hold_2v,hold,2.0,0.0,13.3606,57,601458200,353,49044,60107,156901,4
hold_2v,hold,2.0,0.0,13.3733,58,601476500,353,22320,60068,156905,4
hold_2v,hold,2.0,0.0,13.3954,59,601498217,353,106410,60052,156866,4
hold_2v,hold,2.0,0.0,13.4122,60,601517005,354,6432,60079,156818,4
hold_2v,hold,2.0,0.0,13.4354,61,601539532,353,71182,60054,156882,4
hold_2v,hold,2.0,0.0,13.4554,62,601558338,354,130792,60055,156867,4
hold_2v,hold,2.0,0.0,13.4764,63,601578338,354,79995,60075,156853,4
hold_2v,hold,2.0,0.0,13.4954,64,601598356,353,32102,60097,156867,4
hold_2v,hold,2.0,0.0,13.5175,65,601620882,353,96847,60047,156867,4
hold_2v,hold,2.0,0.0,13.5312,66,601634628,353,81027,60043,156829,4
hold_2v,hold,2.0,0.0,13.5375,67,601643149,354,118072,60075,156840,4
hold_2v,hold,2.0,0.0,13.5564,68,601660931,353,4310,60053,156844,4
hold_2v,hold,2.0,0.0,13.5755,69,601679678,353,54075,60050,156844,4
hold_2v,hold,2.0,0.0,13.5966,70,601702202,353,119122,60070,156842,4
hold_2v,hold,2.0,0.0,13.6156,71,601720991,353,19945,60048,156835,4
hold_2v,hold,2.0,0.0,13.6346,72,601739741,353,70508,60047,156860,4
hold_2v,hold,2.0,0.0,13.6546,73,601759725,353,17110,60085,156835,4
hold_2v,hold,2.0,0.0,13.6767,74,601782288,353,88698,60095,156836,4
hold_2v,hold,2.0,0.0,13.6999,75,601804805,353,152565,60038,156822,4
hold_2v,hold,2.0,0.0,13.7201,76,601823596,353,53470,60059,156863,4
hold_2v,hold,2.0,0.0,13.737,77,601842374,346,108648,60046,156812,4
hold_2v,hold,2.0,0.0,13.7602,78,601864870,353,11831,60047,156837,4
hold_2v,hold,2.0,0.0,13.7802,79,601883660,355,68661,60061,156895,4
hold_2v,hold,2.0,0.0,13.7972,80,601902434,355,123065,60064,156844,4
hold_2v,hold,2.0,0.0,13.8196,81,601924957,353,30777,60058,156864,4
hold_2v,hold,2.0,0.0,13.8397,82,601943748,354,87767,60066,156884,4
hold_2v,hold,2.0,0.0,13.8745,83,601971084,353,28544,60088,156837,4
hold_2v,hold,2.0,0.0,13.8861,84,601988169,346,109317,60058,156859,4
hold_2v,hold,2.0,0.0,13.8966,85,602002542,354,42984,60100,156865,4
hold_2v,hold,2.0,0.0,13.9461,86,602025068,353,108008,60036,156815,4
hold_2v,hold,2.0,0.0,13.9608,87,602059702,353,36097,60045,156848,4
hold_2v,hold,2.0,0.0,13.9608,88,602066753,347,136984,60049,156824,4
hold_2v,hold,2.0,0.0,13.9798,89,602085127,353,124139,60032,156810,4
hold_2v,hold,2.0,0.0,14.003,90,602107662,353,34244,60095,156845,4
hold_2v,hold,2.0,0.0,14.0209,91,602126440,353,89554,60056,156870,4
hold_2v,hold,2.0,0.0,14.0314,92,602137245,353,43980,60058,156866,4
hold_2v,hold,2.0,0.0,14.042,93,602147064,353,144665,60106,156864,4
hold_2v,hold,2.0,0.0,14.061,94,602166478,346,150662,60059,156863,4
hold_2v,hold,2.0,0.0,14.0853,95,602189015,354,60943,60040,156835,4
hold_2v,hold,2.0,0.0,14.1021,96,602207762,351,110881,60062,156881,4
hold_2v,hold,2.0,0.0,14.1221,97,602227812,353,68311,60043,156880,4
hold_2v,hold,2.0,0.0,14.1411,98,602246565,354,119134,60054,156854,4
hold_2v,hold,2.0,0.0,14.1654,99,602269118,353,31795,60082,156842,4
hold_2v,hold,2.0,0.0,14.1834,100,602287875,354,83413,60055,156828,4
hold_2v,hold,2.0,0.0,14.2024,101,602307889,354,35409,60090,156844,4
hold_2v,hold,2.0,0.0,14.2224,102,602327877,353,139542,60082,156826,4
hold_2v,hold,2.0,0.0,14.2446,103,602350439,353,53988,60093,156872,4
hold_2v,hold,2.0,0.0,14.2646,104,602369219,354,109503,60059,156862,4
hold_2v,hold,2.0,0.0,14.2856,105,602391744,353,17085,60044,156851,4
hold_2v,hold,2.0,0.0,14.3046,106,602410502,355,68716,60095,156859,4
hold_2v,hold,2.0,0.0,14.3246,107,602429277,354,123077,60054,156865,4
hold_2v,hold,2.0,0.0,14.3478,108,602451814,354,32820,60101,156880,4
hold_2v,hold,2.0,0.0,14.3646,109,602470567,353,83380,60095,156867,4
hold_2v,hold,2.0,0.0,14.3878,110,602493118,354,151785,60097,156866,4
hold_2v,hold,2.0,0.0,14.4057,111,602511877,352,46280,60101,156875,4
hold_2v,hold,2.0,0.0,14.4299,112,602534407,353,112277,60050,156851,4
hold_2v,hold,2.0,0.0,14.4468,113,602553188,355,10173,60094,156868,4
hold_2v,hold,2.0,0.0,14.4658,114,602571974,358,66603,60043,156834,4
hold_2v,hold,2.0,0.0,14.4889,115,602594495,353,131147,60052,156832,4
hold_2v,hold,2.0,0.0,14.5069,116,602613255,354,25801,60077,156912,4
hold_2v,hold,2.0,0.0,14.5322,117,602636958,353,133474,60056,156862,4
hold_2v,hold,2.0,0.0,14.5353,118,602637929,353,141683,60049,156863,0
hold_2v,hold,2.0,0.0,14.5469,119,602653294,354,87353,60054,156842,4
hold_2v,hold,2.0,0.0,14.5701,120,602675842,354,156164,60049,156870,4
hold_2v,hold,2.0,0.0,14.5904,121,602694620,357,54513,60097,156876,4
hold_2v,hold,2.0,0.0,14.6161,122,602717126,353,115675,60071,156874,4
hold_2v,hold,2.0,0.0,14.6298,123,602734666,353,117353,60054,156851,4
hold_2v,hold,2.0,0.0,14.651,124,602757173,353,22577,60046,156848,4
hold_2v,hold,2.0,0.0,14.6711,125,602775952,350,78040,60080,156829,4
hold_2v,hold,2.0,0.0,14.6924,126,602798471,354,141641,60061,156865,4
hold_2v,hold,2.0,0.0,14.7105,127,602817260,357,41507,60103,156866,4
hold_2v,hold,2.0,0.0,14.7297,0,602836016,347,92503,60065,156883,4
hold_2v,hold,2.0,0.0,14.7519,1,602858569,353,4352,60066,156884,4
hold_2v,hold,2.0,0.0,14.771,2,602877322,360,54897,60073,156908,4
hold_2v,hold,2.0,0.0,14.7901,3,602896099,354,109434,60067,156887,4
hold_2v,hold,2.0,0.0,14.8102,4,602916129,353,63811,60041,156820,4
hold_2v,hold,2.0,0.0,14.8346,5,602939861,353,20132,60087,156854,4
hold_2v,hold,2.0,0.0,14.8516,6,602958670,354,80322,60090,156861,4
hold_2v,hold,2.0,0.0,14.8707,7,602977454,354,136405,60060,156864,4
hold_2v,hold,2.0,0.0,14.8952,8,602999979,353,44619,60043,156849,4
hold_2v,hold,2.0,0.0,14.9132,9,603018732,353,95272,60043,156816,4
hold_2v,hold,2.0,0.0,14.9312,10,603037514,352,151764,60090,156825,4
hold_2v,hold,2.0,0.0,14.9545,11,603060038,354,59266,60090,156868,4
hold_2v,hold,2.0,0.0,14.9725,12,603078798,355,111561,60085,156855,4
hold_2v,hold,2.0,0.0,14.9916,13,603098821,354,64482,60052,156870,4
hold_2v,hold,2.0,0.0,15.0151,14,603121340,353,128095,60052,156856,4
hold_2v,hold,2.0,0.0,15.0363,15,603141313,354,72568,60049,156850,4
hold_2v,hold,2.0,0.0,15.0384,16,603142287,360,81227,60072,156828,0
hold_2v,hold,2.0,0.0,15.0522,17,603158903,354,82494,60061,156895,4
hold_2v,hold,2.0,0.0,15.0755,18,603181432,354,147488,60107,156890,4
hold_2v,hold,2.0,0.0,15.0935,19,603200213,353,45889,60057,156865,4
hold_2v,hold,2.0,0.0,15.1115,20,603218974,354,98200,60058,156866,4
hold_2v,hold,2.0,0.0,15.1317,21,603238960,353,44450,60105,156873,4
hold_2v,hold,2.0,0.0,15.173,22,603268832,353,103280,60041,156832,4
hold_2v,hold,2.0,0.0,15.1805,23,603285922,353,28302,60079,156914,4
hold_2v,hold,2.0,0.0,15.1954,24,603300320,356,122589,60075,156890,4
hold_2v,hold,2.0,0.0,15.2252,25,603322845,354,29595,60103,156879,4
hold_2v,hold,2.0,0.0,15.2401,26,603341084,354,149351,60062,156885,4
hold_2v,hold,2.0,0.0,15.254,27,603360414,353,140995,60088,156872,4
hold_2v,hold,2.0,0.0,15.2773,28,603382919,354,44969,60103,156871,4
hold_2v,hold,2.0,0.0,15.2964,29,603401701,354,101078,60045,156817,4
hold_2v,hold,2.0,0.0,15.3165,30,603424229,354,9670,60094,156858,4
hold_2v,hold,2.0,0.0,15.3365,31,603444250,354,119063,60082,156860,4
hold_2v,hold,2.0,0.0,15.3554,32,603463004,353,13665,60038,156822,4
hold_2v,hold,2.0,0.0,15.3787,33,603485556,354,83419,60044,156838,4
hold_2v,hold,2.0,0.0,15.3968,34,603504308,354,134643,60034,156813,4
hold_2v,hold,2.0,0.0,15.4159,35,603523034,356,24200,60056,156851,4
hold_2v,hold,2.0,0.0,15.4402,36,603545596,355,95596,60047,156838,4
hold_2v,hold,2.0,0.0,15.457,37,603564374,348,150353,60074,156842,4
hold_2v,hold,2.0,0.0,15.4759,38,603583156,354,49042,60066,156891,4
hold_2v,hold,2.0,0.0,15.5002,39,603605692,352,115817,60050,156839,4
hold_2v,hold,2.0,0.0,15.5171,40,603624444,353,8988,60104,156886,4
hold_2v,hold,2.0,0.0,15.5403,41,603644402,350,107302,60088,156839,4
hold_2v,hold,2.0,0.0,15.5403,42,603645355,353,112328,60051,156859,0
hold_2v,hold,2.0,0.0,15.5603,43,603665745,355,127476,60053,156851,4
hold_2v,hold,2.0,0.0,15.5772,44,603684507,358,23242,60053,156854,4
hold_2v,hold,2.0,0.0,15.6004,45,603707059,354,92440,60096,156856,4
hold_2v,hold,2.0,0.0,15.6205,46,603725834,353,147320,60053,156843,4
hold_2v,hold,2.0,0.0,15.6405,47,603748339,353,52173,60048,156830,4
hold_2v,hold,2.0,0.0,15.6605,48,603767120,354,107980,60105,156853,4
hold_2v,hold,2.0,0.0,15.6795,49,603785899,354,6106,60088,156842,4
hold_2v,hold,2.0,0.0,15.7006,50,603808402,353,67084,60064,156862,4
hold_2v,hold,2.0,0.0,15.7227,51,603828391,353,14808,60051,156840,4
hold_2v,hold,2.0,0.0,15.7396,52,603847182,354,72847,60039,156821,4
hold_2v,hold,2.0,0.0,15.7596,53,603865955,355,127409,60053,156888,4
hold_2v,hold,2.0,0.0,15.7807,54,603887240,355,137811,60036,156859,4
hold_2v,hold,2.0,0.0,15.802,55,603908509,353,145857,60068,156861,4
hold_2v,hold,2.0,0.0,15.823,56,603929793,353,156196,60033,156827,4
hold_2v,hold,2.0,0.0,15.8409,57,603947302,360,152606,60087,156863,4
hold_2v,hold,2.0,0.0,15.862,58,603968572,354,3648,60099,156864,4
hold_2v,hold,2.0,0.0,15.882,59,603989858,353,14258,60005,156825,4
hold_2v,hold,2.0,0.0,15.901,60,604008618,353,66532,60057,156843,4
hold_2v,hold,2.0,0.0,15.92,61,604027395,347,121280,60057,156838,4
hold_2v,hold,2.0,0.0,15.9421,62,604049921,354,29151,60053,156870,4
hold_2v,hold,2.0,0.0,15.9611,63,604068655,352,76827,60051,156862,4
hold_2v,hold,2.0,0.0,15.98,64,604087461,358,136981,60050,156845,4
hold_2v,hold,2.0,0.0,16.0032,65,604109982,354,45115,60036,156803,4
hold_2v,hold,2.0,0.0,16.0254,66,604131253,353,54447,60040,156816,4
hold_2v,hold,2.0,0.0,16.0349,67,604142747,352,126574,60043,156822,4
hold_2v,hold,2.0,0.0,16.0454,68,604151048,353,126173,60080,156820,4
hold_2v,hold,2.0,0.0,16.0623,69,604170060,353,64804,60092,156838,4
hold_2v,hold,2.0,0.0,16.0814,70,604188802,354,114039,60059,156865,4
hold_2v,hold,2.0,0.0,16.1048,71,604211339,360,24277,60077,156821,4
hold_2v,hold,2.0,0.0,16.1218,72,604230090,351,75010,60095,156847,4
hold_2v,hold,2.0,0.0,16.1504,73,604252641,354,144299,60109,156882,4
hold_2v,hold,2.0,0.0,16.1632,74,604270159,354,142263,60051,156832,4
hold_2v,hold,2.0,0.0,16.1845,75,604292684,354,50458,60060,156890,4
hold_2v,hold,2.0,0.0,16.2047,76,604311476,353,107771,60049,156828,4
hold_2v,hold,2.0,0.0,16.2217,77,604330225,354,1602,60080,156830,4
hold_2v,hold,2.0,0.0,16.245,78,604352723,353,62152,60041,156845,4
hold_2v,hold,2.0,0.0,16.2662,79,604371507,353,118714,60078,156835,4
hold_2v,hold,2.0,0.0,16.2864,80,604394033,360,26795,60092,156852,4
hold_2v,hold,2.0,0.0,16.3054,81,604412814,353,82528,60088,156849,4
hold_2v,hold,2.0,0.0,16.3245,82,604431568,351,133576,60047,156850,4
hold_2v,hold,2.0,0.0,16.3446,83,604451620,353,91661,60076,156812,4
hold_2v,hold,2.0,0.0,16.3658,84,604474118,356,152530,60090,156856,4
hold_2v,hold,2.0,0.0,16.3849,85,604492897,355,50923,60049,156862,4
hold_2v,hold,2.0,0.0,16.4051,86,604511683,353,107518,60098,156874,4
hold_2v,hold,2.0,0.0,16.4283,87,604535454,354,70293,60044,156836,4
hold_2v,hold,2.0,0.0,16.4516,88,604554003,354,86595,60046,156849,4
hold_2v,hold,2.0,0.0,16.4749,89,604583006,353,155185,60050,156823,4
hold_2v,hold,2.0,0.0,16.4865,90,604593814,359,110490,60054,156839,4
hold_2v,hold,2.0,0.0,16.5204,91,604614291,354,141134,60080,156832,4
hold_2v,hold,2.0,0.0,16.5374,92,604636192,352,99715,60058,156880,4
hold_2v,hold,2.0,0.0,16.55,93,604655174,354,32435,60051,156851,4
hold_2v,hold,2.0,0.0,16.55,94,604656118,354,36038,60093,156838,0
hold_2v,hold,2.0,0.0,16.5669,95,604673090,353,98648,60041,156823,4
hold_2v,hold,2.0,0.0,16.59,96,604696883,352,65625,60098,156878,4
hold_2v,hold,2.0,0.0,16.6069,97,604715628,354,115074,60090,156857,4
hold_2v,hold,2.0,0.0,16.6301,98,604738161,361,24663,60079,156845,4
hold_2v,hold,2.0,0.0,16.6501,99,604756941,354,80311,60082,156837,4
hold_2v,hold,2.0,0.0,16.6713,100,604779471,353,146982,60083,156818,4
hold_2v,hold,2.0,0.0,16.6903,101,604798255,353,46733,60035,156812,4
hold_2v,hold,2.0,0.0,16.7103,102,604818243,347,151587,60036,156811,4
hold_2v,hold,2.0,0.0,16.7335,103,604840781,353,62165,60041,156840,4
hold_2v,hold,2.0,0.0,16.7514,104,604859529,353,112465,60074,156819,4
hold_2v,hold,2.0,0.0,16.7704,105,604878309,354,11957,60034,156818,4
hold_2v,hold,2.0,0.0,16.7925,106,604900842,353,78647,60050,156843,4
hold_2v,hold,2.0,0.0,16.8114,107,604919588,353,128180,60045,156856,4
hold_2v,hold,2.0,0.0,16.8347,108,604942126,357,38256,60046,156832,4
hold_2v,hold,2.0,0.0,16.8516,109,604960904,360,93527,60060,156861,4
hold_2v,hold,2.0,0.0,16.8748,110,604983429,354,1322,60079,156838,4
hold_2v,hold,2.0,0.0,16.8948,111,605002186,353,53138,60063,156884,4
hold_2v,hold,2.0,0.0,16.9118,112,605020967,360,108676,60092,156850,4
hold_2v,hold,2.0,0.0,16.9402,113,605043491,353,16769,60039,156810,4
hold_2v,hold,2.0,0.0,16.9549,114,605062251,354,69310,60085,156834,4
hold_2v,hold,2.0,0.0,16.976,115,605084797,349,138031,60055,156847,4
hold_2v,hold,2.0,0.0,16.9949,116,605103558,354,33165,60063,156865,4
hold_2v,hold,2.0,0.0,17.0171,117,605126085,354,98029,60079,156835,4
hold_2v,hold,2.0,0.0,17.0403,118,605146043,354,39942,60106,156885,4
hold_2v,hold,2.0,0.0,17.0403,119,605147020,354,48732,60097,156882,0
hold_2v,hold,2.0,0.0,17.0551,120,605163634,354,49760,60040,156805,4
hold_2v,hold,2.0,0.0,17.0774,121,605186157,354,114280,60051,156861,4
hold_2v,hold,2.0,0.0,17.0965,122,605204947,353,14622,60049,156848,4
hold_2v,hold,2.0,0.0,17.1166,123,605224933,354,118177,60084,156848,4
hold_2v,hold,2.0,0.0,17.1401,124,605246229,353,130959,60036,156855,4
hold_2v,hold,2.0,0.0,17.1613,125,605266248,353,84222,60035,156816,4
hold_2v,hold,2.0,0.0,17.1784,126,605286262,354,35785,60094,156875,4
hold_2v,hold,2.0,0.0,17.1954,127,605305026,353,88456,60048,156844,4
hold_2v,hold,2.0,0.0,17.2209,0,605327579,353,156779,60053,156878,4
hold_2v,hold,2.0,0.0,17.2401,1,605347594,354,108892,60051,156864,4
hold_2v,hold,2.0,0.0,17.257,2,605366357,354,5170,60088,156846,4
hold_2v,hold,2.0,0.0,17.2803,3,605388879,353,69870,60042,156847,4
hold_2v,hold,2.0,0.0,17.3004,4,605407665,351,126877,60025,156816,4
hold_2v,hold,2.0,0.0,17.3165,5,605426443,354,25536,60047,156835,4
hold_2v,hold,2.0,0.0,17.3398,6,605448939,353,85883,60049,156836,4
hold_2v,hold,2.0,0.0,17.3599,7,605467720,354,141940,60050,156855,4
hold_2v,hold,2.0,0.0,17.3821,8,605490241,353,50118,60034,156802,4
hold_2v,hold,2.0,0.0,17.4012,9,605510233,354,155175,60080,156854,4
hold_2v,hold,2.0,0.0,17.4203,10,605529017,353,55172,60051,156836,4
hold_2v,hold,2.0,0.0,17.4405,11,605547797,353,111034,60089,156838,4
hold_2v,hold,2.0,0.0,17.4606,12,605570329,354,20114,60058,156883,4
hold_2v,hold,2.0,0.0,17.4798,13,605589078,353,70263,60056,156847,4
hold_2v,hold,2.0,0.0,17.501,14,605607883,354,129770,60069,156863,4
hold_2v,hold,2.0,0.0,17.5212,15,605630387,354,34182,60076,156824,4
hold_2v,hold,2.0,0.0,17.5404,16,605645394,348,76071,60042,156842,4
hold_2v,hold,2.0,0.0,17.5457,17,605653913,352,112863,60025,156813,4
hold_2v,hold,2.0,0.0,17.5616,18,605671664,359,150788,60046,156848,4
hold_2v,hold,2.0,0.0,17.5806,19,605690443,352,49265,60050,156835,4
hold_2v,hold,2.0,0.0,17.5997,20,605709204,353,101673,60050,156862,4
hold_2v,hold,2.0,0.0,17.622,21,605731728,353,9345,60046,156851,4
hold_2v,hold,2.0,0.0,17.6434,22,605750535,354,69146,60064,156858,4
hold_2v,hold,2.0,0.0,17.6635,23,605773035,354,129459,60056,156872,4
hold_2v,hold,2.0,0.0,17.6847,24,605793031,350,78147,60094,156865,4
hold_2v,hold,2.0,0.0,17.7016,25,605811834,351,137725,60045,156836,4
hold_2v,hold,2.0,0.0,17.7207,26,605830596,354,33044,60096,156870,4
hold_2v,hold,2.0,0.0,17.7793,27,605884351,353,73410,60048,156835,4
hold_2v,hold,2.0,0.0,17.7814,28,605885299,356,77623,60050,156851,0
hold_2v,hold,2.0,0.0,17.7857,29,605893533,347,65729,60059,156866,4
hold_2v,hold,2.0,0.0,17.8153,30,605913200,353,114824,60096,156864,4
hold_2v,hold,2.0,0.0,17.8323,31,605933833,353,15246,60039,156819,4
hold_2v,hold,2.0,0.0,17.8418,32,605952752,352,94823,60033,156805,4
hold_2v,hold,2.0,0.0,17.8652,33,605973261,353,131421,60049,156840,4
hold_2v,hold,2.0,0.0,17.8822,34,605992025,354,28539,60031,156812,4
hold_2v,hold,2.0,0.0,17.9054,35,606014548,355,93602,60079,156828,4
hold_2v,hold,2.0,0.0,17.9255,36,606033305,353,145502,60042,156842,4
hold_2v,hold,2.0,0.0,17.9425,37,606052085,353,44245,60052,156840,4
hold_2v,hold,2.0,0.0,17.9647,38,606074610,353,109182,60036,156815,4
hold_2v,hold,2.0,0.0,17.9861,39,606094608,353,58215,60054,156851,4
hold_2v,hold,2.0,0.0,18.0052,40,606113414,353,118834,60053,156814,4
hold_2v,hold,2.0,0.0,18.0265,41,606135912,354,22318,60055,156860,4
hold_2v,hold,2.0,0.0,18.0371,42,606147407,353,94448,60033,156789,4
hold_2v,hold,2.0,0.0,18.0445,43,606155730,353,97935,60040,156808,4
hold_2v,hold,2.0,0.0,18.0658,44,606173454,354,131566,60073,156813,4
hold_2v,hold,2.0,0.0,18.086,45,606195977,360,39912,60079,156827,4
hold_2v,hold,2.0,0.0,18.1061,46,606215995,350,149573,60051,156828,4
hold_2v,hold,2.0,0.0,18.1251,47,606234752,353,44427,60055,156871,4
hold_2v,hold,2.0,0.0,18.1484,48,606257278,353,109760,60046,156834,4
hold_2v,hold,2.0,0.0,18.1664,49,606276061,352,9286,60049,156844,4
hold_2v,hold,2.0,0.0,18.1846,50,606294846,349,65834,60045,156832,4
hold_2v,hold,2.0,0.0,18.208,51,606317335,353,124851,60043,156816,4
hold_2v,hold,2.0,0.0,18.2272,52,606336121,359,24862,60055,156855,4
hold_2v,hold,2.0,0.0,18.2463,53,606354900,347,80366,60053,156861,4
hold_2v,hold,2.0,0.0,18.2698,54,606378633,354,37361,60094,156856,4
hold_2v,hold,2.0,0.0,18.2867,55,606397419,354,94627,60035,156819,4
hold_2v,hold,2.0,0.0,18.3056,56,606416197,353,150297,60071,156803,4
hold_2v,hold,2.0,0.0,18.3298,57,606438720,353,58090,60047,156850,4
hold_2v,hold,2.0,0.0,18.3478,58,606457505,353,114132,60049,156854,4
hold_2v,hold,2.0,0.0,18.3698,59,606480004,354,16943,60058,156862,4
hold_2v,hold,2.0,0.0,18.3898,60,606498819,353,78248,60060,156880,4
hold_2v,hold,2.0,0.0,18.4113,61,606521310,360,137414,60083,156844,4
hold_2v,hold,2.0,0.0,18.4303,62,606540087,353,35741,60049,156846,4
hold_2v,hold,2.0,0.0,18.4493,63,606558848,353,87907,60048,156862,4
hold_2v,hold,2.0,0.0,18.4714,64,606581403,354,1524,60053,156843,4
hold_2v,hold,2.0,0.0,18.4904,65,606600151,353,52175,60079,156844,4
hold_2v,hold,2.0,0.0,18.5148,66,606622684,354,118485,60066,156880,4
hold_2v,hold,2.0,0.0,18.5327,67,606642703,353,70540,60083,156841,4
hold_2v,hold,2.0,0.0,18.5412,68,606651116,353,89353,60045,156823,4
hold_2v,hold,2.0,0.0,18.5507,69,606661712,354,8550,60058,156867,4
hold_2v,hold,2.0,0.0,18.5749,70,606684004,353,33794,60087,156834,4
hold_2v,hold,2.0,0.0,18.5917,71,606702764,353,86550,60036,156832,4
hold_2v,hold,2.0,0.0,18.616,72,606726528,353,49263,60041,156820,4
hold_2v,hold,2.0,0.0,18.6351,73,606745308,353,105460,60037,156805,4
hold_2v,hold,2.0,0.0,18.6552,74,606764067,354,1059,60084,156841,4
hold_2v,hold,2.0,0.0,18.6764,75,606786591,353,65817,60038,156829,4
hold_2v,hold,2.0,0.0,18.6964,76,606805346,353,117750,60046,156831,4
hold_2v,hold,2.0,0.0,18.7154,77,606825393,354,75086,60036,156815,4
hold_2v,hold,2.0,0.0,18.7335,78,606844143,353,125750,60048,156841,4
hold_2v,hold,2.0,0.0,18.7557,79,606866673,353,34918,60087,156845,4
hold_2v,hold,2.0,0.0,18.7747,80,606885449,354,89912,60098,156866,4
hold_2v,hold,2.0,0.0,18.7948,81,606904199,353,140189,60056,156854,4
hold_2v,hold,2.0,0.0,18.8159,82,606926731,353,49120,60085,156856,4
hold_2v,hold,2.0,0.0,18.8348,83,606945510,353,104449,60053,156880,4
hold_2v,hold,2.0,0.0,18.8548,84,606965481,353,48839,60048,156850,4
hold_2v,hold,2.0,0.0,18.8738,85,606984291,354,109821,60049,156851,4
hold_2v,hold,2.0,0.0,18.8959,86,607006818,353,18275,60072,156814,4
hold_2v,hold,2.0,0.0,18.9149,87,607025606,353,75165,60075,156820,4
hold_2v,hold,2.0,0.0,18.9349,88,607044355,353,125672,60053,156863,4
hold_2v,hold,2.0,0.0,18.9559,89,607066911,353,39009,60049,156852,4
hold_2v,hold,2.0,0.0,18.975,90,607085671,353,91040,60049,156840,4
hold_2v,hold,2.0,0.0,18.9972,91,607108193,353,155768,60049,156860,4
hold_2v,hold,2.0,0.0,19.0161,92,607126947,353,50643,60029,156789,4
hold_2v,hold,2.0,0.0,19.0489,93,607145532,355,73394,60042,156843,4
hold_2v,hold,2.0,0.0,19.0647,94,607162489,353,133298,60051,156859,4
hold_2v,hold,2.0,0.0,19.0679,95,607169555,347,79719,60048,156854,4
hold_2v,hold,2.0,0.0,19.0764,96,607186572,350,149753,60072,156810,4
hold_2v,hold,2.0,0.0,19.0954,97,607207027,353,19974,60040,156832,4
hold_2v,hold,2.0,0.0,19.1303,98,607232011,353,32541,60079,156820,4
hold_2v,hold,2.0,0.0,19.1377,99,607250445,353,29223,60059,156859,4
hold_2v,hold,2.0,0.0,19.1569,100,607268341,353,91285,60055,156857,4
hold_2v,hold,2.0,0.0,19.1761,101,607287091,353,141816,60057,156871,4
hold_2v,hold,2.0,0.0,19.1984,102,607309644,353,54215,60032,156813,4
hold_2v,hold,2.0,0.0,19.2165,103,607328379,354,102769,60039,156817,4
hold_2v,hold,2.0,0.0,19.2408,104,607350930,353,16437,60025,156793,4
hold_2v,hold,2.0,0.0,19.2609,105,607369685,355,68607,60042,156815,4
hold_2v,hold,2.0,0.0,19.2778,106,607389709,354,22423,60042,156819,4
hold_2v,hold,2.0,0.0,19.2968,107,607408464,354,74293,60030,156791,4
hold_2v,hold,2.0,0.0,19.32,108,607430994,354,141186,60069,156801,4
hold_2v,hold,2.0,0.0,19.34,109,607449748,353,36540,60026,156799,4
hold_2v,hold,2.0,0.0,19.3569,110,607468504,353,88425,60057,156852,4
hold_2v,hold,2.0,0.0,19.3801,111,607491032,352,153636,60075,156827,4
hold_2v,hold,2.0,0.0,19.4001,112,607511028,353,103026,60046,156828,4
hold_2v,hold,2.0,0.0,19.4201,113,607529833,353,6436,60055,156857,4
hold_2v,hold,2.0,0.0,19.4401,114,607549859,353,117085,60090,156850,4
hold_2v,hold,2.0,0.0,19.457,115,607568610,353,10838,60085,156854,4
hold_2v,hold,2.0,0.0,19.4802,116,607591143,353,76994,60039,156824,4
hold_2v,hold,2.0,0.0,19.4981,117,607609917,354,132051,60046,156812,4
hold_2v,hold,2.0,0.0,19.5212,118,607632442,357,39932,60057,156857,4
hold_2v,hold,2.0,0.0,19.5423,119,607652411,354,141289,60077,156811,4
hold_2v,hold,2.0,0.0,19.5455,120,607653354,353,144774,60029,156811,0
hold_2v,hold,2.0,0.0,19.5602,121,607669970,354,146194,60051,156860,4
hold_2v,hold,2.0,0.0,19.5813,122,607692501,358,55417,60089,156858,4
hold_2v,hold,2.0,0.0,19.6002,123,607711254,357,106210,60033,156862,4
hold_2v,hold,2.0,0.0,19.6223,124,607733785,353,16152,60080,156830,4
hold_2v,hold,2.0,0.0,19.6413,125,607752540,354,67477,60031,156830,4
hold_2v,hold,2.0,0.0,19.6603,126,607771318,353,123212,60050,156839,4
hold_2v,hold,2.0,0.0,19.6824,127,607793824,354,28109,60047,156839,4
hold_2v,hold,2.0,0.0,19.7013,0,607812578,354,79616,60052,156833,4
hold_2v,hold,2.0,0.0,19.7214,1,607832619,353,35438,60049,156857,4
hold_2v,hold,2.0,0.0,19.7446,2,607855183,353,107010,60079,156833,4
hold_2v,hold,2.0,0.0,19.7615,3,607873900,353,151983,60057,156837,4
hold_2v,hold,2.0,0.0,19.7805,4,607892692,358,52550,60045,156833,4
hold_2v,hold,2.0,0.0,19.8047,5,607915217,353,117340,60038,156816,4
hold_2v,hold,2.0,0.0,19.8215,6,607933995,353,15956,60037,156816,4
hold_2v,hold,2.0,0.0,19.8447,7,607956530,354,82696,60031,156824,4
hold_2v,hold,2.0,0.0,19.8647,8,607975303,353,137183,60044,156851,4
hold_2v,hold,2.0,0.0,19.8815,9,607994026,353,26911,60043,156826,4
hold_2v,hold,2.0,0.0,19.9047,10,608016585,353,98058,60074,156839,4
hold_2v,hold,2.0,0.0,19.9247,11,608035329,350,148149,60036,156826,4
hold_2v,hold,2.0,0.0,19.9457,12,608057896,353,63828,60044,156833,4
hold_2v,hold,2.0,0.0,19.9647,13,608076642,353,114149,60037,156816,4
hold_2v,hold,2.0,0.0,19.9868,14,608099168,352,22119,60052,156845,4
hold_2v,hold,2.0,0.0,20.0057,15,608117898,353,69154,60052,156859,4
hold_2v,hold,2.0,0.0,20.0311,16,608140443,357,137842,60035,156794,4
hold_2v,hold,2.0,0.0,20.0406,17,608153205,354,111943,60087,156828,4
hold_2v,hold,2.0,0.0,20.0511,18,608161533,354,116040,60084,156856,4
hold_2v,hold,2.0,0.0,20.068,19,608179245,354,146671,60040,156875,4
hold_2v,hold,2.0,0.0,20.087,20,608198004,351,41519,60052,156850,4
hold_2v,hold,2.0,0.0,20.106,21,608218024,358,151279,60085,156814,4
hold_2v,hold,2.0,0.0,20.1323,22,608240549,354,59284,60052,156861,4
hold_2v,hold,2.0,0.0,20.1503,23,608260577,353,13580,60041,156821,4
hold_2v,hold,2.0,0.0,20.1672,24,608279357,353,69233,60042,156830,4
hold_2v,hold,2.0,0.0,20.1903,25,608301876,353,133183,60049,156805,4
hold_2v,hold,2.0,0.0,20.2093,26,608320636,353,29126,60035,156822,4
hold_2v,hold,2.0,0.0,20.2314,27,608343160,359,94021,60089,156849,4
hold_2v,hold,2.0,0.0,20.2514,28,608363157,354,43251,60080,156823,4
hold_2v,hold,2.0,0.0,20.2704,29,608381962,353,103732,60085,156823,4
hold_2v,hold,2.0,0.0,20.2904,30,608401922,353,46784,60072,156823,4
hold_2v,hold,2.0,0.0,20.3114,31,608424454,354,113586,60076,156816,4
hold_2v,hold,2.0,0.0,20.3451,32,608443237,353,13409,60035,156824,4
hold_2v,hold,2.0,0.0,20.3652,33,608465041,352,112802,60052,156849,4
hold_2v,hold,2.0,0.0,20.3746,34,608486473,354,148820,60043,156832,4
hold_2v,hold,2.0,0.0,20.3915,35,608503296,353,28849,60076,156806,4
hold_2v,hold,2.0,0.0,20.4252,36,608528330,353,50605,60043,156837,4
hold_2v,hold,2.0,0.0,20.4346,37,608546711,357,38429,60086,156834,4
hold_2v,hold,2.0,0.0,20.4557,38,608564597,353,98878,60038,156835,4
hold_2v,hold,2.0,0.0,20.4799,39,608587131,360,8632,60048,156833,4
hold_2v,hold,2.0,0.0,20.4999,40,608609656,355,73727,60088,156843,4
hold_2v,hold,2.0,0.0,20.5167,41,608629670,353,25605,60048,156839,4
hold_2v,hold,2.0,0.0,20.5368,42,608648433,360,78722,60096,156847,4
hold_2v,hold,2.0,0.0,20.5452,43,608656895,354,105497,60059,156862,4
hold_2v,hold,2.0,0.0,20.5547,44,608668710,353,75108,60043,156822,4
hold_2v,hold,2.0,0.0,20.5768,45,608689709,357,38468,60032,156805,4
hold_2v,hold,2.0,0.0,20.5958,46,608708489,353,94877,60049,156837,4
hold_2v,hold,2.0,0.0,20.62,47,608731026,353,5081,60043,156837,4
hold_2v,hold,2.0,0.0,20.6368,48,608749799,354,59687,60085,156843,4
hold_2v,hold,2.0,0.0,20.66,49,608772322,360,124608,60034,156806,4
hold_2v,hold,2.0,0.0,20.68,50,608791083,353,20529,60053,156856,4
hold_2v,hold,2.0,0.0,20.701,51,608813577,354,80309,60083,156818,4
hold_2v,hold,2.0,0.0,20.7232,52,608832389,354,141415,60056,156872,4
hold_2v,hold,2.0,0.0,20.7411,53,608853646,353,147516,60065,156858,4
hold_2v,hold,2.0,0.0,20.7601,54,608872431,353,47093,60104,156884,4
hold_2v,hold,2.0,0.0,20.7833,55,608894934,360,107943,60094,156873,4
hold_2v,hold,2.0,0.0,20.8012,56,608912472,354,109331,60063,156897,4
hold_2v,hold,2.0,0.0,20.8222,57,608934969,353,12089,60058,156878,4
hold_2v,hold,2.0,0.0,20.8412,58,608953757,354,68816,60104,156891,4
hold_2v,hold,2.0,0.0,20.8612,59,608973772,353,20179,60061,156869,4
hold_2v,hold,2.0,0.0,20.8801,60,608992560,359,76784,60059,156877,4
hold_2v,hold,2.0,0.0,20.9022,61,609015082,353,140309,60061,156859,4
hold_2v,hold,2.0,0.0,20.9222,62,609033862,353,38846,60029,156805,4
hold_2v,hold,2.0,0.0,20.9444,63,609052567,354,82308,60081,156831,4
hold_2v,hold,2.0,0.0,20.9613,64,609073880,353,98248,60058,156834,4
hold_2v,hold,2.0,0.0,20.9803,65,609092688,353,1915,60077,156827,4
hold_2v,hold,2.0,0.0,21.0024,66,609115163,353,58297,60088,156832,4
hold_2v,hold,2.0,0.0,21.0214,67,609133970,353,118443,60056,156862,4
hold_2v,hold,2.0,0.0,21.0426,68,609153913,353,57741,60090,156858,4
hold_2v,hold,2.0,0.0,21.0447,69,609154890,355,67060,60051,156860,0
hold_2v,hold,2.0,0.0,21.0626,70,609175226,354,73694,60047,156803,4
hold_2v,hold,2.0,0.0,21.0806,71,609194010,354,130372,60047,156838,4
hold_2v,hold,2.0,0.0,21.1006,72,609212791,354,29537,60049,156854,4
hold_2v,hold,2.0,0.0,21.1227,73,609235315,356,94374,60090,156879,4
hold_2v,hold,2.0,0.0,21.1427,74,609255280,355,37340,60054,156858,4
hold_2v,hold,2.0,0.0,21.1607,75,609274118,353,102461,60064,156871,4
hold_2v,hold,2.0,0.0,21.1796,76,609292903,353,1722,60095,156858,4
hold_2v,hold,2.0,0.0,21.2017,77,609315393,353,59777,60064,156897,4
hold_2v,hold,2.0,0.0,21.2207,78,609334172,354,114178,60068,156900,4
hold_2v,hold,2.0,0.0,21.244,79,609356733,354,27919,60065,156880,4
hold_2v,hold,2.0,0.0,21.2661,80,609375486,353,78486,60039,156839,4
hold_2v,hold,2.0,0.0,21.2851,81,609396770,353,88416,60059,156894,4
hold_2v,hold,2.0,0.0,21.3019,82,609415526,361,139313,60055,156874,4
hold_2v,hold,2.0,0.0,21.3251,83,609438082,353,51653,60108,156897,4
hold_2v,hold,2.0,0.0,21.3472,84,609456841,354,102791,60066,156902,4
hold_2v,hold,2.0,0.0,21.3662,85,609479366,354,10497,60047,156840,4
hold_2v,hold,2.0,0.0,21.3851,86,609498144,357,65848,60090,156878,4
hold_2v,hold,2.0,0.0,21.4072,87,609520643,353,125704,60045,156858,4
hold_2v,hold,2.0,0.0,21.4262,88,609539396,353,19356,60068,156897,4
hold_2v,hold,2.0,0.0,21.4452,89,609558206,354,79694,60054,156834,4
hold_2v,hold,2.0,0.0,21.4673,90,609580709,354,141135,60047,156856,4
hold_2v,hold,2.0,0.0,21.4883,91,609599487,360,39634,60096,156872,4
hold_2v,hold,2.0,0.0,21.5073,92,609619539,362,154431,60049,156813,4
hold_2v,hold,2.0,0.0,21.5304,93,609642039,353,58128,60041,156862,4
hold_2v,hold,2.0,0.0,21.541,94,609654562,351,147643,60062,156865,4
hold_2v,hold,2.0,0.0,21.5504,95,609662982,352,10395,60038,156819,4
hold_2v,hold,2.0,0.0,21.5715,96,609680836,358,65503,60091,156849,4
hold_2v,hold,2.0,0.0,21.5904,97,609703359,354,130022,60081,156839,4
hold_2v,hold,2.0,0.0,21.6104,98,609722147,354,29979,60057,156854,4
hold_2v,hold,2.0,0.0,21.6315,99,609744669,358,93861,60059,156882,4
hold_2v,hold,2.0,0.0,21.6673,100,609770743,347,134467,60097,156884,4
hold_2v,hold,2.0,0.0,21.6778,101,609787888,356,68768,60049,156855,4
hold_2v,hold,2.0,0.0,21.7052,102,609804704,354,104373,60051,156832,4
hold_2v,hold,2.0,0.0,21.722,103,609828071,353,155650,60059,156863,4
hold_2v,hold,2.0,0.0,21.7346,104,609847282,353,127123,60058,156861,4
hold_2v,hold,2.0,0.0,21.7557,105,609869804,353,34052,60059,156854,4
hold_2v,hold,2.0,0.0,21.7758,106,609888590,353,90073,60065,156877,4
hold_2v,hold,2.0,0.0,21.7929,107,609907366,353,144530,60098,156879,4
hold_2v,hold,2.0,0.0,21.8163,108,609929870,353,48449,60096,156864,4
hold_2v,hold,2.0,0.0,21.8376,109,609949889,354,1175,60067,156884,4
hold_2v,hold,2.0,0.0,21.8561,110,609969931,353,113573,60067,156877,4
hold_2v,hold,2.0,0.0,21.8806,111,609992438,353,17790,60062,156884,4
hold_2v,hold,2.0,0.0,21.8983,112,610011221,352,73330,60060,156884,4
hold_2v,hold,2.0,0.0,21.9195,113,610033741,353,137153,60062,156865,4
hold_2v,hold,2.0,0.0,21.9394,114,610052528,353,36818,60055,156855,4
hold_2v,hold,2.0,0.0,21.9614,115,610075057,353,102037,60055,156874,4
hold_2v,hold,2.0,0.0,21.9818,116,610095025,354,46641,60080,156824,4
hold_2v,hold,2.0,0.0,21.9999,117,610113836,349,107563,60055,156842,4
hold_2v,hold,2.0,0.0,22.0223,118,610136359,353,15201,60089,156862,4
hold_2v,hold,2.0,0.0,22.0447,119,610156325,353,114865,60074,156901,4
hold_2v,hold,2.0,0.0,22.0447,120,610157268,354,118358,60099,156892,0
hold_2v,hold,2.0,0.0,22.0638,121,610177627,353,128424,60094,156864,4
hold_2v,hold,2.0,0.0,22.0818,122,610196416,353,27962,60057,156878,4
hold_2v,hold,2.0,0.0,22.1008,123,610215196,354,83099,60051,156857,4
hold_2v,hold,2.0,0.0,22.1261,124,610237721,354,147314,60037,156815,4
hold_2v,hold,2.0,0.0,22.1419,125,610256477,353,42355,60042,156829,4
hold_2v,hold,2.0,0.0,22.1609,126,610275260,354,97879,60102,156903,4
hold_2v,hold,2.0,0.0,22.1851,127,610297789,353,6413,60045,156835,4
hold_2v,hold,2.0,0.0,22.203,0,610316570,353,62219,60099,156851,4
hold_2v,hold,2.0,0.0,22.2251,1,610337855,354,72611,60064,156898,4
hold_2v,hold,2.0,0.0,22.242,2,610356607,360,123173,60059,156879,4
hold_2v,hold,2.0,0.0,22.2652,3,610379130,353,30748,60053,156868,4
hold_2v,hold,2.0,0.0,22.2854,4,610399129,349,136148,60060,156886,4
hold_2v,hold,2.0,0.0,22.3045,5,610417910,353,34744,60047,156843,4
hold_2v,hold,2.0,0.0,22.3259,6,610436688,354,90232,60073,156825,4
hold_2v,hold,2.0,0.0,22.3472,7,610460459,354,53604,60055,156863,4
hold_2v,hold,2.0,0.0,22.3662,8,610479239,354,108930,60061,156867,4
hold_2v,hold,2.0,0.0,22.3834,9,610498021,353,7746,60056,156856,4
hold_2v,hold,2.0,0.0,22.4058,10,610520525,354,69204,60057,156855,4
hold_2v,hold,2.0,0.0,22.4262,11,610539297,347,123201,60090,156848,4
hold_2v,hold,2.0,0.0,22.4475,12,610561832,354,32910,60048,156852,4
hold_2v,hold,2.0,0.0,22.4667,13,610580583,353,83400,60041,156842,4
hold_2v,hold,2.0,0.0,22.4847,14,610599357,351,138025,60096,156865,4
hold_2v,hold,2.0,0.0,22.508,15,610621863,354,42514,60056,156865,4
hold_2v,hold,2.0,0.0,22.5272,16,610640671,354,102691,60093,156863,4
hold_2v,hold,2.0,0.0,22.5468,17,610659360,351,142704,60045,156850,4
hold_2v,hold,2.0,0.0,22.5522,18,610664668,353,103917,60054,156857,4
hold_2v,hold,2.0,0.0,22.5674,19,610680682,356,3157,60086,156842,4
hold_2v,hold,2.0,0.0,22.5902,20,610704478,355,127544,60049,156848,4
hold_2v,hold,2.0,0.0,22.6101,21,610723259,353,26056,60060,156887,4
hold_2v,hold,2.0,0.0,22.6306,22,610745757,353,85986,60055,156859,4
hold_2v,hold,2.0,0.0,22.6503,23,610764569,353,146591,60092,156858,4
hold_2v,hold,2.0,0.0,22.673,24,610787067,353,49616,60067,156877,4
hold_2v,hold,2.0,0.0,22.6923,25,610805844,354,104559,60064,156862,4
hold_2v,hold,2.0,0.0,22.7135,26,610828379,354,13180,60062,156876,4
hold_2v,hold,2.0,0.0,22.7326,27,610847132,358,63728,60097,156882,4
hold_2v,hold,2.0,0.0,22.7507,28,610865916,354,119992,60072,156871,4
hold_2v,hold,2.0,0.0,22.7741,29,610888443,360,27866,60058,156878,4
hold_2v,hold,2.0,0.0,22.7922,30,610907223,353,82909,60055,156860,4
hold_2v,hold,2.0,0.0,22.8114,31,610925974,354,133582,60098,156865,4
hold_2v,hold,2.0,0.0,22.8337,32,610948525,353,45192,60065,156897,4
hold_2v,hold,2.0,0.0,22.8518,33,610967279,354,96108,60096,156865,4
hold_2v,hold,2.0,0.0,22.8763,34,610989778,353,156267,60095,156849,4
hold_2v,hold,2.0,0.0,22.8945,35,611008587,354,59599,60013,156832,4
hold_2v,hold,2.0,0.0,22.9146,36,611027348,353,112126,60046,156877,4
hold_2v,hold,2.0,0.0,22.9453,37,611047368,347,64962,60052,156834,4
hold_2v,hold,2.0,0.0,22.9655,38,611069168,353,6525,60094,156870,4
hold_2v,hold,2.0,0.0,22.976,39,611090576,357,37951,60052,156856,4
hold_2v,hold,2.0,0.0,23.0024,40,611110967,360,53468,60049,156850,4
hold_2v,hold,2.0,0.0,23.0318,41,611142485,348,78205,60057,156865,4
hold_2v,hold,2.0,0.0,23.0413,42,611151039,352,120636,60046,156874,4
hold_2v,hold,2.0,0.0,23.0445,43,611159531,354,152385,60090,156868,4
hold_2v,hold,2.0,0.0,23.0551,44,611169448,353,112857,60065,156884,4
hold_2v,hold,2.0,0.0,23.0764,45,611190045,354,6323,60029,156815,4
hold_2v,hold,2.0,0.0,23.1006,46,611212543,353,66572,60060,156856,4
hold_2v,hold,2.0,0.0,23.1207,47,611233807,354,73558,60068,156897,4
hold_2v,hold,2.0,0.0,23.1356,48,611250106,354,20814,60062,156885,4
hold_2v,hold,2.0,0.0,23.1579,49,611272630,355,84490,60060,156878,4
hold_2v,hold,2.0,0.0,23.1764,50,611291389,347,136141,60066,156882,4
hold_2v,hold,2.0,0.0,23.2004,51,611313943,354,48514,60067,156873,4
hold_2v,hold,2.0,0.0,23.217,52,611332699,353,99450,60088,156849,4
hold_2v,hold,2.0,0.0,23.2412,53,611355252,354,10999,60122,156921,4
hold_2v,hold,2.0,0.0,23.2614,54,611374030,349,65391,60061,156897,4
hold_2v,hold,2.0,0.0,23.2784,55,611394053,353,17494,60059,156898,4
hold_2v,hold,2.0,0.0,23.3007,56,611416550,352,76519,60061,156868,4
hold_2v,hold,2.0,0.0,23.3198,57,611435354,354,135550,60101,156874,4
hold_2v,hold,2.0,0.0,23.34,58,611454111,355,29804,60098,156878,4
hold_2v,hold,2.0,0.0,23.3605,59,611476636,357,94338,60062,156859,4
hold_2v,hold,2.0,0.0,23.3807,60,611496661,354,47201,60075,156903,4
hold_2v,hold,2.0,0.0,23.4009,61,611516652,354,150846,60059,156870,4
hold_2v,hold,2.0,0.0,23.4201,62,611535462,353,54429,60067,156892,4
hold_2v,hold,2.0,0.0,23.4423,63,611557996,353,120296,60062,156849,4
hold_2v,hold,2.0,0.0,23.4613,64,611576722,354,10103,60083,156830,4
hold_2v,hold,2.0,0.0,23.4849,65,611599302,352,83826,60060,156890,4
hold_2v,hold,2.0,0.0,23.5057,66,611618031,354,130498,60059,156855,4
hold_2v,hold,2.0,0.0,23.5263,67,611640585,353,43083,60057,156872,4
hold_2v,hold,2.0,0.0,23.5457,68,611660549,352,142627,60057,156892,4
hold_2v,hold,2.0,0.0,23.549,69,611661522,354,151080,60088,156869,0
hold_2v,hold,2.0,0.0,23.5631,70,611678109,353,147615,60038,156825,4
hold_2v,hold,2.0,0.0,23.5847,71,611700644,353,56594,60064,156885,4
hold_2v,hold,2.0,0.0,23.6051,72,611719426,353,112094,60057,156868,4
hold_2v,hold,2.0,0.0,23.6274,73,611741922,353,14387,60119,156902,4
hold_2v,hold,2.0,0.0,23.6455,74,611760709,353,70473,60050,156879,4
hold_2v,hold,2.0,0.0,23.6668,75,611783227,353,133608,60102,156879,4
hold_2v,hold,2.0,0.0,23.6859,76,611801990,353,28984,60055,156854,4
hold_2v,hold,2.0,0.0,23.7061,77,611822006,354,137248,60109,156899,4
hold_2v,hold,2.0,0.0,23.7263,78,611840812,354,39315,60096,156850,4
hold_2v,hold,2.0,0.0,23.7485,79,611863320,354,100981,60085,156830,4
hold_2v,hold,2.0,0.0,23.7665,80,611882097,353,155437,60101,156866,4
hold_2v,hold,2.0,0.0,23.7898,81,611904653,353,67764,60097,156865,4
hold_2v,hold,2.0,0.0,23.8099,82,611923406,354,118340,60104,156873,4
hold_2v,hold,2.0,0.0,23.8268,83,611943426,353,70594,60063,156871,4
hold_2v,hold,2.0,0.0,23.8461,84,611962183,360,121727,60060,156891,4
hold_2v,hold,2.0,0.0,23.8704,85,611984733,353,33393,60058,156878,4
hold_2v,hold,2.0,0.0,23.8874,86,612003484,353,83135,60073,156937,4
hold_2v,hold,2.0,0.0,23.9054,87,612022263,354,138244,60057,156854,4
hold_2v,hold,2.0,0.0,23.9289,88,612044814,353,50298,60053,156862,4
hold_2v,hold,2.0,0.0,23.9502,89,612063565,355,100422,60051,156865,4
hold_2v,hold,2.0,0.0,23.9672,90,612083588,354,54148,60030,156806,4
hold_2v,hold,2.0,0.0,23.9905,91,612106110,353,119036,60038,156824,4
hold_2v,hold,2.0,0.0,24.0107,92,612127317,353,116914,60039,156832,4
hold_2v,hold,2.0,0.0,24.0309,93,612146154,354,25267,60057,156863,4
hold_2v,hold,2.0,0.0,24.0447,94,612159917,353,11880,60057,156867,4
hold_2v,hold,2.0,0.0,24.051,95,612168332,354,30537,60065,156873,4
hold_2v,hold,2.0,0.0,24.0713,96,612186192,353,85968,60060,156881,4
hold_2v,hold,2.0,0.0,24.0924,97,612204970,354,140170,60112,156919,4
hold_2v,hold,2.0,0.0,24.1125,98,612227501,353,47580,60077,156923,4
hold_2v,hold,2.0,0.0,24.1304,99,612246284,354,102941,60062,156872,4
hold_2v,hold,2.0,0.0,24.1525,100,612268815,360,11463,60066,156879,4
hold_2v,hold,2.0,0.0,24.1715,101,612287568,353,61987,60068,156870,4
hold_2v,hold,2.0,0.0,24.1904,102,612306348,354,117152,60099,156868,4
hold_2v,hold,2.0,0.0,24.2115,103,612328849,354,20798,60050,156837,4
hold_2v,hold,2.0,0.0,24.2305,104,612347633,348,77090,60055,156852,4
hold_2v,hold,2.0,0.0,24.2653,105,612371423,354,42710,60066,156891,4
hold_2v,hold,2.0,0.0,24.2758,106,612388393,353,103853,60054,156863,4
hold_2v,hold,2.0,0.0,24.2979,107,612408728,354,109950,60101,156875,4
hold_2v,hold,2.0,0.0,24.3211,108,612437741,352,21992,60050,156855,4
hold_2v,hold,2.0,0.0,24.3358,109,612449262,354,98395,60023,156863,4
hold_2v,hold,2.0,0.0,24.3516,110,612469020,354,6505,60054,156864,4
hold_2v,hold,2.0,0.0,24.377,111,612491553,353,72491,60088,156850,4
hold_2v,hold,2.0,0.0,24.3917,112,612509063,354,68395,60090,156858,4
hold_2v,hold,2.0,0.0,24.4149,113,612531610,353,136343,60057,156889,4
hold_2v,hold,2.0,0.0,24.4349,114,612550367,353,30666,60064,156892,4
hold_2v,hold,2.0,0.0,24.456,115,612572863,349,90056,60064,156873,4
hold_2v,hold,2.0,0.0,24.4759,116,612592889,353,43438,60050,156840,4
hold_2v,hold,2.0,0.0,24.4949,117,612611696,353,103663,60074,156889,4
hold_2v,hold,2.0,0.0,24.517,118,612634219,353,10248,60094,156873,4
hold_2v,hold,2.0,0.0,24.5359,119,612652977,353,61586,60069,156885,4
hold_2v,hold,2.0,0.0,24.5466,120,612663801,355,18931,60077,156921,4
hold_2v,hold,2.0,0.0,24.5603,121,612673647,353,123829,60074,156882,4
hold_2v,hold,2.0,0.0,24.5772,122,612694250,354,18321,60097,156884,4
hold_2v,hold,2.0,0.0,24.5962,123,612713032,354,74081,60047,156809,4
hold_2v,hold,2.0,0.0,24.6204,124,612735587,354,143940,60099,156882,4
hold_2v,hold,2.0,0.0,24.6373,125,612754314,353,33092,60086,156844,4
hold_2v,hold,2.0,0.0,24.6604,126,612776868,354,102869,60057,156853,4
hold_2v,hold,2.0,0.0,24.6805,127,612795655,354,2106,60067,156890,4
hold_2v,hold,2.0,0.0,24.6974,0,612814376,354,47241,60086,156833,4
hold_2v,hold,2.0,0.0,24.7195,1,612836932,353,117083,60054,156849,4
hold_2v,hold,2.0,0.0,24.7395,2,612855691,353,12397,60056,156850,4
hold_2v,hold,2.0,0.0,24.7605,3,612878189,353,72355,60048,156846,4
hold_2v,hold,2.0,0.0,24.7805,4,612897001,353,132938,60054,156848,4
hold_2v,hold,2.0,0.0,24.8006,5,612915756,354,27536,60084,156831,4
hold_2v,hold,2.0,0.0,24.8196,6,612937015,354,34033,60083,156842,4
hold_2v,hold,2.0,0.0,24.8375,7,612955832,360,95709,60091,156871,4
hold_2v,hold,2.0,0.0,24.8619,8,612978267,354,144182,60064,156890,4
hold_2v,hold,2.0,0.0,24.8812,9,612997102,354,51670,60054,156875,4
hold_2v,hold,2.0,0.0,24.9024,10,613019606,354,112118,60115,156903,4
hold_2v,hold,2.0,0.0,24.9216,11,613038357,353,5513,60096,156854,4
hold_2v,hold,2.0,0.0,24.9407,12,613057173,353,67053,60061,156885,4
hold_2v,hold,2.0,0.0,24.9609,13,613077191,353,19161,60063,156876,4
hold_2v,hold,2.0,0.0,24.9821,14,613099687,347,78649,60055,156879,4
hold_2v,hold,2.0,0.0,25.0012,15,613118470,353,134242,60084,156868,4
hold_2v,hold,2.0,0.0,25.0247,16,613140994,360,41458,60050,156851,4
hold_2v,hold,2.0,0.0,25.0417,17,613159748,347,91674,60089,156883,4
hold_2v,hold,2.0,0.0,25.0471,18,613162311,354,56731,60094,156869,4
hold_2v,hold,2.0,0.0,25.0642,19,613181034,353,102257,60059,156876,4
hold_2v,hold,2.0,0.0,25.0823,20,613199786,354,152199,60069,156893,4
hold_2v,hold,2.0,0.0,25.1004,21,613218565,354,49937,60072,156899,4
hold_2v,hold,2.0,0.0,25.1248,22,613241120,354,119104,60060,156872,4
hold_2v,hold,2.0,0.0,25.1449,23,613262330,353,116578,60071,156916,4
hold_2v,hold,2.0,0.0,25.1629,24,613281167,354,23664,60106,156897,4
hold_2v,hold,2.0,0.0,25.182,25,613299918,353,73398,60057,156854,4
hold_2v,hold,2.0,0.0,25.2085,26,613322387,353,128276,60061,156883,4
hold_2v,hold,2.0,0.0,25.2223,27,613339956,350,133904,60057,156881,4
hold_2v,hold,2.0,0.0,25.2456,28,613362518,354,47265,60074,156899,4
hold_2v,hold,2.0,0.0,25.2657,29,613381270,354,97183,60053,156858,4
hold_2v,hold,2.0,0.0,25.2848,30,613401315,353,53253,60064,156879,4
hold_2v,hold,2.0,0.0,25.3059,31,613423816,353,112817,60104,156893,4
hold_2v,hold,2.0,0.0,25.325,32,613442595,354,11067,60053,156877,4
hold_2v,hold,2.0,0.0,25.344,33,613461375,358,66101,60059,156882,4
hold_2v,hold,2.0,0.0,25.3673,34,613483877,354,126361,60067,156891,4
hold_2v,hold,2.0,0.0,25.3853,35,613502658,353,24901,60043,156830,4
hold_2v,hold,2.0,0.0,25.4054,36,613521449,353,82370,60045,156837,4
hold_2v,hold,2.0,0.0,25.4255,37,613543942,354,141525,60093,156877,4
hold_2v,hold,2.0,0.0,25.4456,38,613563932,353,89112,60051,156844,4
hold_2v,hold,2.0,0.0,25.4657,39,613582743,353,149574,60031,156833,4
hold_2v,hold,2.0,0.0,25.4847,40,613601525,354,48294,60064,156881,4
hold_2v,hold,2.0,0.0,25.5059,41,613624023,353,107745,60055,156844,4
hold_2v,hold,2.0,0.0,25.5249,42,613642808,354,6852,60099,156871,4
hold_2v,hold,2.0,0.0,25.5664,43,613668931,354,55142,60064,156882,4
hold_2v,hold,2.0,0.0,25.5664,44,613670088,353,94890,60064,156878,0
hold_2v,hold,2.0,0.0,25.5729,45,613691047,353,49403,60103,156899,4
hold_2v,hold,2.0,0.0,25.5952,46,613702882,353,21264,60072,156898,4
hold_2v,hold,2.0,0.0,25.6099,47,613722961,354,139906,60110,156918,4
hold_2v,hold,2.0,0.0,25.6247,48,613742925,353,82180,60068,156894,4
hold_2v,hold,2.0,0.0,25.6468,49,613765446,353,145749,60061,156877,4
hold_2v,hold,2.0,0.0,25.6657,50,613784230,353,44775,60060,156875,4
hold_2v,hold,2.0,0.0,25.6847,51,613803009,353,99264,60053,156873,4
hold_2v,hold,2.0,0.0,25.7068,52,613825541,353,7903,60069,156890,4
hold_2v,hold,2.0,0.0,25.7257,53,613844262,354,52891,60054,156862,4
hold_2v,hold,2.0,0.0,25.7499,54,613866817,353,122327,60043,156840,4
hold_2v,hold,2.0,0.0,25.7668,55,613885575,353,16473,60064,156878,4
hold_2v,hold,2.0,0.0,25.7868,56,613905621,354,130101,60076,156906,4
hold_2v,hold,2.0,0.0,25.8099,57,613928146,353,36731,60058,156871,4
hold_2v,hold,2.0,0.0,25.8321,58,613950651,354,98141,60055,156842,4
hold_2v,hold,2.0,0.0,25.851,59,613969427,354,152712,60054,156835,4
hold_2v,hold,2.0,0.0,25.87,60,613988218,353,52969,60058,156871,4
hold_2v,hold,2.0,0.0,25.8932,61,614010713,354,112207,60066,156896,4
hold_2v,hold,2.0,0.0,25.9133,62,614030732,353,63949,60069,156913,4
hold_2v,hold,2.0,0.0,25.9323,63,614049514,354,118899,60068,156901,4
hold_2v,hold,2.0,0.0,25.9502,64,614068298,353,17632,60065,156888,4
hold_2v,hold,2.0,0.0,25.9723,65,614090825,353,82235,60067,156889,4
hold_2v,hold,2.0,0.0,25.9914,66,614109579,353,133265,60052,156849,4
hold_2v,hold,2.0,0.0,26.0104,67,614128356,354,30849,60105,156907,4
hold_2v,hold,2.0,0.0,26.0304,68,614148352,353,136129,60098,156844,4
hold_2v,hold,2.0,0.0,26.0473,69,614163415,354,29920,60089,156864,4
hold_2v,hold,2.0,0.0,26.0526,70,614171767,354,37906,60096,156876,4
hold_2v,hold,2.0,0.0,26.0716,71,614189686,353,103312,60065,156899,4
hold_2v,hold,2.0,0.0,26.0907,72,614208464,354,840,60085,156947,4
hold_2v,hold,2.0,0.0,26.1118,73,614228479,354,108055,60068,156917,4
hold_2v,hold,2.0,0.0,26.1308,74,614248536,354,66155,60056,156855,4
hold_2v,hold,2.0,0.0,26.1518,75,614271025,356,124457,60063,156875,4
hold_2v,hold,2.0,0.0,26.1708,76,614289783,354,18977,60068,156889,4
hold_2v,hold,2.0,0.0,26.195,77,614312337,353,87948,60045,156853,4
hold_2v,hold,2.0,0.0,26.2119,78,614331084,353,137227,60069,156894,4
hold_2v,hold,2.0,0.0,26.2308,79,614349868,353,35743,60113,156908,4
hold_2v,hold,2.0,0.0,26.2551,80,614372395,353,99724,60074,156895,4
hold_2v,hold,2.0,0.0,26.2719,81,614391148,347,149626,60098,156915,4
hold_2v,hold,2.0,0.0,26.2961,82,614414920,353,112380,60092,156859,4
hold_2v,hold,2.0,0.0,26.315,83,614433727,353,15807,60046,156822,4
hold_2v,hold,2.0,0.0,26.3372,84,614456234,355,77733,60052,156864,4
hold_2v,hold,2.0,0.0,26.3572,85,614475008,353,132212,60099,156875,4
hold_2v,hold,2.0,0.0,26.3751,86,614493785,354,30203,60051,156865,4
hold_2v,hold,2.0,0.0,26.4003,87,614516229,353,81017,60095,156864,4
hold_2v,hold,2.0,0.0,26.4204,88,614537571,354,100839,60067,156880,4
hold_2v,hold,2.0,0.0,26.4373,89,614556347,354,155104,60058,156872,4
hold_2v,hold,2.0,0.0,26.4563,90,614575105,353,49580,60098,156881,4
hold_2v,hold,2.0,0.0,26.4795,91,614597629,354,113830,60094,156869,4
hold_2v,hold,2.0,0.0,26.4975,92,614616418,354,13350,60068,156898,4
hold_2v,hold,2.0,0.0,26.5196,93,614638943,348,77235,60095,156900,4
hold_2v,hold,2.0,0.0,26.5396,94,614657718,353,131485,60102,156878,4
hold_2v,hold,2.0,0.0,26.5502,95,614668556,348,91420,60097,156898,4
hold_2v,hold,2.0,0.0,26.5597,96,614678403,354,39415,60103,156871,4
hold_2v,hold,2.0,0.0,26.5797,97,614698969,353,84098,60067,156886,4
hold_2v,hold,2.0,0.0,26.5997,98,614719048,355,45950,60061,156878,4
hold_2v,hold,2.0,0.0,26.6197,99,614737831,354,101471,60096,156869,4
hold_2v,hold,2.0,0.0,26.6407,100,614760335,353,4703,60061,156874,4
hold_2v,hold,2.0,0.0,26.6649,101,614782859,354,68810,60052,156867,4
hold_2v,hold,2.0,0.0,26.6849,102,614802874,353,19820,60100,156887,4
hold_2v,hold,2.0,0.0,26.7049,103,614822897,354,129248,60057,156880,4
hold_2v,hold,2.0,0.0,26.726,104,614845423,353,36651,60062,156875,4
hold_2v,hold,2.0,0.0,26.745,105,614864206,355,91678,60077,156894,4
hold_2v,hold,2.0,0.0,26.765,106,614882986,354,146219,60073,156897,4
hold_2v,hold,2.0,0.0,26.7881,107,614905512,360,53448,60100,156866,4
hold_2v,hold,2.0,0.0,26.8072,108,614925540,353,6796,60049,156843,4
hold_2v,hold,2.0,0.0,26.8262,109,614945558,354,115560,60108,156876,4
hold_2v,hold,2.0,0.0,26.862,110,614971683,353,6643,60059,156875,4
hold_2v,hold,2.0,0.0,26.8694,111,614988828,353,97663,60063,156879,4
hold_2v,hold,2.0,0.0,26.9084,112,615019246,353,92545,60042,156845,4
hold_2v,hold,2.0,0.0,26.9148,113,615033875,353,69876,60098,156871,4
hold_2v,hold,2.0,0.0,26.9264,114,615045254,352,121772,60090,156867,4
hold_2v,hold,2.0,0.0,26.9464,115,615065700,354,146402,60095,156857,4
hold_2v,hold,2.0,0.0,26.9707,116,615088231,354,54494,60104,156881,4
hold_2v,hold,2.0,0.0,26.9865,117,615106979,353,103896,60107,156900,4
hold_2v,hold,2.0,0.0,27.0065,118,615125758,353,2112,60055,156865,4
hold_2v,hold,2.0,0.0,27.0265,119,615147053,356,14382,60088,156861,4
hold_2v,hold,2.0,0.0,27.0528,120,615170697,353,112202,60098,156872,4
hold_2v,hold,2.0,0.0,27.055,121,615171641,353,115865,60060,156867,0
hold_2v,hold,2.0,0.0,27.0676,122,615187083,354,74107,60063,156887,4
hold_2v,hold,2.0,0.0,27.0908,123,615209601,346,137597,60053,156843,4
hold_2v,hold,2.0,0.0,27.1098,124,615228363,354,32673,60104,156878,4
hold_2v,hold,2.0,0.0,27.1309,125,615250890,354,97144,60077,156877,4
hold_2v,hold,2.0,0.0,27.1509,126,615270877,354,43628,60059,156869,4
hold_2v,hold,2.0,0.0,27.1698,127,615289692,354,104488,60114,156910,4
hold_2v,hold,2.0,0.0,27.1919,0,615312218,356,11295,60071,156906,4
hold_2v,hold,2.0,0.0,27.2109,1,615330967,352,61494,60051,156822,4
hold_2v,hold,2.0,0.0,27.2298,2,615349751,353,117480,60041,156845,4
hold_2v,hold,2.0,0.0,27.2519,3,615372276,353,24603,60065,156903,4
hold_2v,hold,2.0,0.0,27.2709,4,615391063,347,80426,60063,156897,4
hold_2v,hold,2.0,0.0,27.2952,5,615413582,354,143141,60063,156876,4
hold_2v,hold,2.0,0.0,27.3122,6,615432336,356,36712,60047,156844,4
hold_2v,hold,2.0,0.0,27.3311,7,615451124,347,93416,60043,156842,4
hold_2v,hold,2.0,0.0,27.3554,8,615473643,353,156643,60058,156878,4
hold_2v,hold,2.0,0.0,27.3723,9,615492420,353,54663,60093,156855,4
hold_2v,hold,2.0,0.0,27.3944,10,615514926,352,115960,60084,156847,4
hold_2v,hold,2.0,0.0,27.4147,11,615533707,354,14531,60103,156896,4
hold_2v,hold,2.0,0.0,27.4316,12,615552467,353,65853,60100,156856,4
hold_2v,hold,2.0,0.0,27.4547,13,615574954,353,123614,60070,156878,4
hold_2v,hold,2.0,0.0,27.4749,14,615593789,354,31056,60076,156908,4
hold_2v,hold,2.0,0.0,27.4959,15,615616295,348,91843,60061,156879,4
hold_2v,hold,2.0,0.0,27.5149,16,615635072,353,146512,60053,156838,4
hold_2v,hold,2.0,0.0,27.5338,17,615653851,353,44683,60053,156863,4
hold_2v,hold,2.0,0.0,27.5466,18,615667598,354,28772,60103,156900,4
hold_2v,hold,2.0,0.0,27.5582,19,615678452,352,147954,60071,156896,4
hold_2v,hold,2.0,0.0,27.5751,20,615695143,354,4735,60118,156932,4
hold_2v,hold,2.0,0.0,27.5983,21,615717668,355,68732,60050,156852,4
hold_2v,hold,2.0,0.0,27.6173,22,615737682,353,20260,60050,156840,4
hold_2v,hold,2.0,0.0,27.6373,23,615757705,353,129969,60052,156869,4
hold_2v,hold,2.0,0.0,27.6563,24,615776486,354,27914,60065,156899,4
hold_2v,hold,2.0,0.0,27.6753,25,615795238,353,78017,60068,156887,4
hold_2v,hold,2.0,0.0,27.6967,26,615817764,353,141962,60066,156852,4
hold_2v,hold,2.0,0.0,27.7159,27,615836543,361,39900,60094,156874,4
hold_2v,hold,2.0,0.0,27.7359,28,615856537,353,144566,60058,156899,4
hold_2v,hold,2.0,0.0,27.7602,29,615879096,353,57555,60072,156901,4
hold_2v,hold,2.0,0.0,27.777,30,615897876,353,112480,60098,156875,4
hold_2v,hold,2.0,0.0,27.7961,31,615916632,354,6681,60059,156848,4
hold_2v,hold,2.0,0.0,27.8203,32,615939158,354,70708,60059,156886,4
hold_2v,hold,2.0,0.0,27.8371,33,615957934,354,124562,60064,156890,4
hold_2v,hold,2.0,0.0,27.8613,34,615980468,354,32981,60101,156888,4
hold_2v,hold,2.0,0.0,27.8816,35,615999248,353,87757,60117,156916,4
hold_2v,hold,2.0,0.0,27.8985,36,616019271,360,40031,60096,156882,4
hold_2v,hold,2.0,0.0,27.9175,37,616038050,349,94409,60080,156911,4
hold_2v,hold,2.0,0.0,27.9376,38,616059333,353,103773,60064,156868,4
hold_2v,hold,2.0,0.0,27.9576,39,616078087,354,154206,60099,156862,4
hold_2v,hold,2.0,0.0,27.9799,40,616100616,352,62143,60055,156867,4
hold_2v,hold,2.0,0.0,27.9978,41,616119392,352,115811,60119,156923,4
hold_2v,hold,2.0,0.0,28.0212,42,616141924,354,23232,60102,156885,4
hold_2v,hold,2.0,0.0,28.0414,43,616161911,354,126261,60059,156856,4
hold_2v,hold,2.0,0.0,28.052,44,616172807,354,95893,60066,156871,4
hold_2v,hold,2.0,0.0,28.0584,45,616181215,353,113326,60059,156897,4
hold_2v,hold,2.0,0.0,28.0807,46,616202009,354,39534,60067,156892,4
hold_2v,hold,2.0,0.0,28.0997,47,616220794,360,94623,60122,156951,4
hold_2v,hold,2.0,0.0,28.1197,48,616239568,353,147790,60085,156940,4
hold_2v,hold,2.0,0.0,28.1576,49,616269443,353,48724,60057,156867,4
hold_2v,hold,2.0,0.0,28.166,50,616286585,354,138824,60068,156869,4
hold_2v,hold,2.0,0.0,28.1871,51,616301941,353,82550,60059,156858,4
hold_2v,hold,2.0,0.0,28.2102,52,616330920,353,146311,60054,156840,4
hold_2v,hold,2.0,0.0,28.2249,53,616344686,353,133576,60047,156865,4
hold_2v,hold,2.0,0.0,28.247,54,616367186,356,36885,60070,156897,4
hold_2v,hold,2.0,0.0,28.2661,55,616387211,354,146279,60068,156893,4
hold_2v,hold,2.0,0.0,28.2852,56,616405989,354,43667,60109,156905,4
hold_2v,hold,2.0,0.0,28.3053,57,616425977,354,146592,60110,156901,4
hold_2v,hold,2.0,0.0,28.3253,58,616444792,353,50208,60067,156897,4
hold_2v,hold,2.0,0.0,28.3464,59,616467315,354,113678,60106,156895,4
hold_2v,hold,2.0,0.0,28.3653,60,616486101,353,12382,60073,156902,4
hold_2v,hold,2.0,0.0,28.3875,61,616508625,354,75312,60070,156894,4
hold_2v,hold,2.0,0.0,28.4064,62,616527401,353,129776,60069,156893,4
hold_2v,hold,2.0,0.0,28.4296,63,616549933,354,37868,60101,156886,4
hold_2v,hold,2.0,0.0,28.4465,64,616568713,353,92987,60062,156897,4
hold_2v,hold,2.0,0.0,28.4697,65,616591233,354,156104,60104,156879,4
hold_2v,hold,2.0,0.0,28.4897,66,616610018,354,54930,60104,156891,4
hold_2v,hold,2.0,0.0,28.5067,67,616628768,354,105023,60088,156856,4
hold_2v,hold,2.0,0.0,28.5299,68,616651302,353,13987,60053,156851,4
hold_2v,hold,2.0,0.0,28.5509,69,616671288,354,117296,60097,156847,4
hold_2v,hold,2.0,0.0,28.5531,70,616672232,354,120923,60090,156865,0
hold_2v,hold,2.0,0.0,28.5709,71,616692599,354,132100,60106,156893,4
hold_2v,hold,2.0,0.0,28.5899,72,616711379,354,30281,60067,156881,4
hold_2v,hold,2.0,0.0,28.61,73,616731336,353,128392,60100,156889,4
hold_2v,hold,2.0,0.0,28.6322,74,616753898,354,41605,60100,156878,4
hold_2v,hold,2.0,0.0,28.6511,75,616772680,353,96673,60065,156887,4
hold_2v,hold,2.0,0.0,28.6701,76,616791464,347,152071,60072,156906,4
hold_2v,hold,2.0,0.0,28.6933,77,616813985,353,58294,60094,156886,4
hold_2v,hold,2.0,0.0,28.7123,78,616832763,353,112332,60104,156904,4
hold_2v,hold,2.0,0.0,28.7302,79,616851521,354,6196,60109,156896,4
hold_2v,hold,2.0,0.0,28.7524,80,616874072,354,74147,60082,156917,4
hold_2v,hold,2.0,0.0,28.7724,81,616894087,359,24694,60085,156930,4
hold_2v,hold,2.0,0.0,28.7914,82,616912874,360,79972,60084,156921,4
hold_2v,hold,2.0,0.0,28.8095,83,616931648,353,133543,60105,156868,4
hold_2v,hold,2.0,0.0,28.8318,84,616954183,360,42184,60051,156875,4
hold_2v,hold,2.0,0.0,28.8507,85,616972934,347,91809,60118,156920,4
hold_2v,hold,2.0,0.0,28.8719,86,616991715,353,146158,60080,156933,4
hold_2v,hold,2.0,0.0,28.8931,87,617014249,354,54378,60106,156898,4
hold_2v,hold,2.0,0.0,28.9121,88,617034241,354,930,60066,156890,4
hold_2v,hold,2.0,0.0,28.932,89,617053045,354,59618,60084,156927,4
hold_2v,hold,2.0,0.0,28.9573,90,617075578,353,123902,60057,156894,4
hold_2v,hold,2.0,0.0,28.9752,91,617096862,354,133520,60114,156924,4
hold_2v,hold,2.0,0.0,28.9952,92,617115652,354,32646,60112,156926,4
hold_2v,hold,2.0,0.0,29.0132,93,617134406,353,83159,60099,156866,4
hold_2v,hold,2.0,0.0,29.0344,94,617156927,354,146400,60059,156870,4
hold_2v,hold,2.0,0.0,29.0492,95,617170701,347,134542,60073,156930,4
hold_2v,hold,2.0,0.0,29.0555,96,617179081,353,146833,60064,156898,4
hold_2v,hold,2.0,0.0,29.0745,97,617196993,360,54434,60098,156875,4
hold_2v,hold,2.0,0.0,29.0956,98,617215755,352,106278,60107,156936,4
hold_2v,hold,2.0,0.0,29.1157,99,617238280,354,13185,60043,156846,4
hold_2v,hold,2.0,0.0,29.1347,100,617257039,353,64436,60066,156859,4
hold_2v,hold,2.0,0.0,29.1526,101,617275839,353,122551,60056,156885,4
hold_2v,hold,2.0,0.0,29.1758,102,617298363,356,30031,60058,156876,4
hold_2v,hold,2.0,0.0,29.1968,103,617318330,354,129627,60102,156903,4
hold_2v,hold,2.0,0.0,29.2148,104,617337140,355,32298,60114,156916,4
hold_2v,hold,2.0,0.0,29.2338,105,617355921,354,86756,60123,156903,4
hold_2v,hold,2.0,0.0,29.2549,106,617375943,353,38855,60064,156875,4
hold_2v,hold,2.0,0.0,29.2761,107,617398466,354,102550,60058,156845,4
hold_2v,hold,2.0,0.0,29.2951,108,617417253,353,2099,60092,156858,4
hold_2v,hold,2.0,0.0,29.3172,109,617439779,347,66609,60095,156869,4
hold_2v,hold,2.0,0.0,29.3362,110,617458529,353,116530,60106,156913,4
hold_2v,hold,2.0,0.0,29.3604,111,617482329,353,83345,60080,156907,4
hold_2v,hold,2.0,0.0,29.3814,112,617501105,349,137749,60061,156874,4
hold_2v,hold,2.0,0.0,29.3993,113,617518589,353,129566,60056,156864,4
hold_2v,hold,2.0,0.0,29.4172,114,617539855,354,136587,60067,156894,4
hold_2v,hold,2.0,0.0,29.4551,115,617567253,353,87288,60095,156905,4
hold_2v,hold,2.0,0.0,29.4614,116,617584395,353,20565,60062,156879,4
hold_2v,hold,2.0,0.0,29.5014,117,617612422,357,78883,60104,156870,4
hold_2v,hold,2.0,0.0,29.5078,118,617629437,354,147479,60074,156888,4
hold_2v,hold,2.0,0.0,29.5214,119,617643733,353,67351,60066,156893,4
hold_2v,hold,2.0,0.0,29.5446,120,617666282,353,135183,60055,156867,4
hold_2v,hold,2.0,0.0,29.5509,121,617674659,353,147385,60064,156891,4
hold_2v,hold,2.0,0.0,29.5614,122,617684634,353,117324,60061,156899,4
hold_2v,hold,2.0,0.0,29.5814,123,617705082,353,141951,60060,156877,4
hold_2v,hold,2.0,0.0,29.6077,124,617727612,353,49605,60064,156894,4
hold_2v,hold,2.0,0.0,29.6225,125,617745095,353,40779,60058,156860,4
hold_2v,hold,2.0,0.0,29.6477,126,617767648,353,109631,60096,156876,4
hold_2v,hold,2.0,0.0,29.6656,127,617788911,354,116139,60067,156893,4
hold_2v,hold,2.0,0.0,29.6898,0,617807692,353,14562,60058,156875,4
hold_2v,hold,2.0,0.0,29.7046,1,617827708,354,122965,60103,156879,4
hold_2v,hold,2.0,0.0,29.7246,2,617847682,354,67655,60094,156847,4
hold_2v,hold,2.0,0.0,29.7456,3,617868994,354,82311,60121,156913,4
hold_2v,hold,2.0,0.0,29.7677,4,617891523,354,146351,60076,156911,4
hold_2v,hold,2.0,0.0,29.7909,5,617914049,353,53137,60057,156888,4
hold_2v,hold,2.0,0.0,29.8109,6,617932827,359,108098,60089,156851,4
hold_2v,hold,2.0,0.0,29.8298,7,617951614,353,7435,60099,156877,4
hold_2v,hold,2.0,0.0,29.8519,8,617975346,347,120187,60060,156906,4
hold_2v,hold,2.0,0.0,29.8709,9,617994129,355,18760,60070,156905,4
hold_2v,hold,2.0,0.0,29.8951,10,618016660,353,83265,60107,156904,4
hold_2v,hold,2.0,0.0,29.9119,11,618035436,353,137632,60093,156858,4
hold_2v,hold,2.0,0.0,29.9362,12,618057942,353,42154,60052,156857,4
hold_2v,hold,2.0,0.0,29.9551,13,618077989,353,155838,60062,156884,4
hold_2v,hold,2.0,0.0,29.9751,14,618096770,353,53973,60063,156879,4
hold_2v,hold,2.0,0.0,29.9962,15,618119248,354,110664,60098,156852,4
after_off,fight,0.0,0.0,0.017,21,618190586,353,1498,60068,156903,4
after_off,fight,0.0,0.0,0.035,22,618209348,354,53746,60010,156856,4
after_off,fight,0.0,0.0,0.0562,23,618228125,353,108512,60068,156896,4
after_off,fight,0.0,0.0,0.0763,24,618250651,354,15609,60065,156899,4
after_off,fight,0.0,0.0,0.0953,25,618269420,353,68405,60065,156899,4
after_off,fight,0.0,0.0,0.1143,26,618288191,359,122018,60034,156859,4
after_off,fight,0.0,0.0,0.1365,27,618310717,352,29609,60062,156894,4
after_off,fight,0.0,0.0,0.1555,28,618329492,353,83470,60068,156892,4
after_off,fight,0.0,0.0,0.1756,29,618349515,353,36013,60051,156856,4
after_off,fight,0.0,0.0,0.1956,30,618368283,353,88828,60060,156877,4
after_off,fight,0.0,0.0,0.221,31,618392066,360,52889,60062,156881,4
after_off,fight,0.0,0.0,0.2358,32,618409580,353,49596,60025,156876,4
after_off,fight,0.0,0.0,0.2569,33,618432116,353,115512,60062,156864,4
after_off,fight,0.0,0.0,0.2759,34,618450813,352,156617,60051,156851,4
after_off,fight,0.0,0.0,0.2959,35,618469626,353,60856,60049,156851,4
after_off,fight,0.0,0.0,0.3169,36,618492146,354,124551,60049,156846,4
after_off,fight,0.0,0.0,0.3412,37,618512165,361,77042,60064,156880,4
after_off,fight,0.0,0.0,0.3602,38,618533449,354,87111,60040,156895,4
after_off,fight,0.0,0.0,0.3803,39,618552219,354,140611,60067,156890,4
after_off,fight,0.0,0.0,0.4014,40,618573492,353,149128,60023,156885,4
after_off,fight,0.0,0.0,0.4182,41,618593510,353,100434,60071,156914,4
after_off,fight,0.0,0.0,0.4425,42,618614763,348,104903,60057,156877,4
after_off,fight,0.0,0.0,0.4646,43,618634797,353,59307,60021,156866,4
after_off,fight,0.0,0.0,0.4814,44,618656075,353,68666,60017,156857,4
after_off,fight,0.0,0.0,0.5004,45,618674858,353,124286,60062,156887,4
after_off,fight,0.0,0.0,0.5151,46,618688604,353,107797,60059,156891,4
after_off,fight,0.0,0.0,0.5215,47,618696969,354,118124,60062,156883,4
after_off,fight,0.0,0.0,0.5446,48,618714842,353,18818,60059,156883,4
after_off,fight,0.0,0.0,0.5615,49,618736157,353,34100,60056,156866,4
after_off,fight,0.0,0.0,0.5846,50,618758670,353,96594,60027,156878,4
after_off,fight,0.0,0.0,0.6046,51,618777473,353,155222,60061,156866,4
after_off,fight,0.0,0.0,0.6257,52,618799966,353,56797,60067,156888,4
after_off,fight,0.0,0.0,0.6446,53,618818772,353,115948,60058,156897,4
after_off,fight,0.0,0.0,0.6657,54,618838779,353,66034,60024,156854,4
after_off,fight,0.0,0.0,0.7046,55,618869918,353,25797,60022,156873,4
after_off,fight,0.0,0.0,0.7141,56,618887056,354,115691,60049,156873,4
after_off,fight,0.0,0.0,0.7467,57,618912843,359,107491,60008,156856,4
after_off,fight,0.0,0.0,0.752,58,618927105,354,22182,60019,156864,4
after_off,fight,0.0,0.0,0.7699,59,618943875,354,49605,60047,156859,4
after_off,fight,0.0,0.0,0.7857,60,618960137,353,147263,60065,156846,4
after_off,fight,0.0,0.0,0.8099,61,618982654,353,52676,60078,156897,4
after_off,fight,0.0,0.0,0.8267,62,619001279,352,81593,60033,156883,4
after_off,fight,0.0,0.0,0.8499,63,619023963,353,15690,60084,156921,4
after_off,fight,0.0,0.0,0.8668,64,619042729,353,68376,60042,156831,4
after_off,fight,0.0,0.0,0.891,65,619061462,354,115588,60043,156858,4
after_off,fight,0.0,0.0,0.9068,66,619082764,354,128955,60040,156908,4
after_off,fight,0.0,0.0,0.9301,67,619105300,356,38348,60057,156861,4
after_off,fight,0.0,0.0,0.9491,68,619124065,351,91160,60053,156853,4
after_off,fight,0.0,0.0,0.9712,69,619142827,353,142876,60065,156894,4
after_off,fight,0.0,0.0,0.9871,70,619162845,352,94723,60093,156854,4
after_off,fight,0.0,0.0,1.0114,71,619186617,353,57730,60061,156876,4
after_off,fight,0.0,0.0,1.0178,72,619189143,353,16466,60066,156890,4
after_off,fight,0.0,0.0,1.0273,73,619202885,353,156405,60013,156857,4
after_off,fight,0.0,0.0,1.0505,74,619225422,354,65921,60008,156858,4
after_off,fight,0.0,0.0,1.0728,75,619244185,352,118549,60041,156837,4
after_off,fight,0.0,0.0,1.0909,76,619264046,354,43800,60040,156834,4
after_off,fight,0.0,0.0,1.1153,77,619286712,351,132038,60055,156866,4
after_off,fight,0.0,0.0,1.1312,78,619306739,354,85536,60024,156883,4
after_off,fight,0.0,0.0,1.1514,79,619325509,354,139403,60053,156852,4
after_off,fight,0.0,0.0,1.1695,80,619344276,354,35300,60050,156852,4
after_off,fight,0.0,0.0,1.1918,81,619366812,354,101854,60059,156855,4
after_off,fight,0.0,0.0,1.211,82,619386825,353,52840,60062,156883,4
after_off,fight,0.0,0.0,1.2302,83,619405581,349,103966,60042,156843,4
after_off,fight,0.0,0.0,1.2557,84,619428106,353,11722,60004,156835,4
after_off,fight,0.0,0.0,1.2729,85,619448141,352,123261,60064,156887,4
after_off,fight,0.0,0.0,1.2909,86,619466907,354,19848,60009,156827,4
after_off,fight,0.0,0.0,1.3142,87,619489430,353,84374,60019,156872,4
after_off,fight,0.0,0.0,1.3342,88,619508192,357,136699,60058,156893,4
after_off,fight,0.0,0.0,1.3511,89,619526969,353,34605,60035,156916,4
after_off,fight,0.0,0.0,1.3733,90,619549482,351,96653,60052,156879,4
after_off,fight,0.0,0.0,1.3956,91,619569486,353,45977,60066,156898,4
after_off,fight,0.0,0.0,1.4146,92,619588281,351,103646,60023,156887,4
after_off,fight,0.0,0.0,1.4315,93,619607045,355,155917,60050,156840,4
after_off,fight,0.0,0.0,1.4557,94,619629585,353,66024,60063,156874,4
after_off,fight,0.0,0.0,1.4747,95,619648346,353,117879,60055,156856,4
after_off,fight,0.0,0.0,1.4958,96,619670871,353,26117,60029,156802,4
after_off,fight,0.0,0.0,1.5179,97,619690886,349,135349,60038,156803,4
after_off,fight,0.0,0.0,1.5179,98,619691834,353,139773,60005,156810,0
after_off,fight,0.0,0.0,1.5358,99,619708384,354,130271,60048,156846,4
after_off,fight,0.0,0.0,1.556,100,619732160,353,94319,60040,156840,4
after_off,fight,0.0,0.0,1.5774,101,619750911,353,145166,59996,156836,4
after_off,fight,0.0,0.0,1.5954,102,619770959,353,102150,60058,156871,4
after_off,fight,0.0,0.0,1.6154,103,619789729,354,155482,60065,156861,4
after_off,fight,0.0,0.0,1.6364,104,619812226,353,57891,60071,156901,4
after_off,fight,0.0,0.0,1.6553,105,619830860,352,88024,60048,156865,4
after_off,fight,0.0,0.0,1.6775,106,619853526,354,18874,60076,156920,4
after_off,fight,0.0,0.0,1.7006,107,619876052,353,82656,60054,156887,4
after_off,fight,0.0,0.0,1.7206,108,619894834,353,137572,60029,156897,4
after_off,fight,0.0,0.0,1.7417,109,619917349,352,43216,60020,156874,4
after_off,fight,0.0,0.0,1.7618,110,619936124,354,97223,60071,156909,4
after_off,fight,0.0,0.0,1.7832,111,619958648,353,4191,60016,156873,4
after_off,fight,0.0,0.0,1.8019,112,619977421,354,57538,60058,156872,4
after_off,fight,0.0,0.0,1.8253,113,619999946,347,121638,60062,156893,4
after_off,fight,0.0,0.0,1.8453,114,620018711,353,17030,60065,156902,4
after_off,fight,0.0,0.0,1.8652,115,620041237,355,80527,60051,156876,4
after_off,fight,0.0,0.0,1.8859,116,620060038,353,138879,60063,156874,4
after_off,fight,0.0,0.0,1.9066,117,620082544,352,43414,60048,156858,4
after_off,fight,0.0,0.0,1.9248,118,620101312,354,96243,60018,156891,4
after_off,fight,0.0,0.0,1.9462,119,620122584,353,103922,60079,156884,4
after_off,fight,0.0,0.0,1.9654,120,620141197,353,130510,60060,156889,4
after_off,fight,0.0,0.0,2.0122,121,620172523,355,122145,60044,156863,4
after_off,fight,0.0,0.0,2.0176,122,620192959,352,144895,60056,156883,4
after_off,fight,0.0,0.0,2.0452,123,620193909,346,149466,60064,156876,0
after_off,fight,0.0,0.0,2.0485,124,620203548,349,62321,60078,156898,4
after_off,fight,0.0,0.0,2.0665,125,620230899,353,5844,60045,156849,4
after_off,fight,0.0,0.0,2.075,126,620247233,354,115728,60058,156862,4
after_off,fight,0.0,0.0,2.0877,127,620262726,354,82690,60056,156864,4
after_off,fight,0.0,0.0,2.1088,0,620285269,348,149889,60062,156885,4
after_off,fight,0.0,0.0,2.1289,1,620304025,353,44052,60044,156830,4
after_off,fight,0.0,0.0,2.1468,2,620322800,353,98473,60055,156861,4
after_off,fight,0.0,0.0,2.1701,3,620345324,354,5942,60046,156847,4
after_off,fight,0.0,0.0,2.1891,4,620364094,355,59752,60052,156850,4
after_off,fight,0.0,0.0,2.2059,5,620382700,355,85769,60052,156842,4
after_off,fight,0.0,0.0,2.2301,6,620405387,351,21066,60023,156887,4
after_off,fight,0.0,0.0,2.2491,7,620424163,349,75850,60060,156866,4
after_off,fight,0.0,0.0,2.2702,8,620446675,353,137661,60061,156906,4
after_off,fight,0.0,0.0,2.2902,9,620465450,351,34846,60070,156910,4
after_off,fight,0.0,0.0,2.3071,10,620484225,354,88974,60052,156850,4
after_off,fight,0.0,0.0,2.3313,11,620507997,354,51472,60031,156880,4
after_off,fight,0.0,0.0,2.3503,12,620526773,351,105170,60059,156911,4
after_off,fight,0.0,0.0,2.3703,13,620545550,353,2014,60076,156906,4
after_off,fight,0.0,0.0,2.3903,14,620565573,354,111219,60058,156879,4
after_off,fight,0.0,0.0,2.4114,15,620588086,353,16572,60028,156892,4
after_off,fight,0.0,0.0,2.4377,16,620610622,353,82565,60055,156868,4
after_off,fight,0.0,0.0,2.4577,17,620631896,348,91083,60068,156885,4
after_off,fight,0.0,0.0,2.4747,18,620649408,353,87523,60009,156865,4
after_off,fight,0.0,0.0,2.4947,19,620670531,354,70075,60062,156877,4
after_off,fight,0.0,0.0,2.5189,20,620693032,353,130313,60051,156871,4
after_off,fight,0.0,0.0,2.5189,21,620693980,350,134691,60058,156863,0
after_off,fight,0.0,0.0,2.5347,22,620709473,351,101763,60025,156886,4
after_off,fight,0.0,0.0,2.5578,23,620730747,353,110123,60048,156846,4
after_off,fight,0.0,0.0,2.5768,24,620752003,355,115883,60062,156903,4
after_off,fight,0.0,0.0,2.5968,25,620773286,353,125595,60018,156855,4
after_off,fight,0.0,0.0,2.6158,26,620792051,352,21242,60023,156878,4
after_off,fight,0.0,0.0,2.641,27,620814576,353,85390,60044,156861,4
after_off,fight,0.0,0.0,2.6568,28,620833346,353,139460,60003,156826,4
after_off,fight,0.0,0.0,2.6801,29,620855873,353,47498,60011,156853,4
after_off,fight,0.0,0.0,2.7012,30,620875885,353,155503,60041,156853,4
after_off,fight,0.0,0.0,2.716,31,620893258,353,128223,60058,156862,4
after_off,fight,0.0,0.0,2.7381,32,620915929,353,60910,60040,156823,4
after_off,fight,0.0,0.0,2.757,33,620934701,353,115261,60053,156850,4
after_off,fight,0.0,0.0,2.7803,34,620957215,352,21114,60047,156851,4
after_off,fight,0.0,0.0,2.7994,35,620975993,356,76365,60013,156850,4
after_off,fight,0.0,0.0,2.8173,36,620994754,354,128572,60044,156850,4
after_off,fight,0.0,0.0,2.8405,37,621017278,351,36423,60017,156856,4
after_off,fight,0.0,0.0,2.8595,38,621036054,351,91042,59996,156818,4
after_off,fight,0.0,0.0,2.8777,39,621054815,353,143637,60045,156844,4
after_off,fight,0.0,0.0,2.9,40,621077322,353,48828,60048,156852,4
after_off,fight,0.0,0.0,2.919,41,621096098,353,103732,60052,156868,4
after_off,fight,0.0,0.0,2.9412,42,621118613,358,8896,60068,156887,4
after_off,fight,0.0,0.0,2.9602,43,621137390,358,63822,60053,156847,4
after_off,fight,0.0,0.0,2.9792,44,621156160,355,117558,60048,156855,4
after_off,fight,0.0,0.0,3.0003,45,621176187,352,71583,60045,156827,4
after_off,fight,0.0,0.0,3.0215,46,621193546,353,42604,60006,156851,4
after_off,fight,0.0,0.0,3.0215,47,621194808,353,100329,60043,156828,0
after_off,fight,0.0,0.0,3.0406,48,621216212,353,131713,60055,156847,4
after_off,fight,0.0,0.0,3.0618,49,621238718,353,36690,60054,156856,4
after_off,fight,0.0,0.0,3.0798,50,621257482,351,89620,60051,156848,4
after_off,fight,0.0,0.0,3.0999,51,621276265,353,145607,60045,156845,4
after_off,fight,0.0,0.0,3.1241,52,621298780,353,51454,60048,156853,4
after_off,fight,0.0,0.0,3.141,53,621318808,353,4933,60061,156892,4
after_off,fight,0.0,0.0,3.1601,54,621337581,353,58443,60066,156897,4
after_off,fight,0.0,0.0,3.1801,55,621356375,353,115855,60014,156867,4
after_off,fight,0.0,0.0,3.2011,56,621378861,353,17058,60034,156897,4
after_off,fight,0.0,0.0,3.2243,57,621401398,354,83578,60060,156849,4
after_off,fight,0.0,0.0,3.2444,58,621420149,349,134167,60050,156847,4
after_off,fight,0.0,0.0,3.2655,59,621442676,353,42421,60058,156872,4
after_off,fight,0.0,0.0,3.2845,60,621461461,354,98144,60060,156899,4
after_off,fight,0.0,0.0,3.3045,61,621481323,358,23305,60064,156886,4
after_off,fight,0.0,0.0,3.3456,62,621506398,354,49996,60017,156864,4
after_off,fight,0.0,0.0,3.3508,63,621525821,353,57819,60079,156914,4
after_off,fight,0.0,0.0,3.3972,64,621565135,353,151942,60050,156861,4
after_off,fight,0.0,0.0,3.4109,65,621566085,352,156586,60055,156864,0
after_off,fight,0.0,0.0,3.414,66,621583688,353,11938,60047,156849,4
after_off,fight,0.0,0.0,3.4256,67,621602420,353,58544,60052,156860,4
after_off,fight,0.0,0.0,3.4477,68,621625371,358,38321,60028,156874,4
after_off,fight,0.0,0.0,3.4667,69,621644148,359,92849,60057,156855,4
after_off,fight,0.0,0.0,3.4856,70,621662911,352,144956,60061,156869,4
after_off,fight,0.0,0.0,3.5088,71,621685445,363,53261,60022,156892,4
after_off,fight,0.0,0.0,3.5162,72,621696294,353,15104,60050,156839,4
after_off,fight,0.0,0.0,3.5278,73,621705059,353,93615,60058,156854,4
after_off,fight,0.0,0.0,3.5478,74,621725478,353,113556,60021,156870,4
after_off,fight,0.0,0.0,3.5678,75,621745341,353,39181,60014,156864,4
after_off,fight,0.0,0.0,3.5868,76,621764266,354,119117,60050,156839,4
after_off,fight,0.0,0.0,3.6101,77,621786792,353,26879,60064,156890,4
after_off,fight,0.0,0.0,3.6301,78,621806826,352,138138,60057,156867,4
after_off,fight,0.0,0.0,3.647,79,621825582,353,32316,60031,156902,4
after_off,fight,0.0,0.0,3.6703,80,621848107,353,96274,60051,156853,4
after_off,fight,0.0,0.0,3.6903,81,621866890,354,151799,60052,156876,4
after_off,fight,0.0,0.0,3.7071,82,621885644,351,45215,60035,156898,4
after_off,fight,0.0,0.0,3.7303,83,621908172,353,109293,60057,156888,4
after_off,fight,0.0,0.0,3.7503,84,621926956,353,7868,60075,156915,4
after_off,fight,0.0,0.0,3.7673,85,621945717,353,59200,60043,156914,4
after_off,fight,0.0,0.0,3.7905,86,621968243,360,122823,60069,156889,4
after_off,fight,0.0,0.0,3.8105,87,621987028,352,21224,60081,156929,4
after_off,fight,0.0,0.0,3.8306,88,622007053,354,130250,60037,156891,4
after_off,fight,0.0,0.0,3.8475,89,622025820,353,25666,60076,156922,4
after_off,fight,0.0,0.0,3.8718,90,622048203,353,65356,60067,156901,4
after_off,fight,0.0,0.0,3.8908,91,622068368,353,41856,60064,156872,4
after_off,fight,0.0,0.0,3.9098,92,622087143,354,96033,60054,156874,4
after_off,fight,0.0,0.0,3.9269,93,622105905,353,148026,60040,156912,4
after_off,fight,0.0,0.0,3.9502,94,622128430,355,54750,60068,156892,4
after_off,fight,0.0,0.0,3.9703,95,622147205,354,108969,60061,156886,4
after_off,fight,0.0,0.0,3.9872,96,622165980,354,6283,60068,156885,4
after_off,fight,0.0,0.0,4.0105,97,622188498,354,69100,60053,156875,4
after_off,fight,0.0,0.0,4.0201,98,622199350,355,31456,60058,156861,4
after_off,fight,0.0,0.0,4.0317,99,622209377,354,10417,60062,156890,4
after_off,fight,0.0,0.0,4.0509,100,622229684,355,11108,60074,156923,4
after_off,fight,0.0,0.0,4.0699,101,622248450,347,63150,60075,156903,4
after_off,fight,0.0,0.0,4.09,102,622267212,351,115028,60043,156837,4
after_off,fight,0.0,0.0,4.1111,103,622289755,353,25943,60061,156868,4
after_off,fight,0.0,0.0,4.1301,104,622308501,351,75209,60031,156893,4
after_off,fight,0.0,0.0,4.1501,105,622328503,359,24450,60058,156852,4
after_off,fight,0.0,0.0,4.1692,106,622347317,353,85789,60018,156839,4
after_off,fight,0.0,0.0,4.1915,107,622369809,352,144965,60055,156855,4
after_off,fight,0.0,0.0,4.2105,108,622388573,353,40849,60009,156850,4
after_off,fight,0.0,0.0,4.2305,109,622407349,356,95647,60050,156842,4
after_off,fight,0.0,0.0,4.2517,110,622429865,353,1971,60047,156840,4
after_off,fight,0.0,0.0,4.2707,111,622448645,352,57007,60061,156876,4
after_off,fight,0.0,0.0,4.2928,112,622471151,351,118903,60050,156886,4
after_off,fight,0.0,0.0,4.311,113,622489926,353,16530,60015,156863,4
after_off,fight,0.0,0.0,4.3301,114,622508691,352,69623,60004,156841,4
after_off,fight,0.0,0.0,4.3544,115,622531214,352,134366,60045,156827,4
after_off,fight,0.0,0.0,4.3724,116,622549978,353,30702,59995,156806,4
after_off,fight,0.0,0.0,4.3914,117,622568765,351,88259,60045,156812,4
after_off,fight,0.0,0.0,4.4125,118,622591279,352,151849,60046,156795,4
after_off,fight,0.0,0.0,4.4316,119,622610042,352,47922,60003,156850,4
after_off,fight,0.0,0.0,4.4507,120,622628768,353,94281,60044,156844,4
after_off,fight,0.0,0.0,4.4719,121,622651314,353,5973,60057,156865,4
after_off,fight,0.0,0.0,4.4909,122,622670099,348,62687,60044,156820,4
after_off,fight,0.0,0.0,4.5151,123,622692611,355,125644,60008,156810,4
after_off,fight,0.0,0.0,4.5215,124,622700995,353,139293,60046,156839,4
after_off,fight,0.0,0.0,4.532,125,622711062,353,125486,60054,156843,4
after_off,fight,0.0,0.0,4.5541,126,622731372,353,126978,60070,156885,4
after_off,fight,0.0,0.0,4.5711,127,622750176,353,29504,60058,156879,4
after_off,fight,0.0,0.0,4.5911,0,622770160,353,132811,60054,156835,4
after_off,fight,0.0,0.0,4.6153,1,622792706,353,44300,60000,156817,4
after_off,fight,0.0,0.0,4.6321,2,622811450,353,93466,60059,156859,4
after_off,fight,0.0,0.0,4.6711,3,622834724,353,128553,60013,156858,4
after_off,fight,0.0,0.0,4.6765,4,622854453,353,31876,60008,156834,4
after_off,fight,0.0,0.0,4.7228,5,622892479,352,64691,60064,156900,4
after_off,fight,0.0,0.0,4.7376,6,622893420,352,67750,60026,156874,0
after_off,fight,0.0,0.0,4.746,7,622925877,354,94998,60061,156881,4
after_off,fight,0.0,0.0,4.7576,8,622936287,353,139342,60046,156834,4
after_off,fight,0.0,0.0,4.7776,9,622956617,354,144720,60058,156879,4
after_off,fight,0.0,0.0,4.7966,10,622975390,353,41920,60023,156861,4
after_off,fight,0.0,0.0,4.8156,11,622994138,347,91840,60046,156829,4
after_off,fight,0.0,0.0,4.8398,12,623017927,354,58178,60044,156836,4
after_off,fight,0.0,0.0,4.8557,13,623034162,354,151071,60056,156895,4
after_off,fight,0.0,0.0,4.8778,14,623056713,360,63519,60045,156832,4
after_off,fight,0.0,0.0,4.8968,15,623075454,353,112583,60041,156836,4
after_off,fight,0.0,0.0,4.9158,16,623094251,351,14247,60019,156860,4
after_off,fight,0.0,0.0,4.9368,17,623116767,360,77322,60067,156847,4
after_off,fight,0.0,0.0,4.9559,18,623135538,354,131168,60058,156899,4
after_off,fight,0.0,0.0,4.9801,19,623158064,359,38796,60015,156866,4
after_off,fight,0.0,0.0,4.997,20,623176808,353,87975,60059,156867,4
after_off,fight,0.0,0.0,5.017,21,623195570,352,139918,60066,156895,4
after_off,fight,0.0,0.0,5.0213,22,623198205,352,117283,60062,156867,4
after_off,fight,0.0,0.0,5.0371,23,623216844,353,148245,60026,156875,4
after_off,fight,0.0,0.0,5.0604,24,623239370,353,55648,60055,156880,4
after_off,fight,0.0,0.0,5.0794,25,623258167,354,114115,60051,156860,4
after_off,fight,0.0,0.0,5.0975,26,623276930,354,9722,60054,156865,4
after_off,fight,0.0,0.0,5.1207,27,623299456,354,74612,60056,156864,4
after_off,fight,0.0,0.0,5.1407,28,623318227,351,128397,60030,156889,4
after_off,fight,0.0,0.0,5.1586,29,623336992,360,24137,60064,156887,4
after_off,fight,0.0,0.0,5.1808,30,623359599,353,102625,60055,156852,4
after_off,fight,0.0,0.0,5.2008,31,623378360,353,154806,60014,156856,4
after_off,fight,0.0,0.0,5.2208,32,623398297,353,92891,60011,156856,4
after_off,fight,0.0,0.0,5.2419,33,623420798,353,153445,60047,156833,4
after_off,fight,0.0,0.0,5.2608,34,623439553,352,48378,60009,156839,4
after_off,fight,0.0,0.0,5.2819,35,623462080,355,114086,60030,156825,4
after_off,fight,0.0,0.0,5.3008,36,623480833,359,8716,60006,156838,4
after_off,fight,0.0,0.0,5.324,37,623503382,360,77561,60059,156849,4
after_off,fight,0.0,0.0,5.3461,38,623525884,351,138269,60053,156849,4
after_off,fight,0.0,0.0,5.3671,39,623544649,353,34558,60004,156830,4
after_off,fight,0.0,0.0,5.3851,40,623564683,353,146755,60049,156843,4
after_off,fight,0.0,0.0,5.4053,41,623583460,353,45318,60011,156840,4
after_off,fight,0.0,0.0,5.4275,42,623605944,354,102921,60051,156847,4
after_off,fight,0.0,0.0,5.4457,43,623624720,354,1528,60053,156847,4
after_off,fight,0.0,0.0,5.4678,44,623647226,358,63659,60065,156876,4
after_off,fight,0.0,0.0,5.4879,45,623665997,353,117694,60034,156818,4
after_off,fight,0.0,0.0,5.5049,46,623684754,353,13111,60033,156823,4
after_off,fight,0.0,0.0,5.5218,47,623698546,354,5124,60058,156859,4
after_off,fight,0.0,0.0,5.5261,48,623706934,352,19323,60050,156842,4
after_off,fight,0.0,0.0,5.5485,49,623724787,353,74454,60056,156850,4
after_off,fight,0.0,0.0,5.5656,50,623744830,353,31091,60050,156833,4
after_off,fight,0.0,0.0,5.5869,51,623764814,348,134225,60034,156904,4
after_off,fight,0.0,0.0,5.6083,52,623787348,352,43230,60056,156868,4
after_off,fight,0.0,0.0,5.6263,53,623806114,353,96373,60056,156851,4
after_off,fight,0.0,0.0,5.6508,54,623828640,353,4376,60057,156849,4
after_off,fight,0.0,0.0,5.6688,55,623847435,348,62236,60065,156843,4
after_off,fight,0.0,0.0,5.6868,56,623866177,354,111174,60063,156850,4
after_off,fight,0.0,0.0,5.7068,57,623886206,356,64335,60063,156882,4
after_off,fight,0.0,0.0,5.73,58,623908725,355,127510,60056,156873,4
after_off,fight,0.0,0.0,5.7479,59,623927492,354,23251,60070,156906,4
after_off,fight,0.0,0.0,5.77,60,623950015,353,86862,60008,156863,4
after_off,fight,0.0,0.0,5.79,61,623968826,352,147241,60019,156869,4
after_off,fight,0.0,0.0,5.811,62,623991437,353,69351,60059,156881,4
after_off,fight,0.0,0.0,5.831,63,624010075,353,100358,60051,156891,4
after_off,fight,0.0,0.0,5.8521,64,624032591,354,5936,60065,156889,4
after_off,fight,0.0,0.0,5.8711,65,624051380,348,62379,60055,156852,4
after_off,fight,0.0,0.0,5.8964,66,624073889,354,124429,60060,156843,4
after_off,fight,0.0,0.0,5.9133,67,624092658,353,21542,60059,156865,4
after_off,fight,0.0,0.0,5.9312,68,624111544,353,95266,60049,156852,4
after_off,fight,0.0,0.0,5.9555,69,624133985,353,145545,60043,156834,4
after_off,fight,0.0,0.0,5.9976,70,624161462,353,111833,60029,156831,4
after_off,fight,0.0,0.0,6.0124,71,624180944,353,129720,60049,156864,4
after_off,fight,0.0,0.0,6.0314,72,624203225,356,152587,60053,156859,4
after_off,fight,0.0,0.0,6.0314,73,624204179,353,1107,60063,156877,4
after_off,fight,0.0,0.0,6.042,74,624218647,353,107607,60010,156861,4
after_off,fight,0.0,0.0,6.0641,75,624232483,353,107270,60004,156820,4
after_off,fight,0.0,0.0,6.0832,76,624253725,353,110980,60041,156841,4
after_off,fight,0.0,0.0,6.0948,77,624271708,352,31608,60006,156849,4
after_off,fight,0.0,0.0,6.1128,78,624292863,353,20650,60043,156827,4
after_off,fight,0.0,0.0,6.1328,79,624311608,353,70252,60029,156884,4
after_off,fight,0.0,0.0,6.1549,80,624334261,353,156209,60018,156870,4
after_off,fight,0.0,0.0,6.1739,81,624353028,358,52587,60044,156826,4
after_off,fight,0.0,0.0,6.1971,82,624375551,353,117327,60012,156827,4
after_off,fight,0.0,0.0,6.215,83,624395578,353,71035,60063,156828,4
after_off,fight,0.0,0.0,6.234,84,624414339,354,122992,60057,156877,4
after_off,fight,0.0,0.0,6.254,85,624433106,353,19476,60047,156844,4
after_off,fight,0.0,0.0,6.275,86,624455620,353,82080,60053,156857,4
after_off,fight,0.0,0.0,6.2973,87,624474399,353,137669,60040,156860,4
after_off,fight,0.0,0.0,6.3164,88,624496914,353,43642,60029,156894,4
after_off,fight,0.0,0.0,6.3353,89,624515680,352,96335,60021,156902,4
after_off,fight,0.0,0.0,6.3574,90,624538204,353,3440,60019,156871,4
after_off,fight,0.0,0.0,6.3764,91,624556977,353,57540,59999,156825,4
after_off,fight,0.0,0.0,6.3974,92,624576867,352,144721,60059,156850,4
after_off,fight,0.0,0.0,6.4206,93,624600775,353,130413,60063,156893,4
after_off,fight,0.0,0.0,6.4406,94,624619542,355,26450,60057,156859,4
after_off,fight,0.0,0.0,6.4574,95,624638306,354,79286,60055,156860,4
after_off,fight,0.0,0.0,6.4806,96,624660837,353,144824,60001,156828,4
after_off,fight,0.0,0.0,6.5017,97,624679604,353,40788,60014,156862,4
after_off,fight,0.0,0.0,6.5238,98,624703274,356,142577,60062,156894,4
after_off,fight,0.0,0.0,6.5259,99,624704224,353,147141,60041,156877,0
after_off,fight,0.0,0.0,6.5407,100,624719662,353,104688,60067,156871,4
after_off,fight,0.0,0.0,6.5609,101,624742169,352,9069,60053,156864,4
after_off,fight,0.0,0.0,6.58,102,624760944,347,63410,60059,156865,4
after_off,fight,0.0,0.0,6.6,103,624779724,353,118174,60021,156904,4
after_off,fight,0.0,0.0,6.6211,104,624802241,359,24212,60041,156820,4
after_off,fight,0.0,0.0,6.64,105,624821006,356,77001,60065,156898,4
after_off,fight,0.0,0.0,6.6621,106,624843524,353,140485,60007,156833,4
after_off,fight,0.0,0.0,6.6811,107,624862301,351,38372,60054,156848,4
after_off,fight,0.0,0.0,6.7043,108,624884714,354,83731,60045,156842,4
after_off,fight,0.0,0.0,6.7243,109,624903587,351,155128,60046,156854,4
after_off,fight,0.0,0.0,6.7454,110,624926117,347,63569,60069,156905,4
after_off,fight,0.0,0.0,6.7657,111,624944888,354,116978,60052,156851,4
after_off,fight,0.0,0.0,6.7818,112,624963643,354,10988,60062,156886,4
after_off,fight,0.0,0.0,6.8056,113,624986170,349,75460,60026,156873,4
after_off,fight,0.0,0.0,6.8252,114,625004959,354,132277,60061,156886,4
after_off,fight,0.0,0.0,6.8457,115,625024976,354,84147,60054,156853,4
after_off,fight,0.0,0.0,6.8664,116,625047496,353,148201,60037,156843,4
after_off,fight,0.0,0.0,6.8884,117,625066253,353,43680,60043,156829,4
after_off,fight,0.0,0.0,6.9065,118,625087518,354,50716,60064,156883,4
after_off,fight,0.0,0.0,6.9298,119,625110050,354,116233,60052,156841,4
after_off,fight,0.0,0.0,6.9469,120,625128815,354,12064,60015,156862,4
after_off,fight,0.0,0.0,6.966,121,625147582,352,64683,60069,156907,4
after_off,fight,0.0,0.0,6.9904,122,625169991,352,109758,60050,156837,4
after_off,fight,0.0,0.0,7.0075,123,625188879,353,27006,60069,156873,4
after_off,fight,0.0,0.0,7.0215,124,625201390,353,114699,60014,156868,4
after_off,fight,0.0,0.0,7.0311,125,625212251,360,78659,60066,156871,4
after_off,fight,0.0,0.0,7.0481,126,625228909,353,86902,60063,156861,4
after_off,fight,0.0,0.0,7.0705,127,625251440,352,151717,60073,156918,4
after_off,fight,0.0,0.0,7.0896,0,625270215,353,48826,60057,156884,4
after_off,fight,0.0,0.0,7.1117,1,625292741,351,113176,60048,156861,4
after_off,fight,0.0,0.0,7.1308,2,625311516,352,10881,60043,156837,4
after_off,fight,0.0,0.0,7.1509,3,625330292,353,65124,60071,156922,4
after_off,fight,0.0,0.0,7.1699,4,625350304,353,15763,60056,156857,4
after_off,fight,0.0,0.0,7.1922,5,625372820,353,78471,60058,156876,4
after_off,fight,0.0,0.0,7.2112,6,625390335,349,75857,60014,156835,4
after_off,fight,0.0,0.0,7.2301,7,625410376,353,31564,60017,156873,4
after_off,fight,0.0,0.0,7.2512,8,625432882,359,92459,60053,156861,4
after_off,fight,0.0,0.0,7.2712,9,625451653,355,145916,60071,156880,4
after_off,fight,0.0,0.0,7.3125,10,625477805,354,41910,60072,156889,4
after_off,fight,0.0,0.0,7.3272,11,625497261,354,54809,60056,156886,4
after_off,fight,0.0,0.0,7.3461,12,625518669,353,85999,60021,156899,4
after_off,fight,0.0,0.0,7.3588,13,625537491,349,148337,60063,156858,4
after_off,fight,0.0,0.0,7.3809,14,625553017,350,120842,60062,156882,4
after_off,fight,0.0,0.0,7.4063,15,625588051,355,115863,60055,156869,4
after_off,fight,0.0,0.0,7.4158,16,625595990,358,53544,60037,156897,4
after_off,fight,0.0,0.0,7.4347,17,625615591,352,90871,60059,156889,4
after_off,fight,0.0,0.0,7.4568,18,625638110,353,153896,60047,156884,4
after_off,fight,0.0,0.0,7.4758,19,625656896,353,53131,60059,156871,4
after_off,fight,0.0,0.0,7.4959,20,625675651,354,103801,60054,156870,4
after_off,fight,0.0,0.0,7.515,21,625696796,352,90258,60055,156881,4
after_off,fight,0.0,0.0,7.5246,22,625705274,353,119389,60056,156867,4
after_off,fight,0.0,0.0,7.5361,23,625715966,353,54447,60065,156902,4
after_off,fight,0.0,0.0,7.5561,24,625735718,354,117220,60028,156891,4
after_off,fight,0.0,0.0,7.5782,25,625759495,353,79597,60077,156905,4
after_off,fight,0.0,0.0,7.5961,26,625778285,357,136407,60053,156884,4
after_off,fight,0.0,0.0,7.6203,27,625800802,353,42545,60017,156855,4
after_off,fight,0.0,0.0,7.6372,28,625819556,353,93626,60058,156858,4
after_off,fight,0.0,0.0,7.6561,29,625838349,361,150707,60054,156859,4
after_off,fight,0.0,0.0,7.6804,30,625860845,361,52923,60079,156929,4
after_off,fight,0.0,0.0,7.6973,31,625879619,360,106743,60069,156902,4
after_off,fight,0.0,0.0,7.7204,32,625902155,355,16506,60013,156839,4
after_off,fight,0.0,0.0,7.7405,33,625920921,353,69152,60029,156889,4
after_off,fight,0.0,0.0,7.7573,34,625939701,354,124327,60061,156862,4
after_off,fight,0.0,0.0,7.7775,35,625959553,351,48458,59999,156810,4
after_off,fight,0.0,0.0,7.8008,36,625982229,353,138814,60035,156905,4
after_off,fight,0.0,0.0,7.8199,37,626001006,353,36178,60062,156884,4
after_off,fight,0.0,0.0,7.8378,38,626019753,354,85582,60067,156891,4
after_off,fight,0.0,0.0,7.8601,39,626042303,354,154601,60045,156826,4
after_off,fight,0.0,0.0,7.8791,40,626061041,353,46236,60005,156839,4
after_off,fight,0.0,0.0,7.8971,41,626079804,353,98587,60013,156879,4
after_off,fight,0.0,0.0,7.9203,42,626102359,354,11054,60065,156877,4
after_off,fight,0.0,0.0,7.9404,43,626121117,348,62519,60009,156856,4
after_off,fight,0.0,0.0,7.9615,44,626143646,353,128020,60056,156853,4
after_off,fight,0.0,0.0,7.9806,45,626162424,353,26266,60060,156869,4
after_off,fight,0.0,0.0,8.0007,46,626181161,355,74105,60069,156900,4
after_off,fight,0.0,0.0,8.0178,47,626201183,355,26398,60066,156909,4
after_off,fight,0.0,0.0,8.0243,48,626203694,353,139572,60059,156880,4
after_off,fight,0.0,0.0,8.0402,49,626222473,361,37925,60060,156865,4
after_off,fight,0.0,0.0,8.0604,50,626242332,350,120045,60055,156870,4
after_off,fight,0.0,0.0,8.0806,51,626261250,353,41872,60021,156879,4
after_off,fight,0.0,0.0,8.102,52,626283804,352,109670,60035,156945,4
after_off,fight,0.0,0.0,8.1201,53,626302572,354,5020,60062,156873,4
after_off,fight,0.0,0.0,8.1436,54,626325078,353,65892,60034,156917,4
after_off,fight,0.0,0.0,8.1617,55,626343879,355,123881,60088,156946,4
after_off,fight,0.0,0.0,8.1851,56,626366376,354,25443,60040,156903,4
after_off,fight,0.0,0.0,8.2044,57,626385172,353,82521,60073,156894,4
after_off,fight,0.0,0.0,8.2214,58,626403952,360,136936,60034,156888,4
after_off,fight,0.0,0.0,8.2458,59,626426479,353,43932,60073,156907,4
after_off,fight,0.0,0.0,8.2638,60,626445254,353,97831,60038,156917,4
after_off,fight,0.0,0.0,8.281,61,626464017,355,150017,60050,156855,4
after_off,fight,0.0,0.0,8.3045,62,626486541,354,57232,60059,156859,4
after_off,fight,0.0,0.0,8.3258,63,626505307,353,110024,60021,156857,4
after_off,fight,0.0,0.0,8.3451,64,626527824,353,16166,60046,156844,4
after_off,fight,0.0,0.0,8.3663,65,626547697,353,100519,60050,156862,4
after_off,fight,0.0,0.0,8.3843,66,626566623,357,23904,60050,156846,4
after_off,fight,0.0,0.0,8.4065,67,626589149,355,89187,60048,156863,4
after_off,fight,0.0,0.0,8.4256,68,626607909,353,141407,60046,156816,4
after_off,fight,0.0,0.0,8.4446,69,626626686,353,39353,60059,156879,4
after_off,fight,0.0,0.0,8.4668,70,626649202,353,102284,60057,156861,4
after_off,fight,0.0,0.0,8.4859,71,626667971,353,156065,60068,156904,4
after_off,fight,0.0,0.0,8.5039,72,626686738,356,52123,60011,156850,4
after_off,fight,0.0,0.0,8.5264,73,626706747,354,2389,60065,156894,4
after_off,fight,0.0,0.0,8.5264,74,626707694,353,6624,60070,156894,0
after_off,fight,0.0,0.0,8.5449,75,626728032,354,12953,60051,156851,4
after_off,fight,0.0,0.0,8.5711,76,626750546,350,75525,60067,156884,4
after_off,fight,0.0,0.0,8.5866,77,626769330,354,131441,60065,156888,4
after_off,fight,0.0,0.0,8.6285,78,626794194,354,122653,60020,156881,4
after_off,fight,0.0,0.0,8.6429,79,626813638,352,134192,60054,156835,4
after_off,fight,0.0,0.0,8.655,80,626835068,354,11937,60079,156907,4
after_off,fight,0.0,0.0,8.6819,81,626861921,353,27489,60052,156849,4
after_off,fight,0.0,0.0,8.7053,82,626874121,349,62319,60062,156871,4
after_off,fight,0.0,0.0,8.7149,83,626895170,353,32660,60064,156900,4
after_off,fight,0.0,0.0,8.7299,84,626913222,349,120749,60063,156906,4
after_off,fight,0.0,0.0,8.7533,85,626935748,356,28107,60044,156833,4
after_off,fight,0.0,0.0,8.7713,86,626954525,352,83127,60058,156873,4
after_off,fight,0.0,0.0,8.7903,87,626973286,354,135218,60063,156867,4
after_off,fight,0.0,0.0,8.8127,88,626995813,353,42479,60060,156890,4
after_off,fight,0.0,0.0,8.8309,89,627014590,353,96707,60064,156921,4
after_off,fight,0.0,0.0,8.8575,90,627037114,353,3256,60028,156880,4
after_off,fight,0.0,0.0,8.8712,91,627054649,354,3489,60060,156870,4
after_off,fight,0.0,0.0,8.8954,92,627077152,360,63601,60073,156890,4
after_off,fight,0.0,0.0,8.9134,93,627095924,353,116914,60058,156873,4
after_off,fight,0.0,0.0,8.9325,94,627115787,353,42541,60052,156862,4
after_off,fight,0.0,0.0,8.9516,95,627134733,353,126315,60067,156870,4
after_off,fight,0.0,0.0,8.9758,96,627157238,353,30293,60009,156851,4
after_off,fight,0.0,0.0,8.9938,97,627176017,353,85453,60007,156850,4
after_off,fight,0.0,0.0,9.0117,98,627194787,355,139128,60048,156882,4
after_off,fight,0.0,0.0,9.0265,99,627206296,355,56424,60058,156867,4
after_off,fight,0.0,0.0,9.036,100,627218130,354,28949,60065,156888,4
after_off,fight,0.0,0.0,9.0518,101,627234831,353,44239,60056,156883,4
after_off,fight,0.0,0.0,9.076,102,627257357,353,108351,60065,156896,4
after_off,fight,0.0,0.0,9.0928,103,627276121,353,3438,60037,156917,4
after_off,fight,0.0,0.0,9.115,104,627298657,353,69394,60017,156876,4
after_off,fight,0.0,0.0,9.135,105,627317420,357,121258,60066,156893,4
after_off,fight,0.0,0.0,9.1551,106,627337436,353,72541,60016,156875,4
after_off,fight,0.0,0.0,9.172,107,627356207,354,126070,60066,156875,4
after_off,fight,0.0,0.0,9.1951,108,627378741,355,35031,60056,156852,4
after_off,fight,0.0,0.0,9.2205,109,627398593,354,115693,60060,156877,4
after_off,fight,0.0,0.0,9.2321,110,627416269,352,139904,60063,156895,4
after_off,fight,0.0,0.0,9.2552,111,627438802,353,48668,60007,156842,4
after_off,fight,0.0,0.0,9.2753,112,627457570,353,101883,60026,156893,4
after_off,fight,0.0,0.0,9.2963,113,627480097,362,9840,60009,156841,4
after_off,fight,0.0,0.0,9.3155,114,627498846,353,59488,60038,156901,4
after_off,fight,0.0,0.0,9.3378,115,627521384,354,125814,60055,156877,4
after_off,fight,0.0,0.0,9.3568,116,627540168,359,24257,60071,156901,4
after_off,fight,0.0,0.0,9.3758,117,627558934,349,76368,60073,156884,4
after_off,fight,0.0,0.0,9.3969,118,627581467,354,141318,60028,156914,4
after_off,fight,0.0,0.0,9.4169,119,627600200,353,31234,60061,156879,4
after_off,fight,0.0,0.0,9.435,120,627618987,354,87277,60068,156887,4
after_off,fight,0.0,0.0,9.4582,121,627641530,355,154303,60048,156877,4
after_off,fight,0.0,0.0,9.4761,122,627660285,354,48053,60066,156907,4
after_off,fight,0.0,0.0,9.4953,123,627679051,353,100384,60060,156881,4
after_off,fight,0.0,0.0,9.5198,124,627702681,353,39025,60049,156845,4
after_off,fight,0.0,0.0,9.5262,125,627711122,349,62215,60051,156856,4
after_off,fight,0.0,0.0,9.537,126,627721184,352,46922,60075,156890,4
after_off,fight,0.0,0.0,9.5571,127,627741646,353,73530,60064,156885,4
after_off,fight,0.0,0.0,9.5762,0,627760396,353,123562,60067,156895,4
after_off,fight,0.0,0.0,9.5984,1,627782923,354,30880,60069,156884,4
after_off,fight,0.0,0.0,9.6174,2,627801707,353,86222,60067,156889,4
after_off,fight,0.0,0.0,9.6366,3,627820459,347,135989,60074,156895,4
after_off,fight,0.0,0.0,9.6608,4,627843014,353,47835,60040,156916,4
after_off,fight,0.0,0.0,9.6776,5,627861789,353,102007,60056,156862,4
after_off,fight,0.0,0.0,9.7008,6,627884285,353,4185,60031,156887,4
after_off,fight,0.0,0.0,9.7197,7,627903055,351,57103,60032,156894,4
after_off,fight,0.0,0.0,9.7377,8,627921851,352,114756,60060,156883,4
after_off,fight,0.0,0.0,9.761,9,627944355,355,18237,60054,156869,4
after_off,fight,0.0,0.0,9.78,10,627963160,358,77515,60032,156905,4
after_off,fight,0.0,0.0,9.8,11,627984258,353,55599,60059,156873,4
after_off,fight,0.0,0.0,9.8201,12,628003194,354,136738,60029,156880,4
after_off,fight,0.0,0.0,9.8413,13,628025689,354,38511,60028,156878,4
after_off,fight,0.0,0.0,9.8604,14,628044466,353,93262,60045,156882,4
after_off,fight,0.0,0.0,9.8805,15,628063266,353,151888,60025,156886,4
after_off,fight,0.0,0.0,9.9016,16,628085762,351,53790,60064,156881,4
after_off,fight,0.0,0.0,9.9419,17,628110647,355,48256,60067,156893,4
after_off,fight,0.0,0.0,9.9578,18,628130105,353,61197,60075,156894,4
after_off,fight,0.0,0.0,9.9652,19,628151521,353,94008,60038,156846,4
after_off,fight,0.0,0.0,9.9905,20,628164601,356,121130,60068,156899,4
after_off,fight,0.0,0.0,10.0064,21,628184729,345,91343,60057,156878,4
after_off,fight,0.0,0.0,10.032,22,628214490,354,130711,60037,156863,4
after_off,fight,0.0,0.0,10.0374,23,628215442,356,135777,60044,156826,0
after_off,fight,0.0,0.0,10.0428,24,628226440,353,122975,60060,156854,4
after_off,fight,0.0,0.0,10.064,25,628247048,353,18362,60057,156878,4
after_off,fight,0.0,0.0,10.0811,26,628265962,353,95786,60059,156881,4
after_off,fight,0.0,0.0,10.1046,27,628288489,354,3763,60075,156888,4
after_off,fight,0.0,0.0,10.1247,28,628307250,353,55123,60031,156888,4
after_off,fight,0.0,0.0,10.1417,29,628326017,353,107714,60037,156895,4
after_off,fight,0.0,0.0,10.1652,30,628348563,353,18321,60075,156897,4
after_off,fight,0.0,0.0,10.1844,31,628367326,353,70106,60062,156892,4
after_off,fight,0.0,0.0,10.2056,32,628389848,353,133349,60013,156838,4
after_off,fight,0.0,0.0,10.2268,33,628408655,354,36756,60046,156844,4
after_off,fight,0.0,0.0,10.2448,34,628427380,354,82658,60048,156826,4
after_off,fight,0.0,0.0,10.266,35,628451153,353,45896,60027,156880,4
after_off,fight,0.0,0.0,10.2851,36,628469927,353,100113,60052,156870,4
after_off,fight,0.0,0.0,10.3041,37,628488709,353,155416,60074,156899,4
after_off,fight,0.0,0.0,10.3243,38,628507466,354,49456,60055,156877,4
after_off,fight,0.0,0.0,10.3454,39,628528598,354,33778,60063,156881,4
after_off,fight,0.0,0.0,10.3676,40,628551265,357,121661,60073,156910,4
after_off,fight,0.0,0.0,10.3866,41,628571294,354,74586,60078,156912,4
after_off,fight,0.0,0.0,10.4055,42,628590074,353,128756,60027,156900,4
after_off,fight,0.0,0.0,10.4269,43,628612590,352,34642,60072,156890,4
after_off,fight,0.0,0.0,10.4458,44,628631365,352,88681,60022,156874,4
after_off,fight,0.0,0.0,10.469,45,628653905,353,155161,60021,156895,4
after_off,fight,0.0,0.0,10.488,46,628672671,354,50460,60073,156898,4
after_off,fight,0.0,0.0,10.5081,47,628691437,353,102675,60033,156909,4
after_off,fight,0.0,0.0,10.5271,48,628711459,355,54762,60059,156855,4
after_off,fight,0.0,0.0,10.5303,49,628712409,353,59445,60012,156850,0
after_off,fight,0.0,0.0,10.5516,50,628732747,360,65061,60062,156896,4
after_off,fight,0.0,0.0,10.5707,51,628752750,352,14198,60064,156877,4
after_off,fight,0.0,0.0,10.5876,52,628772782,353,125162,60024,156865,4
after_off,fight,0.0,0.0,10.6109,53,628795298,352,31319,60061,156866,4
after_off,fight,0.0,0.0,10.6268,54,628811554,354,127964,60070,156898,4
after_off,fight,0.0,0.0,10.6501,55,628834098,351,38326,60026,156887,4
after_off,fight,0.0,0.0,10.667,56,628852874,356,92097,60065,156883,4
after_off,fight,0.0,0.0,10.6903,57,628875385,353,154412,60046,156853,4
after_off,fight,0.0,0.0,10.7093,58,628894171,360,53846,60053,156860,4
after_off,fight,0.0,0.0,10.7273,59,628912917,352,103411,60018,156879,4
after_off,fight,0.0,0.0,10.7507,60,628935462,352,14175,60017,156873,4
after_off,fight,0.0,0.0,10.7707,61,628954230,353,66810,60063,156908,4
after_off,fight,0.0,0.0,10.7907,62,628974253,352,19300,60071,156890,4
after_off,fight,0.0,0.0,10.8075,63,628993009,354,70673,60046,156841,4
after_off,fight,0.0,0.0,10.8307,64,629015540,360,137093,60032,156831,4
after_off,fight,0.0,0.0,10.8508,65,629034306,352,33246,60061,156863,4
after_off,fight,0.0,0.0,10.8708,66,629056830,354,97865,60051,156832,4
after_off,fight,0.0,0.0,10.8898,67,629075583,350,148935,60015,156845,4
after_off,fight,0.0,0.0,10.9088,68,629094369,353,48545,60053,156848,4
after_off,fight,0.0,0.0,10.9289,69,629114242,354,133184,60052,156844,4
after_off,fight,0.0,0.0,10.951,70,629136903,353,64154,60055,156863,4
after_off,fight,0.0,0.0,10.971,71,629155662,353,116055,60044,156821,4
after_off,fight,0.0,0.0,10.9921,72,629178189,358,24054,60054,156868,4
after_off,fight,0.0,0.0,11.0122,73,629196965,353,78366,60017,156870,4
after_off,fight,0.0,0.0,11.0301,74,629210728,354,64770,60075,156923,4
after_off,fight,0.0,0.0,11.0333,75,629219036,352,64857,60078,156919,4
after_off,fight,0.0,0.0,11.0512,76,629237004,354,138602,60059,156863,4
after_off,fight,0.0,0.0,11.0702,77,629255782,354,36048,60019,156866,4
after_off,fight,0.0,0.0,11.0923,78,629278298,353,98643,60064,156899,4
after_off,fight,0.0,0.0,11.1124,79,629297080,352,153326,60024,156884,4
after_off,fight,0.0,0.0,11.1356,80,629319619,351,62441,60042,156946,4
after_off,fight,0.0,0.0,11.1525,81,629338390,353,115373,60062,156888,4
after_off,fight,0.0,0.0,11.1715,82,629357163,353,12245,60048,156853,4
after_off,fight,0.0,0.0,11.1957,83,629379688,350,76343,60075,156914,4
after_off,fight,0.0,0.0,11.2316,84,629398357,353,112103,60070,156904,4
after_off,fight,0.0,0.0,11.2558,85,629425458,352,12532,60062,156870,4
after_off,fight,0.0,0.0,11.2706,86,629444039,353,33645,60063,156879,4
after_off,fight,0.0,0.0,11.2769,87,629465456,352,66322,60053,156865,4
after_off,fight,0.0,0.0,11.3064,88,629478539,353,94304,60001,156855,4
after_off,fight,0.0,0.0,11.3172,89,629500528,353,68307,60015,156849,4
after_off,fight,0.0,0.0,11.3509,90,629534837,353,97099,60053,156855,4
after_off,fight,0.0,0.0,11.3605,91,629544426,353,1676,60062,156874,4
after_off,fight,0.0,0.0,11.3741,92,629559883,354,119084,60062,156864,4
after_off,fight,0.0,0.0,11.3963,93,629582411,354,26605,60079,156908,4
after_off,fight,0.0,0.0,11.4152,94,629601158,346,76295,60073,156881,4
after_off,fight,0.0,0.0,11.4343,95,629619957,354,134266,60061,156870,4
after_off,fight,0.0,0.0,11.4564,96,629642473,354,40114,60073,156910,4
after_off,fight,0.0,0.0,11.4765,97,629662487,353,147887,60068,156889,4
after_off,fight,0.0,0.0,11.5007,98,629681252,352,43333,60023,156882,4
after_off,fight,0.0,0.0,11.5176,99,629703808,352,113098,60074,156902,4
after_off,fight,0.0,0.0,11.526,100,629714625,354,69319,60081,156896,4
after_off,fight,0.0,0.0,11.5379,101,629723416,354,151884,60059,156881,4
after_off,fight,0.0,0.0,11.557,102,629743850,351,17735,60040,156837,4
after_off,fight,0.0,0.0,11.576,103,629762613,354,70479,60047,156835,4
after_off,fight,0.0,0.0,11.6002,104,629785147,355,136072,60050,156838,4
after_off,fight,0.0,0.0,11.6171,105,629803903,353,30747,60056,156854,4
after_off,fight,0.0,0.0,11.6402,106,629826426,353,95203,60027,156888,4
after_off,fight,0.0,0.0,11.6602,107,629845189,354,147687,60009,156850,4
after_off,fight,0.0,0.0,11.6771,108,629863963,353,45367,60059,156878,4
after_off,fight,0.0,0.0,11.7002,109,629886480,353,108418,60056,156861,4
after_off,fight,0.0,0.0,11.7223,110,629909006,353,16262,60062,156875,4
after_off,fight,0.0,0.0,11.7413,111,629927781,353,70290,60021,156889,4
after_off,fight,0.0,0.0,11.7613,112,629947794,353,21289,60067,156871,4
after_off,fight,0.0,0.0,11.7855,113,629970332,352,88319,60053,156849,4
after_off,fight,0.0,0.0,11.8044,114,629990354,353,41102,60049,156842,4
after_off,fight,0.0,0.0,11.8224,115,630009109,357,92198,60073,156901,4
after_off,fight,0.0,0.0,11.8456,116,630031644,352,156896,60073,156904,4
after_off,fight,0.0,0.0,11.8646,117,630050415,354,54582,60025,156881,4
after_off,fight,0.0,0.0,11.8867,118,630072941,353,118148,60076,156881,4
after_off,fight,0.0,0.0,11.9056,119,630091707,354,13515,60067,156896,4
after_off,fight,0.0,0.0,11.9288,120,630114244,354,79066,60066,156897,4
after_off,fight,0.0,0.0,11.9467,121,630133006,353,131336,60068,156890,4
after_off,fight,0.0,0.0,11.9657,122,630151789,353,30224,60017,156875,4
after_off,fight,0.0,0.0,11.9869,123,630174296,356,91682,60016,156871,4
after_off,fight,0.0,0.0,12.0059,124,630193065,352,145098,60055,156853,4
after_off,fight,0.0,0.0,12.0273,125,630213092,353,98659,60019,156855,4
after_off,fight,0.0,0.0,12.0305,126,630214043,354,103375,60042,156854,0
after_off,fight,0.0,0.0,12.0484,127,630233086,354,46531,60058,156854,4
after_off,fight,0.0,0.0,12.0663,0,630253144,351,5844,60006,156849,4
after_off,fight,0.0,0.0,12.0905,1,630275650,353,66860,60049,156872,4
after_off,fight,0.0,0.0,12.1074,2,630294431,359,121800,60072,156885,4
after_off,fight,0.0,0.0,12.1316,3,630316945,353,27107,60054,156859,4
after_off,fight,0.0,0.0,12.1496,4,630335720,353,81742,60019,156851,4
after_off,fight,0.0,0.0,12.1707,5,630355733,352,33210,60056,156863,4
after_off,fight,0.0,0.0,12.1876,6,630374509,353,87583,60016,156878,4
after_off,fight,0.0,0.0,12.211,7,630397049,353,154620,60010,156864,4
after_off,fight,0.0,0.0,12.23,8,630415805,354,48549,60073,156884,4
after_off,fight,0.0,0.0,12.2469,9,630434573,354,101143,60077,156908,4
after_off,fight,0.0,0.0,12.2701,10,630457116,353,11450,60019,156858,4
after_off,fight,0.0,0.0,12.2902,11,630475882,360,64351,60055,156856,4
after_off,fight,0.0,0.0,12.307,12,630494642,353,116409,60049,156860,4
after_off,fight,0.0,0.0,12.3303,13,630517147,354,20358,60076,156906,4
after_off,fight,0.0,0.0,12.3504,14,630535945,359,77958,60068,156915,4
after_off,fight,0.0,0.0,12.3716,15,630558484,353,144970,60052,156856,4
after_off,fight,0.0,0.0,12.3906,16,630577251,354,40923,60065,156887,4
after_off,fight,0.0,0.0,12.4127,17,630599755,354,101081,60074,156887,4
after_off,fight,0.0,0.0,12.4317,18,630618551,355,1491,60050,156853,4
after_off,fight,0.0,0.0,12.4517,19,630637304,356,51922,60083,156925,4
after_off,fight,0.0,0.0,12.4729,20,630659859,347,120327,60025,156889,4
after_off,fight,0.0,0.0,12.4919,21,630678626,354,16460,60051,156854,4
after_off,fight,0.0,0.0,12.5108,22,630697402,354,71044,60057,156861,4
after_off,fight,0.0,0.0,12.5279,23,630712422,353,114313,60040,156918,4
after_off,fight,0.0,0.0,12.5459,24,630720160,351,17848,60025,156881,4
after_off,fight,0.0,0.0,12.5693,25,630740602,352,41668,60056,156853,4
after_off,fight,0.0,0.0,12.5842,26,630759226,353,70248,60016,156847,4
after_off,fight,0.0,0.0,12.5928,27,630780622,352,99895,60010,156835,4
after_off,fight,0.0,0.0,12.6119,28,630798734,353,41846,60052,156845,4
after_off,fight,0.0,0.0,12.6405,29,630825042,355,122071,60037,156854,4
after_off,fight,0.0,0.0,12.6648,30,630839047,348,150157,60025,156879,4
after_off,fight,0.0,0.0,12.6807,31,630860791,352,81312,60052,156848,4
after_off,fight,0.0,0.0,12.6956,32,630880076,354,65451,60016,156865,4
after_off,fight,0.0,0.0,12.7146,33,630900110,353,20139,60065,156889,4
after_off,fight,0.0,0.0,12.7358,34,630922654,354,87335,60069,156900,4
after_off,fight,0.0,0.0,12.7559,35,630941425,355,140938,60072,156903,4
after_off,fight,0.0,0.0,12.7739,36,630960170,353,32940,60020,156877,4
after_off,fight,0.0,0.0,12.7961,37,630982716,355,100811,60056,156880,4
after_off,fight,0.0,0.0,12.8141,38,631001478,354,152930,60050,156852,4
after_off,fight,0.0,0.0,12.8352,39,631020251,355,49997,60064,156876,4
after_off,fight,0.0,0.0,12.8563,40,631044030,353,13756,60033,156905,4
after_off,fight,0.0,0.0,12.8753,41,631062806,352,67971,60064,156872,4
after_off,fight,0.0,0.0,12.8953,42,631082746,353,5942,60032,156907,4
after_off,fight,0.0,0.0,12.9153,43,631101603,354,73911,60069,156901,4
after_off,fight,0.0,0.0,12.9375,44,631124133,354,139090,60071,156875,4
after_off,fight,0.0,0.0,12.9555,45,631142909,355,36729,60060,156863,4
after_off,fight,0.0,0.0,12.9756,46,631161686,348,91370,60054,156863,4
after_off,fight,0.0,0.0,12.9967,47,631184196,353,153653,60013,156864,4
after_off,fight,0.0,0.0,13.0156,48,631202974,357,52110,60046,156838,4
after_off,fight,0.0,0.0,13.0273,49,631214472,354,124542,60053,156844,4
after_off,fight,0.0,0.0,13.0389,50,631226295,354,95322,60051,156862,4
after_off,fight,0.0,0.0,13.0557,51,631243017,354,114561,60053,156872,4
after_off,fight,0.0,0.0,13.0779,52,631265521,352,19408,60030,156814,4
after_off,fight,0.0,0.0,13.0968,53,631284286,353,72796,60053,156828,4
after_off,fight,0.0,0.0,13.1149,54,631303079,353,129849,60074,156912,4
after_off,fight,0.0,0.0,13.1381,55,631325585,353,34053,60054,156855,4
after_off,fight,0.0,0.0,13.156,56,631344373,352,90410,60025,156886,4
after_off,fight,0.0,0.0,13.1761,57,631364315,352,29488,60035,156896,4
after_off,fight,0.0,0.0,13.1961,58,631383170,355,97441,60022,156869,4
after_off,fight,0.0,0.0,13.2171,59,631405686,353,3907,60040,156850,4
after_off,fight,0.0,0.0,13.2362,60,631424456,353,57642,60064,156887,4
after_off,fight,0.0,0.0,13.2604,61,631446992,354,123849,60055,156843,4
after_off,fight,0.0,0.0,13.2772,62,631465749,354,18490,60013,156848,4
after_off,fight,0.0,0.0,13.3004,63,631488273,353,83492,60040,156834,4
after_off,fight,0.0,0.0,13.3205,64,631507046,353,137663,60060,156870,4
after_off,fight,0.0,0.0,13.3396,65,631525810,353,33663,60025,156864,4
after_off,fight,0.0,0.0,13.3576,66,631545821,353,141211,60013,156851,4
after_off,fight,0.0,0.0,13.3808,67,631568367,353,52174,60052,156853,4
after_off,fight,0.0,0.0,13.4008,68,631587141,358,106586,60053,156885,4
after_off,fight,0.0,0.0,13.4178,69,631605897,354,1179,60005,156839,4
after_off,fight,0.0,0.0,13.4399,70,631628432,354,67688,60054,156872,4
after_off,fight,0.0,0.0,13.46,71,631647202,347,121755,60005,156833,4
after_off,fight,0.0,0.0,13.48,72,631668386,354,115162,60051,156886,4
after_off,fight,0.0,0.0,13.5,73,631687242,352,26260,60058,156860,4
after_off,fight,0.0,0.0,13.5222,74,631709766,349,90847,60066,156903,4
after_off,fight,0.0,0.0,13.5309,75,631718164,358,106536,60025,156866,4
after_off,fight,0.0,0.0,13.5405,76,631728068,353,64500,60005,156845,4
after_off,fight,0.0,0.0,13.5619,77,631748569,354,98509,60071,156876,4
after_off,fight,0.0,0.0,13.5832,78,631771067,354,1141,60061,156856,4
after_off,fight,0.0,0.0,13.6012,79,631789845,354,56180,60064,156876,4
after_off,fight,0.0,0.0,13.6202,80,631808610,353,109317,60006,156811,4
after_off,fight,0.0,0.0,13.6423,81,631831137,353,17543,60041,156830,4
after_off,fight,0.0,0.0,13.6613,82,631849900,353,70181,60052,156854,4
after_off,fight,0.0,0.0,13.6856,83,631872433,359,136518,60043,156814,4
after_off,fight,0.0,0.0,13.7024,84,631891209,353,34698,60039,156806,4
after_off,fight,0.0,0.0,13.7256,85,631913725,351,98206,60041,156838,4
after_off,fight,0.0,0.0,13.7456,86,631932488,360,150792,60054,156858,4
after_off,fight,0.0,0.0,13.7657,87,631953730,354,154462,60057,156846,4
after_off,fight,0.0,0.0,13.7847,88,631972527,353,55960,60023,156875,4
after_off,fight,0.0,0.0,13.8027,89,631991293,353,108666,60062,156910,4
after_off,fight,0.0,0.0,13.8258,90,632013836,352,19207,60053,156866,4
after_off,fight,0.0,0.0,13.8586,91,632032593,355,70602,60050,156856,4
after_off,fight,0.0,0.0,13.8828,92,632055765,353,88605,60066,156888,4
after_off,fight,0.0,0.0,13.8976,93,632074385,353,116531,60060,156881,4
after_off,fight,0.0,0.0,13.906,94,632095759,354,141894,60064,156876,4
after_off,fight,0.0,0.0,13.9239,95,632112695,353,40116,60065,156901,4
after_off,fight,0.0,0.0,13.9587,96,632143972,356,23630,60006,156832,4
after_off,fight,0.0,0.0,13.9808,97,632156140,359,53236,60006,156827,4
after_off,fight,0.0,0.0,13.9904,98,632177150,353,17572,59996,156806,4
after_off,fight,0.0,0.0,14.0093,99,632194026,348,63419,60046,156832,4
after_off,fight,0.0,0.0,14.0242,100,632213958,352,1058,60011,156852,4
after_off,fight,0.0,0.0,14.0306,101,632216520,359,122965,60050,156844,4
after_off,fight,0.0,0.0,14.0476,102,632235308,357,23108,60053,156862,4
after_off,fight,0.0,0.0,14.0656,103,632254091,355,78974,60005,156824,4
after_off,fight,0.0,0.0,14.0878,104,632276602,353,141099,60062,156883,4
after_off,fight,0.0,0.0,14.1068,105,632295369,356,37178,60061,156885,4
after_off,fight,0.0,0.0,14.1311,106,632317902,354,103181,60050,156829,4
after_off,fight,0.0,0.0,14.1469,107,632336664,354,156155,60063,156873,4
after_off,fight,0.0,0.0,14.1659,108,632355438,352,53553,60066,156875,4
after_off,fight,0.0,0.0,14.1901,109,632377955,354,116849,60057,156886,4
after_off,fight,0.0,0.0,14.207,110,632396721,356,13021,60054,156851,4
after_off,fight,0.0,0.0,14.2303,111,632419255,353,79285,60007,156853,4
after_off,fight,0.0,0.0,14.2503,112,632438028,353,133429,60062,156851,4
after_off,fight,0.0,0.0,14.2672,113,632456784,353,28167,59998,156822,4
after_off,fight,0.0,0.0,14.2904,114,632479318,353,95089,60029,156813,4
after_off,fight,0.0,0.0,14.3104,115,632499251,356,33333,60040,156823,4
after_off,fight,0.0,0.0,14.3315,116,632518097,352,100114,60054,156861,4
after_off,fight,0.0,0.0,14.3505,117,632538121,361,52949,60066,156867,4
after_off,fight,0.0,0.0,14.3673,118,632556897,361,107245,60059,156885,4
after_off,fight,0.0,0.0,14.3905,119,632579420,354,14523,60046,156840,4
after_off,fight,0.0,0.0,14.4105,120,632598187,353,67564,60020,156864,4
after_off,fight,0.0,0.0,14.4316,121,632620708,353,131216,60070,156871,4
after_off,fight,0.0,0.0,14.4506,122,632639482,355,28120,60079,156909,4
after_off,fight,0.0,0.0,14.4706,123,632659517,353,139458,60062,156889,4
after_off,fight,0.0,0.0,14.4948,124,632682042,353,46018,60073,156906,4
after_off,fight,0.0,0.0,14.5127,125,632700808,355,98924,60002,156829,4
after_off,fight,0.0,0.0,14.5285,126,632717072,351,39952,60021,156885,4
after_off,fight,0.0,0.0,14.5327,127,632719583,354,152990,60064,156876,4
after_off,fight,0.0,0.0,14.5548,0,632742099,353,58710,60070,156897,4
after_off,fight,0.0,0.0,14.5717,1,632760886,353,114721,60021,156872,4
after_off,fight,0.0,0.0,14.5917,2,632780817,353,51643,60019,156861,4
after_off,fight,0.0,0.0,14.6107,3,632799675,352,119621,60062,156868,4
after_off,fight,0.0,0.0,14.6328,4,632822199,353,26783,60049,156841,4
after_off,fight,0.0,0.0,14.6517,5,632840975,354,80991,60061,156876,4
after_off,fight,0.0,0.0,14.6749,6,632863508,354,146282,60026,156906,4
after_off,fight,0.0,0.0,14.6928,7,632882272,353,41975,60051,156849,4
after_off,fight,0.0,0.0,14.7159,8,632904798,360,106535,60058,156870,4
after_off,fight,0.0,0.0,14.7359,9,632923575,352,4483,60005,156835,4
after_off,fight,0.0,0.0,14.757,10,632947347,354,124436,60059,156840,4
after_off,fight,0.0,0.0,14.7759,11,632966103,353,18933,60045,156855,4
after_off,fight,0.0,0.0,14.8001,12,632988647,353,86400,60055,156851,4
after_off,fight,0.0,0.0,14.817,13,633007398,353,136696,60027,156887,4
after_off,fight,0.0,0.0,14.8401,14,633029941,352,46727,60074,156894,4
after_off,fight,0.0,0.0,14.8601,15,633048705,353,99522,60019,156869,4
after_off,fight,0.0,0.0,14.8791,16,633067477,354,153479,60064,156891,4
after_off,fight,0.0,0.0,14.9001,17,633088661,353,146592,60067,156888,4
after_off,fight,0.0,0.0,14.917,18,633107517,353,57808,60045,156847,4
after_off,fight,0.0,0.0,14.9412,19,633130043,361,122296,60071,156904,4
after_off,fight,0.0,0.0,14.9593,20,633148827,352,21052,60062,156883,4
after_off,fight,0.0,0.0,14.9814,21,633171334,354,82127,60056,156884,4
after_off,fight,0.0,0.0,15.0004,22,633190116,355,137424,60052,156871,4
after_off,fight,0.0,0.0,15.0205,23,633208890,353,34556,60069,156884,4
after_off,fight,0.0,0.0,15.03,24,633219695,354,145570,60038,156908,4
after_off,fight,0.0,0.0,15.0406,25,633229418,353,72884,60025,156867,4
after_off,fight,0.0,0.0,15.0606,26,633248932,354,95455,60060,156869,4
after_off,fight,0.0,0.0,15.0817,27,633271459,354,3666,60009,156843,4
after_off,fight,0.0,0.0,15.1006,28,633290228,353,56648,60054,156860,4
after_off,fight,0.0,0.0,15.1227,29,633312755,347,120811,60027,156891,4
after_off,fight,0.0,0.0,15.1418,30,633331532,353,18704,60047,156835,4
after_off,fight,0.0,0.0,15.2002,31,633384924,353,153574,60098,156865,4
after_off,fight,0.0,0.0,15.2023,32,633385879,352,2122,60073,156899,4
after_off,fight,0.0,0.0,15.2076,33,633398471,354,103285,60028,156877,4
after_off,fight,0.0,0.0,15.2214,34,633411613,355,140780,60029,156904,4
after_off,fight,0.0,0.0,15.2458,35,633434150,353,49650,60066,156878,4
after_off,fight,0.0,0.0,15.2754,36,633462936,353,79974,60048,156842,4
after_off,fight,0.0,0.0,15.2987,37,633475095,353,107864,59998,156835,4
after_off,fight,0.0,0.0,15.3082,38,633496012,355,56436,60040,156842,4
after_off,fight,0.0,0.0,15.3241,39,633512977,353,117116,60057,156845,4
after_off,fight,0.0,0.0,15.3453,40,633535503,353,24937,60003,156842,4
after_off,fight,0.0,0.0,15.3654,41,633554280,353,79339,60060,156892,4
after_off,fight,0.0,0.0,15.3823,42,633573051,354,132505,60070,156908,4
after_off,fight,0.0,0.0,15.4056,43,633595586,352,41559,60045,156835,4
after_off,fight,0.0,0.0,15.4257,44,633614351,353,94605,60024,156875,4
after_off,fight,0.0,0.0,15.4425,45,633633124,353,148115,60065,156893,4
after_off,fight,0.0,0.0,15.4699,46,633655651,353,55096,60042,156924,4
after_off,fight,0.0,0.0,15.4867,47,633674344,353,94632,60067,156911,4
after_off,fight,0.0,0.0,15.5067,48,633696961,353,16641,60070,156897,4
after_off,fight,0.0,0.0,15.5267,49,633715728,354,69230,60059,156881,4
after_off,fight,0.0,0.0,15.532,50,633724113,354,82683,60028,156883,4
after_off,fight,0.0,0.0,15.5467,51,633737005,359,77829,60022,156883,4
after_off,fight,0.0,0.0,15.5699,52,633759535,353,142749,60021,156902,4
after_off,fight,0.0,0.0,15.5878,53,633778291,355,36665,60060,156868,4
after_off,fight,0.0,0.0,15.61,54,633800828,353,102918,60058,156848,4
after_off,fight,0.0,0.0,15.63,55,633819614,354,1831,60060,156875,4
after_off,fight,0.0,0.0,15.651,56,633842130,356,63640,60021,156886,4
after_off,fight,0.0,0.0,15.67,57,633860901,355,117496,60055,156853,4
after_off,fight,0.0,0.0,15.6921,58,633883417,357,23436,60020,156876,4
after_off,fight,0.0,0.0,15.711,59,633902193,360,78274,60022,156896,4
after_off,fight,0.0,0.0,15.7352,60,633924733,353,144546,60033,156905,4
after_off,fight,0.0,0.0,15.7542,61,633943490,359,38145,60029,156909,4
after_off,fight,0.0,0.0,15.7752,62,633965935,353,88144,60065,156905,4
after_off,fight,0.0,0.0,15.7952,63,633984812,353,2205,60065,156878,4
after_off,fight,0.0,0.0,15.8163,64,634007330,354,64575,60070,156898,4
after_off,fight,0.0,0.0,15.8353,65,634026113,352,120153,60029,156877,4
after_off,fight,0.0,0.0,15.8554,66,634044867,353,13789,60056,156874,4
after_off,fight,0.0,0.0,15.8765,67,634067394,353,78364,60058,156885,4
after_off,fight,0.0,0.0,15.8955,68,634086172,353,132756,60035,156904,4
after_off,fight,0.0,0.0,15.9176,69,634108689,361,38179,60069,156899,4
after_off,fight,0.0,0.0,15.9387,70,634127456,347,90879,60066,156906,4
after_off,fight,0.0,0.0,15.9567,71,634147486,354,44666,60020,156871,4
after_off,fight,0.0,0.0,15.9757,72,634166253,353,97542,60061,156864,4
after_off,fight,0.0,0.0,15.9978,73,634188788,353,6198,60056,156861,4
after_off,fight,0.0,0.0,16.0158,74,634207549,353,58532,60042,156828,4
after_off,fight,0.0,0.0,16.0317,75,634221313,353,45585,60066,156887,4
after_off,fight,0.0,0.0,16.037,76,634229723,359,63472,60009,156856,4
after_off,fight,0.0,0.0,16.056,77,634247502,355,105959,60004,156827,4
after_off,fight,0.0,0.0,16.076,78,634266369,352,19306,60066,156889,4
after_off,fight,0.0,0.0,16.1013,79,634288832,353,72958,60021,156867,4
after_off,fight,0.0,0.0,16.1171,80,634308905,354,34308,60050,156867,4
after_off,fight,0.0,0.0,16.136,81,634327682,353,88948,60012,156841,4
after_off,fight,0.0,0.0,16.1604,82,634350202,353,152895,60049,156859,4
after_off,fight,0.0,0.0,16.1773,83,634368978,354,50339,60109,156901,4
after_off,fight,0.0,0.0,16.1962,84,634387743,353,102605,60028,156884,4
after_off,fight,0.0,0.0,16.2205,85,634410280,353,11719,60062,156888,4
after_off,fight,0.0,0.0,16.2415,86,634432807,351,75979,60077,156887,4
after_off,fight,0.0,0.0,16.2637,87,634451578,355,129074,60073,156891,4
after_off,fight,0.0,0.0,16.2817,88,634472842,353,136344,60062,156855,4
after_off,fight,0.0,0.0,16.3006,89,634491620,354,34043,60036,156908,4
after_off,fight,0.0,0.0,16.3227,90,634514144,353,97707,60065,156874,4
after_off,fight,0.0,0.0,16.3427,91,634532825,356,135934,60052,156856,4
after_off,fight,0.0,0.0,16.3617,92,634552890,354,95565,60056,156873,4
after_off,fight,0.0,0.0,16.3807,93,634571703,353,156377,60057,156859,4
after_off,fight,0.0,0.0,16.4028,94,634594244,351,66539,60061,156857,4
after_off,fight,0.0,0.0,16.4217,95,634612943,353,107922,60062,156887,4
after_off,fight,0.0,0.0,16.4438,96,634635530,353,25792,60015,156861,4
after_off,fight,0.0,0.0,16.4755,97,634654246,353,70149,60028,156889,4
after_off,fight,0.0,0.0,16.4965,98,634676077,353,16118,60024,156878,4
after_off,fight,0.0,0.0,16.5207,99,634697372,353,28423,60057,156863,4
after_off,fight,0.0,0.0,16.527,100,634718674,352,41792,60067,156887,4
after_off,fight,0.0,0.0,16.5323,101,634723568,353,89387,60059,156884,4
after_off,fight,0.0,0.0,16.5439,102,634735605,356,95685,60066,156913,4
after_off,fight,0.0,0.0,16.566,103,634758119,353,1059,60060,156878,4
after_off,fight,0.0,0.0,16.5944,104,634781943,353,129470,60073,156905,4
after_off,fight,0.0,0.0,16.6145,105,634798125,354,56320,60059,156872,4
after_off,fight,0.0,0.0,16.6324,106,634818292,353,33669,60046,156851,4
after_off,fight,0.0,0.0,16.6461,107,634838194,353,122951,60054,156849,4
after_off,fight,0.0,0.0,16.6703,108,634860729,353,32268,60021,156870,4
after_off,fight,0.0,0.0,16.6872,109,634879505,353,86865,60008,156832,4
after_off,fight,0.0,0.0,16.7073,110,634898257,354,137670,60066,156885,4
after_off,fight,0.0,0.0,16.7295,111,634920800,353,47942,60022,156868,4
after_off,fight,0.0,0.0,16.7486,112,634939566,355,100649,60005,156838,4
after_off,fight,0.0,0.0,16.7676,113,634958340,353,154506,60061,156875,4
after_off,fight,0.0,0.0,16.7899,114,634980867,353,62082,60044,156842,4
after_off,fight,0.0,0.0,16.8079,115,634999638,353,115925,60069,156887,4
after_off,fight,0.0,0.0,16.8301,116,635022173,353,24893,60065,156881,4
after_off,fight,0.0,0.0,16.8502,117,635040938,358,77216,60004,156840,4
after_off,fight,0.0,0.0,16.8671,118,635059701,353,129271,60037,156923,4
after_off,fight,0.0,0.0,16.8871,119,635079605,352,61465,60020,156874,4
after_off,fight,0.0,0.0,16.9104,120,635102259,353,148257,60050,156819,4
after_off,fight,0.0,0.0,16.9295,121,635121078,360,53512,60017,156868,4
after_off,fight,0.0,0.0,16.9474,122,635139780,355,95617,60011,156848,4
after_off,fight,0.0,0.0,16.9717,123,635162317,354,5510,60018,156854,4
after_off,fight,0.0,0.0,16.9907,124,635181087,353,59398,60057,156873,4
after_off,fight,0.0,0.0,17.0118,125,635203605,360,122528,60058,156854,4
after_off,fight,0.0,0.0,17.032,126,635223582,354,67751,60029,156837,4
after_off,fight,0.0,0.0,17.0374,127,635224534,353,72685,60012,156874,0
after_off,fight,0.0,0.0,17.048,0,635241143,353,72875,60011,156836,4
after_off,fight,0.0,0.0,17.0714,1,635263674,353,138611,60072,156911,4
after_off,fight,0.0,0.0,17.0905,2,635282440,353,34177,60070,156893,4
after_off,fight,0.0,0.0,17.1127,3,635304966,353,97920,60071,156898,4
after_off,fight,0.0,0.0,17.1316,4,635323737,360,151330,60072,156912,4
after_off,fight,0.0,0.0,17.1517,5,635342524,353,50262,60072,156908,4
after_off,fight,0.0,0.0,17.1718,6,635365041,353,112722,60066,156894,4
after_off,fight,0.0,0.0,17.1919,7,635385023,353,57713,60013,156871,4
after_off,fight,0.0,0.0,17.2119,8,635403839,353,118353,60059,156901,4
after_off,fight,0.0,0.0,17.2308,9,635422666,360,24417,60065,156891,4
after_off,fight,0.0,0.0,17.2529,10,635445141,353,79310,60028,156891,4
after_off,fight,0.0,0.0,17.2708,11,635463923,348,134068,60025,156895,4
after_off,fight,0.0,0.0,17.2942,12,635486437,354,39035,60056,156885,4
after_off,fight,0.0,0.0,17.3132,13,635505233,353,96394,60051,156884,4
after_off,fight,0.0,0.0,17.3363,14,635527759,353,3598,60059,156896,4
after_off,fight,0.0,0.0,17.3554,15,635546530,355,56417,60072,156914,4
after_off,fight,0.0,0.0,17.3733,16,635565296,353,108553,60078,156912,4
after_off,fight,0.0,0.0,17.3965,17,635587832,354,16750,60027,156881,4
after_off,fight,0.0,0.0,17.4154,18,635607863,355,127320,60052,156880,4
after_off,fight,0.0,0.0,17.4375,19,635630380,352,33147,60059,156886,4
after_off,fight,0.0,0.0,17.4576,20,635649145,353,85342,60039,156924,4
after_off,fight,0.0,0.0,17.4756,21,635667926,353,140137,60066,156871,4
after_off,fight,0.0,0.0,17.4957,22,635687914,352,86546,60058,156875,4
after_off,fight,0.0,0.0,17.5178,23,635710464,353,155241,60065,156874,4
after_off,fight,0.0,0.0,17.5336,24,635724231,354,142559,60073,156876,4
after_off,fight,0.0,0.0,17.54,25,635732645,352,4075,60064,156869,4
after_off,fight,0.0,0.0,17.56,26,635751781,353,119941,60044,156813,4
after_off,fight,0.0,0.0,17.5779,27,635770526,354,13086,60044,156840,4
after_off,fight,0.0,0.0,17.6,28,635793063,354,80000,60051,156867,4
after_off,fight,0.0,0.0,17.62,29,635811816,353,131073,60012,156841,4
after_off,fight,0.0,0.0,17.6369,30,635830580,354,26785,60055,156851,4
after_off,fight,0.0,0.0,17.6612,31,635853124,352,94837,60060,156855,4
after_off,fight,0.0,0.0,17.6802,32,635871886,353,147265,60047,156849,4
after_off,fight,0.0,0.0,17.7013,33,635894390,353,52209,60023,156806,4
after_off,fight,0.0,0.0,17.7202,34,635913175,354,108879,59996,156825,4
after_off,fight,0.0,0.0,17.7402,35,635931931,354,3660,60049,156838,4
after_off,fight,0.0,0.0,17.7614,36,635954444,351,66354,60020,156840,4
after_off,fight,0.0,0.0,17.7815,37,635974419,353,11743,60053,156830,4
after_off,fight,0.0,0.0,17.8426,38,636024138,360,151056,60033,156828,4
after_off,fight,0.0,0.0,17.8469,39,636025091,355,156299,60078,156812,0
after_off,fight,0.0,0.0,17.8532,40,636045129,355,112446,59999,156834,4
after_off,fight,0.0,0.0,17.8606,41,636053732,353,6602,59991,156808,4
after_off,fight,0.0,0.0,17.8839,42,636075795,359,150275,60081,156844,4
after_off,fight,0.0,0.0,17.9103,43,636100822,353,13528,59996,156824,4
after_off,fight,0.0,0.0,17.9325,44,636114149,353,83049,60013,156857,4
after_off,fight,0.0,0.0,17.9451,45,636135475,351,100129,60029,156872,4
after_off,fight,0.0,0.0,17.962,46,636155875,353,116925,60056,156868,4
after_off,fight,0.0,0.0,17.9874,47,636178409,353,25750,60050,156849,4
after_off,fight,0.0,0.0,18.0053,48,636198442,353,136944,60067,156919,4
after_off,fight,0.0,0.0,18.0253,49,636217199,352,31396,60047,156829,4
after_off,fight,0.0,0.0,18.0348,50,636228044,348,149558,60061,156868,4
after_off,fight,0.0,0.0,18.0443,51,636236833,351,74852,60028,156887,4
after_off,fight,0.0,0.0,18.0623,52,636255980,354,36055,60050,156838,4
after_off,fight,0.0,0.0,18.0855,53,636278508,353,101151,60065,156881,4
after_off,fight,0.0,0.0,18.1045,54,636297290,353,156049,60070,156892,4
after_off,fight,0.0,0.0,18.1224,55,636316055,353,51181,60065,156908,4
after_off,fight,0.0,0.0,18.1456,56,636338592,353,116955,60058,156895,4
after_off,fight,0.0,0.0,18.1647,57,636357359,354,12271,60060,156870,4
after_off,fight,0.0,0.0,18.1837,58,636376134,353,66237,60038,156911,4
after_off,fight,0.0,0.0,18.2068,59,636398665,354,130812,60063,156864,4
after_off,fight,0.0,0.0,18.2258,60,636418692,354,83991,60058,156878,4
after_off,fight,0.0,0.0,18.25,61,636441214,354,147711,60033,156895,4
after_off,fight,0.0,0.0,18.2669,62,636461233,354,99541,60057,156862,4
after_off,fight,0.0,0.0,18.2862,63,636479993,354,151286,60050,156861,4
after_off,fight,0.0,0.0,18.3051,64,636498780,353,51282,60001,156829,4
after_off,fight,0.0,0.0,18.3251,65,636518755,353,153212,60040,156843,4
after_off,fight,0.0,0.0,18.3472,66,636541315,354,67108,60061,156872,4
after_off,fight,0.0,0.0,18.3662,67,636560076,351,119223,60056,156866,4
after_off,fight,0.0,0.0,18.3906,68,636582611,353,28345,60054,156866,4
after_off,fight,0.0,0.0,18.4074,69,636601367,353,79040,60060,156884,4
after_off,fight,0.0,0.0,18.4264,70,636620150,348,134596,60056,156829,4
after_off,fight,0.0,0.0,18.4496,71,636642673,354,41988,60069,156885,4
after_off,fight,0.0,0.0,18.4676,72,636661441,351,95071,60027,156900,4
after_off,fight,0.0,0.0,18.4866,73,636680213,353,148466,60014,156867,4
after_off,fight,0.0,0.0,18.5108,74,636702746,352,56894,60058,156862,4
after_off,fight,0.0,0.0,18.5278,75,636721503,352,108247,60047,156855,4
after_off,fight,0.0,0.0,18.5353,76,636729927,353,128486,60072,156897,4
after_off,fight,0.0,0.0,18.5479,77,636740531,353,48480,60073,156915,4
after_off,fight,0.0,0.0,18.57,78,636764055,354,125179,60090,156911,4
after_off,fight,0.0,0.0,18.59,79,636782839,354,23584,60027,156897,4
after_off,fight,0.0,0.0,18.61,80,636804063,360,23452,60015,156866,4
after_off,fight,0.0,0.0,18.63,81,636822879,353,84160,60070,156903,4
after_off,fight,0.0,0.0,18.65,82,636841640,360,135991,60003,156836,4
after_off,fight,0.0,0.0,18.6711,83,636865426,353,101133,60021,156868,4
after_off,fight,0.0,0.0,18.6901,84,636884196,353,154222,60017,156871,4
after_off,fight,0.0,0.0,18.7126,85,636906728,350,62237,60097,156889,4
after_off,fight,0.0,0.0,18.731,86,636925489,353,113718,60065,156889,4
after_off,fight,0.0,0.0,18.7554,87,636948023,353,22102,60037,156896,4
after_off,fight,0.0,0.0,18.7718,88,636966779,353,72603,60052,156915,4
after_off,fight,0.0,0.0,18.795,89,636989321,353,138715,60086,156925,4
after_off,fight,0.0,0.0,18.8148,90,637008107,355,36883,60039,156901,4
after_off,fight,0.0,0.0,18.8364,91,637030622,355,99022,60070,156915,4
after_off,fight,0.0,0.0,18.8558,92,637049401,353,153853,60064,156887,4
after_off,fight,0.0,0.0,18.8771,93,637071932,353,61645,60057,156889,4
after_off,fight,0.0,0.0,18.8962,94,637090694,353,113033,60108,156913,4
after_off,fight,0.0,0.0,18.9163,95,637110686,355,59876,60063,156878,4
after_off,fight,0.0,0.0,18.9365,96,637129502,357,120955,60011,156890,4
after_off,fight,0.0,0.0,18.9576,97,637152019,353,26915,60065,156895,4
after_off,fight,0.0,0.0,18.9776,98,637170792,353,80168,60073,156897,4
after_off,fight,0.0,0.0,18.9966,99,637189567,351,133938,60023,156867,4
after_off,fight,0.0,0.0,19.0187,100,637212091,353,40793,60028,156894,4
after_off,fight,0.0,0.0,19.0335,101,637227117,352,84773,60056,156891,4
after_off,fight,0.0,0.0,19.0378,102,637229638,353,42669,60073,156912,4
after_off,fight,0.0,0.0,19.0578,103,637252143,353,103083,60055,156889,4
after_off,fight,0.0,0.0,19.0767,104,637270928,352,2106,60055,156858,4
after_off,fight,0.0,0.0,19.1115,105,637293454,353,65896,60065,156901,4
after_off,fight,0.0,0.0,19.1346,106,637315255,354,6560,60069,156905,4
after_off,fight,0.0,0.0,19.1557,107,637337822,360,78214,60054,156842,4
after_off,fight,0.0,0.0,19.1704,108,637353849,359,136136,60020,156881,4
after_off,fight,0.0,0.0,19.1799,109,637374138,348,134373,60017,156858,4
after_off,fight,0.0,0.0,19.1999,110,637392186,353,64985,60029,156892,4
after_off,fight,0.0,0.0,19.2284,111,637419852,353,61653,60069,156893,4
after_off,fight,0.0,0.0,19.2505,112,637434854,353,102039,60060,156883,4
after_off,fight,0.0,0.0,19.262,113,637456250,353,131204,60064,156870,4
after_off,fight,0.0,0.0,19.2831,114,637477401,353,118591,60061,156850,4
after_off,fight,0.0,0.0,19.3052,115,637498685,353,128386,60035,156930,4
after_off,fight,0.0,0.0,19.322,116,637516198,352,124828,60057,156878,4
after_off,fight,0.0,0.0,19.3441,117,637537475,352,133780,60066,156882,4
after_off,fight,0.0,0.0,19.3652,118,637560011,353,42894,60058,156879,4
after_off,fight,0.0,0.0,19.3841,119,637578786,353,96819,60019,156910,4
after_off,fight,0.0,0.0,19.4062,120,637601313,352,4201,60068,156893,4
after_off,fight,0.0,0.0,19.4262,121,637621286,354,105080,60070,156889,4
after_off,fight,0.0,0.0,19.4505,122,637643849,354,19064,60053,156849,4
after_off,fight,0.0,0.0,19.4674,123,637662605,354,70640,60050,156819,4
after_off,fight,0.0,0.0,19.4863,124,637681386,354,125799,60071,156876,4
after_off,fight,0.0,0.0,19.5106,125,637703921,353,34525,60069,156883,4
after_off,fight,0.0,0.0,19.5285,126,637722679,354,85651,60061,156904,4
after_off,fight,0.0,0.0,19.5358,127,637731094,353,104394,60055,156869,4
after_off,fight,0.0,0.0,19.5474,0,637742692,354,36708,60024,156885,4
after_off,fight,0.0,0.0,19.5706,1,637765230,353,103842,60061,156865,4
after_off,fight,0.0,0.0,19.5895,2,637784004,353,1798,59995,156805,4
after_off,fight,0.0,0.0,19.6117,3,637806510,356,64049,60051,156854,4
after_off,fight,0.0,0.0,19.6306,4,637825280,353,117920,60036,156843,4
after_off,fight,0.0,0.0,19.6559,5,637847807,353,26376,60032,156786,4
after_off,fight,0.0,0.0,19.6739,6,637867810,353,133093,60059,156883,4
after_off,fight,0.0,0.0,19.6929,7,637887786,352,78040,60044,156830,4
after_off,fight,0.0,0.0,19.7118,8,637906599,354,139202,60064,156875,4
after_off,fight,0.0,0.0,19.7298,9,637925376,355,36905,60026,156884,4
after_off,fight,0.0,0.0,19.752,10,637947888,355,98984,60062,156853,4
after_off,fight,0.0,0.0,19.771,11,637966661,352,153143,60048,156831,4
after_off,fight,0.0,0.0,19.79,12,637985426,354,49519,60044,156816,4
after_off,fight,0.0,0.0,19.8121,13,638007951,353,114300,60016,156858,4
after_off,fight,0.0,0.0,19.8323,14,638026716,351,10775,60033,156814,4
after_off,fight,0.0,0.0,19.8523,15,638045491,354,65327,60052,156854,4
after_off,fight,0.0,0.0,19.8702,16,638065515,352,17757,60066,156888,4
after_off,fight,0.0,0.0,19.8924,17,638088031,353,80306,60044,156839,4
after_off,fight,0.0,0.0,19.9114,18,638106800,352,134300,60019,156895,4
after_off,fight,0.0,0.0,19.9367,19,638129336,354,43439,60060,156864,4
after_off,fight,0.0,0.0,19.9525,20,638148101,354,95980,60056,156883,4
after_off,fight,0.0,0.0,19.9715,21,638166873,356,150243,60052,156824,4
after_off,fight,0.0,0.0,19.9915,22,638186851,355,95572,60010,156864,4
